chr	start	end	strand	coverage1	numCs1	numTs1	coverage2	numCs2	numTs2	coverage3	numCs3	numTs3	coverage4	numCs4	numTs4	coverage5	numCs5	numTs5	coverage6	numCs6	numTs6	coverage7	numCs7	numTs7	coverage8	numCs8	numTs8	coverage9	numCs9	numTs9	coverage10	numCs10	numTs10	coverage11	numCs11	numTs11	coverage12	numCs12	numTs12	coverage13	numCs13	numTs13	coverage14	numCs14	numTs14	coverage15	numCs15	numTs15	coverage16	numCs16	numTs16	coverage17	numCs17	numTs17	coverage18	numCs18	numTs18	coverage19	numCs19	numTs19
NC_059182.1	105713	105714	*	12	10	2	23	21	2	14	7	7	19	19	0	10	7	3	15	15	0	15	14	1	13	4	9	11	4	7	14	14	0	12	8	4	21	19	2	12	4	8	20	0	20	13	6	7	18	11	7	14	0	14	20	18	2	21	20	1
NC_059182.1	115930	115931	*	20	20	0	23	12	11	12	11	1	13	8	5	20	20	0	15	13	2	18	17	1	11	11	0	13	6	7	14	14	0	22	22	0	19	11	8	21	20	1	19	19	0	17	16	1	23	22	1	17	15	2	14	13	1	30	28	2
NC_059182.1	115946	115947	*	20	17	3	22	10	12	12	10	2	12	6	6	20	19	1	15	15	0	16	16	0	11	11	0	15	8	7	14	14	0	21	20	1	21	10	11	18	16	2	18	17	1	15	14	1	24	24	0	20	19	1	14	13	1	33	33	0
NC_059182.1	115999	116000	*	21	8	13	26	0	26	14	7	7	14	0	14	19	0	19	17	0	17	15	0	15	14	6	8	14	7	7	16	0	16	21	0	21	16	0	16	16	7	9	16	8	8	15	0	15	24	20	4	21	8	13	14	0	14	28	0	28
NC_059182.1	126392	126393	*	13	13	0	18	18	0	12	7	5	13	12	1	10	5	5	12	9	3	12	4	8	16	14	2	12	11	1	21	20	1	10	4	6	16	14	2	14	14	0	14	5	9	15	15	0	15	14	1	11	11	0	12	10	2	20	18	2
NC_059182.1	398931	398932	*	14	12	2	14	8	6	12	6	6	19	14	5	12	9	3	18	14	4	12	3	9	16	12	4	14	10	4	13	11	2	10	2	8	21	14	7	13	10	3	14	9	5	19	12	7	13	10	3	12	10	2	18	12	6	18	9	9
NC_059182.1	659485	659486	*	16	15	1	14	13	1	21	19	2	16	16	0	17	17	0	22	20	2	16	16	0	18	18	0	20	20	0	23	22	1	22	21	1	21	20	1	16	14	2	18	18	0	31	28	3	29	28	1	22	21	1	23	21	2	18	17	1
NC_059182.1	659516	659517	*	16	15	1	16	15	1	23	23	0	22	22	0	19	19	0	24	23	1	19	18	1	21	21	0	21	19	2	26	25	1	24	22	2	25	24	1	17	16	1	19	19	0	28	26	2	31	31	0	20	20	0	25	23	2	16	15	1
NC_059182.1	659576	659577	*	15	15	0	19	16	3	16	16	0	18	18	0	22	22	0	26	23	3	14	13	1	18	17	1	21	17	4	23	22	1	25	21	4	24	22	2	18	18	0	18	16	2	29	27	2	26	25	1	18	18	0	24	20	4	15	15	0
NC_059182.1	659597	659598	*	16	14	2	19	14	5	16	13	3	19	17	2	24	21	3	26	22	4	16	14	2	18	15	3	22	17	5	20	18	2	25	20	5	24	21	3	20	17	3	15	13	2	27	25	2	22	19	3	19	16	3	27	21	6	16	16	0
NC_059182.1	929078	929079	*	17	10	7	16	4	12	21	12	9	15	9	6	21	8	13	14	7	7	11	5	6	11	6	5	16	9	7	13	8	5	25	12	13	30	16	14	17	8	9	24	14	10	21	9	12	23	12	11	20	15	5	14	8	6	28	14	14
NC_059182.1	929191	929192	*	20	17	3	13	12	1	19	17	2	16	15	1	10	10	0	18	18	0	12	12	0	14	13	1	15	13	2	12	12	0	20	20	0	17	16	1	16	15	1	21	20	1	25	24	1	19	19	0	24	21	3	13	12	1	19	19	0
NC_059182.1	929205	929206	*	17	17	0	15	15	0	18	18	0	15	15	0	12	11	1	17	17	0	13	13	0	14	14	0	14	14	0	12	12	0	20	19	1	20	20	0	17	16	1	21	20	1	21	21	0	19	18	1	29	25	4	12	10	2	19	19	0
NC_059182.1	930124	930125	*	12	10	2	24	12	12	15	15	0	10	9	1	15	14	1	17	17	0	12	12	0	11	10	1	13	12	1	17	16	1	25	23	2	24	22	2	17	15	2	15	14	1	31	29	2	22	20	2	15	15	0	12	12	0	30	28	2
NC_059182.1	930131	930132	*	14	12	2	23	11	12	15	15	0	10	9	1	16	16	0	17	17	0	13	12	1	10	10	0	14	12	2	17	17	0	25	23	2	24	22	2	18	16	2	16	16	0	33	31	2	22	21	1	15	15	0	13	12	1	30	28	2
NC_059182.1	930304	930305	*	31	28	3	20	8	12	21	20	1	13	13	0	26	26	0	22	20	2	16	15	1	17	16	1	16	16	0	33	32	1	25	23	2	30	22	8	24	23	1	22	21	1	31	29	2	28	27	1	19	16	3	12	12	0	47	47	0
NC_059182.1	933990	933991	*	27	22	5	29	29	0	17	17	0	16	16	0	13	11	2	19	19	0	18	18	0	17	14	3	15	14	1	25	22	3	21	20	1	23	22	1	24	24	0	18	18	0	30	29	1	22	22	0	21	19	2	17	16	1	19	19	0
NC_059182.1	934032	934033	*	30	28	2	35	34	1	20	20	0	21	21	0	11	11	0	24	22	2	19	19	0	18	18	0	16	13	3	25	21	4	24	24	0	28	27	1	26	24	2	22	21	1	39	39	0	21	21	0	21	20	1	21	18	3	20	18	2
NC_059182.1	967592	967593	*	15	15	0	13	12	1	11	11	0	12	12	0	15	13	2	13	13	0	15	12	3	20	19	1	14	14	0	17	16	1	20	20	0	18	17	1	15	13	2	19	17	2	17	15	2	15	14	1	17	17	0	14	14	0	21	21	0
NC_059182.1	967614	967615	*	13	13	0	12	11	1	10	10	0	12	10	2	12	12	0	13	13	0	11	11	0	19	19	0	15	14	1	15	15	0	14	14	0	16	15	1	18	14	4	16	15	1	14	12	2	14	12	2	19	19	0	15	15	0	21	21	0
NC_059182.1	1002082	1002083	*	21	20	1	17	17	0	21	21	0	19	16	3	23	22	1	16	15	1	18	17	1	15	15	0	17	16	1	19	19	0	21	20	1	26	24	2	26	25	1	24	24	0	26	26	0	12	12	0	20	19	1	26	25	1	17	16	1
NC_059182.1	1078100	1078101	*	16	14	2	20	17	3	17	16	1	18	18	0	25	24	1	18	18	0	21	21	0	15	14	1	18	18	0	22	22	0	17	17	0	27	25	2	20	19	1	22	22	0	24	21	3	19	18	1	16	16	0	10	9	1	14	13	1
NC_059182.1	1078166	1078167	*	17	16	1	24	21	3	21	19	2	19	16	3	26	25	1	16	15	1	23	9	14	21	20	1	17	15	2	31	29	2	17	16	1	28	25	3	17	15	2	27	23	4	30	20	10	16	11	5	25	24	1	17	17	0	15	14	1
NC_059182.1	1078173	1078174	*	18	17	1	24	20	4	21	18	3	19	13	6	26	23	3	17	16	1	24	10	14	20	16	4	17	14	3	33	30	3	18	16	2	28	24	4	17	15	2	27	22	5	30	23	7	17	8	9	25	24	1	17	16	1	15	13	2
NC_059182.1	1086627	1086628	*	23	7	16	41	2	39	10	0	10	19	0	19	16	0	16	45	7	38	15	0	15	13	0	13	21	0	21	30	0	30	30	2	28	39	0	39	31	0	31	28	15	13	53	0	53	30	0	30	14	0	14	26	0	26	50	1	49
NC_059182.1	1086647	1086648	*	23	7	16	38	7	31	10	0	10	18	0	18	15	0	15	45	10	35	14	0	14	13	0	13	17	0	17	29	1	28	28	3	25	35	0	35	32	0	32	29	15	14	48	0	48	28	0	28	12	0	12	25	0	25	47	0	47
NC_059182.1	1129388	1129389	*	20	16	4	23	17	6	23	17	6	12	7	5	15	13	2	14	11	3	15	5	10	14	7	7	17	11	6	12	8	4	11	10	1	21	15	6	13	10	3	18	12	6	17	15	2	19	11	8	20	17	3	15	11	4	26	16	10
NC_059182.1	1129460	1129461	*	22	22	0	27	22	5	23	20	3	12	11	1	16	15	1	14	14	0	16	13	3	20	19	1	12	10	2	16	14	2	16	13	3	23	18	5	10	10	0	22	21	1	23	23	0	18	17	1	19	18	1	18	17	1	28	21	7
NC_059182.1	1129498	1129499	*	25	25	0	23	21	2	22	21	1	13	12	1	13	13	0	16	12	4	14	13	1	17	16	1	12	12	0	19	18	1	17	17	0	21	20	1	10	9	1	22	22	0	22	22	0	18	16	2	20	20	0	21	19	2	26	24	2
NC_059182.1	1129574	1129575	*	20	4	16	28	1	27	17	4	13	10	0	10	12	2	10	12	0	12	12	2	10	13	1	12	17	0	17	22	4	18	20	13	7	17	2	15	11	0	11	26	1	25	19	5	14	17	2	15	20	3	17	28	0	28	26	0	26
NC_059182.1	1168843	1168844	*	17	16	1	14	10	4	15	15	0	21	20	1	11	11	0	11	11	0	14	13	1	16	16	0	13	12	1	12	12	0	11	11	0	24	24	0	18	18	0	18	17	1	17	16	1	30	27	3	18	17	1	12	11	1	15	12	3
NC_059182.1	1211128	1211129	*	21	17	4	14	12	2	20	14	6	19	17	2	14	11	3	14	12	2	17	15	2	12	6	6	12	9	3	14	13	1	18	16	2	17	11	6	12	11	1	13	9	4	20	18	2	31	20	11	13	11	2	18	14	4	16	13	3
NC_059182.1	1211200	1211201	*	19	18	1	12	12	0	16	16	0	16	16	0	10	8	2	17	17	0	18	17	1	12	12	0	11	11	0	20	20	0	15	15	0	18	17	1	11	11	0	12	12	0	15	14	1	25	25	0	18	17	1	17	17	0	13	13	0
NC_059182.1	1211226	1211227	*	19	7	12	10	6	4	14	13	1	15	10	5	10	4	6	16	0	16	15	9	6	16	16	0	12	11	1	20	11	9	14	7	7	14	6	8	11	10	1	11	6	5	13	6	7	21	11	10	12	4	8	14	12	2	13	5	8
NC_059182.1	1218910	1218911	*	18	16	2	19	18	1	16	14	2	17	17	0	21	21	0	24	24	0	22	19	3	11	11	0	15	14	1	15	13	2	24	21	3	26	24	2	14	14	0	16	15	1	22	20	2	22	20	2	17	17	0	17	14	3	23	22	1
NC_059182.1	1218938	1218939	*	18	16	2	18	17	1	15	14	1	19	19	0	19	18	1	21	21	0	24	24	0	10	10	0	15	15	0	18	16	2	23	22	1	26	24	2	15	13	2	16	15	1	20	19	1	23	21	2	18	18	0	17	17	0	24	24	0
NC_059182.1	1310314	1310315	*	14	14	0	15	11	4	14	13	1	14	11	3	22	20	2	12	11	1	11	11	0	10	9	1	17	16	1	14	14	0	17	15	2	18	18	0	12	12	0	14	12	2	21	20	1	16	15	1	21	19	2	16	16	0	20	17	3
NC_059182.1	1310340	1310341	*	14	6	8	14	8	6	10	10	0	14	14	0	18	10	8	12	7	5	12	12	0	12	12	0	16	15	1	15	5	10	17	10	7	18	6	12	10	10	0	16	5	11	20	19	1	18	18	0	20	11	9	16	16	0	18	8	10
NC_059182.1	1310353	1310354	*	13	13	0	14	13	1	10	10	0	14	13	1	17	17	0	14	13	1	13	13	0	11	11	0	16	16	0	16	16	0	17	16	1	17	16	1	10	10	0	16	15	1	19	19	0	19	19	0	20	20	0	18	17	1	17	17	0
NC_059182.1	1327627	1327628	*	12	11	1	15	14	1	11	11	0	10	10	0	11	11	0	14	14	0	16	13	3	11	11	0	11	11	0	19	19	0	13	13	0	22	22	0	11	10	1	15	14	1	20	14	6	21	19	2	16	16	0	22	19	3	17	16	1
NC_059182.1	1531334	1531335	*	22	17	5	21	19	2	22	19	3	10	9	1	19	16	3	14	12	2	17	13	4	15	12	3	14	10	4	19	18	1	20	18	2	24	22	2	18	17	1	18	18	0	22	20	2	10	7	3	23	22	1	22	16	6	21	18	3
NC_059182.1	1552404	1552405	*	25	23	2	18	15	3	12	12	0	10	7	3	18	15	3	20	18	2	21	16	5	16	14	2	19	17	2	17	15	2	16	15	1	24	19	5	17	15	2	15	13	2	28	27	1	24	20	4	25	22	3	23	21	2	20	18	2
NC_059182.1	1681999	1682000	*	17	16	1	26	24	2	14	14	0	13	12	1	16	14	2	19	19	0	17	15	2	12	11	1	11	9	2	16	15	1	17	17	0	24	20	4	17	15	2	23	20	3	25	22	3	15	15	0	12	11	1	15	13	2	25	22	3
NC_059182.1	1682017	1682018	*	16	16	0	24	23	1	13	13	0	15	15	0	16	16	0	18	18	0	17	16	1	13	12	1	14	12	2	18	16	2	17	17	0	27	26	1	17	16	1	21	17	4	27	25	2	16	16	0	12	10	2	13	13	0	28	27	1
NC_059182.1	1682169	1682170	*	12	11	1	16	16	0	15	15	0	12	11	1	10	10	0	20	18	2	18	17	1	19	18	1	11	11	0	12	12	0	11	11	0	23	23	0	13	11	2	10	9	1	27	26	1	17	16	1	12	12	0	12	11	1	30	30	0
NC_059182.1	1722265	1722266	*	20	8	12	18	0	18	16	5	11	15	6	9	15	0	15	31	24	7	14	4	10	10	5	5	16	0	16	21	14	7	14	0	14	20	0	20	18	0	18	17	0	17	25	10	15	25	0	25	22	0	22	22	16	6	26	0	26
NC_059182.1	1722341	1722342	*	20	4	16	20	0	20	20	0	20	18	0	18	15	0	15	32	0	32	12	0	12	15	0	15	20	0	20	26	0	26	15	0	15	30	0	30	29	0	29	25	0	25	27	0	27	23	0	23	15	0	15	25	2	23	40	1	39
NC_059182.1	1731546	1731547	*	22	13	9	17	15	2	20	19	1	12	12	0	19	16	3	25	25	0	14	11	3	11	10	1	17	13	4	16	11	5	10	9	1	23	14	9	15	14	1	17	14	3	26	25	1	19	15	4	14	6	8	11	11	0	19	18	1
NC_059182.1	1846294	1846295	*	28	28	0	19	18	1	22	22	0	25	21	4	15	15	0	26	24	2	21	19	2	12	12	0	18	16	2	28	27	1	19	18	1	33	22	11	21	20	1	18	18	0	40	37	3	27	22	5	19	18	1	24	19	5	25	25	0
NC_059182.1	1846344	1846345	*	24	21	3	25	17	8	17	14	3	24	16	8	13	12	1	24	20	4	19	16	3	14	10	4	18	15	3	23	16	7	20	18	2	28	15	13	21	19	2	17	15	2	38	29	9	29	18	11	17	16	1	23	19	4	27	23	4
NC_059182.1	1846355	1846356	*	23	17	6	24	20	4	15	12	3	24	20	4	13	10	3	25	22	3	19	16	3	17	14	3	17	15	2	23	18	5	18	18	0	24	21	3	18	16	2	15	13	2	34	27	7	27	20	7	18	18	0	24	20	4	31	27	4
NC_059182.1	1846437	1846438	*	12	12	0	22	21	1	11	11	0	17	17	0	12	11	1	19	19	0	13	12	1	22	20	2	15	15	0	15	15	0	14	13	1	22	22	0	13	13	0	14	14	0	22	20	2	21	21	0	17	16	1	19	19	0	22	20	2
NC_059182.1	1894815	1894816	*	20	19	1	11	10	1	12	12	0	10	10	0	16	14	2	19	19	0	11	11	0	13	12	1	15	13	2	13	13	0	13	13	0	22	21	1	25	22	3	17	16	1	26	26	0	20	17	3	12	12	0	17	17	0	32	32	0
NC_059182.1	1914119	1914120	*	23	11	12	17	17	0	12	11	1	11	11	0	13	12	1	11	10	1	15	13	2	12	10	2	12	12	0	11	11	0	12	12	0	19	18	1	14	13	1	20	17	3	21	20	1	18	16	2	29	28	1	19	19	0	22	22	0
NC_059182.1	1936233	1936234	*	19	18	1	30	29	1	16	16	0	19	17	2	14	14	0	15	13	2	12	10	2	13	12	1	13	12	1	14	14	0	17	15	2	25	23	2	17	15	2	19	19	0	20	19	1	20	17	3	21	21	0	17	16	1	24	23	1
NC_059182.1	1936246	1936247	*	18	18	0	29	28	1	16	15	1	19	16	3	11	11	0	15	12	3	13	12	1	14	13	1	14	11	3	11	10	1	19	17	2	26	26	0	17	14	3	18	17	1	19	17	2	19	16	3	22	20	2	14	13	1	21	21	0
NC_059182.1	1936314	1936315	*	16	15	1	24	24	0	10	10	0	18	17	1	11	11	0	15	13	2	11	9	2	20	20	0	17	17	0	12	12	0	15	15	0	26	25	1	15	13	2	18	18	0	19	19	0	15	15	0	19	19	0	15	15	0	18	17	1
NC_059182.1	1963821	1963822	*	12	11	1	18	17	1	14	13	1	16	15	1	15	13	2	18	18	0	12	10	2	12	11	1	13	13	0	19	19	0	19	18	1	15	13	2	16	16	0	16	16	0	21	21	0	20	19	1	11	10	1	15	15	0	21	21	0
NC_059182.1	1997576	1997577	*	15	14	1	15	10	5	20	20	0	16	15	1	22	22	0	17	16	1	17	15	2	14	14	0	15	15	0	23	23	0	14	14	0	26	26	0	20	19	1	14	13	1	19	18	1	17	16	1	25	23	2	19	17	2	31	30	1
NC_059182.1	2052081	2052082	*	22	16	6	28	22	6	16	10	6	18	14	4	15	13	2	19	17	2	13	10	3	14	12	2	13	13	0	18	16	2	16	11	5	18	14	4	13	11	2	13	9	4	22	17	5	24	15	9	19	14	5	15	11	4	26	22	4
NC_059182.1	2085939	2085940	*	16	16	0	10	9	1	16	15	1	14	13	1	14	13	1	24	20	4	12	12	0	21	19	2	12	12	0	21	20	1	19	16	3	18	17	1	16	16	0	16	15	1	24	24	0	13	13	0	22	22	0	18	18	0	28	27	1
NC_059182.1	2085962	2085963	*	15	15	0	13	13	0	16	16	0	16	14	2	14	13	1	24	21	3	13	13	0	21	20	1	11	11	0	23	22	1	21	19	2	14	14	0	16	16	0	17	15	2	25	23	2	12	12	0	22	22	0	18	18	0	29	27	2
NC_059182.1	2085985	2085986	*	16	16	0	15	15	0	15	15	0	14	13	1	15	14	1	23	21	2	18	18	0	21	21	0	14	13	1	21	21	0	21	19	2	14	14	0	18	17	1	18	17	1	25	23	2	14	14	0	22	21	1	18	18	0	29	26	3
NC_059182.1	2085994	2085995	*	15	15	0	14	14	0	15	15	0	14	13	1	16	15	1	24	22	2	17	17	0	21	20	1	13	13	0	17	17	0	23	22	1	13	13	0	17	16	1	18	18	0	25	23	2	12	12	0	22	20	2	18	18	0	28	28	0
NC_059182.1	2086034	2086035	*	16	9	7	17	17	0	16	16	0	14	14	0	13	12	1	21	20	1	20	20	0	19	19	0	12	12	0	21	21	0	30	29	1	15	14	1	18	18	0	18	18	0	27	25	2	13	13	0	16	15	1	15	11	4	26	26	0
NC_059182.1	2086068	2086069	*	17	16	1	18	18	0	13	13	0	14	13	1	17	17	0	24	23	1	24	24	0	17	15	2	16	16	0	24	22	2	31	29	2	16	15	1	16	14	2	19	19	0	26	24	2	14	13	1	13	11	2	14	9	5	33	31	2
NC_059182.1	2086096	2086097	*	13	12	1	18	16	2	12	11	1	14	13	1	15	11	4	22	22	0	24	24	0	13	13	0	15	14	1	25	24	1	29	28	1	15	13	2	16	14	2	16	16	0	22	21	1	15	14	1	12	11	1	14	11	3	31	29	2
NC_059182.1	2151556	2151557	*	15	14	1	12	12	0	22	21	1	12	10	2	11	10	1	11	11	0	14	12	2	15	13	2	10	8	2	12	12	0	15	15	0	26	25	1	11	11	0	13	13	0	18	18	0	18	17	1	15	14	1	16	12	4	19	18	1
NC_059182.1	2175513	2175514	*	14	13	1	17	16	1	19	18	1	16	16	0	10	9	1	14	13	1	15	13	2	19	16	3	18	16	2	16	13	3	13	13	0	21	21	0	18	15	3	23	19	4	22	21	1	23	22	1	13	13	0	18	17	1	23	21	2
NC_059182.1	2175612	2175613	*	22	22	0	17	17	0	21	21	0	17	15	2	15	14	1	18	17	1	17	15	2	19	19	0	23	23	0	23	23	0	22	22	0	25	25	0	17	16	1	26	23	3	36	35	1	22	21	1	19	17	2	22	22	0	36	35	1
NC_059182.1	2175761	2175762	*	25	22	3	19	16	3	25	24	1	20	20	0	17	16	1	22	19	3	14	12	2	15	14	1	19	17	2	24	22	2	29	27	2	20	14	6	23	18	5	18	18	0	31	29	2	22	19	3	16	15	1	16	15	1	36	31	5
NC_059182.1	2175992	2175993	*	15	8	7	24	13	11	14	14	0	12	6	6	27	11	16	18	11	7	21	0	21	10	10	0	18	18	0	21	12	9	24	23	1	25	25	0	11	10	1	27	12	15	30	10	20	13	4	9	18	18	0	14	5	9	27	26	1
NC_059182.1	2213551	2213552	*	24	23	1	19	19	0	14	14	0	15	15	0	20	20	0	20	18	2	14	14	0	13	13	0	11	11	0	14	14	0	30	30	0	25	25	0	21	21	0	17	16	1	19	19	0	15	14	1	13	13	0	16	16	0	27	26	1
NC_059182.1	2213558	2213559	*	23	23	0	20	20	0	13	13	0	14	14	0	20	20	0	19	19	0	15	15	0	13	13	0	11	11	0	13	13	0	30	28	2	25	25	0	20	20	0	17	16	1	19	19	0	15	15	0	12	12	0	16	16	0	27	24	3
NC_059182.1	2300153	2300154	*	26	10	16	14	0	14	28	11	17	31	20	11	22	12	10	21	7	14	11	6	5	25	12	13	25	14	11	12	0	12	15	5	10	31	8	23	23	9	14	25	16	9	24	9	15	25	0	25	31	7	24	29	11	18	29	3	26
NC_059182.1	2300160	2300161	*	25	10	15	14	0	14	28	12	16	30	18	12	23	12	11	22	9	13	11	6	5	26	13	13	24	14	10	12	0	12	15	6	9	32	10	22	23	8	15	25	17	8	23	9	14	24	0	24	29	8	21	29	11	18	28	4	24
NC_059182.1	2300197	2300198	*	26	11	15	14	0	14	27	11	16	26	14	12	24	11	13	30	15	15	13	6	7	21	9	12	28	13	15	12	0	12	15	3	12	29	12	17	25	12	13	28	13	15	25	6	19	20	0	20	27	7	20	32	11	21	29	5	24
NC_059182.1	2306344	2306345	*	17	16	1	22	22	0	12	11	1	11	11	0	17	17	0	17	17	0	22	22	0	17	17	0	17	17	0	19	19	0	15	15	0	19	18	1	13	13	0	17	16	1	25	25	0	36	34	2	18	18	0	15	15	0	16	16	0
NC_059182.1	2306369	2306370	*	20	18	2	23	22	1	13	13	0	13	11	2	17	17	0	17	14	3	22	22	0	16	16	0	20	20	0	20	20	0	12	12	0	18	14	4	13	13	0	18	18	0	29	29	0	37	35	2	17	13	4	18	18	0	17	17	0
NC_059182.1	2369512	2369513	*	22	8	14	17	1	16	18	0	18	15	5	10	14	5	9	22	8	14	17	0	17	13	0	13	16	0	16	19	0	19	17	7	10	17	0	17	18	4	14	16	0	16	21	0	21	23	0	23	22	10	12	20	0	20	22	5	17
NC_059182.1	2369528	2369529	*	24	12	12	17	0	17	18	0	18	15	4	11	15	3	12	23	13	10	17	0	17	15	0	15	15	0	15	21	1	20	19	9	10	19	0	19	19	6	13	17	0	17	27	0	27	25	0	25	26	13	13	18	0	18	23	9	14
NC_059182.1	2390032	2390033	*	16	14	2	20	19	1	21	20	1	20	19	1	13	12	1	16	16	0	13	13	0	10	10	0	12	11	1	17	17	0	16	13	3	21	20	1	16	15	1	18	18	0	21	20	1	18	15	3	17	14	3	17	17	0	30	28	2
NC_059182.1	2508193	2508194	*	20	19	1	22	20	2	22	22	0	18	17	1	21	21	0	22	21	1	19	16	3	16	16	0	17	17	0	17	16	1	14	14	0	18	12	6	23	22	1	19	19	0	18	17	1	24	24	0	13	13	0	12	12	0	25	24	1
NC_059182.1	2674795	2674796	*	14	14	0	32	30	2	15	15	0	27	22	5	12	12	0	11	9	2	19	19	0	15	14	1	15	6	9	14	13	1	21	19	2	24	9	15	18	6	12	34	31	3	23	22	1	25	24	1	20	19	1	23	23	0	24	23	1
NC_059182.1	2674840	2674841	*	20	13	7	35	18	17	18	16	2	27	12	15	14	13	1	13	5	8	20	19	1	19	18	1	21	11	10	15	11	4	25	20	5	24	9	15	19	7	12	30	21	9	24	10	14	28	23	5	23	20	3	25	24	1	30	25	5
NC_059182.1	2674984	2674985	*	28	7	21	31	0	31	28	13	15	18	0	18	12	10	2	24	0	24	20	6	14	17	0	17	22	0	22	22	0	22	24	0	24	30	0	30	18	0	18	20	0	20	29	1	28	18	8	10	29	0	29	17	0	17	28	0	28
NC_059182.1	2749772	2749773	*	14	10	4	12	9	3	19	5	14	15	12	3	12	12	0	19	15	4	16	2	14	11	7	4	10	4	6	13	9	4	13	6	7	19	14	5	12	8	4	25	17	8	22	17	5	22	15	7	27	24	3	18	8	10	21	19	2
NC_059182.1	2897648	2897649	*	23	23	0	22	21	1	11	11	0	24	20	4	14	14	0	24	22	2	16	13	3	11	11	0	15	13	2	22	20	2	15	14	1	27	22	5	33	28	5	12	10	2	27	25	2	16	15	1	19	17	2	16	13	3	24	19	5
NC_059182.1	2897660	2897661	*	25	25	0	22	21	1	10	10	0	23	22	1	15	15	0	24	22	2	16	14	2	12	11	1	15	13	2	23	23	0	15	11	4	28	25	3	32	30	2	14	14	0	25	23	2	14	13	1	18	17	1	18	18	0	26	24	2
NC_059182.1	2897683	2897684	*	20	19	1	19	17	2	11	11	0	23	20	3	14	14	0	27	26	1	16	15	1	11	11	0	15	14	1	21	21	0	13	11	2	30	27	3	26	26	0	16	14	2	23	22	1	13	13	0	17	16	1	18	17	1	22	21	1
NC_059182.1	2897710	2897711	*	17	8	9	22	6	16	11	0	11	22	0	22	14	5	9	29	1	28	16	0	16	10	0	10	15	0	15	22	17	5	13	7	6	29	0	29	27	11	16	17	5	12	23	22	1	15	8	7	14	13	1	18	1	17	21	19	2
NC_059182.1	2974874	2974875	*	20	20	0	10	9	1	22	21	1	10	10	0	14	14	0	17	17	0	20	18	2	13	13	0	16	15	1	14	13	1	19	19	0	26	26	0	20	20	0	13	11	2	19	17	2	15	14	1	23	21	2	21	20	1	33	28	5
NC_059182.1	2974922	2974923	*	23	22	1	17	15	2	24	23	1	11	10	1	17	17	0	26	25	1	23	21	2	16	14	2	16	13	3	21	20	1	20	17	3	25	22	3	25	22	3	14	14	0	20	18	2	20	19	1	23	23	0	20	17	3	29	27	2
NC_059182.1	2974947	2974948	*	24	21	3	19	15	4	21	18	3	10	10	0	15	14	1	23	20	3	24	22	2	18	14	4	14	14	0	23	21	2	21	20	1	23	21	2	26	19	7	16	16	0	20	18	2	21	17	4	21	21	0	21	19	2	27	27	0
NC_059182.1	2975384	2975385	*	13	3	10	13	5	8	18	6	12	12	2	10	13	1	12	16	5	11	13	1	12	11	3	8	10	3	7	21	1	20	13	5	8	18	7	11	16	1	15	12	0	12	22	4	18	14	2	12	19	6	13	15	0	15	21	6	15
NC_059182.1	3002150	3002151	*	20	14	6	16	12	4	23	13	10	19	14	5	16	14	2	34	22	12	20	13	7	17	15	2	12	8	4	14	11	3	18	9	9	35	25	10	23	21	2	12	6	6	18	12	6	18	10	8	16	12	4	19	14	5	13	8	5
NC_059182.1	3002220	3002221	*	14	13	1	13	12	1	22	19	3	18	15	3	20	16	4	34	31	3	11	10	1	20	17	3	15	13	2	22	21	1	22	20	2	35	31	4	26	24	2	14	14	0	17	16	1	19	17	2	16	15	1	24	22	2	15	14	1
NC_059182.1	3002250	3002251	*	15	14	1	11	11	0	21	20	1	18	13	5	24	22	2	33	31	2	10	10	0	24	23	1	13	11	2	21	21	0	20	19	1	31	28	3	27	26	1	14	13	1	17	17	0	14	14	0	13	11	2	25	24	1	13	13	0
NC_059182.1	3146536	3146537	*	12	4	8	21	0	21	18	8	10	13	0	13	10	0	10	12	0	12	13	0	13	10	0	10	17	0	17	15	0	15	11	0	11	22	8	14	20	6	14	17	0	17	17	0	17	17	6	11	14	0	14	20	12	8	15	0	15
NC_059182.1	3309867	3309868	*	12	10	2	12	9	3	11	4	7	13	7	6	11	9	2	13	11	2	17	12	5	23	14	9	14	14	0	10	6	4	11	3	8	12	10	2	10	10	0	14	7	7	22	16	6	17	13	4	21	18	3	13	5	8	19	15	4
NC_059182.1	3368134	3368135	*	17	16	1	10	10	0	15	14	1	14	13	1	13	13	0	19	18	1	12	11	1	10	9	1	11	10	1	18	17	1	11	11	0	19	19	0	12	11	1	15	14	1	31	30	1	26	23	3	14	14	0	12	10	2	29	26	3
NC_059182.1	3368209	3368210	*	16	16	0	14	11	3	16	14	2	13	11	2	12	11	1	19	16	3	13	8	5	16	12	4	13	10	3	22	18	4	19	17	2	21	19	2	13	13	0	19	18	1	33	32	1	24	21	3	20	15	5	15	12	3	29	23	6
NC_059182.1	3368239	3368240	*	16	15	1	14	11	3	16	15	1	15	14	1	11	10	1	17	14	3	12	10	2	16	15	1	11	9	2	19	19	0	21	20	1	24	22	2	11	11	0	25	23	2	32	30	2	24	18	6	22	21	1	17	16	1	29	23	6
NC_059182.1	3368244	3368245	*	15	15	0	14	13	1	16	16	0	13	13	0	11	9	2	18	17	1	12	12	0	15	14	1	11	11	0	20	19	1	19	18	1	19	18	1	10	10	0	25	24	1	30	29	1	21	19	2	22	22	0	18	17	1	29	26	3
NC_059182.1	3368276	3368277	*	14	14	0	16	14	2	14	14	0	16	15	1	11	9	2	17	16	1	13	12	1	13	13	0	14	14	0	16	16	0	19	19	0	19	18	1	11	11	0	21	19	2	27	27	0	16	16	0	19	19	0	19	17	2	27	27	0
NC_059182.1	3421818	3421819	*	12	4	8	16	1	15	11	0	11	14	5	9	13	3	10	19	15	4	13	0	13	17	7	10	12	2	10	17	4	13	16	0	16	16	6	10	10	0	10	16	2	14	21	4	17	21	0	21	12	2	10	16	4	12	23	0	23
NC_059182.1	3431740	3431741	*	24	24	0	25	23	2	15	15	0	12	12	0	14	14	0	28	27	1	14	13	1	12	10	2	16	11	5	25	25	0	14	14	0	22	22	0	18	18	0	19	19	0	29	28	1	28	26	2	18	17	1	12	12	0	36	36	0
NC_059182.1	3431767	3431768	*	23	23	0	25	25	0	17	16	1	11	11	0	15	15	0	28	25	3	14	14	0	13	11	2	15	10	5	23	23	0	15	14	1	21	21	0	18	18	0	17	12	5	27	25	2	28	26	2	17	15	2	12	12	0	33	33	0
NC_059182.1	3431802	3431803	*	20	20	0	23	23	0	17	16	1	13	12	1	16	16	0	28	28	0	14	14	0	16	14	2	18	17	1	21	20	1	17	16	1	17	17	0	16	16	0	18	18	0	27	25	2	30	29	1	17	16	1	13	12	1	32	31	1
NC_059182.1	3431888	3431889	*	14	9	5	22	22	0	18	18	0	13	11	2	19	19	0	22	20	2	16	14	2	19	18	1	17	15	2	16	16	0	16	14	2	19	18	1	18	18	0	19	16	3	28	24	4	21	21	0	13	13	0	12	12	0	27	27	0
NC_059182.1	3431982	3431983	*	15	14	1	18	16	2	19	17	2	15	13	2	18	17	1	16	14	2	10	10	0	16	13	3	17	14	3	15	12	3	14	14	0	28	25	3	22	20	2	16	13	3	25	19	6	18	16	2	13	12	1	13	11	2	25	22	3
NC_059182.1	3432020	3432021	*	19	19	0	18	14	4	15	14	1	13	12	1	21	19	2	16	16	0	11	10	1	19	16	3	12	10	2	16	16	0	12	10	2	31	30	1	22	18	4	17	16	1	24	20	4	12	11	1	15	15	0	16	16	0	30	28	2
NC_059182.1	3452729	3452730	*	10	10	0	16	15	1	17	13	4	10	10	0	15	13	2	16	16	0	12	11	1	14	13	1	15	15	0	11	11	0	11	11	0	12	11	1	11	11	0	13	12	1	16	16	0	21	20	1	16	16	0	13	8	5	17	15	2
NC_059182.1	3487792	3487793	*	22	14	8	25	25	0	12	9	3	14	10	4	12	11	1	21	17	4	12	11	1	22	20	2	12	11	1	17	15	2	17	9	8	24	23	1	34	29	5	19	18	1	24	21	3	23	16	7	17	13	4	23	18	5	24	17	7
NC_059182.1	3487830	3487831	*	25	20	5	25	22	3	11	10	1	13	12	1	13	11	2	20	17	3	16	13	3	21	18	3	13	7	6	19	14	5	24	17	7	23	21	2	34	22	12	20	15	5	23	18	5	23	19	4	20	17	3	25	22	3	24	15	9
NC_059182.1	3487852	3487853	*	21	18	3	24	24	0	10	10	0	11	10	1	12	12	0	21	20	1	15	15	0	20	16	4	11	11	0	17	12	5	18	18	0	17	16	1	25	14	11	23	19	4	23	22	1	21	21	0	19	18	1	22	21	1	22	13	9
NC_059182.1	3487923	3487924	*	23	16	7	25	16	9	26	6	20	14	7	7	13	7	6	18	14	4	13	9	4	15	9	6	11	8	3	28	13	15	25	20	5	18	12	6	26	8	18	24	4	20	22	13	9	19	9	10	31	19	12	22	6	16	25	11	14
NC_059182.1	3595833	3595834	*	17	16	1	20	18	2	17	16	1	14	13	1	19	18	1	13	12	1	20	18	2	23	21	2	14	12	2	13	13	0	16	16	0	19	17	2	16	14	2	10	10	0	16	16	0	18	17	1	15	14	1	10	10	0	19	16	3
NC_059182.1	3698743	3698744	*	25	20	5	20	13	7	14	4	10	11	7	4	24	16	8	23	18	5	12	8	4	14	9	5	18	7	11	15	12	3	27	19	8	34	9	25	22	14	8	24	15	9	27	20	7	22	16	6	25	19	6	22	17	5	30	23	7
NC_059182.1	3698754	3698755	*	25	20	5	19	13	6	12	3	9	11	10	1	24	18	6	23	19	4	11	7	4	14	10	4	18	7	11	14	12	2	28	20	8	36	10	26	22	14	8	23	15	8	27	20	7	22	18	4	25	19	6	23	19	4	31	25	6
NC_059182.1	3745479	3745480	*	15	12	3	26	18	8	11	8	3	18	11	7	16	15	1	15	10	5	17	9	8	11	5	6	18	0	18	13	5	8	13	4	9	18	7	11	15	12	3	22	13	9	19	9	10	20	16	4	10	7	3	22	16	6	20	15	5
NC_059182.1	4115193	4115194	*	18	5	13	12	5	7	18	8	10	14	8	6	10	3	7	12	4	8	18	8	10	20	8	12	12	3	9	14	7	7	15	11	4	23	9	14	18	9	9	22	4	18	16	10	6	27	11	16	11	6	5	16	6	10	28	17	11
NC_059182.1	4246417	4246418	*	22	11	11	23	0	23	14	2	12	32	0	32	22	0	22	30	4	26	36	13	23	23	0	23	28	9	19	21	8	13	32	11	21	27	18	9	29	0	29	43	9	34	63	1	62	30	0	30	31	18	13	24	1	23	29	2	27
NC_059182.1	4299230	4299231	*	17	14	3	15	12	3	21	19	2	15	13	2	14	14	0	13	13	0	13	11	2	24	22	2	11	10	1	24	24	0	15	14	1	25	23	2	15	15	0	23	16	7	24	23	1	18	17	1	18	18	0	14	13	1	22	21	1
NC_059182.1	4354347	4354348	*	13	10	3	19	8	11	26	19	7	17	8	9	15	11	4	19	10	9	10	7	3	18	12	6	14	4	10	21	12	9	14	8	6	18	10	8	20	12	8	25	8	17	23	10	13	16	8	8	27	16	11	24	11	13	25	12	13
NC_059182.1	4354523	4354524	*	13	3	10	17	3	14	21	3	18	19	3	16	20	7	13	16	6	10	13	4	9	23	1	22	17	1	16	13	1	12	11	4	7	17	1	16	19	2	17	22	1	21	24	10	14	22	7	15	19	6	13	17	4	13	22	7	15
NC_059182.1	4502809	4502810	*	20	20	0	20	20	0	18	18	0	10	10	0	11	10	1	14	13	1	13	13	0	13	13	0	16	16	0	25	25	0	17	17	0	34	33	1	15	15	0	20	20	0	13	12	1	22	22	0	29	28	1	13	12	1	21	21	0
NC_059182.1	4502846	4502847	*	22	21	1	23	23	0	20	19	1	12	12	0	12	12	0	17	17	0	12	12	0	15	15	0	18	18	0	27	24	3	18	18	0	37	36	1	15	15	0	22	21	1	16	16	0	25	24	1	28	26	2	15	15	0	22	22	0
NC_059182.1	4502893	4502894	*	23	22	1	25	24	1	17	13	4	13	12	1	11	11	0	15	15	0	16	15	1	17	16	1	20	20	0	29	28	1	18	18	0	36	34	2	18	17	1	20	19	1	17	17	0	27	26	1	21	20	1	11	11	0	24	21	3
NC_059182.1	4502940	4502941	*	22	20	2	25	24	1	16	15	1	15	14	1	12	11	1	15	15	0	17	15	2	18	18	0	17	16	1	21	19	2	13	12	1	31	28	3	22	22	0	22	17	5	17	17	0	26	25	1	21	20	1	14	14	0	27	25	2
NC_059182.1	4588902	4588903	*	15	15	0	15	14	1	10	10	0	15	15	0	18	15	3	23	21	2	15	14	1	12	12	0	11	9	2	22	21	1	16	15	1	27	25	2	16	15	1	10	10	0	14	14	0	21	20	1	10	9	1	12	11	1	22	22	0
NC_059182.1	4588916	4588917	*	16	16	0	17	14	3	10	10	0	15	14	1	16	14	2	22	21	1	14	12	2	12	12	0	13	12	1	21	20	1	17	15	2	25	23	2	14	14	0	10	9	1	13	13	0	20	17	3	11	10	1	13	12	1	20	19	1
NC_059182.1	4693618	4693619	*	20	19	1	16	13	3	15	13	2	15	14	1	13	12	1	22	21	1	15	14	1	13	12	1	12	12	0	18	17	1	22	20	2	25	24	1	15	14	1	18	18	0	22	22	0	12	11	1	17	17	0	20	20	0	23	22	1
NC_059182.1	4693630	4693631	*	21	21	0	16	15	1	14	13	1	16	16	0	14	14	0	22	22	0	16	15	1	13	13	0	13	13	0	19	17	2	22	22	0	25	24	1	15	15	0	22	22	0	23	23	0	13	12	1	15	14	1	21	20	1	24	24	0
NC_059182.1	4693645	4693646	*	20	18	2	17	15	2	15	15	0	17	16	1	14	12	2	23	23	0	17	16	1	14	14	0	12	12	0	21	19	2	24	24	0	26	24	2	14	13	1	21	21	0	22	22	0	12	12	0	16	16	0	22	20	2	23	23	0
NC_059182.1	4716414	4716415	*	13	10	3	19	11	8	21	11	10	14	9	5	14	8	6	22	21	1	14	1	13	24	17	7	14	11	3	14	12	2	10	10	0	26	12	14	17	17	0	12	12	0	16	7	9	32	24	8	10	10	0	15	13	2	28	20	8
NC_059182.1	5332183	5332184	*	29	27	2	22	21	1	16	16	0	23	22	1	17	16	1	16	15	1	20	18	2	25	25	0	13	12	1	24	24	0	20	17	3	16	16	0	26	25	1	15	14	1	32	32	0	21	18	3	22	21	1	21	21	0	34	30	4
NC_059182.1	5343642	5343643	*	12	11	1	20	20	0	12	11	1	17	16	1	12	11	1	19	17	2	13	11	2	16	16	0	15	13	2	14	14	0	15	12	3	25	25	0	16	15	1	28	27	1	17	16	1	27	26	1	14	13	1	13	13	0	29	28	1
NC_059182.1	5600450	5600451	*	11	11	0	16	14	2	12	12	0	20	18	2	10	10	0	21	18	3	12	12	0	12	12	0	15	14	1	19	18	1	13	13	0	20	17	3	17	16	1	20	18	2	23	23	0	21	19	2	14	14	0	21	20	1	17	13	4
NC_059182.1	5616923	5616924	*	18	7	11	16	6	10	16	7	9	12	12	0	12	4	8	13	12	1	19	15	4	18	18	0	12	11	1	18	16	2	13	11	2	22	18	4	20	0	20	10	10	0	19	0	19	18	1	17	15	8	7	18	5	13	22	0	22
NC_059182.1	5616932	5616933	*	19	8	11	17	8	9	18	9	9	12	12	0	12	6	6	13	13	0	19	18	1	19	17	2	12	12	0	18	16	2	14	13	1	24	23	1	20	0	20	10	8	2	20	0	20	16	1	15	15	8	7	19	6	13	21	1	20
NC_059182.1	5616943	5616944	*	17	7	10	18	7	11	18	9	9	13	13	0	13	6	7	16	15	1	20	20	0	18	18	0	13	12	1	16	15	1	15	13	2	24	23	1	20	1	19	11	9	2	18	0	18	16	1	15	15	8	7	19	7	12	24	1	23
NC_059182.1	5719755	5719756	*	13	12	1	11	11	0	10	10	0	14	14	0	18	17	1	22	22	0	18	18	0	15	14	1	17	17	0	22	21	1	12	11	1	16	15	1	15	13	2	13	13	0	28	27	1	20	19	1	20	18	2	12	11	1	19	16	3
NC_059182.1	5719840	5719841	*	14	14	0	15	15	0	15	13	2	11	10	1	15	15	0	27	27	0	23	22	1	20	19	1	19	15	4	19	17	2	18	15	3	24	23	1	19	18	1	16	16	0	26	26	0	21	17	4	21	17	4	13	12	1	21	20	1
NC_059182.1	5719957	5719958	*	20	18	2	15	15	0	20	19	1	14	13	1	20	18	2	18	17	1	16	16	0	16	16	0	10	10	0	19	18	1	15	15	0	26	25	1	17	17	0	21	21	0	29	27	2	25	23	2	20	19	1	10	10	0	25	25	0
NC_059182.1	5719996	5719997	*	22	20	2	14	13	1	20	20	0	17	17	0	20	19	1	17	16	1	17	16	1	14	14	0	13	12	1	21	21	0	18	17	1	26	25	1	15	13	2	21	19	2	32	29	3	24	21	3	21	21	0	12	11	1	28	26	2
NC_059182.1	5720015	5720016	*	20	18	2	18	15	3	17	17	0	17	16	1	20	18	2	18	18	0	18	17	1	12	12	0	11	11	0	20	18	2	18	16	2	28	27	1	13	12	1	19	18	1	31	29	2	23	22	1	21	18	3	12	12	0	23	21	2
NC_059182.1	5848828	5848829	*	15	14	1	20	19	1	15	15	0	12	11	1	17	16	1	14	14	0	19	18	1	14	13	1	13	12	1	21	21	0	12	12	0	16	16	0	21	21	0	16	15	1	18	18	0	20	20	0	12	11	1	19	18	1	16	14	2
NC_059182.1	5848840	5848841	*	13	12	1	20	19	1	13	13	0	11	11	0	18	17	1	15	15	0	18	18	0	13	12	1	13	12	1	19	19	0	11	11	0	17	16	1	23	22	1	16	16	0	18	18	0	22	21	1	12	11	1	19	19	0	15	15	0
NC_059182.1	5848872	5848873	*	16	15	1	16	16	0	12	11	1	14	12	2	18	17	1	18	18	0	20	18	2	12	11	1	13	12	1	18	18	0	12	11	1	18	17	1	18	17	1	14	14	0	18	18	0	22	22	0	13	13	0	18	18	0	16	15	1
NC_059182.1	5924827	5924828	*	26	25	1	16	14	2	22	22	0	20	18	2	18	17	1	23	20	3	24	22	2	25	23	2	21	21	0	19	17	2	21	20	1	24	23	1	11	11	0	19	18	1	23	21	2	28	28	0	19	18	1	19	18	1	38	37	1
NC_059182.1	5977820	5977821	*	18	17	1	16	14	2	18	17	1	15	15	0	14	13	1	21	16	5	16	16	0	10	9	1	20	18	2	15	13	2	13	13	0	34	32	2	15	14	1	16	15	1	27	26	1	17	16	1	23	21	2	13	13	0	32	30	2
NC_059182.1	5977847	5977848	*	15	15	0	18	17	1	15	15	0	13	13	0	16	15	1	19	17	2	15	15	0	10	9	1	17	16	1	18	17	1	10	10	0	32	26	6	11	11	0	15	14	1	26	25	1	17	12	5	19	17	2	13	12	1	32	30	2
NC_059182.1	6078803	6078804	*	18	7	11	14	11	3	15	3	12	14	12	2	16	7	9	20	16	4	15	11	4	10	8	2	12	8	4	22	20	2	17	13	4	30	25	5	19	8	11	13	11	2	23	19	4	15	5	10	15	12	3	21	6	15	25	22	3
NC_059182.1	6256462	6256463	*	27	26	1	24	23	1	14	13	1	13	10	3	16	15	1	23	22	1	14	14	0	17	15	2	19	17	2	21	20	1	21	19	2	19	17	2	16	15	1	16	16	0	28	26	2	27	26	1	15	14	1	19	18	1	26	22	4
NC_059182.1	6275001	6275002	*	19	17	2	32	30	2	23	20	3	15	14	1	19	18	1	28	28	0	19	16	3	12	12	0	20	15	5	28	28	0	24	23	1	23	23	0	17	17	0	16	15	1	27	26	1	19	19	0	24	24	0	23	22	1	19	18	1
NC_059182.1	6275097	6275098	*	28	27	1	18	16	2	22	17	5	13	13	0	15	15	0	26	24	2	18	15	3	12	9	3	18	16	2	25	24	1	25	22	3	18	17	1	12	12	0	17	16	1	25	24	1	23	23	0	17	16	1	19	16	3	25	24	1
NC_059182.1	6301745	6301746	*	25	25	0	14	14	0	14	13	1	17	17	0	13	11	2	17	17	0	22	22	0	10	10	0	14	12	2	20	20	0	12	12	0	21	17	4	15	15	0	17	17	0	18	16	2	20	19	1	15	15	0	12	12	0	28	28	0
NC_059182.1	6386594	6386595	*	16	7	9	24	0	24	10	0	10	13	0	13	18	0	18	11	0	11	21	0	21	11	0	11	10	0	10	13	0	13	15	0	15	36	0	36	15	0	15	19	1	18	17	0	17	23	0	23	26	0	26	13	0	13	44	0	44
NC_059182.1	6457340	6457341	*	25	23	2	23	23	0	13	12	1	15	15	0	18	17	1	18	18	0	22	21	1	14	14	0	18	18	0	12	12	0	27	27	0	29	28	1	22	22	0	17	16	1	23	23	0	21	21	0	13	13	0	18	17	1	28	27	1
NC_059182.1	6457411	6457412	*	21	19	2	15	14	1	11	11	0	12	11	1	11	10	1	16	16	0	19	17	2	16	15	1	14	13	1	10	9	1	20	20	0	19	16	3	18	18	0	21	20	1	24	21	3	27	21	6	22	21	1	21	19	2	25	22	3
NC_059182.1	6513057	6513058	*	24	24	0	15	14	1	14	14	0	14	13	1	15	8	7	22	20	2	13	11	2	11	9	2	17	17	0	17	17	0	16	15	1	18	17	1	16	16	0	19	19	0	25	23	2	15	15	0	15	14	1	14	12	2	26	26	0
NC_059182.1	6513089	6513090	*	22	21	1	16	14	2	12	12	0	15	15	0	15	8	7	20	19	1	17	16	1	11	10	1	15	14	1	19	19	0	18	17	1	20	17	3	20	20	0	23	21	2	30	26	4	17	17	0	16	16	0	16	16	0	25	23	2
NC_059182.1	6513130	6513131	*	18	11	7	15	10	5	14	4	10	16	8	8	16	10	6	17	8	9	17	11	6	11	9	2	16	14	2	17	13	4	18	11	7	19	13	6	21	13	8	22	12	10	30	13	17	23	13	10	17	13	4	15	8	7	25	19	6
NC_059182.1	6559350	6559351	*	19	17	2	11	11	0	11	11	0	11	11	0	16	16	0	21	21	0	11	10	1	11	10	1	10	6	4	16	16	0	19	18	1	27	26	1	23	22	1	14	12	2	21	19	2	24	23	1	26	24	2	18	15	3	30	26	4
NC_059182.1	6653554	6653555	*	19	18	1	25	23	2	16	13	3	14	14	0	23	23	0	17	17	0	16	15	1	15	15	0	19	17	2	17	16	1	23	22	1	23	23	0	19	17	2	29	28	1	22	18	4	18	18	0	16	15	1	20	20	0	35	34	1
NC_059182.1	6653584	6653585	*	18	18	0	25	25	0	15	14	1	15	14	1	18	17	1	19	18	1	18	17	1	17	17	0	18	18	0	13	13	0	17	17	0	19	18	1	18	18	0	30	29	1	24	23	1	17	15	2	14	13	1	17	17	0	26	25	1
NC_059182.1	6653629	6653630	*	18	18	0	24	22	2	13	12	1	14	13	1	17	14	3	12	12	0	17	12	5	15	13	2	15	10	5	15	15	0	19	18	1	15	13	2	14	12	2	27	23	4	24	22	2	12	10	2	12	11	1	16	16	0	18	15	3
NC_059182.1	6653641	6653642	*	18	16	2	24	22	2	12	11	1	15	13	2	17	14	3	11	10	1	18	14	4	17	15	2	15	8	7	16	15	1	19	18	1	15	11	4	15	11	4	28	24	4	23	20	3	11	8	3	11	11	0	18	17	1	20	16	4
NC_059182.1	6653690	6653691	*	18	17	1	21	17	4	16	15	1	14	14	0	18	17	1	12	11	1	23	22	1	13	12	1	14	14	0	15	13	2	10	10	0	13	13	0	14	14	0	27	26	1	19	19	0	10	8	2	11	9	2	17	14	3	16	16	0
NC_059182.1	6696712	6696713	*	14	14	0	12	12	0	12	12	0	11	11	0	15	14	1	16	14	2	13	13	0	25	23	2	11	11	0	15	13	2	13	2	11	25	23	2	16	15	1	20	8	12	19	0	19	16	14	2	17	9	8	12	11	1	19	8	11
NC_059182.1	6974120	6974121	*	13	12	1	15	7	8	18	11	7	19	7	12	18	10	8	19	10	9	16	14	2	21	14	7	16	0	16	24	5	19	21	19	2	30	15	15	28	1	27	23	8	15	25	24	1	16	1	15	22	9	13	25	0	25	27	27	0
NC_059182.1	6974141	6974142	*	13	13	0	17	2	15	22	14	8	22	9	13	19	10	9	21	10	11	15	5	10	19	10	9	14	2	12	25	2	23	25	24	1	32	18	14	38	1	37	23	9	14	31	30	1	19	1	18	24	11	13	26	0	26	30	30	0
NC_059182.1	6974245	6974246	*	20	17	3	29	28	1	28	27	1	22	21	1	24	22	2	21	20	1	19	18	1	19	17	2	17	17	0	21	20	1	30	25	5	35	32	3	41	35	6	31	29	2	35	33	2	26	15	11	23	23	0	26	24	2	31	28	3
NC_059182.1	7117271	7117272	*	13	13	0	21	9	12	22	1	21	13	0	13	16	0	16	18	0	18	21	20	1	11	0	11	13	8	5	10	9	1	15	8	7	21	21	0	23	20	3	18	7	11	20	11	9	20	7	13	18	14	4	21	15	6	15	10	5
NC_059182.1	7315608	7315609	*	16	14	2	13	7	6	15	14	1	18	15	3	14	4	10	18	13	5	12	9	3	11	11	0	16	6	10	14	13	1	15	14	1	20	18	2	22	18	4	13	11	2	17	6	11	17	9	8	11	2	9	12	11	1	13	12	1
NC_059182.1	7442393	7442394	*	16	9	7	13	5	8	12	5	7	15	4	11	15	15	0	27	8	19	17	9	8	18	5	13	11	11	0	14	14	0	14	7	7	30	21	9	18	18	0	15	8	7	24	1	23	16	15	1	21	8	13	19	9	10	17	0	17
NC_059182.1	7442409	7442410	*	19	12	7	15	7	8	13	7	6	15	4	11	16	16	0	28	10	18	17	9	8	16	4	12	11	11	0	16	15	1	14	8	6	31	21	10	22	22	0	16	8	8	27	2	25	17	16	1	23	11	12	19	9	10	17	3	14
NC_059182.1	7554811	7554812	*	20	19	1	22	21	1	12	10	2	10	10	0	18	16	2	23	23	0	12	12	0	11	10	1	11	7	4	23	21	2	15	13	2	15	15	0	23	21	2	15	14	1	21	19	2	23	21	2	24	23	1	14	11	3	23	23	0
NC_059182.1	7554874	7554875	*	23	21	2	20	17	3	13	11	2	11	10	1	17	15	2	23	22	1	15	14	1	10	9	1	12	8	4	20	20	0	14	11	3	22	21	1	21	20	1	23	18	5	22	21	1	20	19	1	27	26	1	13	13	0	22	21	1
NC_059182.1	8331596	8331597	*	21	3	18	50	0	50	22	3	19	37	2	35	39	4	35	42	3	39	35	1	34	10	3	7	33	3	30	33	3	30	40	12	28	34	3	31	13	1	12	28	2	26	38	3	35	23	2	21	25	2	23	20	2	18	84	1	83
NC_059182.1	8331681	8331682	*	21	3	18	47	1	46	15	2	13	23	1	22	36	10	26	43	2	41	34	3	31	10	1	9	36	3	33	29	2	27	36	0	36	36	1	35	14	1	13	40	2	38	34	0	34	18	1	17	25	1	24	12	2	10	74	2	72
NC_059182.1	8566469	8566470	*	25	25	0	19	19	0	15	15	0	15	15	0	13	13	0	16	16	0	11	10	1	17	17	0	13	13	0	19	18	1	16	15	1	19	18	1	13	12	1	15	15	0	15	15	0	23	23	0	15	15	0	16	16	0	19	19	0
NC_059182.1	8566510	8566511	*	28	27	1	24	23	1	17	15	2	20	20	0	15	15	0	21	21	0	16	15	1	24	22	2	15	13	2	25	23	2	24	23	1	30	28	2	20	17	3	16	16	0	26	24	2	28	27	1	20	19	1	19	19	0	31	28	3
NC_059182.1	8566533	8566534	*	24	21	3	25	21	4	16	14	2	18	17	1	17	16	1	21	20	1	14	13	1	22	19	3	15	11	4	24	22	2	22	20	2	31	26	5	20	18	2	17	16	1	28	25	3	26	17	9	19	18	1	20	19	1	30	16	14
NC_059182.1	10868828	10868829	*	71	16	55	21	4	17	24	2	22	28	0	28	51	1	50	14	0	14	30	0	30	33	2	31	33	1	32	40	5	35	50	0	50	32	2	30	29	1	28	36	0	36	29	0	29	33	8	25	29	1	28	44	6	38	42	0	42
NC_059182.1	11881003	11881004	*	14	13	1	23	20	3	17	16	1	20	16	4	23	19	4	10	8	2	13	11	2	12	12	0	25	22	3	17	16	1	21	18	3	21	20	1	21	16	5	21	17	4	25	22	3	18	15	3	21	18	3	19	17	2	29	26	3
NC_059182.1	12018625	12018626	*	16	12	4	21	17	4	25	20	5	13	11	2	14	13	1	18	17	1	16	15	1	10	9	1	15	11	4	18	14	4	23	15	8	14	13	1	18	17	1	18	17	1	17	13	4	21	15	6	15	7	8	20	17	3	23	17	6
NC_059182.1	12018653	12018654	*	14	12	2	23	22	1	24	22	2	16	13	3	13	13	0	20	20	0	17	16	1	13	11	2	17	15	2	18	17	1	21	18	3	14	14	0	21	17	4	18	16	2	16	15	1	19	18	1	14	8	6	19	18	1	21	17	4
NC_059182.1	12018659	12018660	*	15	13	2	23	20	3	24	24	0	17	12	5	13	12	1	21	20	1	17	17	0	13	12	1	17	16	1	20	20	0	22	19	3	14	14	0	21	21	0	17	16	1	17	17	0	19	16	3	14	9	5	20	19	1	21	19	2
NC_059182.1	12018664	12018665	*	15	12	3	23	22	1	23	22	1	18	17	1	13	12	1	21	21	0	17	17	0	13	13	0	17	16	1	20	20	0	22	21	1	15	15	0	22	21	1	17	16	1	18	18	0	18	16	2	14	8	6	20	18	2	22	20	2
NC_059182.1	12023180	12023181	*	11	4	7	15	0	15	15	0	15	13	0	13	21	0	21	15	0	15	13	0	13	20	0	20	14	0	14	22	1	21	10	0	10	24	0	24	17	0	17	18	0	18	28	0	28	29	0	29	15	0	15	13	0	13	28	0	28
NC_059182.1	12026471	12026472	*	13	12	1	16	12	4	12	11	1	17	15	2	14	13	1	11	9	2	12	12	0	12	12	0	15	14	1	16	16	0	11	9	2	14	13	1	17	12	5	14	12	2	13	11	2	18	17	1	18	16	2	17	16	1	17	12	5
NC_059182.1	12030551	12030552	*	22	20	2	17	16	1	10	9	1	16	16	0	17	15	2	17	17	0	14	14	0	18	14	4	16	15	1	11	11	0	17	15	2	10	5	5	14	14	0	14	14	0	29	28	1	17	15	2	14	14	0	20	18	2	25	21	4
NC_059182.1	12030608	12030609	*	25	8	17	23	13	10	12	8	4	18	14	4	14	13	1	18	13	5	16	10	6	18	10	8	16	12	4	16	7	9	22	16	6	21	0	21	17	13	4	17	12	5	26	6	20	19	6	13	18	16	2	18	7	11	29	10	19
NC_059182.1	12048966	12048967	*	15	14	1	14	13	1	15	12	3	11	11	0	17	15	2	19	17	2	13	8	5	11	9	2	12	10	2	14	13	1	14	14	0	17	17	0	16	13	3	19	17	2	26	24	2	24	22	2	21	20	1	19	15	4	21	18	3
NC_059182.1	12049032	12049033	*	18	16	2	22	17	5	20	16	4	16	15	1	18	17	1	20	18	2	20	18	2	20	16	4	10	7	3	17	14	3	18	16	2	21	19	2	23	20	3	14	12	2	28	24	4	23	21	2	24	22	2	19	17	2	22	20	2
NC_059182.1	12049081	12049082	*	22	20	2	22	21	1	20	19	1	15	15	0	16	15	1	22	21	1	16	15	1	19	19	0	12	11	1	18	16	2	20	20	0	24	23	1	23	21	2	18	17	1	19	19	0	20	20	0	24	24	0	21	21	0	23	23	0
NC_059182.1	12049093	12049094	*	22	19	3	23	22	1	21	21	0	15	15	0	16	16	0	23	22	1	16	14	2	19	18	1	11	9	2	17	15	2	20	20	0	23	21	2	25	25	0	20	18	2	16	15	1	20	20	0	24	24	0	21	21	0	23	23	0
NC_059182.1	12151798	12151799	*	27	27	0	17	15	2	17	17	0	16	16	0	15	14	1	19	18	1	20	18	2	14	13	1	16	15	1	16	16	0	20	18	2	18	17	1	13	13	0	13	13	0	25	19	6	20	18	2	20	19	1	13	13	0	30	30	0
NC_059182.1	12151830	12151831	*	21	6	15	22	9	13	17	7	10	18	6	12	19	2	17	17	7	10	20	1	19	20	7	13	13	0	13	15	4	11	22	11	11	24	2	22	13	1	12	19	2	17	25	14	11	23	7	16	24	6	18	12	6	6	34	7	27
NC_059182.1	12379872	12379873	*	25	25	0	14	14	0	14	13	1	21	20	1	11	9	2	19	17	2	25	24	1	15	15	0	18	17	1	33	32	1	20	18	2	21	20	1	19	19	0	24	24	0	28	27	1	17	17	0	21	20	1	22	22	0	27	27	0
NC_059182.1	12379917	12379918	*	21	21	0	10	9	1	13	11	2	17	12	5	12	11	1	17	17	0	14	13	1	11	9	2	16	15	1	24	21	3	14	12	2	17	15	2	11	9	2	14	13	1	25	19	6	17	16	1	15	14	1	19	19	0	21	20	1
NC_059182.1	12424457	12424458	*	19	19	0	25	25	0	13	12	1	16	15	1	12	12	0	18	18	0	13	12	1	14	14	0	19	19	0	11	11	0	20	20	0	28	27	1	13	13	0	14	13	1	21	21	0	34	32	2	15	15	0	16	16	0	16	16	0
NC_059182.1	12424479	12424480	*	23	23	0	26	26	0	16	16	0	17	15	2	12	12	0	17	17	0	14	13	1	16	15	1	18	18	0	13	13	0	24	23	1	32	31	1	12	12	0	17	17	0	21	21	0	33	33	0	17	17	0	19	18	1	17	16	1
NC_059182.1	12770990	12770991	*	25	24	1	38	37	1	25	23	2	24	22	2	26	26	0	15	12	3	23	21	2	15	14	1	21	20	1	40	39	1	46	43	3	27	25	2	28	26	2	14	13	1	35	33	2	21	21	0	25	24	1	21	18	3	40	38	2
NC_059182.1	12771071	12771072	*	19	17	2	32	29	3	23	22	1	19	18	1	17	16	1	15	14	1	15	14	1	13	13	0	24	21	3	38	33	5	44	38	6	30	27	3	27	21	6	22	22	0	28	21	7	18	15	3	27	23	4	20	20	0	32	30	2
NC_059182.1	12791869	12791870	*	14	12	2	16	16	0	17	17	0	14	14	0	12	11	1	14	14	0	13	10	3	13	13	0	10	9	1	11	11	0	13	12	1	14	14	0	10	8	2	16	15	1	25	23	2	19	17	2	10	10	0	17	17	0	20	19	1
NC_059182.1	12794698	12794699	*	15	12	3	15	5	10	18	8	10	14	10	4	13	11	2	17	16	1	11	6	5	15	14	1	14	11	3	13	7	6	15	13	2	20	15	5	15	12	3	18	11	7	25	22	3	26	25	1	12	10	2	13	13	0	27	27	0
NC_059182.1	12799504	12799505	*	18	17	1	22	22	0	18	17	1	16	15	1	17	16	1	19	19	0	10	9	1	13	12	1	13	13	0	13	12	1	16	15	1	23	23	0	20	20	0	18	16	2	21	21	0	25	25	0	21	20	1	17	17	0	18	18	0
NC_059182.1	12799848	12799849	*	21	6	15	16	9	7	18	0	18	15	0	15	14	0	14	17	2	15	16	5	11	14	0	14	20	0	20	34	0	34	15	0	15	17	0	17	18	1	17	20	0	20	23	3	20	25	1	24	19	0	19	17	0	17	43	0	43
NC_059182.1	12850047	12850048	*	14	11	3	19	19	0	12	12	0	15	15	0	15	13	2	21	20	1	17	16	1	15	15	0	13	11	2	22	14	8	14	13	1	21	20	1	15	15	0	14	13	1	24	22	2	21	21	0	18	17	1	15	15	0	20	18	2
NC_059182.1	12869428	12869429	*	15	10	5	14	0	14	23	0	23	20	0	20	12	4	8	19	0	19	10	0	10	21	0	21	10	0	10	17	0	17	15	9	6	19	19	0	23	0	23	22	9	13	33	30	3	18	0	18	21	13	8	17	1	16	26	25	1
NC_059182.1	12927284	12927285	*	19	19	0	12	11	1	10	3	7	14	14	0	15	0	15	10	3	7	10	10	0	12	0	12	12	12	0	23	22	1	14	5	9	19	8	11	17	6	11	12	11	1	17	16	1	14	6	8	19	11	8	11	2	9	19	12	7
NC_059182.1	12927351	12927352	*	21	20	1	11	10	1	15	14	1	20	20	0	13	7	6	13	13	0	10	9	1	11	10	1	13	12	1	19	15	4	13	13	0	26	16	10	16	15	1	11	5	6	16	11	5	13	11	2	20	18	2	12	11	1	15	7	8
NC_059182.1	12952591	12952592	*	20	16	4	18	15	3	11	11	0	13	13	0	12	12	0	15	14	1	10	10	0	22	19	3	14	13	1	15	15	0	15	14	1	20	19	1	19	16	3	15	14	1	15	9	6	16	15	1	14	10	4	17	16	1	32	29	3
NC_059182.1	12952636	12952637	*	19	19	0	19	19	0	12	11	1	10	10	0	14	13	1	16	15	1	14	14	0	22	22	0	15	15	0	17	10	7	16	15	1	23	22	1	19	19	0	18	18	0	17	15	2	17	16	1	16	15	1	16	13	3	28	26	2
NC_059182.1	12979271	12979272	*	12	12	0	17	14	3	11	11	0	14	13	1	17	15	2	14	14	0	13	12	1	13	12	1	12	12	0	22	21	1	14	14	0	29	27	2	20	20	0	13	12	1	17	14	3	26	26	0	11	10	1	18	17	1	26	25	1
NC_059182.1	12979302	12979303	*	12	10	2	12	11	1	12	12	0	17	15	2	10	8	2	14	14	0	12	11	1	11	10	1	12	12	0	22	21	1	17	16	1	32	27	5	18	18	0	16	13	3	14	13	1	25	25	0	12	11	1	18	16	2	25	23	2
NC_059182.1	13018722	13018723	*	24	23	1	15	15	0	18	16	2	17	17	0	10	10	0	11	10	1	12	11	1	10	10	0	13	13	0	15	14	1	15	15	0	29	29	0	20	20	0	20	19	1	27	26	1	27	25	2	22	20	2	25	25	0	20	20	0
NC_059182.1	13111269	13111270	*	18	12	6	29	18	11	26	13	13	30	21	9	19	17	2	30	18	12	23	6	17	17	9	8	14	3	11	28	11	17	20	15	5	29	19	10	15	7	8	31	23	8	32	30	2	30	20	10	27	20	7	24	17	7	39	29	10
NC_059182.1	13111317	13111318	*	22	18	4	32	22	10	26	13	13	34	29	5	20	16	4	36	20	16	22	8	14	20	12	8	14	3	11	31	18	13	30	26	4	37	31	6	22	12	10	31	24	7	34	32	2	33	24	9	27	23	4	27	20	7	44	36	8
NC_059182.1	13111355	13111356	*	20	17	3	27	18	9	22	10	12	30	23	7	16	14	2	30	16	14	18	6	12	17	10	7	13	0	13	29	17	12	25	21	4	36	28	8	20	11	9	26	17	9	29	26	3	29	17	12	23	18	5	23	17	6	37	28	9
NC_059182.1	13162104	13162105	*	14	13	1	11	7	4	19	16	3	10	9	1	15	15	0	14	12	2	20	19	1	12	11	1	12	11	1	16	15	1	12	10	2	18	18	0	11	9	2	19	18	1	15	15	0	17	15	2	12	11	1	16	13	3	13	12	1
NC_059182.1	13352021	13352022	*	14	12	2	20	20	0	18	17	1	14	14	0	11	10	1	19	17	2	17	16	1	19	17	2	13	12	1	18	18	0	19	19	0	17	17	0	19	16	3	21	21	0	12	12	0	25	24	1	21	18	3	18	18	0	27	26	1
NC_059182.1	13534986	13534987	*	23	22	1	18	14	4	15	14	1	15	14	1	18	18	0	15	13	2	20	18	2	17	16	1	22	20	2	20	20	0	19	19	0	26	24	2	24	23	1	18	18	0	25	22	3	25	24	1	19	16	3	19	18	1	24	21	3
NC_059182.1	13534995	13534996	*	22	22	0	17	15	2	15	15	0	14	13	1	16	16	0	15	15	0	20	18	2	17	17	0	22	17	5	18	18	0	19	16	3	25	21	4	24	23	1	18	18	0	24	23	1	25	25	0	18	18	0	19	18	1	24	20	4
NC_059182.1	13931299	13931300	*	11	8	3	25	23	2	27	23	4	14	14	0	28	26	2	21	19	2	11	10	1	16	14	2	12	6	6	26	24	2	29	26	3	27	27	0	20	19	1	16	11	5	31	31	0	23	19	4	18	17	1	13	11	2	21	20	1
NC_059182.1	13931370	13931371	*	11	10	1	35	34	1	27	27	0	16	16	0	28	26	2	15	14	1	15	14	1	15	14	1	13	13	0	23	21	2	29	28	1	31	30	1	20	20	0	18	18	0	37	36	1	25	23	2	18	18	0	17	17	0	32	31	1
NC_059182.1	13931379	13931380	*	12	12	0	38	38	0	27	27	0	16	16	0	28	28	0	13	13	0	15	13	2	15	15	0	13	13	0	23	19	4	28	27	1	34	33	1	20	20	0	18	18	0	37	36	1	25	23	2	19	19	0	17	17	0	34	34	0
NC_059182.1	13931491	13931492	*	23	23	0	34	34	0	14	13	1	16	15	1	22	21	1	14	13	1	14	14	0	18	18	0	12	11	1	13	13	0	22	20	2	28	27	1	19	18	1	21	18	3	25	23	2	24	23	1	21	20	1	14	14	0	34	31	3
NC_059182.1	13985410	13985411	*	15	14	1	12	12	0	10	10	0	13	13	0	14	14	0	13	13	0	16	15	1	11	11	0	11	11	0	16	15	1	14	14	0	23	21	2	19	17	2	16	15	1	17	17	0	16	16	0	13	10	3	17	16	1	15	14	1
NC_059182.1	14026063	14026064	*	18	9	9	26	0	26	11	0	11	13	0	13	23	0	23	17	0	17	18	0	18	16	0	16	11	0	11	13	0	13	11	0	11	20	0	20	19	0	19	13	0	13	18	0	18	17	0	17	17	0	17	14	0	14	29	1	28
NC_059182.1	14120250	14120251	*	13	13	0	10	10	0	10	10	0	24	23	1	27	26	1	20	19	1	14	14	0	20	20	0	14	13	1	12	12	0	13	13	0	20	19	1	20	19	1	16	15	1	29	26	3	22	22	0	17	17	0	17	17	0	20	19	1
NC_059182.1	14163138	14163139	*	33	27	6	26	19	7	13	13	0	16	14	2	13	13	0	23	18	5	28	23	5	14	8	6	13	13	0	14	14	0	15	12	3	18	14	4	24	20	4	28	23	5	36	27	9	23	20	3	26	22	4	24	21	3	27	22	5
NC_059182.1	14163172	14163173	*	29	27	2	21	18	3	15	12	3	16	14	2	11	10	1	24	19	5	29	27	2	14	13	1	11	10	1	12	12	0	16	12	4	17	16	1	24	20	4	27	23	4	38	32	6	25	22	3	27	25	2	27	23	4	29	26	3
NC_059182.1	14222233	14222234	*	17	14	3	22	21	1	17	15	2	14	13	1	23	20	3	13	11	2	23	23	0	18	15	3	10	5	5	26	25	1	18	18	0	26	13	13	20	18	2	17	13	4	26	24	2	24	12	12	17	12	5	17	15	2	31	30	1
NC_059182.1	14263085	14263086	*	11	10	1	18	16	2	14	13	1	12	11	1	14	13	1	20	20	0	14	12	2	16	16	0	18	18	0	21	21	0	10	10	0	32	31	1	19	18	1	14	14	0	22	20	2	14	14	0	18	17	1	12	11	1	36	35	1
NC_059182.1	14263176	14263177	*	19	17	2	20	18	2	14	13	1	12	12	0	10	8	2	19	16	3	14	14	0	19	19	0	14	13	1	17	17	0	11	11	0	24	22	2	22	20	2	16	15	1	24	24	0	14	14	0	19	18	1	13	12	1	32	30	2
NC_059182.1	14376908	14376909	*	12	7	5	16	0	16	15	0	15	15	3	12	10	0	10	11	0	11	12	0	12	13	4	9	12	5	7	14	0	14	20	0	20	18	11	7	11	0	11	13	0	13	15	0	15	22	0	22	19	0	19	13	0	13	22	9	13
NC_059182.1	14418048	14418049	*	14	14	0	11	9	2	20	20	0	14	14	0	16	16	0	15	15	0	16	13	3	15	15	0	14	14	0	18	17	1	15	15	0	22	21	1	16	15	1	12	12	0	20	20	0	24	23	1	17	17	0	12	11	1	23	22	1
NC_059182.1	14477369	14477370	*	15	12	3	13	12	1	15	13	2	15	13	2	17	15	2	24	20	4	11	10	1	13	13	0	12	11	1	20	19	1	19	17	2	17	12	5	20	15	5	21	19	2	17	15	2	18	15	3	20	16	4	20	14	6	26	22	4
NC_059182.1	14477437	14477438	*	14	14	0	17	17	0	13	12	1	17	15	2	17	17	0	19	19	0	12	11	1	13	13	0	11	10	1	18	17	1	18	17	1	14	14	0	20	20	0	23	20	3	14	14	0	19	18	1	23	22	1	19	19	0	19	19	0
NC_059182.1	14477497	14477498	*	16	14	2	14	11	3	11	9	2	21	17	4	12	11	1	18	12	6	12	10	2	10	9	1	10	10	0	19	15	4	14	13	1	16	14	2	16	15	1	22	14	8	15	13	2	20	14	6	20	19	1	19	17	2	26	24	2
NC_059182.1	14559545	14559546	*	21	9	12	30	0	30	14	0	14	17	10	7	20	0	20	20	0	20	22	0	22	17	10	7	17	7	10	27	0	27	21	0	21	22	8	14	25	0	25	22	0	22	30	0	30	24	0	24	19	0	19	13	0	13	25	8	17
NC_059182.1	14661594	14661595	*	23	23	0	19	18	1	18	18	0	20	19	1	13	12	1	15	15	0	19	17	2	18	16	2	11	10	1	12	12	0	16	16	0	32	29	3	21	20	1	24	24	0	32	32	0	23	20	3	27	27	0	18	17	1	31	29	2
NC_059182.1	14724324	14724325	*	20	19	1	19	19	0	15	14	1	10	9	1	12	10	2	16	15	1	16	16	0	17	16	1	14	14	0	20	20	0	10	10	0	11	11	0	19	19	0	21	21	0	27	25	2	21	21	0	10	9	1	10	10	0	31	30	1
NC_059182.1	14732347	14732348	*	19	19	0	21	12	9	17	16	1	12	7	5	10	10	0	16	14	2	23	21	2	20	19	1	10	8	2	19	15	4	19	15	4	25	23	2	27	24	3	15	14	1	31	10	21	21	18	3	31	30	1	26	24	2	26	24	2
NC_059182.1	14732385	14732386	*	24	24	0	20	15	5	19	19	0	12	11	1	10	5	5	14	13	1	25	25	0	19	18	1	10	10	0	23	23	0	16	9	7	25	18	7	26	25	1	17	17	0	35	19	16	18	17	1	29	28	1	24	24	0	30	17	13
NC_059182.1	15104635	15104636	*	17	7	10	19	7	12	14	8	6	20	20	0	12	0	12	16	16	0	17	0	17	11	5	6	19	7	12	16	9	7	10	1	9	25	13	12	16	0	16	16	8	8	28	16	12	17	9	8	13	0	13	11	4	7	24	22	2
NC_059182.1	15104640	15104641	*	18	7	11	19	8	11	14	8	6	20	20	0	13	0	13	16	16	0	18	0	18	11	5	6	19	8	11	15	8	7	10	0	10	24	13	11	17	0	17	16	7	9	28	16	12	16	9	7	13	1	12	11	4	7	25	25	0
NC_059182.1	15107524	15107525	*	16	14	2	16	13	3	13	8	5	13	12	1	14	14	0	17	16	1	18	15	3	15	14	1	14	13	1	11	10	1	15	15	0	15	15	0	20	20	0	10	10	0	22	20	2	18	18	0	18	16	2	15	3	12	24	23	1
NC_059182.1	15107527	15107528	*	16	16	0	16	13	3	14	8	6	13	12	1	13	13	0	17	16	1	18	17	1	15	14	1	14	11	3	11	11	0	15	9	6	15	14	1	20	19	1	10	10	0	21	19	2	18	16	2	18	17	1	15	3	12	24	22	2
NC_059182.1	15107534	15107535	*	16	14	2	16	15	1	14	9	5	13	13	0	13	13	0	17	17	0	18	17	1	15	15	0	14	13	1	11	10	1	15	15	0	15	14	1	18	17	1	11	11	0	21	20	1	18	18	0	18	18	0	14	3	11	24	23	1
NC_059182.1	15107564	15107565	*	19	18	1	18	15	3	13	8	5	14	12	2	15	13	2	18	17	1	19	18	1	13	12	1	15	12	3	10	9	1	11	11	0	13	8	5	20	16	4	11	9	2	21	19	2	20	18	2	21	19	2	16	7	9	22	21	1
NC_059182.1	15311886	15311887	*	22	21	1	21	20	1	12	12	0	16	14	2	22	22	0	18	18	0	17	17	0	10	10	0	23	23	0	13	12	1	17	16	1	29	29	0	14	14	0	14	14	0	31	29	2	21	21	0	23	19	4	16	15	1	23	22	1
NC_059182.1	15311926	15311927	*	15	14	1	16	13	3	13	11	2	15	13	2	24	22	2	17	17	0	12	12	0	10	9	1	22	19	3	16	15	1	19	18	1	24	23	1	15	12	3	12	11	1	27	24	3	22	19	3	20	16	4	13	11	2	25	25	0
NC_059182.1	15322513	15322514	*	19	18	1	19	18	1	12	10	2	16	15	1	13	12	1	12	11	1	15	14	1	16	16	0	14	13	1	25	23	2	13	13	0	18	17	1	10	10	0	12	12	0	19	19	0	15	14	1	23	23	0	18	15	3	25	25	0
NC_059182.1	15322647	15322648	*	12	11	1	13	13	0	10	7	3	18	18	0	13	12	1	10	9	1	12	12	0	10	10	0	14	12	2	11	9	2	15	15	0	19	18	1	10	10	0	18	18	0	16	15	1	11	10	1	14	14	0	12	12	0	17	17	0
NC_059182.1	15552663	15552664	*	13	7	6	12	7	5	14	9	5	20	15	5	21	9	12	19	12	7	22	8	14	16	9	7	17	13	4	21	10	11	27	22	5	27	24	3	13	12	1	20	2	18	30	26	4	31	12	19	20	11	9	15	13	2	31	25	6
NC_059182.1	15552712	15552713	*	14	10	4	14	12	2	15	9	6	20	16	4	20	20	0	18	16	2	26	9	17	17	3	14	14	12	2	21	0	21	29	24	5	24	23	1	15	13	2	21	18	3	25	11	14	32	28	4	20	18	2	18	17	1	29	12	17
NC_059182.1	15560108	15560109	*	17	17	0	27	25	2	15	14	1	22	22	0	20	20	0	16	14	2	15	14	1	16	16	0	20	19	1	25	25	0	18	16	2	33	30	3	27	24	3	22	22	0	29	28	1	19	18	1	26	25	1	15	15	0	29	27	2
NC_059182.1	15585985	15585986	*	14	13	1	19	18	1	15	15	0	13	12	1	17	15	2	17	15	2	17	17	0	11	11	0	10	9	1	21	21	0	17	16	1	23	22	1	16	16	0	19	19	0	16	16	0	12	12	0	15	15	0	11	11	0	28	28	0
NC_059182.1	15586005	15586006	*	15	15	0	22	20	2	15	14	1	14	12	2	17	15	2	17	14	3	17	17	0	11	10	1	10	10	0	23	23	0	16	15	1	26	25	1	16	16	0	20	20	0	17	17	0	14	14	0	14	12	2	11	11	0	28	27	1
NC_059182.1	15586064	15586065	*	16	15	1	25	23	2	10	8	2	15	13	2	19	18	1	20	18	2	16	7	9	11	9	2	13	12	1	23	20	3	20	13	7	27	20	7	15	11	4	18	17	1	19	13	6	19	16	3	16	12	4	17	16	1	29	25	4
NC_059182.1	15737198	15737199	*	17	17	0	21	19	2	14	14	0	11	9	2	12	12	0	29	26	3	19	19	0	18	18	0	15	15	0	25	23	2	13	10	3	27	27	0	14	13	1	16	16	0	26	22	4	19	19	0	21	21	0	17	17	0	30	30	0
NC_059182.1	15737253	15737254	*	17	13	4	19	19	0	15	14	1	10	9	1	17	17	0	24	23	1	21	21	0	19	17	2	14	14	0	24	23	1	14	14	0	26	25	1	15	13	2	17	16	1	24	22	2	23	23	0	24	21	3	20	18	2	24	22	2
NC_059182.1	15798242	15798243	*	14	14	0	19	19	0	18	17	1	23	22	1	18	18	0	22	20	2	19	17	2	20	18	2	10	10	0	18	18	0	14	14	0	27	24	3	14	14	0	19	19	0	29	26	3	22	22	0	11	10	1	13	12	1	19	17	2
NC_059182.1	15871314	15871315	*	19	10	9	30	8	22	20	0	20	10	0	10	17	6	11	26	0	26	17	6	11	17	15	2	13	4	9	26	2	24	14	7	7	27	25	2	20	10	10	18	1	17	34	12	22	20	7	13	18	5	13	13	8	5	19	10	9
NC_059182.1	15871334	15871335	*	20	10	10	31	9	22	19	0	19	10	0	10	15	7	8	27	0	27	17	6	11	16	13	3	15	5	10	27	1	26	17	8	9	26	25	1	21	9	12	21	1	20	37	13	24	22	9	13	18	7	11	13	7	6	21	10	11
NC_059182.1	15871340	15871341	*	21	11	10	28	9	19	21	0	21	10	0	10	15	7	8	27	0	27	17	6	11	15	13	2	15	6	9	25	1	24	16	8	8	25	24	1	19	9	10	22	1	21	36	13	23	22	9	13	18	7	11	13	7	6	21	10	11
NC_059182.1	15871365	15871366	*	23	13	10	32	11	21	19	0	19	12	0	12	16	7	9	22	0	22	15	4	11	13	11	2	17	6	11	27	1	26	16	7	9	24	24	0	19	8	11	21	1	20	30	11	19	22	10	12	18	5	13	13	11	2	25	13	12
NC_059182.1	15871382	15871383	*	24	15	9	31	11	20	19	0	19	14	0	14	13	5	8	21	0	21	15	5	10	13	12	1	18	5	13	28	2	26	17	8	9	21	21	0	22	7	15	23	2	21	33	12	21	21	10	11	15	4	11	17	13	4	24	13	11
NC_059182.1	15871397	15871398	*	26	17	9	29	10	19	21	0	21	14	0	14	14	5	9	19	0	19	15	5	10	14	14	0	18	7	11	27	3	24	20	8	12	22	21	1	22	5	17	24	1	23	31	16	15	21	11	10	12	4	8	17	17	0	26	15	11
NC_059182.1	16271975	16271976	*	26	14	12	25	14	11	21	12	9	17	6	11	20	11	9	18	8	10	19	10	9	16	9	7	15	10	5	22	11	11	16	8	8	22	7	15	14	4	10	19	8	11	18	6	12	16	4	12	26	14	12	16	7	9	23	12	11
NC_059182.1	16313122	16313123	*	14	13	1	17	17	0	18	18	0	20	20	0	10	10	0	10	9	1	14	12	2	14	13	1	11	11	0	18	18	0	19	18	1	24	11	13	18	17	1	23	22	1	26	24	2	23	23	0	14	13	1	14	13	1	21	19	2
NC_059182.1	16354953	16354954	*	16	16	0	16	15	1	17	17	0	20	19	1	13	12	1	16	16	0	11	11	0	16	16	0	15	14	1	10	9	1	15	15	0	12	12	0	10	10	0	14	13	1	18	17	1	18	17	1	21	20	1	22	20	2	13	11	2
NC_059182.1	16584481	16584482	*	14	7	7	20	9	11	25	24	1	10	10	0	12	4	8	15	15	0	18	18	0	12	12	0	17	8	9	17	17	0	13	8	5	19	10	9	11	6	5	22	11	11	22	12	10	27	12	15	18	0	18	16	16	0	28	26	2
NC_059182.1	16587850	16587851	*	16	13	3	17	15	2	17	15	2	17	17	0	11	11	0	14	14	0	14	14	0	14	13	1	13	11	2	15	15	0	14	13	1	23	20	3	19	17	2	17	16	1	19	17	2	21	21	0	13	12	1	20	19	1	27	27	0
NC_059182.1	16587898	16587899	*	15	14	1	18	16	2	20	18	2	22	21	1	20	20	0	20	20	0	20	19	1	14	14	0	12	12	0	18	18	0	19	17	2	25	24	1	23	23	0	19	19	0	25	23	2	26	25	1	16	15	1	27	26	1	34	33	1
NC_059182.1	16587938	16587939	*	17	17	0	19	17	2	18	18	0	24	20	4	23	21	2	22	22	0	23	22	1	16	16	0	15	14	1	23	23	0	21	21	0	28	25	3	26	24	2	17	17	0	26	25	1	28	28	0	20	19	1	32	29	3	32	32	0
NC_059182.1	16587983	16587984	*	21	20	1	21	16	5	13	10	3	22	21	1	25	23	2	22	19	3	25	20	5	15	13	2	14	13	1	25	22	3	22	19	3	28	23	5	25	23	2	16	12	4	26	19	7	19	16	3	20	20	0	32	30	2	26	21	5
NC_059182.1	16588016	16588017	*	19	18	1	22	18	4	13	11	2	21	17	4	25	23	2	23	19	4	25	21	4	15	13	2	10	6	4	21	18	3	19	14	5	21	19	2	24	22	2	15	13	2	24	19	5	18	17	1	20	20	0	30	28	2	27	24	3
NC_059182.1	16598588	16598589	*	11	10	1	12	12	0	11	11	0	10	9	1	18	17	1	18	18	0	15	15	0	13	13	0	14	12	2	15	15	0	12	12	0	17	16	1	13	12	1	10	10	0	11	9	2	16	12	4	10	9	1	12	12	0	11	9	2
NC_059182.1	16739758	16739759	*	18	12	6	13	12	1	15	12	3	18	9	9	14	9	5	16	12	4	20	16	4	20	16	4	12	9	3	20	13	7	16	10	6	22	9	13	14	12	2	18	14	4	26	19	7	18	9	9	23	17	6	20	13	7	25	21	4
NC_059182.1	16886325	16886326	*	15	13	2	29	27	2	19	19	0	14	14	0	12	11	1	14	14	0	13	12	1	22	19	3	15	15	0	13	12	1	11	11	0	17	17	0	12	11	1	14	12	2	28	27	1	21	19	2	14	14	0	17	16	1	21	17	4
NC_059182.1	16886378	16886379	*	12	12	0	29	23	6	17	16	1	11	9	2	13	13	0	15	12	3	15	12	3	23	21	2	12	9	3	10	9	1	12	12	0	22	18	4	14	4	10	15	14	1	31	28	3	19	17	2	15	11	4	14	12	2	20	17	3
NC_059182.1	17070695	17070696	*	22	5	17	19	0	19	18	0	18	11	0	11	21	0	21	13	0	13	16	0	16	13	0	13	14	0	14	23	0	23	20	0	20	17	0	17	11	8	3	17	0	17	14	0	14	29	0	29	15	0	15	10	0	10	29	0	29
NC_059182.1	17070737	17070738	*	25	9	16	22	0	22	19	0	19	11	0	11	27	0	27	14	0	14	17	0	17	17	0	17	12	0	12	25	0	25	21	1	20	20	0	20	12	7	5	18	0	18	17	0	17	33	1	32	16	1	15	11	0	11	35	4	31
NC_059182.1	17089870	17089871	*	22	22	0	21	18	3	17	16	1	18	17	1	20	20	0	16	12	4	20	18	2	13	12	1	10	9	1	17	15	2	21	21	0	19	18	1	12	12	0	17	16	1	20	18	2	20	20	0	17	16	1	19	19	0	26	23	3
NC_059182.1	17089909	17089910	*	20	19	1	21	17	4	14	11	3	14	12	2	20	18	2	15	12	3	17	16	1	12	11	1	12	12	0	15	15	0	16	13	3	19	16	3	13	12	1	14	12	2	20	17	3	21	20	1	17	16	1	17	16	1	25	24	1
NC_059182.1	17199231	17199232	*	17	7	10	22	0	22	15	0	15	22	0	22	17	0	17	16	0	16	19	0	19	11	0	11	13	0	13	12	0	12	15	2	13	24	0	24	19	1	18	15	0	15	38	0	38	25	0	25	13	0	13	17	1	16	27	0	27
NC_059182.1	17199248	17199249	*	16	7	9	24	0	24	16	0	16	16	0	16	18	0	18	19	0	19	18	0	18	10	0	10	13	0	13	14	0	14	14	0	14	24	0	24	19	0	19	14	1	13	41	0	41	28	0	28	13	0	13	18	0	18	27	0	27
NC_059182.1	17451662	17451663	*	20	20	0	22	22	0	13	13	0	14	13	1	10	9	1	25	24	1	17	16	1	13	12	1	18	18	0	11	11	0	18	17	1	15	15	0	11	10	1	14	14	0	18	18	0	25	25	0	13	13	0	20	20	0	19	18	1
NC_059182.1	17451702	17451703	*	16	16	0	19	19	0	16	16	0	17	17	0	10	10	0	22	21	1	20	19	1	15	15	0	17	16	1	11	11	0	19	18	1	15	15	0	12	11	1	14	14	0	20	19	1	21	20	1	14	14	0	20	20	0	19	18	1
NC_059182.1	17451721	17451722	*	18	7	11	17	7	10	17	15	2	17	9	8	11	6	5	21	11	10	20	0	20	14	8	6	19	0	19	12	11	1	20	8	12	15	6	9	12	0	12	13	13	0	20	8	12	20	11	9	15	6	9	18	0	18	18	18	0
NC_059182.1	17572406	17572407	*	19	7	12	17	8	9	10	9	1	15	15	0	12	8	4	21	21	0	18	10	8	15	13	2	15	7	8	19	19	0	21	13	8	25	13	12	12	0	12	17	7	10	29	17	12	29	17	12	16	5	11	14	14	0	24	21	3
NC_059182.1	17580312	17580313	*	17	13	4	25	11	14	12	6	6	17	8	9	15	0	15	16	6	10	16	1	15	17	13	4	14	7	7	15	9	6	17	1	16	25	10	15	14	5	9	18	0	18	24	11	13	24	2	22	27	0	27	12	0	12	28	7	21
NC_059182.1	17587152	17587153	*	17	5	12	18	0	18	18	0	18	12	0	12	15	0	15	18	0	18	21	0	21	18	0	18	16	0	16	23	0	23	18	0	18	23	0	23	18	0	18	22	0	22	22	0	22	13	0	13	16	0	16	18	1	17	24	0	24
NC_059182.1	17727584	17727585	*	20	18	2	15	15	0	10	9	1	13	12	1	20	18	2	18	18	0	17	15	2	16	16	0	14	14	0	14	14	0	10	9	1	18	17	1	17	14	3	16	15	1	25	22	3	18	16	2	14	14	0	13	12	1	16	8	8
NC_059182.1	17871045	17871046	*	11	7	4	29	27	2	10	8	2	17	14	3	22	22	0	22	20	2	16	13	3	14	13	1	13	9	4	18	16	2	13	12	1	22	21	1	25	20	5	15	11	4	29	26	3	18	16	2	21	20	1	12	8	4	16	12	4
NC_059182.1	17929646	17929647	*	15	13	2	11	10	1	12	11	1	10	8	2	14	13	1	21	19	2	12	12	0	14	11	3	14	14	0	14	12	2	18	16	2	19	17	2	15	14	1	21	20	1	24	23	1	15	15	0	18	18	0	14	14	0	21	19	2
NC_059182.1	17996946	17996947	*	12	11	1	19	18	1	14	13	1	14	14	0	18	17	1	14	14	0	10	10	0	11	11	0	14	13	1	20	19	1	10	8	2	19	19	0	15	15	0	18	18	0	16	16	0	21	19	2	15	14	1	26	22	4	39	36	3
NC_059182.1	18054850	18054851	*	20	19	1	19	16	3	16	16	0	16	16	0	17	6	11	13	12	1	15	15	0	17	16	1	15	14	1	17	17	0	14	14	0	20	20	0	21	18	3	19	19	0	20	19	1	25	24	1	19	18	1	14	12	2	17	16	1
NC_059182.1	18054950	18054951	*	23	22	1	22	22	0	24	22	2	19	18	1	14	12	2	21	20	1	18	17	1	25	25	0	18	17	1	19	19	0	23	23	0	26	25	1	15	14	1	23	23	0	36	34	2	24	23	1	29	28	1	19	18	1	28	26	2
NC_059182.1	18055004	18055005	*	28	26	2	22	18	4	28	22	6	22	20	2	16	15	1	29	20	9	19	11	8	22	21	1	19	9	10	17	13	4	25	23	2	24	18	6	14	14	0	27	13	14	37	30	7	23	19	4	28	25	3	16	6	10	31	26	5
NC_059182.1	18055107	18055108	*	23	21	2	17	17	0	23	22	1	19	18	1	11	11	0	24	23	1	19	19	0	15	15	0	18	18	0	25	16	9	18	17	1	26	25	1	11	10	1	22	21	1	30	29	1	24	23	1	28	27	1	12	10	2	27	27	0
NC_059182.1	18055169	18055170	*	22	19	3	22	20	2	21	19	2	19	18	1	11	11	0	20	20	0	16	15	1	11	8	3	13	11	2	20	15	5	14	14	0	32	31	1	15	14	1	21	20	1	22	20	2	26	24	2	20	19	1	11	8	3	20	19	1
NC_059182.1	18071767	18071768	*	18	10	8	22	9	13	18	18	0	21	20	1	20	20	0	16	14	2	12	12	0	15	15	0	23	23	0	11	11	0	17	17	0	21	20	1	13	6	7	13	13	0	24	24	0	14	14	0	13	7	6	11	10	1	23	22	1
NC_059182.1	18071839	18071840	*	18	8	10	21	17	4	14	11	3	19	17	2	23	16	7	16	9	7	14	11	3	12	11	1	20	17	3	12	10	2	18	15	3	22	20	2	26	10	16	13	13	0	25	21	4	10	9	1	13	13	0	12	9	3	25	22	3
NC_059182.1	18754280	18754281	*	19	13	6	12	6	6	20	8	12	14	7	7	14	7	7	16	8	8	14	0	14	17	9	8	13	6	7	16	8	8	23	1	22	29	0	29	15	0	15	10	0	10	30	2	28	21	0	21	13	9	4	14	0	14	33	0	33
NC_059182.1	18754293	18754294	*	21	13	8	15	9	6	16	0	16	15	7	8	17	10	7	16	7	9	14	0	14	18	11	7	13	6	7	17	9	8	26	1	25	35	1	34	15	0	15	10	0	10	31	13	18	21	0	21	14	10	4	13	0	13	32	0	32
NC_059182.1	18754307	18754308	*	22	12	10	16	10	6	20	7	13	13	7	6	16	10	6	16	8	8	17	0	17	18	9	9	14	5	9	17	8	9	25	1	24	34	0	34	15	0	15	10	0	10	32	15	17	21	0	21	17	11	6	13	0	13	32	0	32
NC_059182.1	18754314	18754315	*	21	13	8	15	8	7	20	8	12	13	7	6	16	9	7	17	8	9	16	4	12	19	11	8	14	5	9	17	8	9	25	2	23	34	0	34	15	0	15	11	0	11	32	18	14	21	1	20	17	11	6	13	0	13	33	0	33
NC_059182.1	18754392	18754393	*	22	20	2	17	17	0	20	20	0	13	12	1	19	19	0	21	10	11	16	15	1	16	15	1	13	13	0	17	17	0	19	18	1	34	31	3	14	11	3	11	4	7	34	26	8	22	11	11	18	17	1	15	15	0	31	31	0
NC_059182.1	18754412	18754413	*	21	20	1	18	18	0	20	19	1	14	14	0	19	18	1	21	21	0	15	15	0	16	16	0	12	11	1	17	17	0	19	18	1	32	31	1	17	15	2	11	6	5	33	31	2	20	19	1	20	19	1	11	10	1	33	33	0
NC_059182.1	18754439	18754440	*	19	17	2	20	20	0	19	17	2	12	11	1	24	23	1	30	27	3	16	15	1	14	14	0	14	13	1	13	12	1	14	13	1	27	22	5	16	15	1	12	12	0	30	24	6	22	20	2	18	18	0	14	12	2	27	27	0
NC_059182.1	18754468	18754469	*	22	10	12	22	12	10	16	10	6	12	5	7	20	12	8	32	29	3	17	0	17	13	8	5	17	5	12	10	5	5	13	7	6	25	8	17	16	0	16	11	7	4	23	9	14	20	9	11	20	8	12	17	0	17	23	14	9
NC_059182.1	18756472	18756473	*	22	18	4	27	24	3	10	7	3	15	11	4	13	12	1	16	13	3	20	16	4	24	18	6	14	13	1	14	13	1	14	9	5	30	23	7	15	11	4	16	14	2	23	18	5	24	18	6	18	17	1	18	14	4	18	13	5
NC_059182.1	18759017	18759018	*	15	9	6	17	10	7	12	11	1	16	11	5	11	8	3	19	14	5	17	10	7	17	11	6	11	8	3	16	12	4	16	10	6	17	12	5	15	13	2	17	8	9	17	12	5	25	17	8	22	15	7	23	12	11	24	13	11
NC_059182.1	18826490	18826491	*	13	8	5	24	10	14	16	9	7	14	6	8	10	6	4	12	5	7	17	10	7	11	3	8	15	2	13	16	9	7	16	4	12	10	6	4	13	4	9	11	3	8	14	7	7	14	1	13	14	1	13	30	15	15	11	5	6
NC_059182.1	18854358	18854359	*	16	9	7	11	0	11	13	5	8	10	4	6	14	0	14	17	5	12	11	0	11	10	3	7	13	8	5	10	0	10	17	1	16	14	6	8	10	0	10	18	0	18	14	0	14	10	5	5	15	8	7	13	0	13	22	0	22
NC_059182.1	18876655	18876656	*	28	24	4	23	20	3	16	15	1	17	17	0	11	11	0	21	19	2	19	18	1	11	11	0	13	13	0	19	18	1	20	19	1	12	12	0	21	20	1	19	18	1	30	26	4	20	19	1	26	26	0	17	17	0	36	34	2
NC_059182.1	18876677	18876678	*	26	22	4	20	18	2	16	15	1	15	15	0	12	12	0	16	15	1	16	15	1	11	8	3	16	16	0	16	15	1	18	16	2	11	11	0	19	18	1	21	21	0	30	28	2	20	18	2	24	22	2	15	15	0	30	29	1
NC_059182.1	18876737	18876738	*	17	13	4	12	12	0	15	15	0	13	12	1	11	10	1	15	12	3	12	11	1	11	10	1	15	13	2	13	12	1	15	14	1	10	9	1	11	10	1	17	14	3	22	20	2	12	10	2	17	16	1	12	12	0	23	23	0
NC_059182.1	18955267	18955268	*	18	18	0	28	23	5	16	16	0	20	20	0	17	17	0	23	21	2	20	18	2	13	11	2	12	11	1	26	23	3	13	12	1	26	25	1	14	13	1	19	19	0	34	30	4	18	16	2	24	23	1	17	16	1	15	14	1
NC_059182.1	18955353	18955354	*	19	15	4	20	20	0	20	7	13	22	21	1	17	17	0	18	9	9	14	13	1	14	14	0	11	11	0	26	24	2	20	13	7	19	19	0	12	11	1	20	11	9	28	25	3	19	19	0	28	16	12	19	19	0	21	21	0
NC_059182.1	19026670	19026671	*	21	8	13	28	11	17	22	0	22	16	0	16	17	1	16	21	0	21	23	0	23	20	0	20	17	0	17	22	1	21	30	0	30	30	1	29	21	0	21	22	0	22	37	15	22	29	0	29	19	6	13	18	0	18	36	1	35
NC_059182.1	19026696	19026697	*	18	7	11	29	11	18	22	0	22	16	0	16	19	0	19	24	0	24	23	1	22	23	0	23	19	0	19	22	0	22	28	0	28	31	0	31	23	0	23	22	0	22	37	1	36	27	1	26	18	6	12	18	0	18	31	0	31
NC_059182.1	19040049	19040050	*	15	15	0	17	16	1	18	18	0	16	14	2	20	20	0	18	18	0	16	15	1	12	9	3	14	12	2	22	20	2	24	19	5	17	17	0	22	20	2	21	20	1	21	21	0	15	15	0	13	12	1	14	13	1	24	23	1
NC_059183.1	93437	93438	*	12	9	3	14	14	0	21	20	1	17	13	4	18	12	6	16	13	3	14	12	2	18	17	1	13	11	2	15	13	2	10	7	3	15	14	1	19	14	5	13	12	1	13	11	2	20	20	0	13	11	2	19	17	2	12	11	1
NC_059183.1	98496	98497	*	14	13	1	24	22	2	23	20	3	23	21	2	18	16	2	15	14	1	12	11	1	10	10	0	16	12	4	22	21	1	18	16	2	22	21	1	11	9	2	32	28	4	25	23	2	16	13	3	16	13	3	13	13	0	30	25	5
NC_059183.1	98523	98524	*	15	14	1	24	24	0	21	20	1	22	21	1	20	20	0	13	13	0	12	12	0	12	12	0	16	15	1	22	21	1	18	17	1	22	22	0	14	13	1	29	26	3	23	23	0	18	16	2	18	16	2	11	9	2	30	13	17
NC_059183.1	112644	112645	*	27	25	2	20	19	1	13	13	0	13	11	2	25	24	1	19	17	2	21	21	0	20	20	0	21	21	0	22	21	1	21	21	0	31	30	1	15	14	1	14	13	1	31	27	4	23	23	0	27	27	0	23	23	0	20	19	1
NC_059183.1	112690	112691	*	28	27	1	26	26	0	11	10	1	13	13	0	24	12	12	20	19	1	20	20	0	22	22	0	20	20	0	24	22	2	25	23	2	30	29	1	15	14	1	18	16	2	31	31	0	25	14	11	30	29	1	25	8	17	24	24	0
NC_059183.1	160557	160558	*	20	14	6	18	6	12	18	12	6	23	4	19	26	22	4	15	7	8	22	6	16	10	2	8	12	5	7	22	6	16	13	9	4	20	7	13	15	8	7	13	4	9	22	3	19	15	5	10	19	11	8	15	5	10	30	17	13
NC_059183.1	160586	160587	*	19	16	3	18	6	12	19	19	0	22	6	16	23	23	0	15	12	3	20	10	10	12	2	10	16	12	4	21	6	15	14	13	1	17	6	11	13	10	3	10	5	5	22	9	13	13	5	8	18	18	0	16	7	9	29	25	4
NC_059183.1	160617	160618	*	19	13	6	15	4	11	17	12	5	24	5	19	16	13	3	17	12	5	19	7	12	13	4	9	15	9	6	22	6	16	14	9	5	22	9	13	15	11	4	12	4	8	21	6	15	16	4	12	17	15	2	15	4	11	27	16	11
NC_059183.1	160659	160660	*	15	6	9	17	5	12	21	17	4	19	1	18	19	17	2	18	11	7	21	10	11	15	3	12	13	7	6	15	3	12	11	6	5	20	8	12	17	13	4	10	6	4	15	4	11	17	6	11	18	14	4	17	5	12	24	13	11
NC_059183.1	160684	160685	*	17	8	9	15	5	10	20	16	4	19	0	19	18	12	6	15	5	10	20	6	14	16	3	13	14	7	7	16	3	13	10	5	5	19	8	11	13	7	6	13	6	7	16	3	13	14	4	10	17	10	7	14	2	12	20	11	9
NC_059183.1	504046	504047	*	14	7	7	25	0	25	17	0	17	16	0	16	16	0	16	19	0	19	17	0	17	21	0	21	12	0	12	23	0	23	26	0	26	21	0	21	23	0	23	17	1	16	19	0	19	31	0	31	15	0	15	15	0	15	26	0	26
NC_059183.1	747608	747609	*	13	8	5	16	16	0	14	13	1	19	18	1	14	14	0	16	16	0	23	23	0	15	15	0	13	12	1	19	18	1	12	11	1	28	26	2	11	10	1	18	18	0	28	13	15	24	21	3	19	18	1	16	16	0	29	28	1
NC_059183.1	747636	747637	*	13	13	0	15	15	0	16	14	2	16	14	2	16	16	0	20	18	2	26	26	0	16	16	0	15	14	1	21	21	0	14	14	0	33	32	1	13	12	1	19	19	0	25	23	2	24	22	2	20	19	1	17	16	1	32	30	2
NC_059183.1	747681	747682	*	17	16	1	13	13	0	16	14	2	14	13	1	14	13	1	19	18	1	22	22	0	15	15	0	15	13	2	21	21	0	14	14	0	32	29	3	11	10	1	16	16	0	25	23	2	21	21	0	17	16	1	18	18	0	27	26	1
NC_059183.1	882146	882147	*	18	18	0	29	26	3	22	22	0	17	17	0	12	5	7	23	22	1	17	16	1	17	16	1	20	18	2	23	22	1	11	11	0	23	21	2	11	10	1	17	17	0	26	25	1	22	19	3	19	18	1	15	15	0	24	24	0
NC_059183.1	882178	882179	*	21	20	1	33	30	3	20	20	0	18	17	1	11	10	1	26	23	3	21	21	0	21	20	1	20	19	1	25	25	0	10	10	0	25	24	1	16	16	0	18	18	0	30	28	2	26	25	1	20	19	1	19	18	1	26	26	0
NC_059183.1	882218	882219	*	20	20	0	36	35	1	19	19	0	17	16	1	16	16	0	22	22	0	20	19	1	19	19	0	20	17	3	25	24	1	12	11	1	27	27	0	19	19	0	20	20	0	31	30	1	26	26	0	20	18	2	24	21	3	28	26	2
NC_059183.1	882261	882262	*	16	15	1	29	26	3	18	15	3	19	17	2	18	18	0	25	24	1	20	19	1	20	17	3	17	17	0	22	21	1	11	11	0	29	29	0	18	17	1	17	17	0	31	29	2	24	13	11	17	15	2	20	13	7	24	11	13
NC_059183.1	1035406	1035407	*	19	14	5	27	23	4	16	11	5	20	18	2	27	20	7	29	24	5	21	16	5	14	12	2	17	13	4	23	19	4	25	18	7	29	24	5	16	12	4	18	15	3	21	18	3	16	10	6	14	13	1	18	12	6	25	18	7
NC_059183.1	1035475	1035476	*	26	26	0	35	31	4	19	18	1	24	24	0	26	26	0	23	22	1	19	17	2	19	18	1	15	15	0	32	31	1	30	26	4	30	29	1	23	22	1	23	23	0	30	26	4	20	20	0	21	21	0	19	18	1	30	28	2
NC_059183.1	1074539	1074540	*	21	21	0	16	14	2	21	18	3	19	17	2	13	1	12	17	15	2	10	9	1	10	1	9	15	12	3	21	4	17	12	10	2	11	7	4	16	15	1	12	4	8	20	10	10	17	5	12	23	22	1	23	21	2	19	18	1
NC_059183.1	1074561	1074562	*	23	19	4	18	17	1	23	18	5	26	23	3	15	1	14	17	17	0	11	11	0	11	1	10	14	11	3	24	5	19	12	9	3	11	5	6	22	18	4	15	8	7	18	11	7	19	7	12	22	21	1	25	24	1	22	19	3
NC_059183.1	1075957	1075958	*	11	11	0	10	9	1	14	13	1	15	15	0	12	12	0	16	15	1	17	17	0	15	15	0	12	12	0	15	15	0	12	12	0	17	16	1	22	21	1	12	12	0	24	24	0	25	24	1	18	18	0	12	12	0	19	18	1
NC_059183.1	1174778	1174779	*	13	13	0	23	19	4	23	21	2	22	20	2	12	12	0	21	20	1	15	15	0	10	10	0	11	10	1	26	25	1	18	18	0	21	20	1	14	14	0	20	19	1	25	23	2	17	17	0	21	21	0	15	13	2	27	26	1
NC_059183.1	1174810	1174811	*	12	12	0	27	26	1	22	22	0	20	19	1	10	10	0	19	16	3	15	14	1	10	8	2	10	9	1	25	25	0	16	15	1	24	23	1	12	12	0	18	17	1	25	24	1	18	18	0	21	20	1	14	13	1	28	26	2
NC_059183.1	1205227	1205228	*	20	16	4	13	13	0	16	13	3	19	17	2	11	11	0	21	21	0	15	14	1	16	16	0	11	8	3	13	12	1	22	17	5	40	38	2	28	24	4	20	15	5	38	34	4	22	22	0	24	21	3	22	20	2	19	15	4
NC_059183.1	1316246	1316247	*	20	9	11	20	0	20	16	0	16	10	3	7	10	0	10	28	12	16	19	0	19	18	0	18	10	0	10	12	0	12	11	0	11	10	0	10	20	0	20	14	0	14	13	0	13	17	0	17	26	0	26	15	0	15	12	0	12
NC_059183.1	1338510	1338511	*	24	9	15	20	0	20	20	0	20	12	5	7	20	0	20	24	5	19	22	1	21	22	0	22	16	1	15	14	0	14	20	0	20	27	1	26	26	1	25	20	0	20	37	0	37	21	5	16	29	1	28	21	0	21	38	0	38
NC_059183.1	1399669	1399670	*	13	12	1	23	20	3	29	21	8	15	8	7	19	19	0	27	22	5	21	16	5	18	15	3	24	19	5	15	13	2	24	20	4	28	19	9	22	21	1	15	13	2	30	28	2	25	22	3	17	12	5	18	15	3	22	20	2
NC_059183.1	1399715	1399716	*	16	11	5	25	19	6	33	20	13	12	9	3	17	16	1	31	25	6	21	15	6	20	12	8	22	16	6	20	16	4	21	13	8	28	17	11	19	13	6	14	10	4	28	22	6	29	21	8	19	14	5	19	13	6	27	23	4
NC_059183.1	3067246	3067247	*	41	4	37	19	0	19	19	0	19	19	0	19	34	0	34	33	0	33	29	0	29	18	1	17	19	0	19	28	0	28	47	3	44	26	2	24	15	1	14	37	0	37	59	1	58	20	1	19	27	2	25	13	0	13	50	2	48
NC_059183.1	3891877	3891878	*	16	14	2	18	16	2	20	17	3	18	15	3	17	17	0	19	19	0	13	12	1	13	12	1	14	14	0	18	18	0	24	22	2	20	20	0	15	15	0	14	13	1	30	28	2	21	20	1	13	13	0	17	15	2	25	25	0
NC_059183.1	4002750	4002751	*	12	11	1	20	17	3	12	11	1	15	15	0	12	12	0	17	17	0	16	16	0	13	13	0	11	11	0	12	12	0	19	19	0	25	25	0	10	10	0	16	15	1	17	15	2	17	17	0	18	16	2	16	15	1	24	22	2
NC_059183.1	4002783	4002784	*	12	12	0	18	18	0	10	10	0	15	15	0	14	14	0	19	19	0	20	18	2	17	17	0	11	11	0	14	13	1	19	17	2	21	21	0	12	11	1	13	13	0	21	19	2	17	17	0	19	18	1	16	16	0	27	25	2
NC_059183.1	4444994	4444995	*	13	12	1	15	12	3	12	10	2	19	15	4	15	15	0	23	21	2	20	15	5	11	9	2	18	17	1	17	8	9	17	16	1	18	16	2	23	21	2	19	17	2	19	17	2	17	15	2	17	16	1	13	12	1	24	22	2
NC_059183.1	4445022	4445023	*	12	10	2	18	15	3	12	12	0	20	18	2	14	14	0	22	19	3	20	19	1	11	7	4	17	16	1	20	19	1	18	17	1	20	19	1	22	19	3	21	21	0	21	20	1	15	15	0	18	15	3	13	11	2	28	25	3
NC_059183.1	4445099	4445100	*	12	12	0	16	14	2	11	10	1	14	11	3	16	16	0	17	16	1	16	14	2	12	10	2	13	11	2	17	14	3	13	13	0	20	16	4	12	12	0	17	14	3	21	20	1	16	16	0	19	16	3	12	12	0	22	19	3
NC_059183.1	4462217	4462218	*	14	13	1	19	19	0	21	21	0	15	14	1	20	20	0	12	11	1	16	16	0	17	17	0	12	12	0	18	18	0	20	18	2	21	21	0	16	15	1	20	19	1	23	20	3	19	18	1	22	14	8	19	18	1	22	20	2
NC_059183.1	4462261	4462262	*	16	15	1	18	17	1	14	9	5	12	12	0	17	16	1	11	11	0	17	17	0	17	15	2	13	13	0	13	13	0	21	21	0	23	22	1	13	13	0	26	25	1	23	20	3	20	19	1	22	21	1	17	15	2	24	23	1
NC_059183.1	4559398	4559399	*	16	6	10	22	0	22	21	0	21	24	1	23	15	0	15	24	0	24	13	0	13	12	1	11	11	0	11	15	0	15	31	0	31	21	0	21	16	0	16	15	0	15	12	0	12	24	13	11	18	0	18	13	0	13	22	0	22
NC_059183.1	4559408	4559409	*	16	8	8	24	1	23	20	1	19	23	0	23	18	0	18	24	1	23	12	0	12	11	1	10	15	0	15	15	0	15	31	0	31	19	1	18	16	0	16	17	0	17	12	0	12	23	12	11	17	1	16	14	0	14	22	1	21
NC_059183.1	4671082	4671083	*	14	12	2	25	23	2	10	7	3	11	10	1	11	10	1	19	19	0	17	17	0	14	13	1	13	11	2	11	11	0	14	12	2	16	15	1	14	14	0	22	22	0	15	13	2	22	21	1	21	20	1	12	11	1	18	17	1
NC_059183.1	4671107	4671108	*	18	17	1	24	23	1	10	8	2	10	10	0	13	12	1	19	18	1	17	15	2	16	15	1	13	13	0	17	16	1	14	11	3	18	17	1	16	16	0	23	22	1	15	13	2	24	24	0	19	18	1	12	11	1	15	15	0
NC_059183.1	4671170	4671171	*	20	19	1	22	21	1	11	9	2	11	11	0	12	12	0	21	21	0	18	17	1	19	19	0	15	13	2	16	16	0	10	9	1	16	15	1	19	17	2	17	16	1	18	17	1	22	20	2	16	15	1	16	16	0	19	18	1
NC_059183.1	4785056	4785057	*	25	22	3	25	21	4	15	13	2	12	12	0	18	18	0	15	15	0	10	9	1	18	17	1	15	13	2	17	16	1	13	12	1	25	22	3	12	10	2	20	20	0	19	19	0	28	25	3	27	25	2	16	16	0	20	20	0
NC_059183.1	4786249	4786250	*	19	19	0	17	17	0	16	16	0	17	17	0	22	21	1	13	13	0	23	23	0	17	15	2	16	16	0	14	13	1	14	9	5	20	20	0	16	15	1	16	15	1	18	18	0	12	6	6	19	18	1	17	17	0	17	16	1
NC_059183.1	4786298	4786299	*	19	19	0	17	17	0	10	9	1	17	16	1	21	20	1	11	10	1	18	17	1	19	18	1	17	15	2	12	11	1	14	14	0	21	20	1	22	20	2	18	17	1	17	17	0	14	12	2	18	18	0	14	13	1	17	15	2
NC_059183.1	4907898	4907899	*	16	16	0	11	11	0	14	14	0	16	14	2	13	13	0	10	9	1	11	10	1	10	9	1	13	11	2	14	14	0	10	10	0	18	18	0	13	12	1	12	11	1	18	16	2	20	20	0	22	22	0	18	18	0	19	18	1
NC_059183.1	4947592	4947593	*	13	12	1	30	26	4	15	15	0	15	15	0	13	13	0	13	13	0	20	18	2	17	17	0	15	14	1	13	12	1	21	21	0	19	18	1	19	19	0	21	19	2	25	24	1	31	29	2	24	24	0	13	11	2	17	17	0
NC_059183.1	4965906	4965907	*	20	18	2	26	26	0	19	19	0	16	15	1	16	15	1	20	20	0	17	17	0	19	18	1	15	15	0	11	10	1	21	19	2	15	14	1	11	11	0	11	11	0	29	29	0	23	23	0	26	26	0	16	16	0	17	16	1
NC_059183.1	4966074	4966075	*	25	12	13	21	11	10	14	0	14	15	6	9	16	15	1	18	12	6	16	16	0	21	20	1	16	15	1	18	11	7	18	9	9	26	14	12	15	9	6	21	21	0	22	21	1	19	11	8	25	11	14	21	20	1	24	24	0
NC_059183.1	5016503	5016504	*	18	18	0	17	10	7	15	14	1	17	0	17	11	4	7	25	15	10	19	19	0	14	6	8	22	9	13	18	0	18	13	4	9	19	0	19	19	9	10	17	8	9	32	17	15	15	8	7	15	7	8	10	6	4	14	0	14
NC_059183.1	5153698	5153699	*	17	5	12	17	0	17	16	0	16	22	0	22	18	0	18	13	0	13	18	0	18	18	0	18	15	0	15	15	0	15	12	0	12	22	0	22	15	0	15	17	0	17	15	0	15	19	0	19	19	0	19	10	0	10	24	0	24
NC_059183.1	5160654	5160655	*	11	10	1	19	18	1	16	15	1	10	8	2	20	20	0	19	19	0	19	18	1	13	10	3	21	19	2	10	9	1	11	9	2	15	14	1	10	9	1	10	7	3	18	14	4	18	16	2	20	17	3	12	12	0	21	20	1
NC_059183.1	5206782	5206783	*	20	14	6	22	17	5	11	9	2	21	12	9	15	12	3	15	11	4	14	7	7	15	11	4	18	12	6	27	12	15	20	8	12	16	13	3	18	16	2	14	11	3	17	14	3	16	11	5	12	2	10	14	12	2	13	13	0
NC_059183.1	5206912	5206913	*	22	11	11	31	1	30	14	0	14	19	0	19	11	0	11	18	0	18	17	0	17	14	0	14	20	0	20	14	0	14	17	0	17	22	1	21	16	0	16	11	0	11	15	0	15	15	0	15	13	0	13	19	0	19	23	0	23
NC_059183.1	5505103	5505104	*	10	10	0	16	15	1	11	11	0	18	17	1	13	13	0	18	18	0	20	20	0	21	21	0	12	11	1	23	22	1	20	20	0	20	20	0	23	22	1	17	16	1	20	19	1	17	17	0	21	21	0	17	15	2	18	17	1
NC_059183.1	5505123	5505124	*	12	12	0	16	12	4	11	11	0	18	16	2	13	13	0	16	15	1	19	18	1	19	19	0	11	10	1	24	23	1	19	16	3	19	18	1	21	20	1	19	18	1	22	20	2	17	17	0	17	16	1	17	17	0	17	16	1
NC_059183.1	5505202	5505203	*	23	18	5	17	13	4	12	10	2	17	14	3	11	9	2	15	13	2	22	18	4	20	17	3	10	8	2	17	14	3	14	11	3	17	14	3	19	17	2	23	19	4	24	22	2	14	11	3	18	16	2	17	15	2	23	19	4
NC_059183.1	5584550	5584551	*	18	10	8	25	25	0	19	1	18	15	13	2	21	0	21	17	0	17	16	0	16	15	0	15	16	0	16	20	12	8	19	8	11	32	17	15	19	11	8	28	13	15	20	10	10	23	10	13	35	16	19	18	9	9	30	14	16
NC_059183.1	5633181	5633182	*	16	12	4	22	22	0	16	15	1	10	10	0	13	12	1	21	19	2	11	11	0	17	17	0	20	19	1	28	26	2	19	14	5	26	25	1	21	20	1	16	12	4	29	22	7	22	21	1	17	16	1	12	11	1	26	24	2
NC_059183.1	5633192	5633193	*	16	11	5	20	20	0	15	14	1	11	11	0	12	11	1	22	21	1	15	14	1	18	18	0	20	20	0	29	27	2	17	14	3	25	25	0	21	20	1	16	14	2	22	19	3	21	18	3	17	15	2	13	10	3	24	22	2
NC_059183.1	5633247	5633248	*	15	13	2	22	19	3	14	14	0	11	11	0	13	13	0	22	21	1	16	16	0	21	20	1	18	18	0	23	22	1	17	15	2	23	22	1	19	19	0	16	16	0	23	21	2	25	23	2	20	20	0	17	16	1	22	21	1
NC_059183.1	5633271	5633272	*	12	11	1	17	14	3	15	15	0	11	10	1	11	9	2	21	19	2	19	19	0	20	20	0	16	16	0	20	18	2	16	15	1	22	21	1	19	19	0	13	13	0	20	19	1	21	20	1	19	18	1	17	16	1	17	17	0
NC_059183.1	5707888	5707889	*	15	15	0	15	14	1	15	14	1	19	18	1	14	11	3	22	14	8	11	11	0	18	17	1	13	12	1	15	13	2	16	16	0	26	25	1	13	8	5	25	23	2	18	17	1	29	29	0	12	8	4	18	16	2	25	22	3
NC_059183.1	5765143	5765144	*	22	19	3	19	17	2	10	10	0	13	11	2	17	17	0	18	17	1	20	18	2	10	9	1	12	11	1	21	18	3	15	14	1	21	19	2	20	17	3	17	15	2	24	21	3	18	17	1	21	20	1	15	15	0	28	27	1
NC_059183.1	5925450	5925451	*	30	22	8	30	27	3	27	25	2	25	24	1	20	19	1	33	31	2	15	3	12	13	11	2	16	15	1	23	22	1	24	21	3	39	38	1	26	24	2	17	17	0	25	22	3	24	23	1	23	23	0	13	12	1	28	27	1
NC_059183.1	5925467	5925468	*	28	22	6	25	23	2	25	24	1	23	23	0	20	20	0	29	28	1	15	4	11	14	13	1	14	13	1	20	19	1	20	19	1	35	33	2	24	22	2	17	17	0	21	18	3	22	21	1	20	20	0	15	14	1	25	23	2
NC_059183.1	5925489	5925490	*	23	18	5	24	14	10	23	18	5	19	19	0	19	14	5	30	21	9	14	5	9	12	11	1	11	11	0	19	18	1	20	17	3	31	26	5	17	13	4	13	13	0	21	16	5	15	13	2	17	17	0	15	13	2	22	20	2
NC_059183.1	5925558	5925559	*	17	15	2	15	14	1	21	19	2	16	16	0	10	9	1	20	20	0	13	12	1	13	11	2	13	12	1	16	13	3	18	18	0	26	22	4	19	18	1	14	13	1	21	19	2	19	17	2	13	13	0	17	14	3	28	25	3
NC_059183.1	5925785	5925786	*	10	8	2	18	11	7	19	14	5	19	16	3	10	7	3	26	16	10	14	7	7	18	15	3	18	16	2	22	16	6	15	12	3	29	24	5	21	17	4	16	13	3	24	18	6	38	17	21	12	10	2	22	21	1	19	15	4
NC_059183.1	6915638	6915639	*	11	3	8	14	0	14	12	0	12	10	0	10	13	8	5	13	0	13	16	0	16	17	0	17	13	0	13	14	0	14	18	0	18	20	1	19	20	0	20	16	1	15	20	8	12	25	0	25	20	0	20	11	0	11	32	0	32
NC_059183.1	6929466	6929467	*	12	4	8	23	0	23	16	9	7	11	0	11	13	3	10	19	0	19	13	6	7	18	17	1	12	8	4	14	5	9	16	16	0	26	25	1	21	0	21	24	9	15	24	11	13	19	0	19	15	7	8	16	0	16	25	11	14
NC_059183.1	6929486	6929487	*	11	4	7	25	0	25	15	10	5	12	0	12	14	4	10	18	0	18	15	10	5	17	14	3	15	9	6	15	5	10	17	16	1	30	28	2	21	1	20	25	10	15	23	9	14	21	0	21	16	8	8	20	1	19	24	10	14
NC_059183.1	6982315	6982316	*	14	9	5	23	0	23	23	22	1	18	10	8	15	10	5	16	9	7	13	6	7	17	16	1	13	7	6	19	12	7	26	21	5	18	18	0	28	10	18	18	7	11	26	15	11	17	17	0	23	14	9	16	6	10	25	15	10
NC_059183.1	7042863	7042864	*	15	14	1	17	16	1	15	15	0	20	20	0	14	14	0	18	18	0	17	17	0	19	19	0	20	20	0	12	12	0	14	13	1	25	25	0	19	19	0	24	24	0	26	24	2	23	23	0	15	15	0	16	15	1	26	26	0
NC_059183.1	7053011	7053012	*	19	18	1	22	22	0	11	10	1	15	14	1	12	12	0	19	19	0	18	18	0	15	15	0	23	21	2	14	14	0	15	15	0	31	30	1	27	26	1	17	17	0	21	20	1	21	19	2	19	16	3	20	20	0	18	18	0
NC_059183.1	7053118	7053119	*	18	13	5	21	18	3	13	9	4	13	9	4	16	13	3	16	13	3	17	15	2	10	8	2	21	16	5	14	11	3	20	16	4	26	21	5	21	20	1	19	17	2	23	18	5	25	21	4	21	19	2	18	13	5	28	25	3
NC_059183.1	7053148	7053149	*	16	16	0	15	15	0	10	10	0	14	14	0	16	13	3	13	13	0	17	17	0	10	10	0	16	15	1	13	12	1	22	21	1	29	26	3	18	17	1	17	14	3	24	23	1	28	26	2	16	14	2	15	15	0	30	29	1
NC_059183.1	7397422	7397423	*	19	8	11	16	11	5	14	9	5	13	4	9	15	15	0	15	0	15	10	0	10	13	4	9	22	9	13	14	1	13	13	0	13	26	16	10	13	6	7	18	18	0	24	10	14	13	0	13	20	20	0	18	11	7	29	28	1
NC_059183.1	7453504	7453505	*	28	25	3	13	12	1	15	12	3	10	7	3	25	19	6	19	18	1	17	17	0	10	9	1	12	11	1	24	21	3	17	9	8	29	25	4	16	14	2	17	15	2	31	22	9	29	25	4	26	20	6	17	15	2	29	26	3
NC_059183.1	7453550	7453551	*	29	26	3	11	11	0	16	15	1	11	9	2	25	24	1	22	21	1	18	16	2	11	11	0	13	12	1	17	16	1	17	16	1	30	29	1	14	11	3	22	21	1	27	23	4	26	24	2	27	25	2	23	20	3	29	28	1
NC_059183.1	7453577	7453578	*	28	26	2	12	12	0	17	16	1	14	14	0	25	24	1	21	21	0	18	17	1	12	11	1	12	12	0	17	15	2	18	18	0	33	29	4	14	13	1	22	22	0	25	24	1	27	27	0	26	25	1	24	22	2	28	26	2
NC_059183.1	7453598	7453599	*	29	29	0	13	13	0	17	17	0	13	12	1	22	21	1	20	19	1	17	16	1	12	11	1	12	12	0	15	14	1	20	20	0	34	33	1	14	13	1	23	23	0	23	22	1	30	30	0	27	25	2	24	24	0	28	26	2
NC_059183.1	7589920	7589921	*	12	4	8	15	0	15	13	4	9	14	0	14	14	0	14	14	0	14	21	1	20	17	0	17	13	7	6	10	0	10	12	0	12	19	0	19	19	0	19	13	0	13	24	17	7	22	12	10	10	2	8	16	6	10	29	0	29
NC_059183.1	7651657	7651658	*	21	21	0	16	15	1	14	13	1	15	14	1	11	11	0	17	17	0	10	10	0	14	13	1	11	11	0	28	27	1	12	11	1	25	24	1	18	18	0	16	16	0	24	23	1	23	22	1	26	25	1	10	10	0	30	29	1
NC_059183.1	7657780	7657781	*	22	19	3	19	18	1	21	20	1	14	12	2	26	26	0	16	14	2	18	18	0	18	18	0	20	18	2	23	22	1	27	26	1	28	28	0	15	15	0	18	18	0	24	23	1	10	10	0	20	19	1	16	15	1	25	25	0
NC_059183.1	8031294	8031295	*	18	9	9	23	21	2	13	7	6	15	14	1	14	11	3	17	15	2	16	13	3	11	6	5	19	7	12	23	11	12	12	8	4	29	26	3	17	16	1	15	14	1	28	27	1	17	16	1	17	6	11	23	18	5	23	21	2
NC_059183.1	8352569	8352570	*	19	18	1	20	18	2	11	10	1	10	10	0	14	14	0	15	15	0	19	14	5	14	13	1	11	9	2	13	13	0	14	13	1	26	21	5	22	20	2	11	10	1	17	16	1	21	21	0	18	17	1	14	13	1	27	24	3
NC_059183.1	8355790	8355791	*	41	4	37	30	0	30	16	0	16	25	0	25	26	0	26	19	0	19	24	7	17	21	0	21	16	0	16	28	5	23	21	3	18	20	0	20	17	0	17	23	0	23	46	0	46	40	0	40	21	8	13	28	0	28	24	0	24
NC_059183.1	8359615	8359616	*	26	5	21	22	0	22	17	2	15	17	0	17	19	0	19	15	0	15	18	0	18	10	0	10	10	0	10	18	0	18	30	0	30	27	0	27	28	0	28	22	0	22	36	0	36	46	0	46	30	0	30	13	0	13	43	0	43
NC_059183.1	8359678	8359679	*	20	5	15	22	6	16	17	4	13	20	5	15	15	7	8	15	0	15	18	3	15	17	8	9	13	0	13	24	4	20	23	0	23	26	4	22	30	8	22	17	7	10	41	11	30	46	17	29	30	11	19	21	4	17	49	18	31
NC_059183.1	8359853	8359854	*	22	12	10	25	12	13	17	12	5	20	3	17	21	17	4	11	3	8	17	7	10	25	7	18	21	9	12	16	12	4	22	11	11	24	17	7	26	16	10	16	8	8	45	25	20	41	19	22	15	10	5	19	15	4	39	23	16
NC_059183.1	8422275	8422276	*	18	11	7	21	10	11	21	13	8	13	7	6	12	8	4	15	8	7	17	12	5	13	7	6	15	8	7	21	13	8	16	9	7	30	22	8	24	17	7	13	9	4	26	18	8	22	8	14	18	10	8	22	14	8	21	18	3
NC_059183.1	8422326	8422327	*	20	18	2	18	18	0	20	19	1	13	13	0	18	17	1	15	15	0	18	18	0	13	11	2	15	15	0	15	15	0	13	13	0	29	27	2	21	21	0	12	12	0	28	27	1	21	19	2	18	18	0	25	23	2	21	21	0
NC_059183.1	8422343	8422344	*	19	12	7	15	13	2	19	18	1	16	16	0	21	20	1	16	15	1	17	17	0	15	15	0	16	16	0	13	12	1	14	13	1	28	28	0	21	21	0	14	14	0	24	23	1	21	21	0	18	18	0	22	21	1	23	22	1
NC_059183.1	8422359	8422360	*	18	12	6	12	12	0	19	18	1	14	7	7	19	19	0	18	17	1	16	16	0	13	13	0	15	15	0	10	6	4	13	12	1	27	27	0	21	21	0	13	13	0	24	23	1	19	17	2	13	12	1	18	4	14	21	20	1
NC_059183.1	8435543	8435544	*	15	14	1	13	13	0	18	16	2	13	12	1	17	16	1	18	18	0	15	14	1	19	18	1	14	13	1	14	13	1	19	18	1	24	20	4	21	17	4	12	11	1	29	29	0	26	25	1	13	11	2	20	18	2	23	13	10
NC_059183.1	8435578	8435579	*	15	15	0	13	11	2	17	15	2	13	12	1	18	15	3	20	16	4	12	10	2	16	14	2	11	9	2	11	9	2	15	15	0	23	21	2	20	17	3	13	11	2	26	23	3	21	20	1	15	13	2	18	16	2	25	24	1
NC_059183.1	8455252	8455253	*	24	21	3	25	24	1	11	9	2	18	18	0	15	13	2	19	17	2	14	13	1	15	15	0	12	12	0	14	11	3	11	10	1	18	17	1	17	14	3	14	12	2	26	23	3	19	18	1	16	16	0	33	31	2	22	19	3
NC_059183.1	8455296	8455297	*	31	30	1	27	25	2	11	9	2	24	23	1	21	21	0	20	20	0	21	20	1	20	20	0	13	13	0	19	19	0	14	13	1	23	23	0	19	17	2	12	11	1	26	25	1	24	23	1	18	17	1	35	34	1	29	27	2
NC_059183.1	8455340	8455341	*	35	32	3	28	24	4	12	11	1	28	28	0	24	23	1	16	15	1	22	21	1	21	19	2	14	14	0	18	8	10	19	18	1	23	23	0	15	13	2	15	14	1	23	22	1	24	22	2	23	23	0	36	35	1	26	24	2
NC_059183.1	8455443	8455444	*	30	28	2	19	18	1	17	16	1	23	22	1	20	20	0	17	16	1	19	18	1	16	16	0	17	15	2	20	19	1	20	18	2	26	26	0	18	16	2	15	15	0	21	21	0	20	20	0	18	18	0	24	23	1	26	24	2
NC_059183.1	8499692	8499693	*	10	3	7	18	0	18	16	4	12	20	0	20	24	6	18	17	0	17	12	0	12	17	5	12	16	4	12	18	0	18	17	0	17	26	10	16	25	0	25	25	0	25	22	0	22	20	0	20	18	0	18	17	0	17	23	0	23
NC_059183.1	8541834	8541835	*	12	11	1	13	12	1	14	13	1	10	10	0	16	14	2	23	23	0	11	9	2	17	9	8	11	10	1	16	6	10	12	9	3	20	16	4	16	11	5	10	8	2	19	17	2	18	16	2	16	13	3	17	15	2	16	15	1
NC_059183.1	8541839	8541840	*	12	11	1	13	12	1	14	14	0	11	11	0	17	17	0	24	23	1	11	10	1	17	8	9	12	9	3	17	7	10	11	10	1	19	17	2	16	13	3	11	11	0	19	16	3	18	12	6	15	12	3	17	15	2	17	14	3
NC_059183.1	8541914	8541915	*	16	9	7	11	4	7	12	7	5	10	2	8	20	16	4	18	18	0	11	4	7	20	18	2	11	11	0	20	2	18	14	11	3	19	16	3	13	13	0	13	5	8	16	12	4	17	16	1	15	12	3	17	13	4	21	19	2
NC_059183.1	8543741	8543742	*	25	16	9	13	9	4	11	3	8	12	5	7	18	8	10	21	15	6	16	4	12	17	9	8	16	11	5	25	13	12	20	12	8	32	28	4	16	12	4	26	11	15	28	14	14	22	11	11	19	17	2	22	13	9	21	14	7
NC_059183.1	8632883	8632884	*	19	16	3	16	12	4	11	8	3	17	14	3	12	7	5	18	13	5	13	8	5	14	12	2	11	6	5	13	10	3	12	8	4	16	16	0	13	10	3	12	11	1	19	13	6	15	11	4	12	10	2	19	19	0	19	17	2
NC_059183.1	8688064	8688065	*	20	18	2	19	19	0	22	21	1	15	13	2	15	15	0	21	20	1	16	14	2	16	14	2	10	10	0	15	15	0	10	10	0	19	19	0	22	21	1	14	14	0	19	19	0	12	11	1	18	17	1	16	15	1	19	18	1
NC_059183.1	8688067	8688068	*	20	18	2	19	19	0	22	21	1	15	15	0	15	14	1	21	20	1	16	14	2	16	16	0	10	10	0	15	15	0	10	9	1	19	19	0	22	21	1	14	14	0	19	19	0	11	10	1	18	17	1	16	15	1	19	17	2
NC_059183.1	8688134	8688135	*	17	17	0	21	19	2	17	14	3	13	13	0	12	12	0	19	16	3	17	17	0	14	13	1	11	9	2	11	8	3	11	11	0	16	16	0	21	19	2	15	12	3	18	18	0	10	10	0	16	15	1	19	16	3	18	16	2
NC_059183.1	8690903	8690904	*	15	14	1	16	13	3	19	13	6	23	18	5	14	12	2	13	10	3	11	11	0	20	14	6	23	18	5	25	19	6	19	17	2	20	18	2	17	15	2	21	17	4	22	18	4	28	21	7	15	14	1	20	18	2	33	26	7
NC_059183.1	8734674	8734675	*	15	15	0	15	14	1	14	13	1	11	10	1	16	16	0	16	15	1	10	9	1	11	11	0	13	12	1	20	19	1	18	18	0	21	21	0	22	20	2	21	20	1	24	24	0	25	24	1	12	12	0	19	17	2	32	31	1
NC_059183.1	8734709	8734710	*	13	12	1	14	13	1	14	13	1	13	11	2	16	15	1	18	17	1	11	7	4	14	11	3	18	15	3	17	8	9	21	18	3	21	19	2	19	18	1	20	18	2	29	24	5	27	24	3	14	12	2	19	16	3	32	29	3
NC_059183.1	8788545	8788546	*	17	16	1	19	18	1	16	14	2	16	15	1	15	11	4	17	15	2	14	14	0	15	11	4	25	24	1	14	13	1	27	24	3	24	23	1	17	17	0	23	19	4	31	29	2	12	11	1	17	16	1	18	15	3	33	32	1
NC_059183.1	8788671	8788672	*	22	22	0	28	28	0	18	17	1	14	11	3	22	22	0	16	14	2	18	13	5	21	18	3	14	14	0	14	12	2	22	22	0	24	24	0	17	16	1	17	16	1	21	20	1	11	11	0	22	22	0	22	19	3	32	23	9
NC_059183.1	8824818	8824819	*	17	15	2	14	13	1	15	15	0	20	19	1	14	13	1	21	21	0	15	13	2	15	15	0	12	10	2	18	16	2	17	17	0	20	20	0	14	13	1	17	15	2	19	19	0	20	18	2	17	15	2	16	16	0	20	19	1
NC_059183.1	8824899	8824900	*	19	19	0	25	23	2	18	18	0	19	18	1	16	15	1	18	17	1	17	16	1	20	18	2	13	13	0	16	16	0	27	25	2	24	20	4	22	21	1	18	18	0	25	22	3	20	16	4	26	23	3	24	23	1	20	17	3
NC_059183.1	8824914	8824915	*	22	20	2	25	21	4	19	19	0	19	18	1	15	14	1	20	19	1	18	18	0	21	19	2	14	13	1	16	15	1	28	26	2	24	23	1	24	22	2	19	19	0	25	23	2	20	18	2	24	23	1	28	27	1	22	22	0
NC_059183.1	8981157	8981158	*	13	11	2	21	20	1	17	15	2	15	14	1	20	20	0	16	16	0	14	14	0	19	19	0	16	15	1	17	16	1	11	9	2	10	9	1	14	14	0	21	21	0	27	25	2	25	24	1	19	18	1	18	18	0	26	26	0
NC_059183.1	8981244	8981245	*	16	13	3	21	20	1	18	17	1	15	14	1	15	13	2	19	19	0	13	11	2	17	16	1	17	14	3	19	18	1	16	15	1	14	13	1	17	14	3	17	16	1	25	22	3	25	22	3	15	14	1	17	16	1	20	18	2
NC_059183.1	9116431	9116432	*	13	12	1	14	14	0	12	12	0	13	11	2	10	9	1	14	13	1	12	12	0	17	17	0	12	12	0	13	12	1	16	15	1	11	11	0	15	15	0	15	14	1	26	25	1	22	20	2	13	11	2	19	18	1	15	14	1
NC_059183.1	9116442	9116443	*	13	12	1	15	15	0	13	13	0	13	12	1	10	10	0	13	13	0	11	11	0	18	18	0	12	11	1	12	11	1	17	16	1	11	11	0	15	14	1	15	13	2	27	27	0	21	21	0	12	12	0	21	21	0	16	16	0
NC_059183.1	11230294	11230295	*	26	14	12	23	4	19	12	3	9	14	13	1	16	0	16	28	2	26	15	11	4	13	10	3	16	0	16	14	6	8	22	12	10	26	9	17	19	5	14	16	16	0	23	6	17	11	6	5	27	2	25	14	1	13	22	13	9
NC_059183.1	11245525	11245526	*	14	7	7	10	6	4	10	5	5	11	5	6	11	4	7	19	1	18	14	0	14	12	2	10	10	0	10	20	1	19	11	8	3	23	1	22	14	5	9	12	4	8	20	11	9	15	8	7	11	6	5	13	10	3	14	7	7
NC_059183.1	11247128	11247129	*	17	16	1	18	17	1	15	14	1	10	9	1	11	9	2	15	15	0	15	7	8	14	12	2	15	14	1	24	23	1	16	9	7	15	14	1	14	13	1	19	19	0	25	24	1	13	3	10	16	16	0	13	13	0	16	14	2
NC_059183.1	11363973	11363974	*	51	35	16	51	42	9	46	28	18	42	15	27	22	16	6	59	36	23	33	16	17	55	36	19	40	19	21	30	19	11	26	20	6	37	20	17	15	10	5	42	32	10	30	19	11	84	39	45	38	29	9	40	31	9	41	24	17
NC_059183.1	11364118	11364119	*	40	37	3	41	30	11	54	47	7	34	14	20	14	10	4	51	34	17	33	17	16	52	35	17	37	29	8	27	15	12	18	17	1	27	21	6	23	16	7	34	24	10	28	16	12	78	51	27	38	27	11	37	30	7	44	26	18
NC_059183.1	11364152	11364153	*	30	22	8	31	21	10	47	38	9	20	7	13	14	9	5	33	21	12	29	14	15	36	26	10	28	22	6	16	8	8	11	11	0	25	20	5	16	9	7	23	16	7	20	10	10	59	32	27	21	15	6	22	18	4	28	16	12
NC_059183.1	11629148	11629149	*	12	12	0	11	11	0	11	10	1	14	14	0	15	14	1	24	24	0	20	20	0	11	11	0	16	14	2	12	11	1	19	19	0	24	24	0	16	14	2	18	17	1	25	24	1	11	10	1	26	25	1	18	16	2	20	19	1
NC_059183.1	11629193	11629194	*	13	13	0	11	11	0	14	6	8	13	13	0	16	16	0	21	21	0	17	16	1	13	13	0	19	17	2	14	14	0	20	18	2	22	21	1	19	19	0	19	18	1	25	25	0	15	14	1	30	29	1	20	19	1	20	20	0
NC_059183.1	11629215	11629216	*	12	11	1	13	13	0	15	15	0	12	12	0	15	15	0	22	20	2	16	14	2	15	15	0	18	17	1	14	12	2	22	21	1	26	25	1	20	20	0	18	15	3	24	24	0	16	16	0	27	26	1	19	19	0	20	20	0
NC_059183.1	11723427	11723428	*	10	10	0	14	13	1	16	16	0	13	13	0	18	16	2	10	9	1	18	16	2	11	8	3	12	12	0	19	18	1	10	10	0	19	19	0	13	13	0	12	12	0	27	27	0	20	20	0	18	16	2	10	10	0	17	17	0
NC_059183.1	11894682	11894683	*	23	22	1	17	14	3	18	15	3	18	8	10	14	13	1	21	7	14	14	13	1	13	12	1	13	12	1	23	22	1	20	18	2	25	20	5	11	8	3	15	13	2	27	24	3	23	21	2	17	17	0	25	23	2	22	19	3
NC_059183.1	11985069	11985070	*	12	12	0	15	15	0	16	14	2	10	10	0	13	13	0	10	10	0	12	11	1	14	13	1	15	14	1	11	11	0	10	10	0	15	13	2	18	15	3	17	17	0	18	17	1	23	23	0	13	13	0	12	11	1	14	14	0
NC_059183.1	12209474	12209475	*	18	12	6	10	0	10	14	0	14	15	0	15	11	0	11	14	0	14	22	0	22	11	9	2	15	8	7	10	1	9	10	0	10	22	0	22	18	11	7	16	9	7	15	6	9	17	0	17	18	0	18	10	0	10	23	1	22
NC_059183.1	12209542	12209543	*	15	11	4	12	0	12	10	0	10	17	1	16	11	0	11	16	0	16	24	0	24	11	6	5	17	9	8	12	0	12	12	0	12	21	0	21	27	15	12	17	8	9	16	7	9	23	0	23	15	0	15	10	0	10	23	1	22
NC_059183.1	12276745	12276746	*	17	17	0	15	15	0	11	11	0	16	16	0	14	13	1	11	11	0	18	17	1	16	15	1	14	13	1	18	18	0	16	15	1	27	27	0	16	16	0	16	16	0	20	18	2	19	18	1	13	13	0	15	15	0	28	28	0
NC_059183.1	12276752	12276753	*	17	17	0	15	15	0	11	11	0	14	14	0	15	12	3	12	12	0	17	15	2	15	15	0	14	14	0	19	19	0	17	17	0	26	26	0	17	16	1	18	17	1	21	20	1	18	17	1	13	13	0	15	14	1	27	27	0
NC_059183.1	12276800	12276801	*	27	27	0	18	17	1	14	13	1	16	15	1	16	16	0	19	19	0	22	21	1	13	12	1	18	18	0	22	21	1	21	21	0	32	30	2	20	19	1	19	19	0	28	26	2	16	15	1	15	13	2	19	18	1	29	28	1
NC_059183.1	12276821	12276822	*	28	13	15	21	10	11	14	14	0	15	14	1	15	14	1	21	11	10	23	21	2	15	14	1	16	11	5	24	24	0	23	22	1	33	30	3	20	8	12	20	12	8	32	18	14	11	7	4	17	15	2	19	19	0	31	29	2
NC_059183.1	12276856	12276857	*	29	28	1	21	19	2	15	10	5	14	14	0	16	14	2	20	20	0	19	16	3	18	17	1	14	14	0	26	24	2	24	21	3	31	29	2	17	17	0	21	20	1	42	42	0	20	18	2	16	13	3	22	22	0	34	32	2
NC_059183.1	12409813	12409814	*	11	11	0	14	13	1	16	15	1	11	11	0	13	12	1	12	11	1	13	12	1	15	13	2	13	13	0	10	10	0	12	12	0	16	16	0	13	13	0	11	11	0	14	14	0	17	16	1	16	14	2	13	13	0	15	14	1
NC_059183.1	12422476	12422477	*	51	46	5	26	24	2	32	25	7	29	16	13	24	1	23	29	10	19	16	16	0	34	31	3	13	12	1	26	25	1	40	26	14	25	2	23	39	31	8	40	11	29	61	29	32	25	5	20	22	13	9	25	8	17	31	28	3
NC_059183.1	12422478	12422479	*	53	29	24	26	23	3	32	7	25	30	17	13	24	0	24	29	10	19	16	16	0	34	18	16	13	11	2	26	14	12	40	15	25	25	2	23	41	24	17	40	11	29	61	17	44	27	8	19	22	14	8	26	0	26	32	31	1
NC_059183.1	12422495	12422496	*	48	47	1	26	21	5	33	25	8	34	24	10	26	5	21	29	11	18	17	17	0	35	34	1	11	11	0	23	12	11	40	24	16	25	2	23	47	38	9	36	20	16	58	40	18	29	5	24	22	13	9	25	9	16	35	33	2
NC_059183.1	12422525	12422526	*	41	35	6	24	17	7	33	28	5	32	21	11	28	16	12	29	14	15	18	16	2	31	30	1	14	14	0	27	27	0	33	33	0	27	14	13	44	35	9	29	15	14	57	41	16	27	22	5	22	19	3	27	27	0	35	33	2
NC_059183.1	12422557	12422558	*	34	33	1	24	19	5	37	36	1	29	20	9	27	25	2	24	17	7	14	12	2	30	25	5	12	12	0	28	25	3	32	29	3	27	25	2	40	31	9	31	16	15	55	39	16	26	21	5	21	21	0	28	24	4	33	31	2
NC_059183.1	12422676	12422677	*	20	16	4	15	13	2	28	26	2	12	5	7	16	16	0	17	12	5	11	9	2	17	16	1	13	13	0	16	14	2	11	9	2	11	11	0	18	13	5	15	10	5	23	21	2	21	16	5	11	9	2	20	18	2	20	17	3
NC_059183.1	12492884	12492885	*	22	22	0	23	15	8	18	17	1	21	4	17	11	10	1	26	0	26	11	0	11	17	14	3	15	0	15	13	12	1	17	16	1	31	24	7	23	17	6	22	9	13	32	0	32	17	14	3	23	20	3	16	6	10	24	21	3
NC_059183.1	12492914	12492915	*	22	18	4	24	22	2	14	14	0	18	18	0	10	10	0	24	23	1	12	12	0	15	14	1	15	15	0	13	13	0	17	15	2	35	34	1	20	16	4	18	18	0	32	30	2	18	18	0	23	21	2	17	15	2	28	27	1
NC_059183.1	12493017	12493018	*	21	18	3	20	19	1	18	16	2	10	10	0	15	14	1	20	18	2	14	12	2	14	14	0	12	12	0	15	15	0	13	13	0	29	26	3	15	14	1	21	19	2	21	20	1	26	24	2	27	27	0	17	16	1	23	20	3
NC_059183.1	12493158	12493159	*	22	22	0	25	24	1	20	17	3	15	8	7	20	20	0	18	18	0	13	11	2	20	19	1	14	13	1	22	21	1	17	15	2	18	17	1	19	17	2	22	21	1	28	26	2	28	28	0	17	17	0	23	23	0	18	16	2
NC_059183.1	12493182	12493183	*	21	20	1	22	21	1	16	14	2	13	9	4	17	17	0	16	16	0	12	12	0	20	20	0	13	13	0	20	20	0	16	15	1	17	15	2	21	19	2	20	18	2	24	22	2	27	25	2	16	15	1	23	22	1	18	16	2
NC_059183.1	12514582	12514583	*	17	14	3	10	6	4	14	13	1	12	11	1	15	15	0	13	10	3	10	5	5	14	14	0	11	9	2	24	23	1	10	10	0	13	11	2	16	15	1	12	9	3	21	18	3	25	24	1	11	10	1	13	7	6	27	23	4
NC_059183.1	12546133	12546134	*	24	16	8	18	13	5	17	12	5	31	23	8	22	16	6	32	29	3	25	21	4	26	20	6	14	12	2	19	12	7	13	10	3	18	8	10	16	14	2	25	19	6	35	24	11	35	18	17	23	13	10	24	18	6	33	24	9
NC_059183.1	12546217	12546218	*	23	13	10	15	13	2	16	12	4	18	17	1	19	12	7	21	21	0	26	22	4	26	18	8	11	10	1	13	9	4	13	10	3	22	7	15	17	14	3	24	16	8	30	18	12	30	15	15	18	9	9	28	18	10	26	16	10
NC_059183.1	12546231	12546232	*	21	8	13	16	4	12	15	8	7	14	3	11	15	0	15	17	4	13	27	0	27	23	0	23	11	3	8	12	0	12	10	0	10	19	0	19	15	11	4	25	6	19	28	0	28	25	0	25	15	0	15	25	0	25	24	3	21
NC_059183.1	12652159	12652160	*	18	17	1	24	21	3	20	19	1	11	11	0	16	14	2	12	12	0	15	15	0	13	11	2	15	15	0	12	12	0	16	15	1	21	21	0	13	12	1	10	10	0	16	15	1	14	13	1	23	22	1	13	13	0	27	24	3
NC_059183.1	12652246	12652247	*	16	11	5	35	25	10	20	14	6	15	7	8	18	11	7	17	12	5	24	15	9	13	9	4	21	16	5	17	11	6	21	13	8	26	15	11	24	14	10	16	7	9	27	18	9	13	11	2	30	24	6	22	19	3	27	21	6
NC_059183.1	12652288	12652289	*	16	15	1	32	30	2	19	17	2	16	16	0	20	18	2	16	16	0	21	21	0	16	16	0	22	21	1	17	17	0	20	19	1	28	27	1	19	18	1	19	17	2	25	23	2	15	15	0	39	39	0	24	24	0	23	23	0
NC_059183.1	12652324	12652325	*	14	14	0	28	27	1	20	19	1	15	15	0	18	17	1	17	17	0	19	19	0	19	19	0	22	22	0	17	17	0	19	19	0	26	25	1	20	18	2	18	18	0	25	22	3	15	15	0	36	33	3	26	24	2	20	19	1
NC_059183.1	12652375	12652376	*	14	13	1	22	16	6	13	10	3	11	9	2	15	13	2	14	11	3	17	15	2	15	10	5	15	14	1	14	11	3	12	10	2	23	20	3	22	19	3	14	9	5	20	11	9	19	16	3	26	22	4	24	21	3	21	18	3
NC_059183.1	12928285	12928286	*	25	21	4	20	19	1	15	14	1	17	17	0	19	19	0	17	17	0	16	16	0	14	13	1	11	10	1	19	19	0	22	22	0	29	28	1	24	23	1	16	15	1	23	21	2	19	17	2	17	14	3	20	17	3	29	29	0
NC_059183.1	12928336	12928337	*	24	22	2	21	20	1	18	18	0	20	19	1	21	21	0	18	18	0	16	15	1	17	17	0	12	11	1	24	22	2	19	17	2	32	29	3	21	21	0	18	18	0	24	24	0	21	19	2	17	17	0	24	23	1	30	30	0
NC_059183.1	12957314	12957315	*	20	19	1	34	31	3	19	18	1	23	21	2	16	16	0	28	28	0	19	19	0	15	14	1	19	19	0	21	20	1	25	23	2	29	29	0	24	24	0	30	30	0	36	34	2	26	26	0	29	26	3	19	19	0	30	28	2
NC_059183.1	12957368	12957369	*	22	20	2	35	34	1	17	17	0	22	21	1	15	15	0	29	28	1	19	17	2	17	17	0	13	12	1	23	23	0	26	25	1	32	32	0	22	19	3	33	32	1	30	28	2	25	24	1	26	25	1	16	16	0	31	31	0
NC_059183.1	13007551	13007552	*	23	21	2	37	36	1	14	14	0	21	20	1	21	21	0	23	22	1	26	24	2	20	18	2	13	13	0	20	19	1	24	24	0	25	24	1	23	23	0	23	22	1	23	22	1	23	23	0	27	26	1	15	14	1	30	29	1
NC_059183.1	13007589	13007590	*	19	18	1	39	33	6	13	13	0	24	24	0	20	20	0	21	19	2	31	29	2	19	19	0	15	15	0	21	21	0	21	20	1	31	27	4	24	23	1	26	25	1	27	27	0	20	20	0	28	27	1	15	14	1	35	34	1
NC_059183.1	13048601	13048602	*	14	14	0	17	15	2	17	17	0	19	16	3	18	18	0	11	11	0	11	11	0	15	14	1	17	16	1	16	16	0	12	10	2	23	23	0	17	17	0	16	16	0	26	26	0	20	20	0	29	28	1	31	30	1	24	20	4
NC_059183.1	13048681	13048682	*	13	11	2	21	11	10	14	12	2	15	14	1	22	20	2	18	18	0	13	10	3	15	15	0	15	6	9	19	18	1	12	11	1	29	26	3	14	14	0	17	13	4	28	24	4	22	22	0	21	17	4	23	22	1	25	23	2
NC_059183.1	13048701	13048702	*	13	8	5	24	11	13	13	8	5	14	9	5	19	13	6	18	16	2	12	11	1	17	17	0	14	1	13	20	16	4	15	13	2	28	23	5	12	7	5	14	8	6	28	19	9	25	18	7	20	16	4	21	19	2	23	18	5
NC_059183.1	13048737	13048738	*	11	8	3	24	20	4	12	11	1	12	11	1	16	15	1	17	16	1	13	10	3	17	17	0	16	6	10	17	16	1	14	14	0	25	22	3	12	8	4	12	10	2	25	21	4	25	11	14	20	18	2	23	22	1	21	19	2
NC_059183.1	13071898	13071899	*	19	17	2	24	22	2	11	11	0	22	22	0	17	16	1	17	15	2	12	10	2	22	21	1	24	22	2	19	18	1	16	15	1	22	22	0	16	16	0	21	19	2	18	15	3	15	14	1	22	20	2	20	19	1	37	37	0
NC_059183.1	13072265	13072266	*	15	5	10	14	5	9	18	7	11	14	8	6	21	4	17	14	12	2	16	0	16	17	16	1	17	16	1	15	15	0	22	20	2	16	16	0	13	4	9	15	6	9	18	8	10	19	16	3	12	7	5	14	13	1	27	12	15
NC_059183.1	13305501	13305502	*	22	9	13	22	0	22	16	0	16	15	0	15	16	0	16	10	0	10	16	0	16	27	0	27	16	0	16	23	0	23	17	0	17	21	0	21	24	0	24	14	0	14	27	0	27	21	0	21	31	0	31	26	0	26	26	0	26
NC_059183.1	13307562	13307563	*	14	13	1	21	17	4	15	15	0	14	12	2	12	12	0	26	25	1	15	12	3	14	13	1	14	12	2	21	18	3	19	19	0	13	13	0	25	25	0	13	13	0	26	22	4	21	18	3	13	11	2	17	16	1	18	15	3
NC_059183.1	13349017	13349018	*	21	19	2	16	16	0	11	10	1	16	16	0	12	12	0	15	9	6	13	13	0	15	15	0	11	4	7	13	13	0	16	15	1	15	13	2	10	10	0	14	14	0	11	11	0	22	19	3	14	12	2	16	15	1	25	24	1
NC_059183.1	13467840	13467841	*	28	22	6	17	14	3	17	13	4	20	16	4	35	24	11	47	34	13	34	18	16	15	14	1	30	23	7	18	11	7	16	14	2	31	31	0	17	11	6	17	8	9	40	35	5	33	29	4	19	6	13	40	14	26	41	38	3
NC_059183.1	13853168	13853169	*	12	7	5	15	10	5	10	3	7	13	5	8	13	10	3	15	11	4	10	3	7	21	13	8	13	6	7	17	12	5	15	10	5	19	10	9	15	8	7	26	12	14	18	12	6	16	10	6	21	14	7	12	4	8	16	8	8
NC_059183.1	13866619	13866620	*	21	21	0	12	12	0	17	16	1	25	23	2	21	20	1	20	20	0	16	16	0	11	10	1	21	20	1	27	26	1	15	14	1	23	22	1	17	17	0	23	22	1	20	20	0	25	24	1	18	18	0	15	13	2	26	26	0
NC_059183.1	13866661	13866662	*	23	21	2	17	17	0	19	16	3	17	17	0	24	23	1	22	21	1	15	15	0	10	9	1	18	18	0	19	18	1	15	15	0	19	18	1	16	16	0	21	19	2	20	19	1	27	25	2	18	16	2	13	13	0	23	23	0
NC_059183.1	13866686	13866687	*	23	20	3	14	11	3	17	11	6	16	12	4	23	20	3	24	21	3	16	14	2	12	11	1	19	17	2	20	16	4	18	14	4	18	17	1	15	14	1	20	18	2	20	17	3	27	23	4	18	17	1	16	13	3	24	22	2
NC_059183.1	13866811	13866812	*	22	19	3	25	24	1	14	14	0	15	15	0	18	17	1	28	25	3	20	19	1	19	16	3	18	16	2	21	21	0	33	31	2	31	29	2	21	20	1	17	17	0	29	29	0	29	29	0	25	24	1	16	15	1	26	25	1
NC_059183.1	13932522	13932523	*	21	19	2	34	29	5	17	14	3	17	17	0	21	18	3	17	14	3	17	13	4	10	9	1	23	21	2	16	14	2	15	13	2	19	8	11	18	8	10	13	8	5	22	19	3	20	18	2	18	18	0	18	15	3	20	9	11
NC_059183.1	13961553	13961554	*	24	21	3	23	21	2	13	13	0	17	17	0	25	25	0	27	25	2	21	21	0	18	17	1	14	13	1	19	17	2	22	20	2	43	40	3	18	16	2	20	20	0	29	28	1	22	22	0	20	19	1	22	21	1	37	33	4
NC_059183.1	14065809	14065810	*	18	5	13	21	0	21	11	0	11	18	0	18	14	0	14	16	0	16	13	0	13	23	0	23	22	0	22	25	0	25	25	0	25	34	0	34	19	0	19	19	1	18	28	0	28	24	0	24	25	0	25	17	0	17	24	0	24
NC_059183.1	14157595	14157596	*	31	31	0	12	11	1	16	16	0	14	14	0	13	12	1	16	15	1	16	15	1	17	16	1	19	17	2	12	12	0	18	18	0	24	23	1	20	18	2	18	17	1	31	29	2	19	18	1	31	29	2	19	19	0	21	20	1
NC_059183.1	14157623	14157624	*	29	27	2	13	11	2	14	14	0	14	13	1	14	14	0	19	17	2	18	16	2	15	13	2	22	20	2	14	14	0	20	16	4	24	20	4	18	17	1	19	17	2	30	28	2	18	18	0	28	28	0	21	21	0	23	21	2
NC_059183.1	14184838	14184839	*	17	9	8	38	0	38	14	0	14	18	0	18	17	0	17	21	8	13	26	8	18	11	0	11	19	5	14	25	3	22	27	1	26	34	8	26	19	9	10	20	6	14	31	9	22	22	0	22	22	0	22	13	0	13	34	0	34
NC_059183.1	14298525	14298526	*	10	10	0	22	22	0	10	10	0	16	15	1	11	11	0	14	12	2	13	12	1	14	12	2	13	13	0	19	18	1	13	12	1	12	10	2	21	21	0	16	15	1	19	17	2	14	14	0	14	11	3	21	16	5	19	18	1
NC_059183.1	14298533	14298534	*	10	10	0	22	22	0	10	9	1	16	14	2	11	10	1	12	11	1	13	12	1	14	14	0	13	13	0	18	16	2	11	9	2	12	11	1	19	19	0	16	15	1	20	19	1	14	14	0	13	10	3	21	20	1	18	17	1
NC_059183.1	14332003	14332004	*	14	14	0	21	20	1	14	14	0	13	13	0	17	16	1	16	15	1	12	12	0	18	18	0	19	18	1	13	13	0	26	25	1	32	30	2	24	22	2	14	13	1	34	30	4	36	36	0	18	16	2	13	12	1	30	29	1
NC_059183.1	14332045	14332046	*	13	12	1	17	14	3	13	13	0	16	16	0	13	12	1	16	16	0	11	10	1	14	13	1	14	14	0	11	10	1	15	11	4	20	17	3	18	16	2	14	13	1	27	23	4	37	34	3	18	17	1	12	11	1	20	20	0
NC_059183.1	14399680	14399681	*	16	11	5	29	21	8	16	10	6	19	9	10	18	13	5	18	14	4	11	7	4	11	9	2	13	10	3	10	7	3	12	9	3	20	16	4	18	13	5	17	12	5	16	9	7	21	16	5	13	9	4	14	7	7	26	20	6
NC_059183.1	14401547	14401548	*	14	4	10	19	11	8	15	5	10	18	5	13	21	13	8	16	8	8	14	8	6	15	9	6	15	7	8	12	3	9	19	7	12	17	12	5	14	5	9	13	2	11	28	9	19	25	14	11	10	6	4	15	6	9	15	8	7
NC_059183.1	14659826	14659827	*	14	13	1	18	0	18	21	21	0	17	0	17	14	13	1	19	18	1	13	9	4	17	6	11	16	16	0	15	15	0	15	7	8	30	30	0	18	18	0	15	15	0	20	0	20	20	5	15	12	11	1	10	4	6	20	13	7
NC_059183.1	14684160	14684161	*	18	17	1	16	13	3	24	23	1	16	13	3	19	19	0	15	15	0	21	21	0	20	19	1	20	20	0	17	16	1	24	24	0	26	26	0	19	19	0	11	11	0	27	27	0	20	19	1	22	21	1	17	17	0	26	26	0
NC_059183.1	14686821	14686822	*	12	10	2	14	10	4	20	11	9	13	9	4	11	10	1	12	9	3	12	10	2	11	8	3	10	7	3	20	14	6	15	12	3	20	16	4	11	8	3	19	13	6	13	8	5	16	13	3	19	19	0	21	16	5	29	22	7
NC_059183.1	14839234	14839235	*	17	17	0	16	15	1	24	10	14	16	15	1	17	9	8	10	10	0	19	0	19	19	16	3	19	5	14	19	9	10	14	14	0	15	0	15	13	5	8	16	4	12	27	27	0	16	7	9	20	9	11	24	13	11	25	11	14
NC_059183.1	14839332	14839333	*	14	4	10	17	16	1	22	7	15	16	15	1	13	6	7	14	13	1	19	0	19	19	13	6	20	6	14	22	0	22	12	9	3	17	6	11	16	13	3	15	15	0	32	14	18	17	1	16	20	11	9	20	14	6	25	15	10
NC_059183.1	14856644	14856645	*	26	21	5	27	22	5	13	11	2	18	13	5	12	10	2	19	16	3	13	13	0	15	10	5	18	11	7	20	16	4	16	13	3	20	20	0	20	15	5	16	16	0	30	23	7	28	21	7	16	14	2	21	19	2	26	25	1
NC_059183.1	14856755	14856756	*	25	23	2	23	22	1	14	12	2	17	8	9	16	15	1	13	12	1	15	14	1	15	13	2	14	12	2	25	22	3	14	13	1	23	22	1	15	11	4	20	18	2	26	25	1	17	14	3	22	20	2	21	19	2	26	24	2
NC_059183.1	14856793	14856794	*	23	19	4	21	16	5	12	11	1	13	10	3	16	15	1	12	8	4	12	12	0	15	13	2	13	10	3	19	18	1	14	13	1	18	18	0	13	9	4	18	15	3	22	19	3	17	12	5	24	22	2	22	18	4	24	24	0
NC_059183.1	14975923	14975924	*	22	22	0	12	11	1	22	22	0	16	14	2	10	10	0	17	17	0	11	10	1	15	13	2	14	13	1	19	18	1	16	16	0	18	18	0	22	21	1	20	20	0	22	22	0	16	16	0	12	12	0	22	20	2	35	33	2
NC_059183.1	14975986	14975987	*	22	9	13	12	0	12	20	0	20	24	0	24	15	0	15	18	11	7	13	0	13	13	0	13	16	0	16	22	10	12	21	1	20	21	0	21	18	0	18	20	1	19	24	1	23	17	0	17	14	1	13	24	0	24	31	0	31
NC_059183.1	14975992	14975993	*	24	9	15	12	0	12	21	0	21	22	0	22	15	0	15	18	10	8	13	0	13	13	0	13	14	0	14	23	10	13	21	0	21	21	0	21	18	0	18	19	0	19	24	0	24	17	0	17	14	1	13	24	0	24	30	0	30
NC_059183.1	14976108	14976109	*	15	15	0	17	17	0	19	19	0	18	18	0	15	14	1	15	15	0	17	17	0	14	13	1	18	16	2	20	19	1	12	11	1	24	24	0	15	11	4	12	12	0	19	18	1	18	17	1	12	11	1	20	19	1	19	18	1
NC_059183.1	14976261	14976262	*	20	10	10	21	12	9	18	1	17	10	9	1	18	0	18	25	16	9	22	10	12	14	2	12	14	0	14	18	17	1	16	15	1	17	15	2	24	11	13	11	7	4	15	6	9	23	12	11	13	12	1	17	9	8	21	21	0
NC_059183.1	15060729	15060730	*	22	22	0	18	18	0	14	12	2	15	14	1	14	14	0	15	15	0	15	15	0	15	15	0	14	12	2	21	21	0	16	16	0	20	20	0	14	12	2	17	16	1	22	21	1	12	12	0	22	21	1	10	9	1	18	16	2
NC_059183.1	15060773	15060774	*	18	18	0	19	17	2	15	15	0	11	11	0	13	13	0	18	17	1	14	14	0	13	12	1	11	10	1	17	15	2	12	12	0	18	18	0	11	11	0	14	14	0	24	23	1	12	12	0	18	16	2	12	12	0	18	18	0
NC_059183.1	15081196	15081197	*	16	15	1	25	25	0	14	14	0	22	22	0	16	16	0	31	29	2	19	17	2	13	11	2	12	12	0	29	29	0	14	14	0	30	28	2	15	14	1	18	17	1	30	26	4	21	21	0	34	34	0	21	21	0	16	16	0
NC_059183.1	15081254	15081255	*	18	15	3	29	29	0	19	18	1	23	22	1	19	19	0	32	23	9	20	18	2	13	12	1	12	10	2	29	28	1	16	16	0	36	35	1	21	18	3	21	20	1	38	34	4	27	25	2	29	27	2	22	17	5	22	19	3
NC_059183.1	15081287	15081288	*	17	10	7	31	17	14	18	16	2	20	15	5	25	18	7	29	23	6	24	19	5	12	11	1	10	8	2	25	23	2	14	9	5	37	32	5	29	23	6	16	13	3	37	26	11	25	23	2	26	22	4	17	15	2	23	16	7
NC_059183.1	15081359	15081360	*	16	15	1	30	28	2	22	11	11	16	16	0	30	29	1	19	19	0	21	20	1	15	7	8	11	11	0	20	18	2	16	16	0	34	34	0	26	26	0	17	17	0	34	32	2	25	25	0	23	23	0	19	18	1	27	25	2
NC_059183.1	15081370	15081371	*	16	14	2	28	26	2	23	11	12	14	14	0	28	27	1	16	15	1	20	19	1	14	8	6	11	10	1	16	16	0	14	14	0	31	31	0	25	24	1	13	13	0	28	26	2	25	24	1	21	20	1	18	18	0	26	25	1
NC_059183.1	15381024	15381025	*	14	12	2	16	15	1	11	7	4	13	12	1	16	6	10	27	26	1	19	8	11	19	18	1	10	10	0	10	6	4	16	0	16	11	10	1	11	5	6	10	9	1	10	10	0	18	9	9	11	10	1	10	10	0	24	0	24
NC_059183.1	15438543	15438544	*	22	22	0	15	12	3	18	15	3	25	25	0	14	14	0	16	15	1	15	14	1	10	10	0	23	22	1	16	16	0	12	11	1	20	17	3	15	14	1	14	14	0	25	24	1	29	25	4	17	16	1	14	12	2	26	25	1
NC_059183.1	15445566	15445567	*	20	6	14	15	0	15	13	0	13	19	0	19	15	0	15	14	0	14	12	0	12	12	0	12	14	0	14	22	0	22	13	0	13	29	0	29	18	0	18	13	0	13	29	0	29	17	0	17	17	0	17	16	0	16	23	0	23
NC_059183.1	15672906	15672907	*	15	10	5	11	11	0	14	7	7	11	10	1	18	8	10	15	13	2	16	9	7	20	10	10	15	7	8	16	9	7	12	5	7	23	3	20	25	15	10	19	10	9	13	10	3	26	21	5	19	10	9	22	12	10	21	9	12
NC_059183.1	15775137	15775138	*	17	17	0	16	14	2	13	12	1	11	11	0	12	12	0	18	17	1	14	14	0	16	15	1	20	16	4	13	13	0	20	19	1	24	24	0	22	22	0	13	13	0	26	25	1	24	24	0	17	16	1	18	18	0	22	20	2
NC_059183.1	15780244	15780245	*	17	17	0	25	22	3	17	17	0	22	22	0	11	11	0	15	15	0	21	21	0	14	14	0	14	13	1	19	19	0	16	16	0	35	34	1	17	14	3	20	20	0	32	30	2	21	20	1	22	19	3	18	16	2	26	26	0
NC_059183.1	15780299	15780300	*	20	20	0	25	24	1	19	17	2	25	23	2	12	11	1	17	17	0	21	21	0	13	11	2	13	13	0	20	20	0	11	11	0	28	27	1	22	21	1	21	20	1	30	28	2	18	18	0	20	15	5	19	18	1	28	27	1
NC_059183.1	15780385	15780386	*	23	23	0	27	24	3	16	15	1	30	29	1	15	15	0	25	25	0	24	24	0	15	8	7	12	3	9	22	21	1	21	20	1	32	31	1	27	26	1	20	20	0	37	36	1	20	20	0	17	7	10	16	16	0	27	27	0
NC_059183.1	15780398	15780399	*	24	23	1	29	28	1	17	16	1	30	30	0	15	15	0	26	26	0	24	23	1	16	15	1	14	12	2	24	23	1	25	24	1	32	30	2	30	27	3	17	16	1	36	35	1	21	17	4	18	18	0	17	16	1	29	29	0
NC_059183.1	15780512	15780513	*	20	20	0	20	18	2	14	14	0	26	24	2	14	13	1	21	21	0	17	16	1	17	17	0	16	13	3	17	17	0	21	20	1	35	32	3	24	22	2	17	16	1	25	23	2	20	19	1	13	13	0	16	14	2	25	23	2
NC_059183.1	16010886	16010887	*	20	19	1	10	10	0	16	16	0	13	12	1	15	15	0	12	11	1	15	15	0	11	11	0	15	15	0	15	14	1	15	14	1	13	12	1	16	16	0	15	15	0	20	20	0	16	16	0	18	18	0	16	14	2	21	20	1
NC_059183.1	16011240	16011241	*	20	20	0	15	15	0	12	12	0	15	15	0	13	13	0	12	12	0	15	15	0	12	12	0	10	10	0	10	10	0	16	15	1	15	13	2	14	14	0	17	17	0	25	25	0	21	21	0	10	10	0	13	13	0	25	24	1
NC_059183.1	16011242	16011243	*	20	20	0	15	15	0	12	12	0	14	14	0	13	13	0	11	10	1	15	14	1	11	11	0	10	10	0	10	10	0	16	16	0	15	15	0	14	14	0	17	17	0	25	24	1	21	21	0	10	9	1	13	12	1	24	23	1
NC_059183.1	16048097	16048098	*	15	12	3	16	13	3	21	13	8	14	3	11	13	10	3	17	13	4	15	10	5	11	7	4	14	9	5	24	15	9	13	9	4	19	14	5	17	11	6	16	12	4	22	15	7	18	10	8	16	8	8	10	8	2	27	14	13
NC_059183.1	16048119	16048120	*	18	15	3	17	15	2	16	12	4	17	8	9	16	15	1	19	16	3	16	14	2	10	8	2	14	9	5	23	22	1	15	10	5	22	16	6	17	11	6	16	11	5	28	20	8	19	15	4	19	14	5	12	10	2	28	21	7
NC_059183.1	16051763	16051764	*	18	18	0	28	28	0	23	23	0	13	12	1	19	19	0	18	18	0	18	17	1	14	13	1	15	14	1	14	14	0	17	17	0	20	20	0	14	14	0	19	18	1	27	27	0	20	18	2	19	18	1	21	20	1	31	29	2
NC_059183.1	16056734	16056735	*	15	15	0	15	15	0	16	15	1	11	10	1	16	16	0	13	12	1	12	12	0	11	11	0	12	12	0	13	13	0	16	14	2	20	18	2	11	11	0	20	19	1	18	18	0	19	18	1	12	11	1	12	12	0	22	22	0
NC_059183.1	16169107	16169108	*	18	17	1	21	19	2	21	19	2	14	14	0	13	13	0	14	14	0	11	9	2	17	17	0	14	13	1	12	12	0	18	17	1	20	20	0	17	15	2	13	11	2	16	16	0	12	12	0	15	14	1	24	24	0	20	19	1
NC_059183.1	16169126	16169127	*	19	18	1	25	23	2	21	12	9	15	15	0	12	12	0	16	16	0	11	11	0	19	18	1	17	16	1	17	17	0	19	18	1	19	19	0	21	20	1	14	14	0	19	18	1	16	16	0	15	14	1	27	26	1	24	23	1
NC_059183.1	16169132	16169133	*	20	17	3	27	25	2	22	16	6	15	13	2	14	13	1	17	17	0	11	9	2	20	19	1	17	16	1	17	15	2	20	17	3	20	20	0	21	16	5	15	15	0	19	17	2	16	15	1	14	13	1	27	26	1	25	21	4
NC_059183.1	16169169	16169170	*	22	15	7	26	22	4	20	19	1	15	12	3	16	12	4	19	15	4	11	9	2	19	18	1	16	12	4	19	16	3	23	17	6	22	17	5	23	19	4	19	14	5	22	17	5	22	18	4	14	13	1	28	25	3	25	20	5
NC_059183.1	16169235	16169236	*	19	17	2	18	17	1	17	15	2	12	11	1	14	12	2	17	14	3	13	11	2	16	15	1	15	15	0	16	15	1	19	18	1	19	19	0	20	16	4	18	17	1	25	25	0	22	21	1	13	13	0	20	18	2	20	20	0
NC_059183.1	16224684	16224685	*	15	14	1	26	22	4	14	11	3	12	10	2	16	13	3	16	11	5	17	13	4	10	10	0	12	8	4	18	15	3	25	23	2	19	16	3	18	17	1	15	12	3	25	18	7	11	9	2	19	17	2	19	16	3	22	14	8
NC_059183.1	16362464	16362465	*	15	15	0	14	14	0	17	16	1	10	8	2	13	12	1	14	14	0	23	21	2	20	19	1	10	10	0	14	14	0	14	13	1	17	16	1	17	15	2	11	9	2	16	14	2	16	15	1	11	11	0	17	16	1	26	23	3
NC_059183.1	16473917	16473918	*	12	12	0	26	26	0	18	18	0	20	20	0	15	14	1	29	26	3	21	21	0	14	14	0	17	16	1	16	15	1	24	23	1	25	23	2	19	18	1	19	18	1	38	37	1	31	28	3	21	21	0	24	24	0	34	30	4
NC_059183.1	16754099	16754100	*	17	3	14	29	5	24	14	11	3	22	1	21	15	9	6	16	11	5	19	0	19	16	8	8	11	8	3	16	7	9	22	1	21	30	25	5	12	0	12	16	0	16	21	2	19	25	9	16	21	1	20	15	11	4	23	2	21
NC_059183.1	16755720	16755721	*	10	6	4	24	15	9	19	13	6	15	10	5	19	15	4	14	13	1	11	7	4	10	6	4	12	6	6	16	11	5	15	13	2	16	11	5	13	8	5	20	16	4	19	12	7	11	8	3	14	11	3	10	8	2	12	7	5
NC_059183.1	17022698	17022699	*	18	17	1	11	11	0	15	15	0	11	10	1	13	12	1	16	16	0	17	17	0	15	14	1	12	11	1	13	12	1	13	12	1	15	15	0	19	18	1	13	13	0	33	32	1	18	18	0	20	19	1	21	20	1	25	24	1
NC_059183.1	17022730	17022731	*	20	20	0	12	12	0	15	15	0	13	13	0	16	16	0	18	17	1	16	15	1	15	14	1	12	12	0	16	16	0	13	13	0	20	18	2	15	15	0	14	13	1	32	32	0	21	21	0	21	20	1	18	17	1	29	28	1
NC_059183.1	17022760	17022761	*	22	22	0	13	12	1	17	17	0	12	11	1	16	15	1	19	17	2	17	17	0	19	19	0	11	11	0	16	15	1	14	13	1	23	18	5	21	20	1	14	13	1	30	26	4	23	23	0	23	22	1	17	17	0	36	34	2
NC_059183.1	17201698	17201699	*	19	10	9	24	1	23	18	7	11	12	6	6	18	0	18	14	1	13	16	0	16	16	0	16	15	0	15	22	0	22	21	0	21	27	15	12	21	14	7	15	15	0	23	1	22	18	0	18	13	0	13	16	0	16	29	17	12
NC_059183.1	17201965	17201966	*	22	19	3	17	17	0	13	12	1	16	14	2	21	20	1	14	14	0	10	10	0	10	10	0	14	14	0	19	18	1	17	17	0	20	19	1	10	9	1	18	17	1	26	26	0	31	29	2	18	18	0	14	14	0	16	15	1
NC_059183.1	17320077	17320078	*	22	3	19	21	1	20	18	0	18	16	0	16	17	2	15	19	1	18	18	1	17	25	1	24	16	0	16	18	0	18	16	1	15	24	2	22	13	0	13	15	0	15	23	2	21	24	4	20	18	1	17	15	1	14	21	5	16
NC_059183.1	17327192	17327193	*	14	6	8	24	17	7	15	9	6	18	9	9	18	12	6	30	12	18	26	17	9	16	8	8	18	12	6	24	20	4	33	17	16	12	8	4	15	12	3	22	11	11	28	14	14	26	14	12	16	13	3	17	12	5	12	11	1
NC_059183.1	17327264	17327265	*	10	5	5	20	14	6	18	10	8	17	10	7	15	12	3	29	15	14	20	11	9	15	9	6	13	11	2	20	18	2	27	15	12	12	9	3	14	10	4	17	10	7	30	13	17	22	11	11	11	9	2	12	8	4	10	10	0
NC_059183.1	17327547	17327548	*	12	11	1	15	14	1	12	11	1	18	17	1	11	8	3	20	16	4	16	13	3	12	10	2	10	9	1	14	9	5	11	9	2	18	16	2	12	8	4	12	11	1	15	12	3	17	15	2	17	9	8	19	19	0	15	13	2
NC_059183.1	17409294	17409295	*	24	10	14	20	15	5	11	9	2	19	12	7	27	14	13	36	20	16	12	10	2	15	10	5	15	13	2	17	9	8	17	6	11	30	14	16	30	15	15	34	10	24	46	16	30	22	20	2	22	12	10	13	6	7	30	15	15
NC_059183.1	17409326	17409327	*	28	13	15	19	15	4	14	7	7	20	11	9	30	18	12	42	20	22	12	6	6	20	0	20	15	11	4	23	15	8	20	8	12	35	18	17	28	19	9	33	5	28	43	15	28	21	16	5	18	4	14	15	6	9	32	21	11
NC_059183.1	17713454	17713455	*	21	11	10	14	13	1	20	10	10	18	7	11	16	7	9	14	8	6	14	4	10	17	13	4	14	4	10	15	1	14	11	3	8	23	18	5	12	0	12	19	14	5	22	13	9	19	18	1	19	8	11	17	0	17	28	0	28
NC_059183.1	17713509	17713510	*	27	15	12	15	13	2	20	11	9	19	10	9	17	10	7	17	9	8	17	10	7	15	4	11	14	13	1	17	0	17	16	5	11	26	17	9	19	0	19	14	12	2	27	14	13	22	21	1	15	6	9	14	0	14	34	0	34
NC_059183.1	17713520	17713521	*	27	16	11	14	14	0	20	11	9	20	11	9	16	8	8	18	10	8	16	10	6	16	5	11	13	12	1	19	0	19	16	5	11	24	15	9	21	0	21	11	11	0	26	14	12	19	19	0	19	7	12	14	0	14	30	0	30
NC_059183.1	17713557	17713558	*	22	15	7	17	15	2	19	9	10	22	12	10	13	4	9	17	8	9	19	11	8	17	5	12	10	10	0	21	0	21	16	6	10	22	13	9	20	7	13	11	11	0	24	14	10	19	18	1	19	8	11	15	0	15	27	0	27
NC_059183.1	17713563	17713564	*	23	13	10	17	15	2	18	8	10	22	11	11	12	3	9	16	9	7	19	10	9	17	4	13	10	10	0	21	0	21	15	5	10	21	11	10	19	6	13	10	10	0	22	12	10	20	18	2	19	7	12	15	0	15	27	0	27
NC_059183.1	17775418	17775419	*	12	10	2	12	12	0	18	12	6	14	14	0	10	10	0	12	12	0	13	13	0	13	11	2	12	12	0	11	11	0	11	9	2	18	16	2	13	12	1	10	10	0	12	12	0	19	19	0	10	10	0	12	12	0	11	10	1
NC_059183.1	17779649	17779650	*	21	20	1	14	13	1	16	15	1	14	14	0	10	10	0	17	17	0	22	18	4	14	14	0	11	11	0	26	24	2	18	18	0	27	25	2	17	16	1	16	15	1	22	22	0	18	17	1	22	21	1	11	10	1	26	24	2
NC_059183.1	17779861	17779862	*	23	21	2	15	15	0	11	11	0	13	11	2	13	13	0	16	15	1	10	10	0	10	9	1	12	8	4	18	15	3	15	15	0	23	22	1	12	10	2	18	17	1	18	16	2	15	14	1	17	16	1	15	14	1	23	21	2
NC_059183.1	17941391	17941392	*	11	11	0	15	7	8	16	15	1	24	24	0	20	20	0	14	13	1	28	27	1	20	18	2	15	14	1	16	8	8	11	10	1	29	29	0	25	25	0	13	13	0	23	22	1	18	18	0	22	20	2	30	22	8	42	41	1
NC_059183.1	17941401	17941402	*	11	10	1	15	6	9	16	15	1	24	23	1	21	21	0	13	13	0	27	25	2	20	18	2	15	14	1	13	8	5	11	10	1	29	29	0	25	24	1	15	15	0	23	21	2	15	15	0	20	18	2	31	23	8	40	39	1
NC_059183.1	17941407	17941408	*	11	10	1	15	6	9	16	12	4	24	23	1	21	19	2	12	12	0	25	22	3	20	19	1	15	15	0	13	5	8	11	11	0	27	25	2	25	24	1	15	15	0	25	24	1	13	12	1	20	15	5	33	16	17	38	36	2
NC_059183.1	17982823	17982824	*	15	12	3	14	6	8	13	3	10	16	15	1	14	14	0	25	21	4	17	16	1	13	12	1	16	16	0	16	9	7	18	16	2	12	12	0	19	18	1	10	7	3	16	15	1	21	17	4	13	4	9	10	9	1	19	18	1
NC_059183.1	17982853	17982854	*	15	13	2	15	8	7	14	2	12	15	14	1	12	10	2	24	20	4	17	16	1	16	14	2	15	15	0	11	4	7	21	18	3	14	13	1	21	19	2	16	10	6	15	15	0	21	17	4	14	5	9	10	10	0	20	17	3
NC_059183.1	18056073	18056074	*	21	20	1	11	10	1	12	3	9	22	19	3	21	10	11	16	10	6	15	14	1	11	10	1	14	14	0	23	20	3	13	12	1	27	24	3	19	16	3	18	14	4	25	22	3	13	5	8	15	12	3	13	5	8	27	17	10
NC_059183.1	18099478	18099479	*	18	7	11	19	8	11	20	14	6	25	18	7	15	11	4	21	17	4	19	12	7	17	9	8	17	13	4	19	7	12	38	26	12	31	15	16	22	16	6	23	11	12	32	17	15	33	20	13	17	7	10	23	19	4	27	14	13
NC_059183.1	18119329	18119330	*	27	24	3	24	19	5	16	13	3	16	9	7	15	13	2	19	16	3	20	17	3	16	16	0	14	12	2	27	24	3	19	13	6	29	28	1	21	14	7	22	19	3	21	17	4	14	9	5	16	14	2	15	12	3	23	22	1
NC_059183.1	18119419	18119420	*	21	21	0	19	16	3	17	17	0	19	18	1	16	15	1	21	20	1	24	24	0	12	11	1	14	14	0	22	19	3	20	19	1	19	18	1	18	18	0	22	22	0	19	15	4	19	18	1	15	13	2	13	13	0	21	19	2
NC_059183.1	18150825	18150826	*	19	7	12	13	13	0	12	12	0	14	13	1	17	14	3	13	13	0	13	12	1	10	9	1	14	14	0	18	17	1	14	14	0	14	14	0	16	14	2	22	22	0	21	20	1	10	9	1	15	8	7	14	12	2	11	11	0
NC_059183.1	18150843	18150844	*	19	6	13	13	13	0	16	15	1	13	13	0	18	17	1	13	13	0	13	13	0	11	11	0	12	11	1	17	17	0	13	13	0	16	15	1	15	12	3	22	22	0	20	19	1	11	10	1	15	8	7	14	14	0	13	13	0
NC_059183.1	18150860	18150861	*	18	6	12	14	14	0	18	18	0	15	14	1	17	17	0	12	11	1	12	12	0	12	12	0	11	11	0	19	19	0	13	13	0	13	13	0	14	11	3	23	23	0	22	22	0	10	10	0	15	8	7	14	14	0	12	12	0
NC_059183.1	18301802	18301803	*	14	10	4	17	15	2	17	17	0	16	15	1	16	16	0	18	17	1	12	11	1	14	14	0	18	17	1	13	12	1	11	11	0	19	18	1	12	11	1	15	15	0	21	21	0	15	15	0	23	23	0	16	16	0	19	17	2
NC_059183.1	18328910	18328911	*	12	5	7	14	13	1	14	14	0	21	20	1	15	14	1	12	9	3	16	13	3	11	10	1	14	14	0	18	17	1	19	18	1	26	24	2	17	16	1	18	18	0	25	22	3	22	21	1	12	11	1	12	10	2	28	26	2
NC_059183.1	18451855	18451856	*	20	19	1	15	13	2	11	11	0	16	13	3	12	11	1	17	17	0	17	16	1	21	18	3	13	12	1	22	21	1	17	15	2	23	18	5	16	16	0	11	10	1	25	19	6	19	17	2	16	15	1	17	17	0	18	16	2
NC_059183.1	18608509	18608510	*	21	19	2	15	14	1	15	15	0	11	9	2	22	21	1	20	19	1	16	14	2	18	15	3	18	17	1	22	21	1	21	19	2	34	34	0	26	25	1	25	24	1	29	27	2	29	29	0	16	15	1	17	16	1	36	34	2
NC_059183.1	18608527	18608528	*	23	23	0	17	15	2	16	15	1	11	9	2	22	21	1	20	18	2	16	15	1	17	14	3	15	15	0	23	22	1	22	19	3	31	30	1	23	21	2	23	22	1	30	30	0	29	28	1	14	12	2	19	18	1	34	33	1
NC_059183.1	18608542	18608543	*	21	21	0	17	15	2	16	13	3	11	7	4	23	21	2	20	19	1	16	14	2	19	16	3	14	13	1	20	17	3	21	18	3	28	25	3	21	20	1	22	18	4	30	27	3	26	22	4	14	13	1	18	17	1	31	27	4
NC_059183.1	18784319	18784320	*	17	10	7	10	8	2	18	17	1	15	11	4	21	18	3	10	9	1	12	10	2	13	2	11	14	11	3	21	8	13	10	0	10	14	12	2	13	9	4	18	14	4	15	13	2	20	17	3	13	10	3	12	7	5	15	13	2
NC_059183.1	18834413	18834414	*	21	20	1	21	20	1	16	12	4	15	15	0	17	16	1	19	17	2	19	16	3	14	12	2	16	14	2	22	21	1	15	14	1	20	18	2	23	23	0	20	18	2	21	20	1	19	15	4	13	11	2	24	21	3	25	20	5
NC_059183.1	18834429	18834430	*	21	20	1	21	17	4	16	15	1	16	14	2	17	15	2	18	15	3	19	18	1	12	11	1	17	16	1	24	22	2	14	8	6	22	18	4	22	21	1	17	17	0	23	22	1	21	18	3	15	12	3	24	21	3	25	22	3
NC_059183.1	18886532	18886533	*	19	19	0	19	19	0	12	12	0	19	13	6	12	12	0	16	15	1	17	11	6	11	10	1	15	14	1	13	13	0	13	11	2	20	20	0	16	15	1	11	11	0	18	18	0	17	15	2	15	13	2	17	16	1	29	28	1
NC_059183.1	18907428	18907429	*	16	16	0	11	9	2	15	14	1	13	8	5	12	7	5	17	8	9	15	11	4	13	13	0	15	13	2	17	6	11	12	12	0	16	15	1	16	15	1	15	13	2	20	7	13	31	18	13	12	8	4	10	8	2	25	25	0
NC_059183.1	18927264	18927265	*	11	11	0	12	11	1	17	17	0	11	11	0	12	12	0	19	19	0	16	15	1	14	13	1	11	6	5	22	22	0	11	10	1	21	20	1	11	10	1	15	15	0	22	22	0	20	20	0	15	15	0	14	14	0	20	19	1
NC_059183.1	18975674	18975675	*	16	16	0	18	18	0	21	20	1	10	10	0	12	11	1	16	16	0	12	12	0	14	14	0	13	12	1	19	18	1	20	17	3	26	26	0	26	24	2	26	26	0	24	24	0	23	19	4	18	17	1	12	12	0	24	24	0
NC_059183.1	18975707	18975708	*	16	15	1	20	19	1	17	17	0	13	13	0	13	13	0	17	17	0	21	21	0	16	16	0	13	13	0	20	20	0	28	26	2	28	28	0	31	31	0	27	27	0	30	30	0	26	24	2	25	24	1	15	14	1	29	29	0
NC_059183.1	18975829	18975830	*	17	15	2	18	17	1	10	8	2	17	14	3	13	8	5	12	10	2	12	11	1	10	9	1	12	10	2	25	22	3	26	21	5	29	24	5	19	10	9	17	5	12	37	26	11	31	21	10	29	24	5	10	9	1	23	22	1
NC_059184.1	106131	106132	*	15	13	2	18	14	4	19	14	5	13	8	5	10	7	3	22	18	4	12	9	3	13	9	4	13	11	2	15	13	2	13	12	1	25	19	6	16	13	3	17	7	10	27	21	6	25	21	4	14	5	9	18	16	2	31	26	5
NC_059184.1	400649	400650	*	22	18	4	39	34	5	16	6	10	19	19	0	16	16	0	24	22	2	18	16	2	24	21	3	23	23	0	24	23	1	26	20	6	34	30	4	22	20	2	27	26	1	35	32	3	22	21	1	24	22	2	18	17	1	24	10	14
NC_059184.1	400721	400722	*	27	27	0	48	47	1	16	15	1	22	21	1	23	22	1	21	21	0	18	18	0	23	23	0	22	22	0	24	23	1	35	35	0	39	36	3	27	23	4	29	29	0	33	32	1	28	27	1	23	23	0	19	19	0	30	30	0
NC_059184.1	400786	400787	*	29	29	0	44	41	3	17	15	2	21	21	0	23	22	1	17	17	0	20	20	0	18	18	0	20	20	0	21	19	2	29	29	0	37	35	2	17	17	0	29	29	0	28	28	0	26	25	1	22	22	0	17	15	2	24	23	1
NC_059184.1	400816	400817	*	24	23	1	34	31	3	12	11	1	18	16	2	22	21	1	14	13	1	21	19	2	15	13	2	21	21	0	20	20	0	19	19	0	31	30	1	17	17	0	21	19	2	21	20	1	28	28	0	20	20	0	15	15	0	20	19	1
NC_059184.1	792843	792844	*	18	18	0	17	17	0	19	17	2	20	20	0	14	14	0	20	20	0	14	13	1	14	11	3	13	11	2	22	22	0	14	13	1	29	23	6	15	13	2	18	17	1	21	19	2	24	24	0	14	13	1	13	11	2	24	21	3
NC_059184.1	792889	792890	*	18	17	1	16	16	0	16	15	1	17	17	0	15	15	0	21	21	0	13	13	0	14	12	2	16	16	0	25	24	1	16	15	1	30	28	2	19	17	2	19	19	0	20	18	2	19	19	0	14	13	1	11	10	1	32	30	2
NC_059184.1	800943	800944	*	16	10	6	16	9	7	16	9	7	14	11	3	13	10	3	17	9	8	11	6	5	11	6	5	13	8	5	16	6	10	28	10	18	21	10	11	21	9	12	16	8	8	22	7	15	20	12	8	17	13	4	19	6	13	28	18	10
NC_059184.1	807723	807724	*	15	14	1	14	11	3	13	12	1	12	4	8	15	13	2	20	9	11	10	2	8	12	10	2	17	14	3	16	0	16	12	8	4	18	16	2	16	6	10	16	9	7	25	13	12	23	12	11	15	7	8	14	6	8	22	11	11
NC_059184.1	815322	815323	*	24	16	8	13	11	2	18	15	3	15	11	4	11	10	1	24	20	4	13	12	1	14	12	2	18	16	2	11	9	2	16	14	2	18	13	5	18	16	2	11	9	2	19	17	2	26	22	4	24	21	3	15	14	1	22	18	4
NC_059184.1	815330	815331	*	23	22	1	12	12	0	18	17	1	15	13	2	11	9	2	24	22	2	12	12	0	13	11	2	19	17	2	11	10	1	18	18	0	18	15	3	20	20	0	10	10	0	19	18	1	26	26	0	24	20	4	14	13	1	22	20	2
NC_059184.1	815360	815361	*	22	22	0	15	13	2	19	18	1	17	15	2	14	14	0	26	25	1	14	12	2	15	14	1	22	22	0	15	14	1	19	19	0	19	17	2	23	22	1	10	9	1	20	19	1	24	15	9	22	22	0	18	18	0	21	20	1
NC_059184.1	815468	815469	*	28	19	9	15	9	6	20	10	10	19	15	4	16	12	4	19	11	8	21	13	8	11	5	6	19	15	4	15	7	8	14	9	5	21	16	5	26	19	7	13	9	4	25	20	5	23	13	10	20	17	3	16	12	4	26	22	4
NC_059184.1	843452	843453	*	12	5	7	12	11	1	10	7	3	12	6	6	14	7	7	23	20	3	13	7	6	12	2	10	19	9	10	13	10	3	13	8	5	19	0	19	15	8	7	18	10	8	19	0	19	21	11	10	24	2	22	18	1	17	20	6	14
NC_059184.1	843459	843460	*	12	5	7	11	10	1	10	4	6	12	5	7	16	9	7	24	21	3	13	6	7	12	2	10	20	10	10	15	8	7	13	9	4	22	0	22	15	8	7	19	12	7	21	1	20	21	12	9	24	1	23	19	0	19	23	10	13
NC_059184.1	843491	843492	*	13	6	7	11	9	2	13	7	6	13	7	6	18	10	8	26	26	0	15	7	8	14	1	13	18	4	14	17	8	9	15	9	6	24	0	24	13	8	5	20	11	9	21	0	21	21	11	10	18	9	9	17	0	17	28	10	18
NC_059184.1	1183155	1183156	*	10	9	1	14	13	1	21	20	1	17	16	1	12	12	0	20	19	1	10	10	0	12	12	0	11	10	1	14	14	0	11	11	0	14	14	0	18	18	0	10	9	1	13	12	1	14	14	0	11	11	0	15	15	0	21	20	1
NC_059184.1	1315280	1315281	*	14	13	1	19	17	2	11	8	3	16	12	4	11	0	11	13	3	10	13	6	7	10	4	6	12	10	2	13	10	3	20	18	2	12	4	8	11	9	2	18	5	13	20	10	10	16	1	15	13	2	11	15	8	7	15	2	13
NC_059184.1	1371708	1371709	*	12	12	0	19	17	2	14	14	0	14	14	0	16	14	2	11	11	0	10	10	0	21	20	1	13	12	1	15	15	0	14	14	0	15	14	1	17	17	0	11	10	1	18	16	2	11	11	0	10	10	0	16	15	1	15	15	0
NC_059184.1	1418399	1418400	*	15	15	0	14	14	0	11	10	1	11	11	0	16	15	1	10	10	0	12	12	0	10	10	0	13	12	1	15	15	0	14	14	0	20	19	1	13	13	0	18	18	0	21	18	3	19	19	0	13	10	3	11	10	1	27	26	1
NC_059184.1	1418438	1418439	*	21	19	2	19	19	0	14	11	3	13	13	0	21	19	2	11	11	0	15	13	2	12	12	0	16	15	1	24	23	1	17	16	1	33	31	2	20	19	1	25	24	1	29	27	2	25	25	0	14	12	2	17	17	0	35	34	1
NC_059184.1	1418515	1418516	*	25	25	0	20	20	0	16	16	0	18	18	0	22	22	0	16	16	0	17	17	0	13	12	1	19	19	0	28	28	0	21	19	2	31	29	2	22	22	0	23	21	2	33	31	2	31	30	1	16	16	0	24	21	3	40	39	1
NC_059184.1	1418546	1418547	*	19	19	0	17	17	0	16	16	0	14	14	0	22	21	1	13	13	0	16	16	0	12	11	1	17	17	0	27	25	2	17	17	0	31	30	1	17	16	1	20	18	2	27	27	0	28	28	0	13	12	1	20	18	2	33	31	2
NC_059184.1	1519090	1519091	*	14	11	3	20	19	1	20	17	3	18	17	1	14	14	0	21	18	3	10	8	2	10	9	1	12	10	2	17	12	5	15	13	2	11	9	2	24	20	4	21	18	3	20	19	1	25	24	1	17	16	1	20	17	3	21	18	3
NC_059184.1	1519323	1519324	*	16	8	8	17	10	7	13	7	6	17	0	17	18	7	11	23	0	23	13	0	13	19	0	19	21	0	21	17	8	9	22	9	13	26	0	26	19	0	19	18	0	18	29	1	28	36	0	36	11	0	11	21	12	9	33	1	32
NC_059184.1	1523666	1523667	*	16	16	0	14	14	0	10	10	0	10	10	0	14	14	0	14	14	0	14	13	1	10	10	0	11	11	0	16	13	3	18	15	3	16	16	0	15	14	1	16	16	0	20	20	0	14	13	1	17	16	1	16	13	3	34	32	2
NC_059184.1	1591580	1591581	*	13	13	0	19	19	0	17	16	1	14	14	0	15	9	6	16	15	1	20	19	1	13	13	0	20	18	2	13	12	1	27	27	0	19	19	0	20	18	2	14	13	1	24	17	7	33	30	3	22	21	1	20	19	1	25	25	0
NC_059184.1	1591664	1591665	*	11	6	5	17	7	10	16	0	16	16	9	7	11	6	5	13	5	8	18	0	18	16	0	16	17	10	7	16	0	16	18	0	18	22	10	12	18	11	7	14	0	14	18	0	18	24	1	23	17	0	17	18	1	17	21	0	21
NC_059184.1	1591677	1591678	*	11	6	5	17	7	10	16	0	16	17	10	7	11	7	4	14	5	9	16	0	16	13	0	13	14	10	4	14	0	14	15	0	15	22	9	13	18	11	7	16	0	16	17	0	17	23	2	21	20	0	20	18	0	18	22	0	22
NC_059184.1	1591863	1591864	*	13	13	0	23	21	2	15	14	1	13	12	1	17	15	2	19	19	0	16	16	0	16	16	0	14	13	1	17	14	3	11	11	0	28	28	0	13	13	0	17	16	1	23	21	2	18	17	1	16	16	0	12	11	1	20	19	1
NC_059184.1	1664355	1664356	*	11	10	1	16	14	2	22	22	0	15	15	0	22	21	1	20	20	0	12	11	1	15	14	1	14	14	0	16	16	0	22	21	1	28	28	0	17	17	0	14	14	0	23	22	1	23	21	2	11	10	1	20	20	0	25	23	2
NC_059184.1	2226946	2226947	*	15	15	0	16	15	1	15	13	2	17	17	0	15	15	0	17	16	1	23	22	1	25	24	1	15	14	1	13	13	0	19	19	0	23	23	0	23	22	1	18	18	0	27	26	1	24	22	2	18	18	0	20	17	3	23	22	1
NC_059184.1	2235106	2235107	*	17	16	1	16	14	2	19	19	0	16	15	1	13	13	0	25	24	1	12	11	1	18	17	1	14	12	2	16	16	0	11	10	1	30	29	1	23	21	2	15	14	1	26	22	4	17	16	1	15	14	1	13	11	2	14	14	0
NC_059184.1	2263819	2263820	*	16	13	3	23	22	1	14	14	0	19	17	2	16	16	0	21	19	2	18	17	1	13	12	1	11	11	0	17	14	3	18	16	2	24	22	2	19	19	0	16	16	0	28	24	4	22	22	0	22	22	0	22	19	3	24	23	1
NC_059184.1	2263900	2263901	*	24	21	3	31	22	9	18	15	3	19	16	3	21	19	2	27	21	6	20	13	7	20	14	6	10	6	4	20	15	5	23	16	7	27	17	10	23	14	9	20	14	6	29	20	9	31	26	5	29	21	8	27	24	3	27	23	4
NC_059184.1	2263942	2263943	*	24	18	6	32	26	6	20	14	6	18	14	4	22	16	6	26	20	6	24	16	8	23	19	4	11	8	3	22	20	2	23	19	4	30	23	7	24	14	10	21	14	7	29	22	7	33	28	5	32	25	7	25	19	6	25	25	0
NC_059184.1	2315074	2315075	*	20	20	0	22	22	0	16	15	1	11	10	1	13	12	1	23	21	2	13	13	0	12	12	0	16	16	0	17	17	0	16	15	1	20	18	2	24	24	0	14	13	1	17	17	0	21	21	0	16	15	1	19	19	0	24	24	0
NC_059184.1	2545036	2545037	*	28	20	8	23	21	2	16	12	4	17	17	0	20	19	1	25	23	2	23	7	16	19	11	8	15	15	0	20	9	11	29	27	2	31	30	1	18	16	2	19	18	1	35	34	1	25	25	0	21	19	2	14	4	10	28	9	19
NC_059184.1	2562600	2562601	*	14	7	7	17	10	7	14	7	7	15	11	4	10	4	6	20	12	8	10	6	4	12	8	4	11	8	3	18	11	7	13	9	4	23	18	5	21	15	6	16	14	2	14	8	6	18	11	7	16	11	5	16	11	5	27	19	8
NC_059184.1	2562636	2562637	*	12	11	1	18	17	1	15	15	0	17	15	2	10	10	0	21	19	2	10	10	0	13	12	1	10	10	0	20	20	0	15	15	0	21	20	1	20	20	0	16	15	1	13	13	0	22	22	0	14	14	0	18	17	1	24	23	1
NC_059184.1	2562660	2562661	*	13	13	0	19	18	1	14	14	0	16	16	0	11	10	1	21	20	1	11	11	0	11	11	0	10	10	0	20	19	1	17	17	0	21	20	1	19	19	0	15	15	0	13	13	0	23	23	0	14	13	1	18	17	1	21	19	2
NC_059184.1	2565938	2565939	*	16	16	0	22	18	4	20	20	0	15	15	0	19	18	1	15	13	2	18	17	1	13	13	0	10	9	1	18	16	2	16	15	1	30	29	1	13	12	1	18	16	2	32	30	2	17	16	1	20	20	0	20	18	2	30	27	3
NC_059184.1	2581884	2581885	*	14	11	3	12	9	3	11	9	2	15	11	4	18	14	4	16	8	8	14	10	4	16	6	10	13	8	5	13	10	3	14	6	8	22	8	14	16	10	6	19	13	6	24	16	8	19	11	8	24	17	7	17	0	17	24	13	11
NC_059184.1	2687509	2687510	*	14	12	2	17	17	0	12	12	0	22	21	1	16	16	0	23	22	1	19	18	1	10	10	0	10	9	1	20	19	1	14	14	0	20	18	2	15	14	1	17	16	1	20	20	0	16	12	4	15	14	1	14	13	1	23	18	5
NC_059184.1	2687581	2687582	*	13	10	3	18	13	5	14	13	1	17	11	6	19	19	0	15	13	2	15	15	0	17	13	4	16	12	4	15	14	1	14	13	1	22	22	0	14	12	2	18	17	1	26	20	6	18	14	4	20	16	4	15	13	2	21	17	4
NC_059184.1	2690657	2690658	*	21	19	2	10	10	0	17	15	2	21	21	0	15	15	0	16	15	1	21	21	0	13	11	2	13	13	0	15	15	0	17	17	0	22	20	2	21	20	1	15	15	0	18	18	0	25	24	1	18	18	0	16	16	0	16	15	1
NC_059184.1	2694844	2694845	*	13	12	1	19	0	19	13	5	8	18	0	18	12	7	5	20	8	12	21	12	9	19	0	19	14	0	14	18	1	17	12	0	12	21	1	20	10	0	10	19	0	19	20	9	11	20	0	20	19	0	19	18	8	10	24	9	15
NC_059184.1	2819464	2819465	*	18	16	2	28	23	5	17	14	3	20	13	7	21	11	10	14	10	4	20	14	6	14	9	5	14	11	3	23	19	4	14	8	6	26	21	5	17	14	3	16	13	3	32	22	10	22	16	6	24	17	7	23	18	5	23	17	6
NC_059184.1	2819622	2819623	*	25	25	0	23	22	1	17	15	2	18	16	2	23	23	0	22	21	1	10	10	0	12	11	1	15	14	1	23	21	2	25	22	3	24	23	1	17	17	0	21	21	0	32	32	0	33	30	3	30	29	1	28	26	2	33	32	1
NC_059184.1	2837612	2837613	*	14	6	8	26	0	26	18	8	10	22	0	22	20	0	20	14	0	14	15	8	7	14	0	14	13	0	13	16	1	15	25	0	25	22	0	22	17	0	17	20	0	20	25	0	25	22	0	22	24	0	24	13	0	13	25	9	16
NC_059184.1	2837623	2837624	*	15	8	7	26	0	26	16	8	8	20	0	20	14	1	13	13	0	13	14	6	8	13	0	13	13	0	13	13	0	13	22	0	22	23	0	23	13	0	13	14	0	14	25	0	25	21	0	21	21	0	21	10	0	10	26	9	17
NC_059184.1	2837645	2837646	*	19	9	10	31	0	31	19	11	8	25	0	25	19	0	19	15	1	14	17	7	10	14	1	13	16	0	16	17	0	17	25	0	25	29	0	29	15	0	15	19	0	19	25	0	25	26	0	26	25	0	25	10	0	10	30	9	21
NC_059184.1	2858546	2858547	*	11	5	6	20	11	9	18	18	0	12	11	1	12	12	0	16	5	11	13	6	7	15	15	0	10	4	6	14	12	2	13	3	10	13	4	9	11	6	5	11	6	5	27	0	27	20	9	11	12	0	12	12	10	2	27	16	11
NC_059184.1	2871373	2871374	*	29	26	3	17	15	2	20	20	0	20	18	2	23	22	1	13	12	1	18	17	1	11	11	0	12	12	0	17	14	3	19	18	1	21	20	1	17	15	2	22	21	1	32	30	2	23	20	3	16	16	0	13	11	2	30	28	2
NC_059184.1	2871436	2871437	*	28	22	6	14	10	4	20	20	0	15	14	1	16	16	0	16	15	1	16	14	2	11	10	1	10	7	3	17	16	1	13	11	2	17	8	9	12	11	1	15	13	2	22	19	3	19	16	3	20	16	4	13	8	5	20	20	0
NC_059184.1	2871516	2871517	*	25	23	2	20	19	1	19	19	0	12	12	0	16	16	0	17	16	1	15	15	0	13	10	3	11	10	1	16	15	1	12	11	1	16	14	2	12	11	1	11	10	1	17	16	1	13	13	0	23	22	1	22	21	1	15	15	0
NC_059184.1	3020652	3020653	*	21	13	8	24	10	14	17	7	10	18	10	8	11	5	6	25	22	3	17	10	7	24	24	0	10	4	6	18	17	1	14	14	0	16	16	0	14	7	7	25	22	3	20	17	3	24	24	0	21	20	1	12	4	8	28	10	18
NC_059184.1	3043153	3043154	*	11	6	5	16	0	16	16	13	3	15	6	9	22	12	10	12	0	12	21	21	0	11	7	4	10	4	6	16	16	0	11	0	11	23	23	0	17	16	1	15	15	0	21	6	15	21	18	3	13	3	10	17	15	2	20	18	2
NC_059184.1	3134572	3134573	*	20	9	11	16	9	7	18	18	0	12	11	1	11	10	1	19	18	1	18	18	0	15	15	0	12	12	0	23	15	8	17	17	0	19	18	1	15	14	1	13	13	0	21	19	2	17	17	0	16	16	0	25	24	1	24	22	2
NC_059184.1	3134582	3134583	*	18	7	11	16	13	3	17	16	1	12	12	0	11	10	1	17	15	2	18	18	0	14	14	0	12	11	1	23	13	10	17	17	0	16	14	2	15	14	1	14	13	1	19	18	1	17	16	1	17	17	0	23	22	1	24	23	1
NC_059184.1	3356278	3356279	*	15	14	1	30	0	30	15	1	14	13	11	2	11	5	6	24	2	22	16	0	16	12	5	7	11	7	4	15	0	15	18	13	5	16	10	6	12	0	12	20	0	20	31	0	31	25	1	24	20	0	20	17	7	10	30	2	28
NC_059184.1	3356307	3356308	*	19	18	1	28	12	16	15	13	2	13	12	1	13	10	3	20	4	16	15	6	9	11	8	3	11	9	2	16	13	3	20	15	5	12	6	6	12	7	5	18	8	10	31	0	31	24	7	17	21	0	21	15	13	2	29	14	15
NC_059184.1	3474978	3474979	*	26	25	1	21	18	3	16	16	0	16	15	1	12	10	2	19	17	2	10	3	7	18	16	2	23	23	0	17	17	0	13	13	0	23	9	14	15	5	10	26	14	12	26	12	14	22	10	12	22	14	8	23	22	1	20	8	12
NC_059184.1	3577867	3577868	*	25	5	20	20	1	19	12	1	11	11	4	7	16	2	14	18	2	16	15	4	11	13	3	10	10	4	6	21	4	17	11	0	11	18	2	16	12	3	9	20	4	16	24	7	17	23	5	18	12	2	10	19	1	18	24	4	20
NC_059184.1	3577893	3577894	*	21	20	1	19	17	2	13	12	1	10	9	1	14	13	1	16	15	1	16	14	2	15	13	2	12	6	6	18	17	1	11	10	1	20	16	4	12	10	2	21	17	4	24	21	3	21	21	0	17	16	1	17	10	7	22	11	11
NC_059184.1	3755652	3755653	*	11	11	0	13	12	1	18	15	3	10	10	0	23	22	1	10	10	0	10	10	0	16	14	2	16	16	0	15	14	1	18	17	1	21	20	1	11	11	0	11	10	1	26	23	3	14	13	1	18	16	2	20	18	2	21	19	2
NC_059184.1	3755963	3755964	*	16	13	3	12	10	2	15	14	1	17	14	3	16	15	1	14	14	0	14	14	0	12	12	0	18	17	1	13	13	0	11	11	0	19	18	1	13	12	1	23	23	0	22	19	3	13	13	0	21	20	1	12	10	2	22	22	0
NC_059184.1	3785256	3785257	*	17	16	1	13	13	0	15	15	0	11	11	0	12	6	6	12	11	1	13	5	8	23	8	15	11	11	0	21	10	11	15	13	2	23	0	23	11	5	6	15	11	4	31	12	19	25	0	25	15	0	15	15	7	8	39	18	21
NC_059184.1	3793799	3793800	*	17	6	11	15	0	15	21	2	19	15	0	15	18	0	18	14	0	14	20	9	11	18	9	9	11	1	10	19	3	16	27	2	25	22	0	22	19	3	16	18	2	16	21	9	12	24	0	24	27	2	25	16	0	16	19	0	19
NC_059184.1	3793873	3793874	*	16	5	11	17	0	17	21	0	21	14	0	14	20	1	19	16	0	16	17	8	9	23	8	15	10	0	10	23	1	22	25	0	25	22	0	22	18	0	18	17	0	17	21	10	11	30	0	30	20	1	19	14	1	13	22	0	22
NC_059184.1	3857929	3857930	*	15	13	2	19	15	4	16	13	3	14	8	6	17	13	4	17	11	6	11	10	1	12	11	1	17	13	4	13	12	1	14	14	0	19	8	11	11	8	3	14	9	5	27	17	10	28	22	6	16	11	5	11	8	3	22	12	10
NC_059184.1	3882883	3882884	*	19	19	0	21	20	1	17	15	2	14	14	0	11	11	0	17	16	1	15	15	0	11	11	0	10	10	0	15	15	0	14	14	0	20	20	0	12	10	2	15	14	1	25	25	0	17	16	1	18	18	0	14	12	2	13	13	0
NC_059184.1	3882892	3882893	*	19	18	1	21	21	0	17	17	0	14	14	0	11	11	0	20	19	1	15	12	3	12	11	1	10	10	0	15	15	0	14	14	0	20	20	0	11	10	1	16	15	1	25	24	1	19	19	0	19	19	0	15	12	3	13	13	0
NC_059184.1	3886163	3886164	*	21	17	4	12	9	3	13	12	1	15	12	3	14	13	1	21	19	2	20	18	2	15	14	1	18	14	4	22	20	2	17	14	3	17	16	1	21	17	4	12	12	0	25	24	1	16	12	4	15	15	0	22	20	2	15	14	1
NC_059184.1	3965342	3965343	*	29	26	3	13	11	2	24	23	1	27	24	3	23	21	2	22	18	4	23	22	1	22	19	3	18	16	2	15	14	1	17	14	3	18	15	3	31	27	4	27	26	1	24	17	7	36	30	6	17	14	3	22	20	2	29	25	4
NC_059184.1	3984577	3984578	*	21	12	9	13	10	3	13	1	12	18	15	3	13	0	13	14	4	10	20	5	15	10	3	7	16	2	14	23	15	8	26	7	19	25	11	14	16	8	8	11	9	2	28	14	14	23	11	12	25	8	17	21	12	9	25	6	19
NC_059184.1	3984584	3984585	*	20	11	9	13	10	3	14	0	14	19	17	2	12	0	12	14	3	11	23	6	17	10	4	6	16	1	15	23	15	8	29	3	26	27	13	14	17	8	9	14	10	4	28	15	13	23	10	13	25	9	16	24	14	10	25	11	14
NC_059184.1	4160146	4160147	*	27	26	1	18	16	2	26	17	9	26	21	5	19	14	5	25	25	0	19	17	2	19	14	5	17	16	1	18	16	2	24	22	2	17	17	0	16	15	1	17	17	0	32	31	1	18	18	0	10	10	0	15	15	0	27	26	1
NC_059184.1	4160160	4160161	*	26	26	0	15	14	1	24	16	8	27	27	0	20	15	5	30	28	2	18	16	2	20	14	6	17	16	1	17	16	1	24	23	1	15	15	0	16	15	1	17	16	1	29	29	0	19	18	1	11	9	2	14	13	1	27	26	1
NC_059184.1	4160324	4160325	*	29	28	1	22	18	4	19	19	0	24	22	2	10	8	2	34	33	1	21	17	4	13	12	1	21	19	2	16	15	1	25	22	3	13	13	0	11	11	0	20	20	0	27	24	3	23	23	0	10	10	0	20	19	1	27	26	1
NC_059184.1	4163323	4163324	*	15	14	1	22	21	1	13	13	0	10	10	0	15	13	2	17	13	4	12	11	1	18	17	1	13	13	0	24	24	0	13	12	1	13	12	1	14	14	0	10	10	0	23	22	1	24	24	0	17	17	0	18	16	2	20	19	1
NC_059184.1	4163337	4163338	*	14	13	1	22	21	1	13	13	0	11	9	2	15	15	0	16	15	1	12	11	1	16	16	0	13	12	1	22	22	0	12	12	0	14	13	1	13	13	0	10	9	1	20	20	0	24	24	0	17	16	1	19	18	1	20	19	1
NC_059184.1	4210444	4210445	*	14	6	8	13	0	13	10	0	10	13	7	6	10	0	10	14	0	14	17	0	17	12	0	12	10	4	6	14	0	14	11	0	11	15	0	15	11	2	9	16	0	16	24	1	23	14	0	14	21	0	21	13	0	13	17	0	17
NC_059184.1	4224157	4224158	*	13	13	0	20	18	2	19	18	1	15	15	0	17	17	0	20	19	1	18	17	1	13	13	0	18	17	1	18	18	0	15	13	2	22	22	0	14	13	1	18	16	2	24	23	1	18	18	0	16	16	0	10	8	2	22	20	2
NC_059184.1	4228355	4228356	*	18	16	2	17	17	0	17	17	0	19	18	1	19	19	0	26	20	6	15	15	0	21	20	1	15	14	1	20	20	0	24	22	2	35	33	2	22	20	2	17	16	1	28	28	0	21	19	2	17	13	4	22	22	0	30	28	2
NC_059184.1	4228411	4228412	*	17	16	1	12	10	2	16	15	1	16	14	2	19	17	2	22	21	1	17	17	0	23	22	1	18	16	2	15	15	0	20	19	1	33	32	1	20	19	1	21	18	3	23	22	1	20	18	2	20	20	0	24	22	2	26	23	3
NC_059184.1	4228420	4228421	*	17	16	1	13	12	1	17	17	0	13	11	2	20	18	2	21	21	0	17	17	0	23	23	0	18	17	1	15	15	0	19	18	1	32	31	1	21	19	2	20	17	3	22	21	1	20	19	1	20	20	0	25	22	3	26	23	3
NC_059184.1	4228480	4228481	*	13	12	1	13	12	1	18	18	0	16	14	2	21	21	0	22	21	1	14	13	1	21	20	1	15	15	0	15	15	0	17	16	1	24	21	3	18	18	0	19	18	1	17	17	0	25	25	0	22	22	0	19	18	1	27	26	1
NC_059184.1	4323443	4323444	*	29	28	1	15	14	1	23	21	2	16	16	0	19	17	2	24	24	0	17	16	1	12	12	0	22	21	1	20	19	1	16	12	4	26	25	1	10	10	0	19	19	0	21	18	3	25	25	0	19	17	2	24	23	1	33	32	1
NC_059184.1	4369374	4369375	*	16	16	0	13	12	1	17	17	0	14	13	1	16	16	0	16	16	0	13	13	0	14	14	0	11	11	0	14	14	0	10	9	1	15	15	0	20	19	1	13	13	0	11	11	0	18	18	0	12	10	2	25	23	2	13	13	0
NC_059184.1	4375970	4375971	*	12	10	2	18	18	0	11	5	6	14	12	2	15	12	3	16	12	4	12	1	11	12	8	4	10	8	2	20	17	3	12	11	1	21	14	7	14	7	7	14	11	3	25	19	6	15	14	1	11	9	2	15	5	10	20	19	1
NC_059184.1	4376055	4376056	*	16	15	1	23	22	1	16	16	0	24	22	2	12	11	1	16	16	0	11	11	0	12	12	0	12	12	0	18	18	0	10	10	0	21	21	0	13	13	0	13	13	0	23	23	0	19	18	1	16	14	2	23	20	3	20	20	0
NC_059184.1	4680857	4680858	*	23	21	2	23	23	0	11	9	2	17	17	0	17	15	2	22	21	1	18	18	0	10	6	4	16	6	10	16	15	1	17	15	2	28	25	3	22	8	14	17	16	1	26	25	1	20	20	0	16	10	6	18	11	7	23	22	1
NC_059184.1	4680985	4680986	*	14	11	3	22	21	1	17	15	2	11	9	2	12	12	0	17	15	2	11	4	7	12	11	1	13	11	2	18	17	1	14	13	1	17	7	10	18	9	9	12	3	9	16	8	8	21	7	14	17	4	13	17	16	1	16	12	4
NC_059184.1	5632648	5632649	*	22	19	3	16	9	7	13	13	0	14	13	1	11	10	1	23	21	2	11	11	0	13	9	4	10	9	1	23	23	0	11	11	0	23	23	0	13	0	13	14	4	10	23	22	1	17	0	17	10	7	3	19	19	0	26	12	14
NC_059184.1	5632868	5632869	*	19	18	1	20	19	1	17	17	0	17	15	2	11	11	0	14	14	0	10	10	0	12	12	0	14	10	4	19	19	0	13	13	0	21	21	0	18	18	0	13	11	2	25	24	1	16	15	1	12	12	0	18	18	0	27	26	1
NC_059184.1	5698301	5698302	*	20	5	15	18	0	18	12	0	12	13	0	13	11	0	11	15	0	15	16	0	16	14	0	14	11	0	11	19	1	18	11	0	11	20	0	20	16	0	16	20	0	20	18	0	18	21	1	20	15	0	15	25	0	25	19	0	19
NC_059184.1	5793092	5793093	*	14	14	0	11	11	0	12	12	0	11	11	0	12	12	0	15	14	1	14	13	1	13	13	0	13	13	0	15	12	3	19	18	1	25	24	1	26	25	1	15	15	0	15	14	1	22	21	1	15	15	0	13	12	1	15	15	0
NC_059184.1	5793140	5793141	*	11	11	0	10	10	0	10	10	0	11	11	0	10	10	0	12	11	1	11	10	1	12	12	0	14	13	1	15	13	2	16	16	0	22	22	0	20	20	0	13	13	0	11	10	1	22	21	1	11	11	0	13	9	4	11	11	0
NC_059184.1	5796092	5796093	*	15	13	2	13	12	1	21	18	3	13	11	2	14	13	1	16	15	1	14	11	3	10	8	2	12	12	0	20	18	2	10	6	4	16	7	9	17	14	3	15	12	3	18	18	0	25	18	7	19	19	0	17	15	2	18	11	7
NC_059184.1	5810907	5810908	*	16	15	1	15	15	0	12	3	9	16	16	0	14	14	0	14	14	0	14	6	8	11	11	0	10	10	0	16	16	0	13	12	1	29	28	1	16	15	1	23	21	2	23	10	13	20	19	1	13	12	1	21	21	0	18	16	2
NC_059184.1	5817100	5817101	*	21	20	1	10	10	0	14	12	2	12	11	1	12	12	0	22	21	1	11	11	0	15	15	0	15	13	2	14	14	0	14	14	0	22	21	1	10	10	0	16	15	1	25	25	0	24	24	0	10	9	1	22	20	2	22	22	0
NC_059184.1	5844737	5844738	*	16	15	1	19	2	17	13	7	6	19	4	15	13	11	2	19	9	10	16	9	7	13	12	1	13	0	13	17	7	10	19	18	1	24	1	23	14	1	13	12	9	3	30	13	17	22	1	21	14	0	14	22	10	12	28	19	9
NC_059184.1	7008213	7008214	*	22	13	9	25	25	0	13	9	4	17	17	0	24	23	1	17	13	4	17	9	8	22	10	12	22	18	4	20	19	1	19	16	3	28	12	16	23	12	11	21	0	21	23	12	11	25	13	12	32	28	4	17	16	1	26	17	9
NC_059184.1	7020277	7020278	*	14	14	0	16	15	1	14	14	0	16	16	0	18	18	0	15	14	1	14	14	0	14	14	0	13	13	0	13	13	0	16	16	0	12	10	2	15	14	1	19	18	1	17	16	1	19	18	1	12	11	1	21	21	0	25	25	0
NC_059184.1	7020296	7020297	*	17	17	0	18	15	3	15	15	0	18	18	0	19	19	0	17	17	0	15	15	0	18	18	0	14	9	5	12	8	4	16	4	12	15	7	8	14	14	0	19	19	0	18	16	2	19	19	0	11	11	0	22	22	0	29	29	0
NC_059184.1	7020322	7020323	*	19	19	0	18	16	2	16	16	0	17	17	0	20	20	0	19	17	2	15	15	0	19	19	0	16	16	0	15	14	1	17	14	3	16	13	3	16	15	1	19	19	0	18	16	2	23	23	0	11	11	0	21	20	1	28	26	2
NC_059184.1	8400662	8400663	*	15	13	2	17	15	2	10	10	0	15	14	1	13	12	1	14	13	1	20	19	1	21	20	1	21	19	2	16	15	1	16	16	0	22	20	2	16	14	2	15	15	0	17	16	1	17	16	1	19	16	3	19	19	0	17	16	1
NC_059184.1	8732720	8732721	*	15	15	0	30	27	3	11	6	5	15	15	0	18	18	0	24	23	1	18	17	1	12	11	1	10	9	1	22	22	0	23	23	0	21	20	1	26	25	1	18	17	1	16	15	1	21	11	10	26	26	0	17	17	0	26	25	1
NC_059184.1	9528688	9528689	*	18	13	5	21	0	21	15	8	7	22	0	22	14	0	14	19	0	19	18	0	18	11	0	11	13	0	13	18	6	12	19	7	12	22	0	22	18	9	9	15	6	9	32	0	32	18	1	17	22	0	22	14	8	6	32	0	32
NC_059184.1	9717003	9717004	*	23	20	3	12	10	2	14	12	2	15	12	3	17	15	2	18	14	4	11	10	1	20	18	2	13	12	1	19	15	4	12	7	5	25	20	5	11	8	3	15	13	2	25	22	3	19	18	1	16	13	3	15	14	1	20	17	3
NC_059184.1	9717070	9717071	*	17	17	0	17	16	1	14	13	1	20	20	0	17	16	1	24	21	3	18	18	0	20	19	1	16	15	1	22	21	1	22	22	0	29	27	2	19	17	2	20	19	1	29	28	1	23	23	0	20	20	0	15	14	1	24	22	2
NC_059184.1	9717135	9717136	*	20	20	0	28	27	1	15	14	1	23	21	2	14	10	4	26	26	0	24	20	4	15	14	1	16	15	1	24	24	0	23	23	0	37	34	3	23	22	1	25	23	2	31	31	0	21	21	0	23	22	1	27	25	2	30	30	0
NC_059184.1	9717153	9717154	*	21	19	2	30	29	1	15	14	1	23	19	4	13	9	4	25	24	1	24	17	7	16	15	1	17	14	3	22	22	0	24	23	1	38	33	5	27	27	0	27	26	1	30	29	1	26	26	0	23	23	0	28	24	4	31	30	1
NC_059184.1	9717170	9717171	*	22	12	10	29	16	13	14	6	8	21	7	14	12	1	11	23	16	7	24	7	17	15	9	6	18	11	7	21	14	7	22	9	13	39	16	23	27	17	10	27	22	5	29	18	11	27	13	14	27	9	18	25	3	22	29	10	19
NC_059184.1	9717193	9717194	*	20	9	11	30	12	18	14	5	9	21	6	15	13	0	13	21	8	13	24	2	22	14	7	7	18	11	7	18	3	15	20	2	18	36	7	29	23	6	17	27	14	13	31	16	15	26	7	19	25	8	17	25	0	25	29	6	23
NC_059184.1	9959522	9959523	*	21	18	3	21	20	1	13	13	0	14	12	2	18	18	0	19	18	1	17	14	3	16	14	2	17	15	2	12	11	1	18	17	1	25	24	1	21	20	1	23	23	0	20	20	0	24	24	0	15	14	1	22	20	2	26	23	3
NC_059184.1	11141754	11141755	*	32	32	0	23	23	0	14	14	0	10	10	0	23	22	1	21	20	1	13	11	2	13	13	0	15	13	2	15	15	0	24	23	1	20	18	2	16	15	1	14	12	2	13	11	2	20	19	1	17	17	0	15	15	0	29	28	1
NC_059184.1	11141889	11141890	*	30	26	4	27	25	2	19	18	1	10	9	1	33	28	5	14	14	0	17	17	0	14	10	4	18	18	0	24	23	1	25	23	2	24	24	0	26	24	2	27	23	4	36	34	2	19	17	2	21	21	0	18	18	0	34	33	1
NC_059184.1	11407153	11407154	*	31	30	1	27	26	1	20	20	0	23	21	2	15	14	1	37	37	0	25	23	2	16	16	0	14	14	0	26	26	0	22	21	1	37	34	3	25	25	0	16	16	0	20	19	1	23	19	4	33	32	1	20	18	2	32	30	2
NC_059184.1	11407257	11407258	*	26	25	1	22	21	1	24	22	2	20	19	1	15	14	1	35	35	0	23	23	0	20	20	0	16	15	1	23	23	0	20	18	2	34	31	3	27	25	2	16	15	1	19	18	1	24	24	0	27	26	1	15	15	0	33	32	1
NC_059184.1	11407301	11407302	*	22	22	0	15	13	2	23	23	0	15	14	1	15	15	0	29	29	0	17	16	1	15	15	0	13	12	1	19	18	1	14	11	3	21	18	3	21	20	1	13	12	1	14	14	0	17	17	0	21	17	4	15	15	0	25	23	2
NC_059184.1	12174179	12174180	*	14	14	0	23	17	6	17	14	3	14	10	4	10	10	0	17	15	2	18	17	1	10	10	0	14	13	1	13	13	0	15	10	5	19	15	4	15	12	3	13	12	1	15	13	2	21	13	8	19	18	1	16	14	2	21	15	6
NC_059184.1	12264203	12264204	*	21	11	10	19	0	19	10	0	10	10	0	10	18	6	12	21	0	21	20	0	20	10	0	10	12	0	12	16	0	16	16	0	16	17	0	17	19	1	18	13	0	13	25	13	12	21	1	20	20	0	20	11	0	11	26	0	26
NC_059184.1	12270484	12270485	*	18	18	0	16	15	1	14	11	3	15	15	0	17	17	0	17	17	0	11	11	0	11	11	0	15	14	1	19	19	0	19	17	2	20	20	0	15	14	1	20	17	3	18	18	0	18	17	1	14	13	1	23	21	2	23	22	1
NC_059184.1	12622572	12622573	*	12	11	1	22	19	3	13	12	1	12	12	0	12	11	1	17	15	2	15	13	2	13	13	0	10	9	1	17	17	0	14	13	1	14	13	1	17	16	1	14	14	0	16	16	0	20	20	0	22	21	1	16	15	1	19	17	2
NC_059184.1	12636675	12636676	*	24	23	1	18	18	0	20	20	0	13	13	0	10	9	1	20	19	1	15	15	0	13	11	2	16	16	0	22	19	3	14	12	2	25	23	2	22	22	0	13	11	2	15	12	3	21	21	0	16	15	1	16	15	1	34	33	1
NC_059184.1	12636726	12636727	*	23	21	2	17	17	0	18	16	2	10	10	0	12	10	2	19	17	2	16	16	0	13	11	2	14	14	0	20	20	0	15	15	0	23	22	1	23	23	0	10	10	0	14	14	0	24	23	1	17	16	1	18	16	2	25	25	0
NC_059184.1	13039762	13039763	*	18	17	1	16	14	2	24	24	0	10	10	0	12	12	0	14	14	0	20	20	0	20	18	2	16	16	0	16	15	1	12	11	1	27	25	2	25	24	1	14	13	1	15	15	0	19	19	0	19	17	2	10	9	1	28	24	4
NC_059184.1	13065222	13065223	*	10	10	0	25	25	0	10	10	0	11	11	0	10	10	0	21	20	1	18	17	1	15	14	1	13	12	1	16	16	0	12	11	1	21	21	0	19	10	9	11	10	1	19	18	1	19	19	0	13	13	0	11	11	0	21	20	1
NC_059184.1	13082654	13082655	*	13	12	1	18	16	2	14	14	0	26	24	2	11	11	0	21	20	1	25	25	0	18	15	3	12	11	1	23	22	1	13	12	1	19	18	1	21	19	2	25	22	3	13	13	0	22	21	1	18	17	1	12	11	1	22	22	0
NC_059184.1	13082764	13082765	*	17	15	2	18	14	4	16	16	0	19	17	2	13	13	0	22	21	1	14	12	2	18	16	2	11	11	0	31	30	1	16	13	3	18	17	1	14	13	1	15	15	0	20	20	0	18	18	0	20	17	3	12	12	0	25	23	2
NC_059184.1	13082778	13082779	*	17	15	2	16	12	4	15	14	1	16	15	1	11	10	1	21	20	1	14	14	0	16	15	1	12	12	0	29	29	0	16	14	2	17	17	0	11	11	0	15	15	0	19	19	0	18	17	1	19	18	1	12	12	0	23	22	1
NC_059184.1	13227122	13227123	*	26	10	16	28	17	11	26	4	22	24	11	13	17	11	6	23	9	14	28	7	21	29	16	13	19	3	16	27	18	9	16	2	14	36	22	14	19	8	11	29	3	26	32	9	23	19	6	13	29	7	22	14	4	10	36	7	29
NC_059184.1	13236821	13236822	*	21	21	0	23	20	3	14	14	0	15	13	2	10	7	3	24	24	0	15	10	5	11	11	0	10	7	3	26	24	2	14	13	1	16	14	2	28	26	2	14	13	1	30	22	8	21	18	3	20	19	1	19	17	2	26	25	1
NC_059184.1	13372443	13372444	*	21	20	1	21	19	2	19	17	2	18	16	2	24	24	0	15	13	2	12	11	1	25	22	3	18	18	0	25	22	3	22	19	3	21	19	2	22	20	2	10	10	0	31	30	1	21	20	1	24	23	1	12	11	1	32	31	1
NC_059184.1	13372551	13372552	*	12	10	2	29	22	7	24	17	7	16	6	10	27	25	2	15	7	8	13	4	9	22	20	2	17	11	6	24	18	6	19	12	7	25	15	10	21	9	12	15	10	5	29	19	10	28	18	10	26	18	8	21	12	9	24	13	11
NC_059184.1	13429589	13429590	*	16	14	2	17	14	3	15	14	1	14	13	1	14	14	0	21	17	4	10	10	0	23	23	0	12	12	0	15	13	2	10	10	0	18	16	2	19	16	3	14	13	1	28	26	2	28	26	2	17	15	2	16	16	0	19	18	1
NC_059184.1	13429750	13429751	*	20	19	1	20	19	1	13	13	0	19	17	2	13	13	0	13	13	0	14	12	2	22	21	1	14	13	1	13	12	1	16	15	1	20	17	3	16	15	1	16	15	1	25	24	1	18	18	0	15	15	0	10	9	1	30	29	1
NC_059184.1	13438021	13438022	*	12	11	1	20	17	3	25	12	13	13	12	1	13	13	0	14	13	1	13	13	0	13	13	0	12	10	2	14	13	1	17	10	7	19	12	7	12	12	0	19	12	7	20	19	1	28	18	10	39	21	18	36	9	27	40	23	17
NC_059184.1	13541553	13541554	*	15	15	0	13	11	2	18	16	2	13	11	2	17	16	1	18	17	1	15	11	4	12	12	0	11	10	1	16	13	3	10	8	2	18	17	1	18	16	2	17	17	0	17	17	0	17	14	3	16	16	0	13	9	4	26	22	4
NC_059184.1	13558279	13558280	*	18	10	8	24	16	8	12	0	12	11	0	11	21	20	1	16	7	9	15	4	11	24	11	13	12	3	9	21	20	1	30	13	17	20	0	20	12	0	12	20	7	13	31	11	20	15	0	15	18	7	11	16	15	1	23	7	16
NC_059184.1	13568524	13568525	*	10	8	2	26	25	1	16	16	0	15	15	0	14	14	0	22	21	1	15	13	2	20	19	1	17	16	1	22	22	0	19	17	2	22	20	2	27	26	1	28	26	2	28	27	1	18	7	11	20	18	2	21	21	0	29	27	2
NC_059184.1	13568532	13568533	*	11	10	1	26	25	1	17	15	2	14	13	1	14	13	1	23	21	2	15	14	1	17	16	1	16	15	1	19	17	2	19	18	1	22	18	4	25	23	2	27	24	3	30	29	1	18	6	12	19	18	1	22	21	1	24	23	1
NC_059184.1	13568592	13568593	*	13	12	1	19	18	1	24	21	3	15	15	0	12	11	1	26	22	4	11	10	1	14	14	0	17	13	4	16	15	1	16	13	3	20	19	1	18	17	1	20	18	2	24	23	1	20	8	12	17	15	2	18	18	0	20	20	0
NC_059184.1	13568649	13568650	*	15	14	1	20	18	2	24	21	3	13	13	0	13	12	1	24	23	1	11	10	1	11	11	0	16	15	1	16	13	3	16	16	0	22	20	2	10	8	2	16	15	1	19	19	0	19	17	2	22	20	2	17	17	0	20	17	3
NC_059184.1	13568700	13568701	*	15	9	6	16	12	4	27	26	1	11	9	2	12	11	1	20	19	1	12	10	2	17	5	12	16	4	12	17	16	1	18	18	0	25	23	2	10	8	2	21	12	9	19	18	1	20	8	12	29	26	3	17	15	2	19	7	12
NC_059184.1	13645803	13645804	*	12	11	1	10	10	0	10	10	0	17	16	1	17	15	2	15	13	2	11	10	1	11	11	0	10	10	0	14	13	1	11	10	1	18	18	0	14	13	1	15	15	0	11	11	0	15	14	1	10	10	0	14	14	0	29	28	1
NC_059184.1	13645833	13645834	*	12	12	0	10	10	0	12	12	0	16	15	1	15	14	1	19	19	0	11	11	0	10	10	0	10	9	1	12	11	1	10	10	0	17	17	0	12	12	0	15	14	1	15	14	1	16	15	1	10	10	0	17	16	1	26	24	2
NC_059184.1	13722061	13722062	*	14	14	0	21	20	1	11	11	0	13	13	0	18	17	1	16	13	3	20	20	0	13	12	1	10	8	2	17	16	1	11	11	0	16	15	1	17	17	0	14	14	0	16	16	0	20	17	3	19	18	1	11	10	1	27	25	2
NC_059184.1	13722128	13722129	*	14	13	1	17	14	3	11	7	4	13	13	0	15	13	2	13	11	2	14	11	3	13	13	0	10	10	0	16	15	1	10	9	1	15	13	2	15	13	2	16	14	2	15	13	2	20	18	2	14	11	3	10	9	1	19	19	0
NC_059184.1	13831233	13831234	*	20	19	1	17	17	0	16	15	1	13	13	0	16	16	0	18	18	0	13	12	1	14	13	1	15	14	1	17	17	0	17	17	0	17	17	0	28	28	0	17	17	0	22	21	1	23	20	3	17	14	3	26	25	1	32	31	1
NC_059184.1	13831244	13831245	*	21	19	2	18	17	1	17	16	1	12	11	1	15	15	0	20	20	0	13	12	1	14	13	1	16	16	0	18	17	1	18	18	0	17	17	0	29	27	2	18	16	2	23	23	0	24	23	1	18	15	3	25	25	0	33	32	1
NC_059184.1	13831266	13831267	*	23	23	0	16	15	1	15	15	0	13	13	0	13	12	1	20	19	1	12	10	2	15	15	0	19	18	1	16	16	0	18	16	2	15	14	1	31	31	0	18	18	0	24	24	0	25	22	3	20	16	4	28	28	0	32	31	1
NC_059184.1	13866538	13866539	*	12	10	2	12	12	0	17	16	1	20	20	0	16	15	1	17	16	1	18	16	2	16	13	3	17	13	4	14	12	2	13	12	1	15	11	4	10	9	1	14	12	2	22	21	1	11	9	2	22	21	1	22	19	3	12	12	0
NC_059185.1	48484	48485	*	24	22	2	18	18	0	18	18	0	23	22	1	19	15	4	22	22	0	21	20	1	23	22	1	17	17	0	24	22	2	21	18	3	30	28	2	25	22	3	22	22	0	29	28	1	20	15	5	29	25	4	18	13	5	34	23	11
NC_059185.1	48531	48532	*	25	24	1	16	14	2	17	16	1	18	17	1	18	17	1	21	20	1	20	20	0	16	13	3	13	13	0	29	28	1	16	14	2	19	19	0	20	20	0	21	20	1	24	23	1	21	17	4	21	21	0	14	13	1	26	26	0
NC_059185.1	48542	48543	*	24	22	2	16	15	1	18	16	2	17	14	3	18	18	0	20	20	0	20	19	1	15	14	1	13	13	0	27	27	0	15	15	0	18	17	1	18	18	0	23	21	2	19	19	0	20	16	4	20	19	1	13	12	1	24	24	0
NC_059185.1	48574	48575	*	21	19	2	17	16	1	12	11	1	11	10	1	19	17	2	19	19	0	15	14	1	14	13	1	15	15	0	21	21	0	16	14	2	22	20	2	18	17	1	20	19	1	22	22	0	19	18	1	18	18	0	11	10	1	21	21	0
NC_059185.1	48613	48614	*	22	19	3	15	15	0	12	12	0	12	11	1	16	16	0	22	21	1	17	17	0	15	13	2	17	16	1	24	22	2	18	14	4	20	19	1	18	16	2	15	15	0	27	27	0	21	20	1	20	18	2	14	13	1	23	21	2
NC_059185.1	48627	48628	*	20	18	2	17	17	0	11	11	0	14	13	1	15	14	1	20	20	0	17	16	1	17	16	1	16	14	2	24	22	2	18	15	3	20	17	3	16	13	3	15	13	2	25	22	3	18	18	0	19	18	1	14	13	1	22	21	1
NC_059185.1	48652	48653	*	21	20	1	17	17	0	10	5	5	15	13	2	13	12	1	18	17	1	17	15	2	13	13	0	14	7	7	22	20	2	17	16	1	19	17	2	12	10	2	18	18	0	23	11	12	16	10	6	14	6	8	14	14	0	22	11	11
NC_059185.1	65351	65352	*	13	13	0	13	12	1	15	15	0	14	13	1	11	2	9	14	14	0	15	13	2	17	16	1	18	14	4	16	16	0	11	11	0	19	19	0	12	10	2	16	16	0	13	13	0	11	11	0	22	19	3	13	12	1	20	19	1
NC_059185.1	65361	65362	*	13	13	0	13	11	2	15	15	0	13	10	3	12	9	3	14	12	2	16	14	2	17	17	0	18	17	1	16	16	0	11	11	0	18	18	0	13	12	1	14	13	1	13	13	0	11	11	0	22	20	2	12	11	1	20	18	2
NC_059185.1	94961	94962	*	11	3	8	11	0	11	12	0	12	14	0	14	10	0	10	15	0	15	19	0	19	11	1	10	15	0	15	14	0	14	13	0	13	21	0	21	13	0	13	17	0	17	15	0	15	21	0	21	18	0	18	10	0	10	24	0	24
NC_059185.1	109973	109974	*	18	16	2	18	17	1	20	14	6	26	25	1	21	8	13	22	20	2	21	20	1	16	3	13	10	7	3	27	7	20	15	15	0	25	24	1	14	9	5	24	24	0	36	34	2	24	22	2	13	11	2	14	13	1	27	24	3
NC_059185.1	110010	110011	*	19	19	0	22	22	0	18	17	1	27	24	3	20	8	12	20	18	2	22	19	3	15	9	6	10	7	3	28	18	10	16	16	0	30	30	0	19	13	6	24	24	0	34	33	1	26	22	4	21	21	0	14	11	3	33	31	2
NC_059185.1	120486	120487	*	20	18	2	19	18	1	16	13	3	18	17	1	12	12	0	21	8	13	14	13	1	22	11	11	19	18	1	16	16	0	18	18	0	23	10	13	16	10	6	15	6	9	30	29	1	27	14	13	33	30	3	21	21	0	35	33	2
NC_059185.1	120537	120538	*	20	18	2	22	20	2	15	15	0	20	19	1	13	11	2	23	22	1	19	17	2	18	16	2	22	17	5	14	14	0	15	15	0	24	19	5	15	13	2	17	17	0	34	33	1	26	26	0	32	31	1	20	18	2	32	29	3
NC_059185.1	120907	120908	*	26	8	18	22	0	22	15	0	15	14	0	14	19	0	19	22	0	22	16	0	16	21	0	21	23	0	23	24	2	22	25	12	13	30	1	29	22	0	22	16	0	16	32	1	31	26	2	24	20	0	20	18	8	10	32	0	32
NC_059185.1	120940	120941	*	25	7	18	20	5	15	12	0	12	11	0	11	20	0	20	18	0	18	14	0	14	18	0	18	22	0	22	18	0	18	20	9	11	29	1	28	21	2	19	16	0	16	34	0	34	20	0	20	20	0	20	18	8	10	30	0	30
NC_059185.1	145041	145042	*	20	17	3	23	20	3	15	15	0	10	9	1	11	10	1	14	12	2	15	14	1	11	9	2	10	3	7	18	16	2	14	13	1	15	15	0	13	9	4	20	20	0	19	17	2	21	17	4	18	15	3	18	16	2	23	21	2
NC_059185.1	145065	145066	*	22	22	0	26	26	0	15	15	0	12	12	0	10	10	0	11	11	0	14	14	0	10	8	2	13	8	5	20	20	0	16	16	0	16	16	0	13	10	3	17	16	1	19	19	0	22	22	0	20	20	0	19	18	1	21	21	0
NC_059185.1	147974	147975	*	12	12	0	25	22	3	17	17	0	23	21	2	15	15	0	21	21	0	19	19	0	20	18	2	17	16	1	18	17	1	23	22	1	17	17	0	23	22	1	25	24	1	25	24	1	24	23	1	23	22	1	19	18	1	31	29	2
NC_059185.1	148010	148011	*	13	12	1	24	21	3	18	16	2	23	20	3	15	15	0	23	22	1	17	17	0	22	20	2	18	18	0	17	15	2	24	23	1	17	16	1	25	24	1	28	28	0	21	19	2	31	28	3	33	31	2	16	15	1	31	30	1
NC_059185.1	148166	148167	*	14	12	2	17	16	1	14	13	1	13	13	0	17	15	2	20	18	2	14	12	2	16	16	0	16	16	0	11	11	0	10	10	0	21	19	2	13	13	0	16	16	0	25	23	2	22	12	10	24	14	10	18	17	1	30	15	15
NC_059185.1	210192	210193	*	37	23	14	20	9	11	20	11	9	17	9	8	33	16	17	20	8	12	10	6	4	29	14	15	17	4	13	23	14	9	18	8	10	12	2	10	32	20	12	27	13	14	37	13	24	24	9	15	22	10	12	32	16	16	21	14	7
NC_059185.1	210236	210237	*	38	10	28	25	11	14	27	12	15	17	4	13	32	13	19	19	2	17	10	4	6	29	14	15	18	6	12	27	10	17	24	10	14	16	6	10	32	8	24	27	9	18	36	8	28	27	5	22	28	9	19	39	14	25	25	9	16
NC_059185.1	247668	247669	*	27	23	4	18	16	2	12	9	3	18	17	1	10	9	1	15	9	6	14	4	10	17	14	3	12	11	1	15	7	8	22	18	4	34	16	18	18	16	2	16	14	2	18	16	2	11	11	0	13	11	2	15	14	1	23	19	4
NC_059185.1	255142	255143	*	23	23	0	25	24	1	16	12	4	20	18	2	12	9	3	15	13	2	14	14	0	11	10	1	17	17	0	24	21	3	16	10	6	20	20	0	19	18	1	20	20	0	21	13	8	21	20	1	21	21	0	16	11	5	28	27	1
NC_059185.1	255197	255198	*	23	22	1	27	26	1	16	16	0	17	15	2	14	13	1	20	18	2	18	17	1	10	10	0	15	14	1	27	27	0	19	18	1	24	24	0	19	18	1	22	21	1	20	19	1	23	22	1	20	20	0	16	16	0	24	24	0
NC_059185.1	326337	326338	*	12	11	1	21	20	1	14	14	0	15	15	0	13	13	0	14	13	1	13	6	7	12	11	1	15	14	1	27	26	1	10	10	0	12	12	0	14	13	1	16	16	0	18	18	0	30	30	0	16	16	0	10	10	0	25	23	2
NC_059185.1	326487	326488	*	16	16	0	18	18	0	11	11	0	17	17	0	14	14	0	10	10	0	17	16	1	13	12	1	10	8	2	21	19	2	11	10	1	14	14	0	17	17	0	25	24	1	17	17	0	25	25	0	13	13	0	17	17	0	19	18	1
NC_059185.1	326575	326576	*	12	11	1	11	11	0	14	13	1	14	14	0	14	14	0	11	11	0	19	17	2	12	12	0	10	10	0	12	5	7	11	10	1	17	16	1	11	10	1	24	24	0	11	11	0	19	18	1	11	11	0	17	15	2	11	11	0
NC_059185.1	378863	378864	*	16	15	1	20	18	2	18	17	1	23	20	3	18	17	1	23	23	0	19	17	2	12	12	0	24	23	1	20	20	0	19	18	1	28	28	0	26	23	3	28	27	1	21	20	1	19	17	2	23	21	2	19	17	2	31	29	2
NC_059185.1	378893	378894	*	16	16	0	18	17	1	18	17	1	17	15	2	18	16	2	19	17	2	20	17	3	11	10	1	22	21	1	22	21	1	16	16	0	23	21	2	24	24	0	27	26	1	24	24	0	20	19	1	23	23	0	19	19	0	34	30	4
NC_059185.1	378907	378908	*	14	13	1	18	17	1	17	16	1	18	16	2	16	15	1	19	18	1	20	19	1	12	11	1	19	19	0	22	19	3	14	14	0	24	23	1	23	23	0	31	30	1	23	22	1	19	16	3	25	24	1	20	20	0	31	30	1
NC_059185.1	378975	378976	*	17	15	2	22	18	4	17	11	6	17	16	1	18	16	2	18	14	4	18	11	7	17	13	4	18	14	4	17	13	4	17	11	6	25	19	6	22	17	5	31	25	6	25	14	11	24	17	7	22	17	5	21	14	7	30	25	5
NC_059185.1	379017	379018	*	19	19	0	20	19	1	15	14	1	24	21	3	15	15	0	20	8	12	18	9	9	14	13	1	15	14	1	15	4	11	21	20	1	23	20	3	13	12	1	29	28	1	21	20	1	22	22	0	18	17	1	17	17	0	30	25	5
NC_059185.1	444871	444872	*	16	14	2	13	13	0	19	17	2	11	11	0	14	14	0	13	13	0	18	18	0	16	16	0	16	15	1	17	15	2	22	20	2	20	20	0	21	20	1	14	13	1	19	18	1	28	27	1	21	21	0	21	21	0	18	18	0
NC_059185.1	444892	444893	*	17	16	1	14	14	0	20	18	2	10	10	0	14	12	2	12	11	1	18	18	0	16	15	1	16	16	0	18	17	1	22	19	3	19	17	2	18	17	1	12	11	1	21	18	3	27	27	0	22	22	0	21	20	1	18	17	1
NC_059185.1	444912	444913	*	16	14	2	14	14	0	18	17	1	10	9	1	13	13	0	11	11	0	16	16	0	15	15	0	15	15	0	17	16	1	20	19	1	18	16	2	17	16	1	12	12	0	22	22	0	25	23	2	22	22	0	18	17	1	18	17	1
NC_059185.1	497922	497923	*	25	13	12	24	24	0	11	11	0	18	18	0	11	9	2	24	24	0	13	12	1	13	12	1	19	16	3	12	11	1	19	19	0	26	25	1	17	14	3	16	16	0	21	20	1	16	13	3	17	15	2	17	14	3	26	23	3
NC_059185.1	515750	515751	*	26	8	18	21	11	10	12	10	2	19	16	3	18	11	7	15	8	7	16	5	11	13	8	5	14	8	6	19	10	9	22	19	3	25	7	18	27	12	15	17	4	13	25	7	18	15	7	8	21	15	6	13	3	10	31	5	26
NC_059185.1	581110	581111	*	17	12	5	26	20	6	14	5	9	12	11	1	17	13	4	10	6	4	13	7	6	12	8	4	12	8	4	22	20	2	17	14	3	23	13	10	16	12	4	27	21	6	23	16	7	19	15	4	14	10	4	14	14	0	32	27	5
NC_059185.1	620176	620177	*	16	16	0	23	21	2	16	16	0	17	17	0	11	11	0	20	17	3	18	18	0	17	15	2	17	16	1	18	16	2	15	14	1	18	15	3	18	14	4	21	20	1	21	19	2	26	24	2	21	19	2	16	15	1	22	20	2
NC_059185.1	669697	669698	*	25	24	1	12	12	0	19	16	3	18	18	0	13	13	0	12	12	0	11	11	0	10	10	0	16	14	2	13	13	0	20	20	0	19	19	0	22	22	0	16	14	2	19	17	2	19	17	2	16	15	1	22	21	1	16	15	1
NC_059185.1	689100	689101	*	18	18	0	17	16	1	17	16	1	18	18	0	18	17	1	18	17	1	16	14	2	10	9	1	17	16	1	11	10	1	22	22	0	23	22	1	19	17	2	19	19	0	29	27	2	14	14	0	16	16	0	18	17	1	23	22	1
NC_059185.1	746180	746181	*	10	9	1	14	14	0	10	10	0	20	19	1	12	12	0	16	9	7	14	7	7	10	10	0	15	15	0	12	0	12	21	20	1	15	9	6	11	11	0	14	5	9	15	15	0	22	8	14	18	17	1	11	10	1	22	22	0
NC_059185.1	769973	769974	*	29	26	3	20	19	1	17	16	1	16	14	2	23	23	0	13	13	0	18	17	1	11	10	1	17	17	0	20	7	13	19	18	1	19	16	3	16	15	1	17	16	1	32	28	4	21	20	1	16	14	2	17	15	2	39	36	3
NC_059185.1	770250	770251	*	15	12	3	30	29	1	11	11	0	23	22	1	20	13	7	19	19	0	13	12	1	13	13	0	11	11	0	25	23	2	18	17	1	27	25	2	10	9	1	16	16	0	22	18	4	17	17	0	20	19	1	15	14	1	31	30	1
NC_059185.1	770253	770254	*	15	12	3	29	29	0	11	10	1	23	22	1	20	20	0	19	16	3	13	13	0	13	13	0	11	10	1	25	23	2	18	17	1	27	25	2	10	9	1	16	16	0	22	21	1	18	17	1	20	18	2	15	14	1	31	30	1
NC_059185.1	770265	770266	*	15	12	3	29	25	4	12	11	1	22	21	1	21	20	1	18	18	0	12	12	0	13	12	1	12	11	1	25	22	3	18	16	2	25	24	1	10	8	2	17	16	1	22	20	2	18	18	0	20	19	1	15	13	2	32	29	3
NC_059185.1	770297	770298	*	13	13	0	29	29	0	10	9	1	18	17	1	16	16	0	20	18	2	13	12	1	12	12	0	12	12	0	22	21	1	20	19	1	27	26	1	12	12	0	17	16	1	24	23	1	17	16	1	16	16	0	16	16	0	32	31	1
NC_059185.1	838636	838637	*	17	4	13	16	9	7	17	8	9	10	0	10	13	6	7	13	7	6	14	0	14	16	11	5	16	0	16	17	4	13	13	7	6	23	11	12	15	0	15	16	0	16	16	10	6	23	1	22	20	0	20	19	18	1	17	0	17
NC_059185.1	912274	912275	*	16	16	0	17	17	0	11	9	2	13	13	0	13	13	0	11	10	1	15	15	0	12	11	1	12	12	0	13	12	1	10	8	2	21	20	1	12	11	1	15	15	0	16	15	1	18	17	1	17	16	1	15	14	1	13	13	0
NC_059185.1	936724	936725	*	14	14	0	19	17	2	20	20	0	14	14	0	17	17	0	20	19	1	21	21	0	15	15	0	10	10	0	14	14	0	19	18	1	24	22	2	21	20	1	21	17	4	19	19	0	19	18	1	22	18	4	31	28	3	20	19	1
NC_059185.1	936872	936873	*	18	17	1	30	28	2	20	18	2	13	13	0	27	24	3	19	18	1	20	20	0	12	12	0	13	13	0	26	26	0	29	26	3	30	29	1	17	16	1	22	21	1	27	25	2	27	26	1	22	22	0	24	24	0	28	28	0
NC_059185.1	936897	936898	*	18	17	1	29	27	2	18	17	1	14	14	0	23	21	2	18	18	0	23	19	4	11	10	1	11	10	1	27	26	1	22	21	1	27	26	1	13	13	0	24	23	1	29	28	1	24	24	0	20	19	1	21	20	1	26	25	1
NC_059185.1	936954	936955	*	18	13	5	28	19	9	16	9	7	16	12	4	22	15	7	22	14	8	25	16	9	15	13	2	13	9	4	25	13	12	26	16	10	29	18	11	16	16	0	24	12	12	29	25	4	27	16	11	20	10	10	25	17	8	23	12	11
NC_059185.1	937024	937025	*	15	13	2	17	14	3	12	10	2	12	12	0	20	19	1	18	17	1	28	24	4	12	11	1	10	10	0	24	24	0	21	20	1	26	25	1	13	13	0	20	17	3	25	24	1	28	27	1	20	20	0	23	19	4	20	19	1
NC_059185.1	1167368	1167369	*	15	7	8	22	11	11	18	8	10	19	10	9	18	12	6	21	8	13	11	1	10	15	6	9	14	7	7	11	4	7	25	21	4	22	4	18	16	11	5	23	11	12	24	18	6	21	7	14	22	3	19	20	6	14	25	13	12
NC_059185.1	1176198	1176199	*	13	13	0	20	19	1	15	15	0	12	12	0	10	9	1	19	17	2	14	13	1	13	13	0	14	13	1	25	24	1	16	14	2	23	22	1	16	16	0	12	12	0	22	20	2	14	13	1	15	14	1	16	15	1	30	29	1
NC_059185.1	1176234	1176235	*	15	13	2	21	20	1	16	15	1	13	10	3	12	10	2	20	18	2	21	19	2	12	11	1	15	11	4	25	22	3	23	18	5	24	20	4	11	10	1	11	9	2	22	18	4	14	9	5	17	13	4	17	14	3	34	30	4
NC_059185.1	1176324	1176325	*	15	15	0	24	22	2	17	17	0	17	17	0	17	16	1	18	16	2	17	17	0	17	16	1	15	15	0	17	17	0	18	16	2	16	15	1	11	10	1	11	10	1	20	17	3	14	14	0	17	17	0	20	16	4	36	33	3
NC_059185.1	1176362	1176363	*	14	14	0	25	24	1	12	12	0	17	17	0	22	22	0	20	20	0	20	19	1	12	11	1	16	14	2	13	12	1	16	14	2	15	15	0	11	10	1	11	11	0	20	20	0	15	14	1	21	19	2	21	20	1	33	32	1
NC_059185.1	1180210	1180211	*	14	13	1	17	17	0	24	23	1	13	10	3	20	20	0	27	25	2	14	12	2	19	16	3	10	10	0	16	16	0	10	2	8	36	32	4	16	16	0	14	13	1	28	22	6	18	15	3	18	17	1	16	16	0	23	21	2
NC_059185.1	1180256	1180257	*	14	12	2	19	16	3	20	20	0	15	14	1	23	22	1	31	29	2	17	16	1	19	17	2	14	11	3	15	15	0	12	4	8	37	32	5	16	15	1	13	12	1	28	22	6	20	19	1	16	15	1	19	17	2	24	19	5
NC_059185.1	1180318	1180319	*	17	8	9	27	25	2	19	18	1	17	11	6	22	14	8	32	30	2	21	10	11	19	12	7	17	17	0	20	19	1	21	1	20	38	21	17	18	10	8	17	9	8	31	30	1	20	9	11	19	10	9	23	15	8	27	26	1
NC_059185.1	1180325	1180326	*	17	17	0	27	25	2	18	17	1	17	16	1	20	20	0	32	32	0	20	19	1	19	12	7	17	17	0	20	19	1	22	11	11	39	37	2	19	17	2	16	14	2	32	31	1	19	18	1	19	18	1	23	23	0	28	27	1
NC_059185.1	1220472	1220473	*	19	8	11	10	5	5	15	12	3	18	0	18	14	7	7	22	9	13	15	1	14	15	0	15	14	7	7	14	6	8	10	4	6	17	5	12	19	7	12	19	4	15	16	0	16	23	14	9	25	0	25	16	0	16	15	13	2
NC_059185.1	1474846	1474847	*	16	8	8	29	0	29	15	0	15	27	1	26	12	0	12	17	9	8	17	0	17	15	0	15	14	4	10	16	8	8	18	18	0	21	6	15	23	9	14	21	0	21	26	0	26	22	10	12	20	0	20	16	8	8	26	0	26
NC_059185.1	1499563	1499564	*	17	15	2	12	12	0	16	15	1	12	12	0	16	16	0	14	14	0	20	19	1	11	11	0	15	14	1	15	15	0	11	9	2	30	29	1	16	15	1	10	10	0	26	25	1	17	16	1	11	11	0	11	11	0	14	14	0
NC_059185.1	1500455	1500456	*	13	13	0	14	14	0	19	19	0	12	10	2	13	11	2	13	12	1	10	10	0	14	14	0	11	11	0	13	13	0	12	10	2	14	14	0	13	12	1	16	15	1	22	21	1	13	11	2	15	15	0	14	13	1	19	17	2
NC_059185.1	1500512	1500513	*	15	14	1	17	14	3	21	17	4	12	7	5	13	12	1	13	12	1	12	10	2	12	11	1	12	11	1	15	15	0	14	13	1	15	13	2	15	14	1	17	16	1	21	20	1	15	13	2	18	16	2	14	12	2	22	20	2
NC_059185.1	1531347	1531348	*	22	20	2	22	16	6	14	13	1	18	16	2	18	17	1	10	9	1	18	16	2	13	11	2	16	16	0	19	17	2	14	11	3	25	25	0	21	19	2	17	15	2	32	30	2	21	20	1	17	17	0	14	14	0	25	24	1
NC_059185.1	1531364	1531365	*	24	23	1	24	12	12	13	9	4	20	14	6	18	9	9	11	7	4	17	17	0	16	8	8	17	10	7	27	13	14	14	14	0	29	20	9	24	12	12	18	18	0	36	22	14	21	20	1	18	9	9	13	13	0	23	0	23
NC_059185.1	1531404	1531405	*	23	21	2	24	22	2	13	13	0	21	21	0	17	16	1	15	13	2	16	15	1	14	14	0	17	15	2	28	28	0	16	16	0	29	28	1	24	21	3	18	18	0	38	36	2	18	18	0	23	23	0	12	11	1	30	29	1
NC_059185.1	1531425	1531426	*	20	19	1	23	15	8	12	10	2	22	21	1	15	12	3	16	15	1	15	9	6	13	11	2	17	16	1	30	29	1	16	14	2	29	28	1	23	20	3	16	14	2	37	29	8	15	13	2	25	24	1	11	9	2	27	21	6
NC_059185.1	1531541	1531542	*	23	20	3	20	19	1	17	15	2	18	18	0	17	16	1	21	20	1	14	14	0	21	21	0	15	15	0	32	31	1	28	28	0	33	28	5	21	21	0	28	27	1	38	33	5	27	27	0	23	23	0	18	17	1	33	33	0
NC_059185.1	1531579	1531580	*	17	6	11	18	0	18	18	7	11	14	2	12	15	6	9	20	17	3	11	8	3	22	8	14	16	6	10	28	13	15	26	0	26	31	0	31	20	8	12	23	9	14	27	11	16	26	11	15	25	12	13	23	11	12	32	0	32
NC_059185.1	1621378	1621379	*	19	12	7	19	13	6	13	7	6	11	4	7	17	13	4	15	11	4	16	12	4	14	10	4	13	8	5	11	7	4	14	9	5	13	10	3	10	9	1	14	11	3	16	13	3	18	10	8	19	17	2	12	7	5	22	15	7
NC_059185.1	1621429	1621430	*	16	3	13	17	0	17	12	6	6	13	1	12	15	0	15	17	0	17	16	0	16	16	0	16	16	0	16	11	0	11	20	12	8	12	5	7	11	4	7	13	0	13	22	0	22	20	6	14	17	0	17	10	0	10	24	0	24
NC_059185.1	1744372	1744373	*	21	7	14	19	0	19	20	0	20	12	5	7	12	0	12	15	0	15	13	0	13	21	0	21	19	0	19	18	1	17	17	6	11	20	6	14	27	5	22	15	1	14	15	0	15	18	7	11	18	5	13	21	5	16	34	6	28
NC_059185.1	1745331	1745332	*	18	10	8	20	17	3	14	13	1	15	14	1	11	9	2	20	17	3	10	10	0	13	10	3	18	12	6	14	11	3	12	11	1	20	12	8	13	10	3	15	14	1	17	12	5	18	13	5	16	15	1	16	10	6	18	13	5
NC_059185.1	1764482	1764483	*	15	13	2	19	19	0	12	11	1	12	11	1	12	11	1	20	18	2	11	11	0	11	11	0	10	10	0	16	16	0	15	14	1	23	22	1	16	14	2	18	16	2	18	17	1	16	14	2	22	21	1	12	11	1	19	16	3
NC_059185.1	1898501	1898502	*	11	10	1	17	15	2	13	12	1	12	11	1	12	12	0	20	16	4	18	17	1	11	10	1	20	19	1	21	21	0	18	17	1	21	19	2	14	14	0	23	21	2	20	16	4	17	17	0	13	11	2	20	18	2	21	17	4
NC_059185.1	1907860	1907861	*	29	25	4	23	22	1	15	14	1	14	12	2	14	14	0	18	18	0	15	4	11	18	7	11	17	10	7	14	14	0	13	12	1	20	17	3	15	14	1	16	8	8	25	24	1	20	8	12	14	5	9	17	10	7	30	16	14
NC_059185.1	2078338	2078339	*	11	11	0	10	10	0	12	11	1	17	16	1	18	18	0	15	15	0	11	10	1	17	17	0	14	14	0	23	23	0	20	18	2	18	17	1	16	15	1	11	11	0	15	14	1	19	18	1	11	11	0	19	18	1	17	16	1
NC_059185.1	2078388	2078389	*	11	11	0	12	12	0	13	12	1	16	16	0	19	18	1	17	16	1	13	13	0	20	20	0	13	11	2	28	27	1	20	19	1	21	21	0	14	14	0	13	13	0	20	20	0	21	19	2	11	11	0	21	21	0	20	20	0
NC_059185.1	2078418	2078419	*	11	11	0	12	12	0	14	14	0	12	12	0	17	16	1	16	14	2	13	13	0	22	21	1	11	11	0	25	25	0	22	22	0	20	19	1	14	14	0	15	15	0	20	18	2	22	22	0	12	12	0	18	18	0	19	18	1
NC_059185.1	2078450	2078451	*	12	12	0	11	11	0	12	11	1	12	11	1	16	15	1	14	14	0	12	12	0	21	20	1	12	12	0	22	22	0	17	15	2	14	14	0	13	12	1	17	16	1	20	20	0	17	17	0	11	11	0	18	17	1	19	19	0
NC_059185.1	2080469	2080470	*	14	12	2	26	23	3	15	12	3	16	14	2	12	11	1	18	18	0	15	8	7	10	9	1	10	9	1	19	9	10	21	20	1	18	16	2	17	16	1	18	18	0	13	13	0	19	19	0	14	12	2	17	17	0	27	27	0
NC_059185.1	2140569	2140570	*	14	14	0	16	16	0	11	11	0	23	23	0	20	19	1	21	20	1	14	14	0	12	12	0	12	12	0	11	10	1	14	14	0	25	14	11	16	15	1	19	18	1	24	22	2	17	17	0	21	21	0	16	16	0	32	30	2
NC_059185.1	2140638	2140639	*	10	9	1	13	12	1	12	10	2	21	20	1	13	12	1	24	23	1	15	15	0	16	15	1	11	11	0	13	12	1	14	14	0	33	33	0	11	11	0	19	18	1	23	20	3	18	18	0	15	13	2	16	12	4	24	23	1
NC_059185.1	2143287	2143288	*	17	7	10	19	0	19	21	0	21	21	0	21	25	0	25	12	5	7	13	0	13	19	0	19	19	0	19	24	12	12	19	0	19	32	0	32	21	20	1	21	0	21	23	16	7	24	11	13	31	0	31	24	0	24	27	14	13
NC_059185.1	2195053	2195054	*	14	13	1	21	18	3	13	11	2	18	18	0	13	13	0	12	9	3	16	16	0	14	14	0	21	20	1	20	19	1	13	12	1	19	19	0	13	12	1	20	19	1	19	18	1	26	25	1	18	18	0	10	9	1	25	16	9
NC_059185.1	2259958	2259959	*	12	11	1	13	13	0	14	14	0	13	13	0	15	14	1	14	12	2	13	9	4	13	12	1	10	9	1	16	16	0	17	16	1	26	25	1	13	13	0	21	16	5	23	21	2	18	11	7	22	22	0	26	25	1	25	23	2
NC_059185.1	2424435	2424436	*	20	19	1	27	27	0	19	18	1	11	11	0	16	15	1	15	15	0	14	12	2	15	15	0	14	14	0	29	27	2	13	13	0	23	21	2	21	19	2	14	14	0	24	24	0	19	17	2	15	14	1	16	16	0	22	22	0
NC_059185.1	2424481	2424482	*	25	22	3	26	25	1	16	15	1	16	15	1	13	12	1	15	14	1	16	15	1	16	16	0	18	18	0	27	26	1	12	11	1	16	16	0	17	17	0	12	12	0	25	23	2	22	22	0	16	16	0	14	14	0	19	16	3
NC_059185.1	2433747	2433748	*	12	6	6	20	2	18	14	1	13	12	7	5	16	8	8	17	2	15	12	1	11	10	4	6	11	0	11	18	9	9	11	9	2	31	2	29	18	2	16	18	16	2	23	3	20	18	12	6	20	10	10	17	0	17	34	12	22
NC_059185.1	2438053	2438054	*	17	17	0	33	32	1	20	20	0	16	16	0	10	9	1	17	16	1	19	19	0	16	16	0	13	12	1	30	28	2	22	20	2	41	40	1	23	22	1	30	29	1	33	31	2	25	23	2	24	24	0	13	12	1	33	33	0
NC_059185.1	2438085	2438086	*	18	18	0	35	32	3	20	19	1	16	15	1	13	12	1	14	13	1	18	15	3	14	14	0	13	12	1	23	20	3	22	21	1	37	35	2	19	19	0	27	25	2	32	30	2	25	23	2	21	20	1	12	11	1	30	29	1
NC_059185.1	2438110	2438111	*	17	17	0	37	31	6	19	18	1	18	17	1	14	14	0	14	14	0	18	18	0	13	12	1	18	18	0	21	18	3	22	21	1	34	33	1	21	20	1	21	21	0	32	31	1	20	19	1	25	24	1	10	10	0	29	26	3
NC_059185.1	2456926	2456927	*	16	15	1	24	23	1	14	10	4	14	11	3	23	20	3	15	14	1	18	16	2	12	11	1	21	16	5	20	18	2	14	13	1	33	25	8	23	19	4	20	19	1	30	26	4	21	19	2	14	11	3	13	11	2	25	23	2
NC_059185.1	2457004	2457005	*	15	14	1	24	22	2	15	15	0	13	12	1	19	18	1	16	15	1	16	15	1	18	16	2	17	17	0	15	15	0	10	9	1	20	20	0	19	19	0	23	21	2	28	27	1	21	21	0	17	14	3	13	13	0	21	20	1
NC_059185.1	2612193	2612194	*	21	18	3	20	19	1	14	14	0	24	22	2	15	14	1	15	14	1	14	13	1	14	14	0	16	16	0	15	15	0	11	11	0	21	21	0	19	19	0	13	13	0	29	27	2	24	21	3	21	20	1	21	20	1	21	20	1
NC_059185.1	2612223	2612224	*	22	22	0	21	21	0	13	13	0	23	22	1	13	13	0	15	15	0	14	14	0	16	16	0	14	14	0	14	14	0	11	10	1	17	17	0	21	21	0	13	13	0	24	22	2	22	20	2	21	21	0	18	17	1	20	18	2
NC_059185.1	2612606	2612607	*	11	11	0	25	24	1	15	15	0	19	18	1	11	10	1	14	13	1	18	17	1	14	10	4	12	12	0	28	26	2	14	14	0	26	25	1	22	12	10	13	6	7	15	15	0	23	23	0	25	25	0	20	19	1	29	28	1
NC_059185.1	2620274	2620275	*	17	17	0	20	15	5	15	14	1	12	12	0	13	13	0	19	18	1	18	18	0	14	14	0	13	13	0	19	19	0	10	4	6	21	21	0	16	15	1	21	21	0	16	16	0	14	14	0	18	17	1	11	10	1	23	23	0
NC_059185.1	2655562	2655563	*	25	25	0	23	22	1	20	18	2	14	13	1	10	9	1	21	20	1	17	16	1	16	15	1	12	10	2	21	21	0	17	15	2	18	18	0	11	9	2	15	14	1	16	15	1	17	15	2	16	14	2	22	22	0	25	22	3
NC_059185.1	2655601	2655602	*	25	19	6	22	21	1	23	19	4	18	12	6	10	8	2	19	16	3	20	18	2	15	14	1	11	9	2	20	17	3	19	14	5	21	18	3	12	6	6	16	15	1	20	18	2	19	17	2	16	16	0	28	26	2	22	16	6
NC_059185.1	2655617	2655618	*	23	22	1	22	19	3	25	24	1	16	13	3	12	10	2	19	16	3	18	17	1	12	11	1	10	9	1	18	18	0	21	16	5	18	17	1	14	10	4	18	17	1	19	18	1	17	17	0	16	14	2	27	21	6	20	19	1
NC_059185.1	2692008	2692009	*	20	20	0	26	24	2	23	23	0	18	17	1	10	10	0	14	14	0	12	12	0	16	14	2	16	15	1	16	16	0	16	16	0	17	16	1	14	14	0	15	15	0	20	18	2	16	15	1	17	17	0	19	17	2	20	20	0
NC_059185.1	2692016	2692017	*	21	20	1	26	24	2	23	23	0	19	17	2	10	10	0	12	11	1	11	11	0	16	13	3	17	14	3	16	16	0	17	16	1	18	17	1	14	13	1	14	14	0	19	17	2	15	14	1	17	15	2	21	19	2	21	21	0
NC_059185.1	2692066	2692067	*	23	21	2	17	15	2	14	13	1	13	10	3	11	9	2	10	10	0	14	13	1	12	9	3	14	11	3	14	12	2	17	16	1	16	13	3	17	14	3	11	10	1	20	18	2	12	11	1	18	13	5	20	17	3	16	14	2
NC_059185.1	2710659	2710660	*	17	7	10	15	11	4	13	11	2	17	11	6	16	8	8	18	16	2	11	10	1	13	13	0	13	9	4	18	16	2	12	9	3	20	18	2	23	17	6	21	19	2	18	15	3	17	14	3	11	9	2	11	8	3	21	17	4
NC_059185.1	2916354	2916355	*	16	11	5	14	14	0	20	20	0	18	18	0	11	11	0	14	14	0	16	15	1	19	18	1	15	13	2	11	10	1	13	13	0	17	16	1	10	8	2	12	12	0	21	19	2	13	12	1	15	15	0	15	13	2	20	19	1
NC_059185.1	2916525	2916526	*	23	22	1	24	23	1	24	23	1	23	22	1	20	20	0	13	13	0	15	8	7	21	21	0	13	10	3	11	11	0	15	14	1	19	12	7	22	20	2	19	19	0	23	22	1	23	22	1	24	22	2	11	11	0	27	26	1
NC_059185.1	2916548	2916549	*	22	22	0	25	23	2	27	22	5	22	20	2	22	21	1	16	13	3	15	14	1	16	16	0	13	11	2	11	11	0	18	17	1	21	7	14	26	26	0	20	20	0	25	24	1	21	21	0	23	23	0	12	11	1	25	25	0
NC_059185.1	2930299	2930300	*	24	24	0	18	18	0	18	18	0	10	9	1	24	24	0	22	21	1	12	11	1	19	19	0	16	16	0	25	24	1	13	13	0	28	27	1	20	17	3	17	16	1	23	23	0	17	17	0	23	22	1	17	16	1	32	32	0
NC_059185.1	2991303	2991304	*	21	18	3	17	17	0	12	10	2	16	14	2	21	8	13	20	18	2	21	19	2	12	12	0	11	10	1	20	16	4	15	15	0	25	23	2	15	11	4	19	19	0	19	19	0	17	6	11	14	13	1	17	15	2	29	24	5
NC_059185.1	2991310	2991311	*	20	17	3	17	16	1	12	10	2	15	13	2	21	7	14	20	18	2	21	18	3	13	12	1	11	10	1	20	16	4	14	14	0	24	22	2	14	12	2	19	19	0	19	18	1	15	7	8	14	12	2	18	17	1	29	24	5
NC_059185.1	2997526	2997527	*	11	10	1	22	22	0	21	21	0	17	14	3	11	11	0	14	14	0	17	15	2	14	13	1	12	12	0	18	17	1	14	13	1	11	10	1	14	14	0	12	10	2	13	11	2	16	15	1	24	23	1	14	13	1	16	15	1
NC_059185.1	2997886	2997887	*	18	18	0	22	21	1	19	18	1	19	17	2	20	19	1	22	22	0	17	16	1	21	18	3	24	22	2	18	18	0	21	19	2	29	25	4	23	22	1	29	28	1	26	25	1	29	26	3	17	10	7	23	22	1	25	25	0
NC_059185.1	3018013	3018014	*	20	9	11	20	18	2	14	5	9	20	0	20	22	11	11	18	0	18	27	10	17	16	0	16	19	0	19	25	0	25	17	0	17	33	0	33	18	0	18	18	8	10	31	16	15	10	0	10	22	0	22	20	0	20	37	0	37
NC_059185.1	3122592	3122593	*	18	17	1	29	26	3	16	16	0	14	13	1	11	7	4	23	23	0	19	19	0	14	14	0	17	17	0	20	19	1	19	19	0	18	17	1	16	16	0	22	22	0	22	21	1	27	27	0	24	23	1	13	12	1	27	27	0
NC_059185.1	3122622	3122623	*	18	17	1	32	31	1	17	17	0	13	13	0	12	7	5	22	20	2	22	22	0	13	13	0	16	16	0	18	17	1	18	16	2	17	16	1	15	14	1	21	20	1	21	20	1	27	27	0	23	23	0	15	15	0	26	26	0
NC_059185.1	3122677	3122678	*	21	20	1	26	25	1	15	15	0	14	13	1	10	10	0	24	23	1	17	15	2	13	12	1	15	15	0	21	20	1	16	16	0	13	12	1	14	14	0	16	15	1	20	18	2	24	22	2	21	19	2	12	12	0	24	22	2
NC_059185.1	3122717	3122718	*	20	19	1	19	17	2	16	16	0	15	14	1	10	10	0	25	24	1	15	13	2	11	9	2	12	12	0	20	20	0	13	12	1	13	13	0	14	13	1	13	12	1	18	16	2	21	21	0	26	23	3	13	13	0	20	20	0
NC_059185.1	3134591	3134592	*	25	23	2	23	22	1	13	13	0	21	20	1	22	21	1	17	16	1	17	17	0	17	17	0	15	15	0	20	20	0	28	28	0	33	31	2	27	26	1	18	17	1	33	30	3	16	14	2	29	28	1	18	17	1	35	34	1
NC_059185.1	3172139	3172140	*	16	14	2	11	11	0	15	14	1	10	9	1	12	8	4	17	15	2	21	21	0	18	16	2	14	14	0	30	29	1	25	24	1	20	20	0	18	17	1	23	20	3	25	23	2	15	15	0	19	18	1	12	11	1	25	23	2
NC_059185.1	3381078	3381079	*	17	16	1	14	13	1	21	20	1	18	18	0	16	15	1	16	16	0	15	15	0	11	11	0	14	13	1	18	18	0	11	10	1	23	22	1	11	9	2	24	24	0	17	16	1	16	15	1	22	22	0	20	18	2	37	36	1
NC_059185.1	3381082	3381083	*	17	16	1	14	14	0	21	21	0	17	17	0	16	15	1	16	16	0	15	15	0	12	12	0	14	14	0	18	17	1	11	10	1	22	22	0	11	10	1	24	23	1	17	17	0	16	16	0	22	21	1	20	20	0	38	36	2
NC_059185.1	3396090	3396091	*	18	17	1	22	19	3	20	6	14	20	19	1	10	8	2	21	15	6	15	14	1	15	12	3	17	10	7	22	21	1	29	27	2	23	20	3	31	27	4	18	16	2	26	24	2	25	22	3	26	22	4	18	18	0	31	28	3
NC_059185.1	3396111	3396112	*	17	15	2	22	21	1	20	15	5	21	19	2	10	9	1	20	19	1	16	15	1	15	14	1	19	17	2	24	23	1	28	27	1	24	23	1	32	30	2	19	18	1	26	25	1	25	24	1	24	24	0	18	18	0	34	33	1
NC_059185.1	3414276	3414277	*	12	11	1	24	22	2	13	11	2	10	10	0	17	15	2	20	18	2	14	14	0	18	18	0	10	8	2	21	21	0	25	22	3	23	22	1	20	18	2	23	22	1	35	32	3	15	14	1	16	14	2	17	16	1	23	23	0
NC_059185.1	3502340	3502341	*	14	13	1	13	12	1	10	9	1	10	9	1	15	14	1	15	15	0	17	15	2	14	13	1	14	14	0	23	23	0	18	18	0	18	17	1	14	13	1	19	18	1	24	21	3	13	12	1	17	17	0	11	11	0	20	19	1
NC_059185.1	3529543	3529544	*	11	10	1	21	18	3	12	12	0	15	15	0	15	15	0	20	18	2	26	26	0	18	16	2	18	18	0	27	26	1	18	18	0	21	18	3	16	15	1	13	13	0	23	20	3	14	14	0	15	15	0	14	14	0	22	22	0
NC_059185.1	3529584	3529585	*	10	7	3	23	15	8	12	7	5	14	7	7	13	12	1	19	10	9	22	11	11	17	9	8	16	9	7	26	13	13	18	15	3	23	15	8	20	17	3	11	7	4	24	15	9	14	7	7	19	13	6	14	9	5	25	22	3
NC_059185.1	3529730	3529731	*	14	12	2	28	27	1	13	12	1	11	10	1	16	15	1	14	12	2	17	17	0	13	13	0	13	12	1	20	18	2	13	11	2	22	20	2	13	12	1	16	14	2	17	17	0	17	17	0	15	14	1	18	17	1	18	15	3
NC_059185.1	3705770	3705771	*	21	20	1	19	16	3	24	20	4	19	17	2	17	17	0	16	13	3	27	23	4	14	6	8	19	15	4	32	30	2	12	10	2	37	22	15	16	11	5	26	26	0	40	34	6	18	13	5	20	19	1	17	15	2	29	27	2
NC_059185.1	3705773	3705774	*	21	13	8	19	13	6	24	16	8	19	13	6	17	16	1	16	12	4	26	15	11	14	7	7	18	12	6	32	27	5	13	10	3	39	21	18	16	8	8	26	21	5	40	25	15	18	11	7	19	15	4	19	11	8	31	26	5
NC_059185.1	3705779	3705780	*	22	19	3	19	17	2	24	19	5	19	17	2	16	16	0	16	14	2	26	20	6	16	9	7	19	18	1	32	27	5	13	11	2	38	23	15	15	11	4	26	26	0	40	34	6	18	13	5	20	16	4	18	16	2	31	28	3
NC_059185.1	3705833	3705834	*	25	24	1	26	25	1	26	25	1	24	22	2	23	21	2	24	24	0	31	29	2	23	23	0	27	25	2	40	37	3	18	16	2	37	36	1	19	18	1	32	30	2	53	52	1	23	22	1	26	25	1	20	20	0	42	39	3
NC_059185.1	3705854	3705855	*	27	27	0	24	24	0	24	23	1	25	24	1	24	22	2	24	22	2	30	26	4	24	23	1	29	26	3	38	36	2	18	18	0	34	33	1	21	21	0	29	28	1	51	51	0	21	20	1	26	24	2	22	21	1	37	33	4
NC_059185.1	3705892	3705893	*	29	25	4	24	23	1	24	21	3	21	15	6	26	23	3	20	17	3	23	19	4	24	21	3	35	29	6	40	33	7	22	18	4	33	27	6	23	19	4	29	27	2	46	42	4	21	17	4	27	22	5	21	17	4	38	32	6
NC_059185.1	3705914	3705915	*	29	22	7	22	19	3	24	21	3	21	15	6	31	23	8	22	18	4	26	19	7	24	20	4	31	25	6	46	40	6	27	21	6	32	25	7	24	17	7	27	21	6	51	47	4	21	11	10	28	25	3	23	20	3	42	37	5
NC_059185.1	3705975	3705976	*	31	5	26	20	6	14	24	5	19	19	9	10	31	10	21	21	0	21	27	12	15	24	0	24	27	4	23	40	6	34	29	0	29	23	0	23	22	4	18	23	0	23	42	14	28	27	0	27	28	10	18	19	0	19	39	1	38
NC_059185.1	4045111	4045112	*	17	17	0	30	30	0	12	11	1	17	16	1	21	20	1	17	17	0	16	14	2	13	13	0	16	16	0	20	18	2	23	23	0	19	19	0	18	17	1	19	18	1	25	18	7	20	20	0	23	23	0	17	17	0	28	26	2
NC_059185.1	4045123	4045124	*	17	17	0	28	27	1	12	12	0	17	17	0	21	21	0	18	16	2	17	16	1	11	11	0	17	17	0	20	20	0	22	22	0	18	18	0	19	18	1	21	19	2	25	19	6	19	18	1	22	22	0	17	17	0	27	26	1
NC_059185.1	4189826	4189827	*	16	16	0	20	18	2	12	9	3	16	15	1	12	12	0	15	13	2	13	13	0	15	14	1	15	15	0	13	12	1	10	10	0	14	13	1	13	12	1	16	15	1	15	15	0	17	15	2	22	22	0	22	20	2	13	13	0
NC_059185.1	4294683	4294684	*	17	17	0	21	19	2	19	18	1	19	18	1	13	13	0	16	15	1	28	23	5	19	18	1	17	16	1	27	27	0	29	29	0	44	41	3	24	20	4	29	26	3	28	26	2	24	24	0	20	20	0	13	12	1	33	32	1
NC_059185.1	4302183	4302184	*	25	14	11	22	21	1	16	16	0	13	12	1	14	14	0	15	14	1	18	9	9	15	15	0	13	13	0	19	19	0	23	20	3	20	17	3	15	13	2	19	19	0	22	21	1	24	22	2	22	19	3	13	13	0	25	25	0
NC_059185.1	4508209	4508210	*	19	7	12	14	9	5	22	19	3	11	11	0	18	10	8	14	14	0	20	7	13	14	14	0	10	6	4	22	21	1	24	22	2	21	20	1	17	17	0	14	13	1	30	12	18	24	21	3	18	17	1	14	13	1	22	21	1
NC_059185.1	4610332	4610333	*	22	22	0	39	37	2	35	23	12	33	25	8	29	29	0	31	22	9	23	23	0	20	20	0	23	20	3	31	31	0	27	26	1	39	39	0	32	30	2	20	20	0	37	35	2	32	32	0	33	32	1	27	26	1	42	42	0
NC_059185.1	4610344	4610345	*	25	25	0	41	39	2	36	24	12	35	27	8	31	30	1	31	22	9	24	23	1	21	21	0	25	24	1	32	32	0	27	25	2	39	38	1	33	29	4	23	22	1	42	41	1	33	32	1	34	34	0	28	27	1	45	42	3
NC_059185.1	4610350	4610351	*	24	24	0	41	33	8	36	23	13	36	28	8	32	32	0	34	25	9	27	26	1	21	19	2	24	23	1	32	32	0	28	24	4	37	37	0	33	30	3	24	23	1	42	40	2	33	33	0	32	30	2	29	28	1	45	41	4
NC_059185.1	4684349	4684350	*	17	14	3	11	7	4	18	15	3	15	10	5	11	7	4	15	11	4	14	11	3	18	16	2	11	9	2	14	11	3	13	10	3	11	9	2	14	7	7	13	9	4	13	10	3	18	12	6	16	10	6	13	13	0	19	14	5
NC_059185.1	4684357	4684358	*	17	14	3	11	9	2	18	10	8	14	10	4	10	8	2	15	12	3	14	11	3	18	17	1	12	10	2	14	11	3	13	10	3	11	10	1	15	12	3	13	8	5	16	12	4	18	14	4	17	14	3	13	12	1	19	12	7
NC_059185.1	4716318	4716319	*	15	3	12	18	8	10	12	5	7	11	0	11	13	10	3	17	0	17	13	7	6	16	7	9	15	0	15	19	0	19	11	0	11	25	17	8	15	0	15	17	0	17	27	13	14	19	0	19	14	0	14	18	12	6	31	0	31
NC_059185.1	4728732	4728733	*	23	21	2	23	22	1	22	21	1	15	15	0	16	15	1	28	26	2	32	29	3	14	11	3	27	27	0	15	13	2	18	16	2	24	22	2	27	26	1	19	18	1	31	30	1	25	25	0	29	28	1	18	15	3	21	19	2
NC_059185.1	8426847	8426848	*	16	16	0	24	23	1	15	15	0	13	5	8	19	19	0	18	18	0	11	11	0	12	11	1	21	20	1	10	9	1	16	15	1	25	22	3	15	12	3	16	16	0	18	16	2	23	21	2	21	21	0	16	16	0	28	27	1
NC_059185.1	8426937	8426938	*	18	18	0	24	21	3	13	12	1	19	18	1	16	15	1	20	20	0	14	14	0	15	14	1	22	20	2	14	11	3	22	19	3	28	27	1	16	16	0	18	18	0	23	23	0	20	18	2	26	25	1	13	11	2	33	32	1
NC_059185.1	9494200	9494201	*	18	17	1	19	18	1	11	11	0	15	15	0	14	13	1	23	23	0	14	14	0	21	20	1	13	13	0	12	12	0	13	12	1	22	21	1	19	18	1	12	12	0	18	16	2	20	19	1	23	22	1	23	23	0	21	20	1
NC_059185.1	9494233	9494234	*	15	13	2	16	16	0	13	13	0	14	13	1	14	14	0	19	19	0	16	16	0	17	16	1	10	10	0	12	11	1	11	11	0	16	16	0	17	16	1	12	12	0	16	16	0	15	14	1	19	19	0	19	19	0	17	17	0
NC_059185.1	9494257	9494258	*	12	12	0	15	12	3	13	12	1	14	14	0	14	13	1	16	15	1	14	13	1	16	16	0	11	11	0	11	11	0	12	12	0	17	17	0	15	14	1	10	10	0	17	17	0	14	14	0	15	14	1	18	18	0	14	12	2
NC_059185.1	9966598	9966599	*	18	17	1	27	23	4	16	16	0	14	14	0	23	22	1	19	18	1	14	14	0	16	16	0	10	10	0	10	10	0	16	14	2	19	18	1	17	15	2	24	13	11	24	24	0	18	17	1	18	17	1	22	19	3	26	25	1
NC_059185.1	10014673	10014674	*	23	21	2	18	14	4	18	17	1	15	8	7	21	8	13	19	14	5	13	12	1	20	18	2	22	20	2	23	21	2	18	17	1	19	16	3	13	12	1	26	23	3	20	16	4	33	26	7	26	19	7	26	23	3	34	31	3
NC_059185.1	10089364	10089365	*	12	11	1	15	14	1	12	11	1	12	11	1	16	14	2	16	16	0	10	9	1	15	14	1	14	14	0	14	13	1	13	13	0	20	18	2	15	14	1	11	8	3	24	23	1	23	20	3	11	11	0	12	12	0	24	19	5
NC_059185.1	10227394	10227395	*	18	18	0	20	16	4	16	15	1	19	18	1	13	13	0	15	14	1	16	14	2	11	9	2	16	13	3	16	15	1	17	16	1	17	15	2	12	12	0	11	10	1	22	19	3	25	24	1	10	10	0	18	17	1	23	22	1
NC_059185.1	10227516	10227517	*	16	16	0	26	24	2	14	12	2	17	16	1	18	17	1	16	16	0	12	12	0	17	16	1	15	14	1	18	18	0	15	14	1	14	14	0	12	10	2	16	16	0	18	17	1	23	22	1	13	13	0	18	17	1	28	26	2
NC_059185.1	10227556	10227557	*	15	14	1	24	23	1	15	14	1	13	12	1	14	13	1	13	13	0	10	10	0	16	14	2	17	16	1	20	20	0	12	9	3	14	13	1	12	11	1	18	17	1	18	16	2	21	17	4	15	12	3	14	13	1	28	25	3
NC_059185.1	10239713	10239714	*	16	14	2	15	14	1	19	18	1	11	10	1	21	19	2	14	13	1	15	15	0	18	17	1	12	9	3	10	10	0	18	18	0	17	16	1	13	11	2	18	14	4	23	19	4	25	24	1	16	16	0	15	13	2	21	20	1
NC_059185.1	10239774	10239775	*	16	16	0	19	19	0	22	22	0	13	13	0	24	23	1	12	12	0	14	14	0	19	19	0	15	12	3	11	11	0	22	22	0	23	23	0	14	12	2	23	22	1	28	28	0	29	29	0	15	15	0	16	14	2	22	22	0
NC_059185.1	10266913	10266914	*	21	7	14	23	1	22	15	5	10	12	0	12	14	0	14	24	1	23	15	0	15	20	19	1	16	0	16	23	0	23	23	0	23	21	9	12	18	0	18	27	1	26	30	14	16	28	0	28	25	0	25	29	13	16	31	0	31
NC_059185.1	10318357	10318358	*	10	10	0	22	21	1	11	11	0	11	11	0	11	11	0	17	16	1	12	12	0	18	18	0	11	11	0	15	14	1	13	13	0	19	19	0	14	13	1	12	12	0	15	15	0	11	11	0	15	15	0	21	20	1	22	20	2
NC_059185.1	10340555	10340556	*	12	10	2	16	13	3	10	8	2	11	10	1	19	18	1	16	16	0	20	18	2	13	10	3	15	14	1	21	21	0	15	14	1	17	16	1	14	13	1	16	15	1	20	20	0	15	14	1	21	20	1	17	16	1	21	21	0
NC_059185.1	10405370	10405371	*	19	9	10	16	7	9	11	4	7	15	4	11	13	7	6	16	6	10	18	6	12	10	0	10	12	3	9	18	10	8	14	5	9	26	8	18	12	3	9	18	10	8	16	5	11	14	1	13	19	6	13	16	1	15	33	10	23
NC_059185.1	10405413	10405414	*	19	8	11	23	20	3	13	5	8	19	13	6	13	8	5	15	12	3	18	8	10	11	3	8	10	3	7	21	16	5	14	9	5	26	11	15	12	4	8	16	14	2	15	7	8	20	5	15	19	9	10	16	0	16	32	19	13
NC_059185.1	10471633	10471634	*	22	21	1	20	19	1	20	20	0	27	25	2	18	17	1	21	18	3	19	18	1	11	11	0	15	14	1	21	20	1	23	21	2	30	29	1	29	23	6	24	22	2	23	23	0	22	21	1	25	25	0	28	22	6	31	28	3
NC_059185.1	10603989	10603990	*	27	22	5	16	13	3	22	15	7	13	8	5	20	17	3	19	17	2	11	6	5	10	6	4	10	6	4	23	21	2	13	11	2	22	18	4	22	17	5	16	12	4	31	29	2	22	16	6	23	21	2	14	8	6	28	22	6
NC_059185.1	10608912	10608913	*	16	4	12	11	6	5	17	10	7	20	19	1	24	19	5	10	9	1	14	7	7	17	8	9	15	0	15	23	11	12	14	8	6	23	0	23	17	9	8	13	7	6	18	18	0	32	14	18	14	4	10	19	0	19	22	0	22
NC_059185.1	10631737	10631738	*	12	12	0	22	21	1	15	14	1	15	13	2	12	11	1	15	14	1	21	19	2	10	9	1	19	18	1	15	13	2	20	20	0	28	26	2	20	19	1	10	9	1	13	12	1	16	13	3	16	14	2	19	17	2	25	23	2
NC_059185.1	10631810	10631811	*	14	12	2	25	21	4	17	17	0	14	14	0	17	17	0	17	17	0	19	18	1	15	13	2	17	15	2	12	11	1	18	16	2	25	24	1	16	16	0	20	19	1	17	17	0	18	16	2	14	13	1	20	19	1	24	21	3
NC_059185.1	10631837	10631838	*	12	11	1	25	23	2	16	16	0	16	15	1	17	15	2	16	15	1	18	18	0	19	18	1	15	14	1	15	13	2	17	16	1	23	19	4	12	12	0	18	18	0	17	15	2	18	17	1	12	11	1	18	18	0	19	18	1
NC_059185.1	10655004	10655005	*	15	7	8	11	0	11	14	0	14	17	0	17	23	0	23	13	0	13	11	4	7	20	0	20	11	6	5	19	3	16	21	2	19	19	0	19	11	2	9	17	0	17	22	0	22	19	0	19	16	0	16	15	0	15	16	0	16
NC_059185.1	10655085	10655086	*	19	8	11	20	0	20	17	0	17	18	0	18	20	0	20	19	0	19	13	3	10	14	0	14	11	4	7	19	6	13	27	1	26	25	0	25	13	5	8	20	0	20	29	0	29	30	0	30	19	0	19	14	0	14	15	0	15
NC_059185.1	10676490	10676491	*	26	26	0	20	19	1	19	17	2	15	15	0	12	11	1	26	23	3	15	13	2	14	12	2	13	13	0	30	26	4	22	22	0	23	19	4	21	21	0	22	22	0	38	34	4	26	26	0	12	12	0	17	16	1	35	35	0
NC_059185.1	10681385	10681386	*	15	15	0	16	14	2	16	14	2	13	11	2	17	15	2	23	23	0	18	18	0	18	17	1	11	11	0	12	12	0	14	14	0	11	11	0	19	18	1	14	14	0	27	27	0	15	13	2	10	10	0	16	15	1	29	28	1
NC_059185.1	10686206	10686207	*	16	14	2	20	17	3	24	24	0	23	22	1	18	16	2	17	17	0	11	11	0	13	11	2	12	10	2	25	23	2	14	6	8	33	30	3	20	19	1	18	15	3	25	23	2	17	17	0	17	17	0	19	19	0	19	19	0
NC_059185.1	10810540	10810541	*	19	19	0	14	12	2	17	17	0	21	20	1	13	13	0	17	15	2	11	11	0	10	9	1	10	9	1	21	20	1	24	23	1	20	20	0	15	15	0	15	15	0	22	20	2	21	21	0	15	15	0	16	15	1	25	25	0
NC_059185.1	10810568	10810569	*	21	20	1	14	14	0	20	18	2	19	17	2	14	14	0	16	16	0	13	12	1	11	11	0	10	10	0	20	20	0	27	27	0	21	21	0	16	16	0	15	15	0	22	21	1	19	19	0	17	17	0	21	19	2	29	29	0
NC_059185.1	10810586	10810587	*	25	24	1	15	15	0	19	19	0	19	19	0	17	15	2	17	17	0	14	14	0	11	11	0	13	13	0	18	18	0	26	25	1	21	20	1	14	14	0	14	14	0	24	23	1	18	18	0	17	17	0	20	20	0	30	29	1
NC_059185.1	10810655	10810656	*	28	25	3	18	15	3	22	20	2	19	17	2	17	16	1	19	16	3	14	11	3	11	8	3	12	12	0	16	15	1	21	19	2	15	13	2	20	16	4	15	13	2	22	18	4	24	21	3	14	14	0	20	19	1	23	22	1
NC_059185.1	10854936	10854937	*	10	8	2	22	19	3	17	17	0	14	12	2	20	20	0	10	10	0	14	13	1	13	12	1	13	12	1	16	15	1	17	15	2	18	15	3	20	19	1	14	13	1	19	16	3	17	17	0	11	11	0	18	15	3	22	17	5
NC_059185.1	10870767	10870768	*	23	23	0	12	11	1	15	15	0	13	13	0	14	14	0	25	23	2	11	11	0	15	15	0	15	15	0	17	16	1	24	24	0	29	27	2	32	29	3	24	24	0	24	24	0	20	20	0	25	25	0	19	18	1	22	22	0
NC_059185.1	11005780	11005781	*	23	20	3	19	17	2	14	14	0	14	13	1	20	19	1	19	19	0	12	11	1	14	14	0	10	10	0	21	21	0	18	16	2	10	8	2	13	12	1	17	16	1	23	21	2	28	27	1	15	15	0	13	12	1	25	24	1
NC_059185.1	11019312	11019313	*	15	6	9	19	0	19	22	20	2	18	16	2	21	20	1	29	27	2	29	28	1	16	15	1	14	1	13	12	12	0	23	21	2	30	14	16	17	17	0	25	25	0	26	11	15	28	28	0	22	22	0	18	18	0	36	36	0
NC_059185.1	11067866	11067867	*	19	19	0	20	20	0	11	9	2	17	15	2	10	10	0	26	23	3	19	18	1	15	15	0	11	11	0	22	22	0	10	10	0	19	16	3	20	19	1	13	12	1	19	18	1	15	14	1	15	13	2	16	10	6	19	16	3
NC_059185.1	11067877	11067878	*	20	19	1	19	19	0	12	10	2	16	14	2	11	9	2	25	22	3	20	18	2	16	13	3	12	8	4	22	22	0	12	12	0	18	15	3	19	18	1	13	12	1	20	17	3	16	14	2	15	13	2	17	10	7	19	16	3
NC_059185.1	11100920	11100921	*	23	22	1	32	30	2	19	16	3	25	20	5	17	15	2	21	18	3	20	18	2	18	15	3	17	15	2	17	14	3	19	17	2	24	21	3	27	20	7	19	17	2	33	28	5	22	19	3	21	18	3	19	8	11	23	17	6
NC_059185.1	11100930	11100931	*	22	21	1	34	31	3	20	18	2	25	22	3	15	15	0	22	21	1	20	20	0	19	16	3	19	18	1	18	16	2	19	16	3	25	22	3	23	20	3	19	17	2	30	27	3	21	19	2	20	19	1	18	16	2	22	21	1
NC_059185.1	11100979	11100980	*	16	13	3	35	32	3	15	14	1	21	21	0	17	17	0	19	18	1	17	17	0	19	19	0	18	18	0	19	17	2	18	17	1	27	26	1	21	20	1	22	21	1	23	22	1	17	16	1	17	16	1	15	14	1	18	16	2
NC_059185.1	11101007	11101008	*	16	15	1	29	26	3	15	13	2	21	20	1	19	17	2	22	17	5	19	19	0	17	17	0	20	20	0	20	20	0	20	19	1	23	23	0	20	18	2	19	18	1	27	25	2	15	14	1	19	18	1	17	12	5	19	19	0
NC_059185.1	11144554	11144555	*	15	13	2	26	21	5	22	16	6	13	8	5	18	11	7	18	16	2	19	13	6	28	20	8	17	15	2	18	16	2	19	15	4	21	17	4	26	19	7	15	12	3	25	21	4	21	16	5	18	14	4	17	11	6	31	25	6
NC_059185.1	11220218	11220219	*	21	20	1	13	10	3	15	15	0	13	11	2	19	19	0	22	21	1	15	14	1	14	12	2	17	17	0	18	18	0	15	15	0	19	19	0	20	20	0	21	20	1	13	10	3	15	15	0	19	17	2	10	9	1	29	28	1
NC_059185.1	11255976	11255977	*	17	17	0	23	20	3	15	15	0	19	18	1	22	22	0	20	20	0	15	15	0	18	15	3	13	12	1	17	16	1	15	15	0	23	23	0	16	16	0	17	16	1	25	25	0	19	19	0	28	28	0	17	16	1	19	19	0
NC_059185.1	11256086	11256087	*	17	16	1	30	27	3	14	12	2	17	17	0	15	14	1	21	20	1	21	21	0	19	17	2	19	16	3	18	18	0	16	16	0	26	23	3	21	21	0	16	10	6	32	31	1	24	22	2	26	22	4	20	19	1	23	23	0
NC_059185.1	11256125	11256126	*	14	14	0	27	23	4	16	15	1	15	14	1	18	16	2	21	21	0	23	23	0	17	16	1	17	16	1	15	15	0	14	14	0	22	20	2	20	20	0	12	12	0	29	28	1	22	21	1	26	25	1	21	21	0	24	22	2
NC_059185.1	11355488	11355489	*	13	11	2	20	13	7	17	6	11	18	7	11	11	8	3	24	19	5	13	10	3	14	10	4	14	9	5	17	9	8	12	9	3	16	4	12	17	11	6	10	5	5	18	9	9	23	11	12	18	12	6	17	15	2	17	13	4
NC_059185.1	11361729	11361730	*	15	14	1	23	21	2	14	13	1	16	15	1	17	17	0	19	19	0	12	11	1	14	13	1	10	10	0	18	18	0	13	13	0	19	19	0	14	14	0	14	14	0	25	23	2	25	25	0	18	18	0	16	16	0	20	20	0
NC_059185.1	11375520	11375521	*	15	15	0	18	17	1	15	14	1	12	12	0	14	13	1	19	19	0	11	9	2	16	16	0	16	15	1	13	13	0	14	14	0	20	20	0	16	16	0	18	17	1	18	18	0	12	11	1	12	12	0	17	15	2	22	21	1
NC_059185.1	11392680	11392681	*	15	6	9	12	12	0	11	10	1	18	17	1	11	11	0	13	13	0	16	15	1	15	15	0	11	4	7	11	5	6	12	8	4	27	25	2	15	6	9	13	12	1	24	22	2	23	8	15	22	20	2	14	13	1	19	8	11
NC_059185.1	11392702	11392703	*	14	14	0	12	12	0	11	11	0	18	17	1	11	11	0	16	16	0	17	17	0	17	14	3	12	3	9	12	9	3	13	12	1	25	24	1	15	13	2	12	12	0	26	24	2	21	8	13	23	22	1	15	13	2	16	16	0
NC_059185.1	11521208	11521209	*	19	18	1	20	13	7	18	13	5	14	11	3	15	12	3	12	12	0	11	10	1	23	20	3	18	16	2	16	13	3	27	19	8	28	24	4	19	16	3	20	14	6	31	25	6	23	19	4	26	22	4	21	16	5	27	22	5
NC_059185.1	11521227	11521228	*	21	21	0	22	21	1	19	17	2	13	11	2	17	14	3	15	14	1	13	9	4	25	24	1	17	16	1	17	16	1	28	25	3	32	29	3	21	20	1	22	20	2	29	25	4	26	24	2	24	22	2	24	19	5	31	26	5
NC_059185.1	11521291	11521292	*	22	20	2	22	21	1	21	20	1	11	11	0	20	20	0	21	18	3	13	12	1	26	26	0	18	17	1	20	18	2	22	21	1	29	29	0	20	18	2	19	19	0	29	29	0	27	27	0	22	20	2	28	27	1	33	29	4
NC_059185.1	11526416	11526417	*	12	12	0	18	18	0	14	12	2	20	18	2	14	13	1	24	23	1	14	14	0	11	10	1	14	14	0	16	14	2	16	14	2	22	22	0	21	21	0	11	11	0	22	22	0	19	4	15	18	18	0	17	17	0	14	8	6
NC_059185.1	11526489	11526490	*	18	16	2	17	12	5	12	8	4	20	14	6	12	10	2	23	22	1	15	12	3	17	14	3	14	13	1	15	12	3	13	11	2	14	12	2	17	15	2	13	11	2	23	20	3	22	7	15	15	14	1	17	13	4	17	6	11
NC_059185.1	11526610	11526611	*	21	19	2	13	12	1	18	17	1	15	15	0	14	14	0	17	16	1	13	13	0	17	17	0	14	14	0	21	21	0	19	19	0	13	13	0	13	13	0	20	19	1	18	18	0	23	23	0	23	23	0	20	19	1	23	22	1
NC_059185.1	11596338	11596339	*	23	22	1	16	13	3	13	12	1	20	19	1	16	16	0	20	19	1	19	19	0	30	30	0	15	14	1	21	21	0	20	18	2	20	20	0	22	22	0	14	13	1	24	23	1	23	22	1	19	19	0	16	15	1	21	20	1
NC_059185.1	11596380	11596381	*	26	23	3	14	10	4	15	14	1	21	19	2	13	13	0	22	19	3	19	15	4	30	23	7	17	14	3	24	24	0	20	17	3	16	13	3	17	16	1	15	14	1	23	21	2	23	19	4	20	20	0	15	12	3	16	16	0
NC_059185.1	11596409	11596410	*	24	23	1	11	9	2	14	14	0	22	19	3	12	12	0	18	5	13	22	14	8	24	24	0	16	14	2	24	23	1	21	20	1	20	18	2	17	17	0	15	14	1	20	19	1	20	16	4	17	17	0	15	13	2	15	12	3
NC_059185.1	11596539	11596540	*	27	27	0	14	12	2	12	12	0	16	16	0	11	10	1	13	12	1	18	18	0	16	15	1	15	14	1	24	24	0	21	19	2	19	19	0	21	21	0	19	18	1	25	24	1	20	19	1	14	13	1	17	16	1	14	14	0
NC_059185.1	11596559	11596560	*	25	25	0	13	9	4	12	7	5	15	14	1	15	15	0	13	12	1	20	18	2	14	9	5	16	9	7	24	16	8	19	10	9	20	18	2	21	13	8	19	9	10	23	22	1	19	7	12	11	3	8	19	18	1	14	0	14
NC_059185.1	11596581	11596582	*	24	20	4	13	8	5	10	10	0	14	12	2	15	15	0	15	14	1	19	17	2	15	15	0	16	15	1	25	25	0	18	17	1	20	18	2	21	21	0	18	16	2	23	22	1	16	16	0	10	10	0	18	17	1	15	15	0
NC_059185.1	11596626	11596627	*	25	24	1	12	12	0	12	12	0	12	12	0	17	17	0	18	17	1	16	16	0	16	16	0	13	13	0	17	15	2	19	17	2	22	20	2	21	20	1	18	18	0	19	11	8	17	16	1	12	11	1	18	17	1	20	20	0
NC_059185.1	11618835	11618836	*	11	10	1	16	15	1	18	17	1	12	11	1	10	9	1	11	10	1	15	12	3	14	11	3	16	14	2	13	13	0	10	9	1	19	16	3	12	10	2	14	14	0	20	16	4	17	14	3	16	13	3	13	13	0	10	8	2
NC_059185.1	11634819	11634820	*	19	9	10	13	0	13	11	0	11	12	5	7	13	13	0	17	13	4	10	9	1	13	6	7	17	7	10	16	8	8	11	8	3	23	15	8	19	16	3	14	12	2	23	0	23	15	10	5	14	14	0	13	13	0	21	7	14
NC_059185.1	11634839	11634840	*	20	18	2	13	12	1	11	9	2	11	11	0	14	14	0	19	19	0	11	10	1	12	12	0	16	14	2	19	19	0	12	10	2	28	25	3	20	18	2	14	14	0	24	23	1	18	18	0	14	14	0	14	13	1	22	17	5
NC_059185.1	11636981	11636982	*	14	11	3	13	9	4	19	7	12	12	10	2	12	7	5	23	17	6	13	7	6	16	12	4	13	5	8	20	17	3	13	10	3	12	5	7	14	11	3	17	14	3	20	14	6	18	1	17	17	4	13	16	9	7	26	13	13
NC_059185.1	11735853	11735854	*	22	22	0	21	20	1	15	14	1	16	16	0	10	7	3	16	16	0	16	16	0	15	14	1	11	10	1	18	17	1	14	9	5	23	23	0	11	10	1	14	13	1	25	24	1	16	15	1	14	14	0	11	11	0	19	18	1
NC_059185.1	11745081	11745082	*	26	26	0	15	14	1	19	18	1	11	10	1	12	12	0	24	23	1	14	14	0	19	19	0	11	11	0	28	27	1	24	21	3	21	21	0	20	20	0	13	13	0	21	19	2	28	28	0	24	23	1	11	10	1	35	33	2
NC_059185.1	11745105	11745106	*	22	21	1	14	13	1	22	20	2	13	12	1	11	11	0	21	20	1	18	17	1	20	19	1	12	11	1	33	32	1	25	22	3	29	28	1	21	19	2	16	15	1	24	21	3	28	27	1	25	24	1	14	13	1	38	37	1
NC_059185.1	11831855	11831856	*	14	13	1	28	26	2	14	13	1	11	10	1	11	9	2	19	17	2	14	14	0	15	13	2	11	11	0	23	23	0	18	18	0	18	18	0	18	17	1	21	21	0	15	13	2	28	26	2	26	24	2	13	12	1	21	21	0
NC_059185.1	11834900	11834901	*	17	13	4	28	26	2	17	13	4	18	13	5	23	21	2	11	8	3	17	14	3	11	9	2	17	14	3	16	14	2	24	20	4	21	21	0	12	10	2	16	12	4	21	16	5	29	25	4	16	13	3	11	9	2	22	19	3
NC_059185.1	11834985	11834986	*	20	14	6	23	20	3	22	18	4	18	14	4	25	22	3	16	16	0	24	9	15	13	12	1	24	19	5	17	14	3	29	23	6	27	21	6	25	19	6	21	16	5	27	24	3	23	19	4	13	10	3	13	11	2	25	11	14
NC_059185.1	11835024	11835025	*	19	14	5	17	11	6	15	7	8	14	10	4	25	21	4	15	13	2	20	12	8	11	11	0	21	13	8	19	12	7	27	15	12	24	17	7	23	13	10	22	16	6	23	20	3	24	17	7	12	10	2	14	11	3	22	17	5
NC_059185.1	11835078	11835079	*	19	18	1	20	16	4	12	12	0	13	11	2	18	17	1	19	18	1	11	10	1	13	12	1	18	16	2	17	15	2	21	17	4	22	20	2	19	16	3	25	23	2	22	16	6	25	20	5	15	14	1	16	15	1	26	26	0
NC_059185.1	11835093	11835094	*	20	18	2	20	20	0	12	11	1	12	11	1	17	16	1	17	14	3	15	12	3	12	11	1	20	16	4	18	16	2	24	20	4	19	18	1	19	15	4	27	21	6	22	16	6	25	20	5	20	18	2	17	13	4	27	25	2
NC_059185.1	11947318	11947319	*	16	9	7	20	13	7	15	4	11	14	9	5	18	16	2	28	20	8	17	7	10	25	11	14	11	6	5	18	15	3	16	7	9	28	4	24	20	12	8	22	11	11	25	14	11	29	15	14	28	19	9	26	14	12	21	9	12
NC_059185.1	11947372	11947373	*	22	15	7	23	10	13	18	8	10	15	7	8	17	11	6	29	13	16	24	10	14	31	16	15	13	10	3	20	10	10	19	10	9	32	23	9	24	15	9	30	7	23	23	14	9	26	15	11	26	16	10	32	15	17	28	19	9
NC_059185.1	11947402	11947403	*	22	11	11	18	12	6	15	7	8	16	15	1	14	9	5	26	16	10	22	9	13	28	14	14	15	11	4	22	15	7	17	13	4	30	27	3	20	14	6	31	10	21	20	12	8	28	23	5	23	20	3	24	14	10	27	24	3
NC_059185.1	11948590	11948591	*	21	4	17	12	0	12	23	3	20	21	0	21	19	0	19	20	0	20	17	0	17	27	0	27	21	6	15	21	0	21	14	2	12	17	1	16	19	0	19	23	3	20	19	10	9	25	3	22	22	0	22	15	4	11	25	3	22
NC_059185.1	11948592	11948593	*	21	3	18	12	0	12	23	3	20	21	0	21	19	0	19	20	0	20	17	0	17	27	0	27	21	3	18	21	0	21	13	2	11	17	0	17	19	0	19	23	2	21	19	8	11	26	2	24	22	0	22	16	4	12	25	2	23
NC_059185.1	11948619	11948620	*	20	5	15	16	0	16	25	4	21	25	0	25	22	0	22	21	0	21	18	0	18	29	0	29	21	4	17	17	0	17	13	2	11	21	0	21	19	0	19	23	2	21	20	8	12	27	5	22	21	0	21	17	3	14	24	1	23
NC_059185.1	11948635	11948636	*	21	5	16	17	0	17	24	3	21	23	0	23	21	0	21	20	0	20	19	0	19	28	0	28	22	7	15	19	0	19	13	2	11	20	0	20	21	0	21	26	4	22	19	8	11	28	5	23	22	0	22	18	5	13	25	4	21
NC_059185.1	11948651	11948652	*	19	6	13	18	0	18	25	4	21	26	0	26	18	0	18	19	0	19	20	0	20	29	0	29	22	6	16	19	0	19	13	3	10	24	0	24	21	0	21	27	4	23	20	10	10	31	7	24	22	0	22	24	5	19	26	5	21
NC_059185.1	11948658	11948659	*	19	5	14	17	0	17	24	3	21	26	0	26	17	0	17	19	0	19	19	0	19	29	1	28	22	6	16	20	0	20	10	2	8	22	0	22	19	1	18	27	3	24	20	10	10	31	6	25	22	0	22	23	3	20	28	7	21
NC_059185.1	11948662	11948663	*	20	6	14	18	0	18	24	3	21	26	0	26	18	0	18	20	0	20	19	0	19	29	0	29	22	6	16	19	0	19	10	3	7	21	0	21	19	0	19	27	2	25	21	6	15	32	5	27	22	0	22	24	4	20	28	5	23
NC_059185.1	11948696	11948697	*	23	5	18	21	0	21	26	3	23	24	0	24	23	1	22	14	6	8	16	0	16	28	1	27	22	7	15	19	4	15	12	4	8	21	1	20	21	1	20	28	3	25	18	6	12	31	5	26	19	1	18	26	3	23	32	7	25
NC_059185.1	11948714	11948715	*	21	9	12	25	4	21	28	5	23	24	1	23	26	1	25	14	5	9	16	1	15	22	3	19	22	7	15	20	6	14	12	7	5	27	5	22	21	4	17	26	3	23	20	8	12	33	8	25	17	2	15	27	6	21	28	8	20
NC_059185.1	11989871	11989872	*	16	16	0	10	9	1	12	12	0	22	22	0	18	18	0	16	14	2	14	13	1	21	21	0	17	16	1	17	17	0	17	15	2	16	16	0	14	14	0	15	14	1	25	22	3	12	12	0	19	19	0	12	11	1	21	20	1
NC_059185.1	11989889	11989890	*	14	13	1	10	10	0	11	11	0	22	21	1	16	16	0	19	18	1	14	13	1	21	21	0	17	17	0	19	19	0	17	15	2	15	15	0	14	14	0	15	13	2	26	25	1	11	9	2	18	18	0	11	11	0	22	21	1
NC_059185.1	11989980	11989981	*	17	16	1	11	11	0	10	4	6	22	21	1	17	7	10	23	0	23	15	6	9	11	0	11	16	5	11	19	11	8	14	10	4	12	3	9	18	7	11	13	8	5	18	7	11	14	4	10	18	9	9	10	4	6	16	16	0
NC_059185.1	12026217	12026218	*	16	8	8	21	18	3	14	0	14	16	0	16	20	11	9	19	0	19	10	4	6	14	0	14	12	10	2	21	0	21	25	7	18	22	12	10	14	5	9	20	9	11	34	13	21	13	1	12	20	13	7	18	9	9	30	0	30
NC_059185.1	12026227	12026228	*	16	6	10	22	17	5	14	0	14	18	0	18	19	8	11	18	0	18	11	4	7	15	0	15	13	12	1	22	0	22	25	4	21	24	9	15	15	6	9	18	7	11	36	13	23	18	1	17	20	12	8	23	14	9	32	1	31
NC_059185.1	12026263	12026264	*	18	15	3	22	17	5	17	7	10	16	5	11	20	17	3	18	16	2	13	11	2	23	18	5	14	10	4	23	21	2	17	13	4	23	20	3	14	7	7	23	17	6	37	24	13	18	15	3	25	22	3	21	20	1	27	18	9
NC_059185.1	12026473	12026474	*	13	11	2	14	11	3	14	8	6	17	8	9	13	7	6	21	10	11	13	9	4	18	12	6	10	9	1	18	6	12	10	4	6	31	20	11	10	4	6	10	5	5	22	13	9	22	16	6	24	8	16	15	10	5	22	11	11
NC_059185.1	12069198	12069199	*	30	19	11	22	10	12	15	7	8	15	7	8	12	5	7	22	10	12	12	10	2	16	10	6	13	6	7	14	6	8	18	8	10	18	7	11	24	13	11	18	11	7	27	13	14	24	12	12	15	9	6	10	3	7	27	15	12
NC_059185.1	12073346	12073347	*	17	15	2	16	14	2	14	13	1	17	16	1	20	18	2	14	13	1	15	14	1	10	8	2	12	11	1	18	16	2	19	18	1	22	20	2	19	19	0	20	19	1	10	8	2	17	16	1	16	15	1	11	10	1	21	18	3
NC_059185.1	12123926	12123927	*	19	15	4	23	14	9	12	10	2	12	10	2	30	21	9	20	18	2	15	11	4	14	10	4	12	11	1	25	18	7	17	16	1	35	22	13	15	10	5	20	12	8	23	15	8	19	15	4	22	16	6	29	21	8	29	24	5
NC_059185.1	12123961	12123962	*	23	20	3	26	21	5	15	13	2	16	13	3	29	19	10	22	17	5	17	14	3	15	12	3	13	12	1	24	22	2	19	16	3	35	30	5	19	13	6	26	20	6	26	20	6	14	11	3	20	13	7	29	23	6	25	21	4
NC_059185.1	12124025	12124026	*	27	24	3	23	19	4	17	16	1	21	18	3	29	25	4	22	20	2	16	10	6	15	13	2	14	13	1	20	17	3	13	10	3	36	30	6	18	14	4	27	20	7	24	22	2	13	12	1	18	14	4	22	19	3	20	19	1
NC_059185.1	12137217	12137218	*	18	18	0	18	16	2	15	15	0	15	14	1	15	15	0	18	16	2	12	11	1	16	14	2	17	14	3	24	24	0	13	13	0	15	15	0	24	22	2	11	11	0	22	21	1	21	20	1	19	19	0	10	10	0	25	25	0
NC_059185.1	12137230	12137231	*	18	17	1	21	21	0	16	16	0	14	13	1	14	14	0	18	16	2	12	11	1	13	11	2	16	16	0	23	23	0	13	13	0	15	15	0	22	20	2	10	10	0	23	23	0	20	20	0	19	19	0	11	11	0	24	24	0
NC_059185.1	12255752	12255753	*	11	11	0	30	28	2	14	14	0	17	15	2	25	25	0	24	24	0	24	22	2	17	17	0	20	19	1	31	28	3	23	20	3	21	21	0	27	25	2	27	25	2	31	30	1	21	21	0	23	21	2	18	18	0	18	17	1
NC_059185.1	12255779	12255780	*	10	10	0	26	25	1	15	13	2	16	15	1	25	24	1	24	24	0	19	18	1	18	17	1	17	16	1	30	28	2	24	22	2	17	16	1	30	29	1	29	28	1	29	27	2	20	20	0	25	25	0	18	18	0	20	19	1
NC_059185.1	12255844	12255845	*	12	12	0	23	0	23	15	10	5	14	0	14	18	9	9	17	16	1	16	7	9	20	11	9	13	7	6	21	0	21	17	8	9	10	3	7	23	12	11	19	2	17	22	0	22	19	8	11	23	9	14	14	0	14	21	0	21
NC_059185.1	12255851	12255852	*	11	11	0	21	0	21	14	8	6	14	0	14	17	9	8	17	17	0	15	6	9	19	11	8	14	9	5	18	0	18	17	8	9	10	4	6	22	13	9	16	1	15	22	0	22	18	9	9	23	9	14	14	1	13	17	0	17
NC_059185.1	12262159	12262160	*	15	13	2	13	12	1	17	17	0	25	22	3	11	10	1	14	13	1	19	19	0	13	12	1	15	14	1	14	13	1	11	11	0	27	25	2	20	19	1	14	13	1	33	30	3	24	23	1	19	18	1	13	12	1	23	18	5
NC_059185.1	12262264	12262265	*	14	12	2	14	14	0	19	18	1	26	26	0	12	11	1	12	12	0	17	16	1	10	9	1	14	13	1	14	10	4	12	11	1	20	20	0	23	21	2	11	11	0	30	28	2	22	22	0	13	13	0	12	12	0	20	19	1
NC_059185.1	12272851	12272852	*	20	6	14	11	0	11	20	0	20	16	1	15	16	9	7	17	16	1	15	6	9	14	9	5	13	0	13	13	0	13	16	0	16	18	7	11	18	9	9	16	0	16	21	0	21	22	8	14	17	5	12	15	0	15	27	0	27
NC_059185.1	12272856	12272857	*	19	17	2	11	11	0	22	19	3	16	16	0	17	16	1	17	15	2	15	13	2	14	13	1	13	13	0	13	13	0	16	16	0	20	18	2	17	17	0	16	16	0	21	21	0	21	21	0	19	19	0	15	14	1	27	24	3
NC_059185.1	12272890	12272891	*	21	19	2	14	12	2	19	17	2	14	13	1	17	17	0	16	13	3	11	11	0	12	9	3	15	14	1	14	12	2	17	15	2	27	27	0	21	20	1	15	14	1	20	18	2	21	19	2	19	16	3	14	13	1	28	26	2
NC_059185.1	12272997	12272998	*	17	15	2	17	15	2	12	12	0	15	13	2	16	16	0	13	13	0	17	15	2	11	11	0	17	16	1	18	18	0	17	17	0	27	24	3	16	16	0	15	15	0	24	23	1	21	20	1	23	23	0	15	15	0	29	27	2
NC_059185.1	12283409	12283410	*	19	17	2	24	24	0	15	15	0	18	17	1	10	10	0	15	15	0	18	16	2	24	24	0	20	19	1	13	13	0	12	11	1	18	17	1	22	22	0	25	25	0	23	22	1	23	22	1	19	19	0	21	21	0	21	19	2
NC_059185.1	13107421	13107422	*	36	5	31	12	4	8	42	13	29	33	0	33	44	19	25	36	0	36	20	5	15	21	8	13	33	0	33	19	0	19	71	18	53	43	23	20	43	20	23	27	0	27	45	8	37	43	12	31	41	8	33	40	17	23	31	14	17
NC_059185.1	13107440	13107441	*	41	5	36	12	7	5	41	12	29	36	0	36	46	16	30	42	0	42	20	4	16	25	10	15	35	4	31	22	0	22	75	21	54	45	25	20	44	20	24	22	0	22	52	7	45	40	10	30	38	6	32	41	17	24	32	16	16
NC_059185.1	13107444	13107445	*	40	7	33	12	6	6	41	13	28	35	1	34	45	19	26	39	2	37	23	5	18	27	13	14	36	5	31	21	0	21	76	24	52	46	25	21	46	21	25	22	1	21	52	9	43	42	10	32	41	9	32	41	23	18	32	16	16
NC_059185.1	13107561	13107562	*	32	15	17	16	12	4	35	22	13	29	17	12	43	35	8	44	19	25	28	13	15	15	9	6	32	27	5	14	14	0	66	35	31	46	28	18	34	21	13	19	12	7	53	34	19	49	30	19	30	21	9	44	32	12	25	22	3
NC_059185.1	13110179	13110180	*	29	21	8	12	5	7	24	19	5	29	19	10	42	10	32	32	17	15	39	17	22	16	3	13	17	6	11	12	11	1	76	27	49	48	21	27	23	9	14	28	18	10	44	29	15	35	10	25	25	12	13	43	12	31	33	19	14
NC_059185.1	13133933	13133934	*	38	6	32	18	0	18	31	0	31	31	4	27	40	16	24	35	11	24	26	7	19	20	8	12	19	8	11	16	0	16	40	8	32	46	19	27	38	6	32	27	10	17	48	0	48	37	0	37	41	7	34	32	11	21	18	0	18
NC_059185.1	13133988	13133989	*	31	6	25	14	0	14	25	0	25	26	0	26	36	10	26	32	4	28	28	0	28	18	7	11	16	3	13	12	0	12	26	4	22	36	16	20	31	6	25	21	7	14	40	0	40	37	12	25	38	6	32	28	12	16	15	0	15
NC_059185.1	13145845	13145846	*	23	21	2	16	15	1	18	18	0	21	19	2	13	12	1	14	13	1	21	19	2	15	14	1	11	11	0	23	19	4	28	27	1	23	23	0	18	16	2	13	11	2	23	22	1	18	17	1	24	23	1	16	12	4	23	23	0
NC_059185.1	13204024	13204025	*	27	27	0	10	10	0	11	11	0	17	15	2	13	12	1	24	24	0	16	15	1	16	15	1	18	17	1	16	16	0	18	17	1	21	19	2	30	29	1	23	23	0	28	26	2	25	23	2	33	32	1	20	19	1	16	15	1
NC_059185.1	13206284	13206285	*	12	10	2	16	13	3	12	11	1	14	13	1	11	9	2	16	16	0	15	15	0	12	9	3	15	14	1	11	10	1	10	9	1	10	9	1	13	10	3	13	13	0	21	21	0	19	18	1	17	17	0	15	15	0	18	18	0
NC_059185.1	13206294	13206295	*	12	11	1	15	14	1	14	13	1	13	13	0	10	10	0	16	15	1	16	15	1	11	8	3	15	14	1	13	11	2	10	10	0	12	10	2	15	11	4	14	14	0	22	22	0	18	16	2	17	16	1	16	16	0	20	20	0
NC_059185.1	13237395	13237396	*	22	5	17	26	0	26	16	0	16	26	7	19	18	4	14	25	9	16	17	0	17	25	7	18	14	0	14	15	0	15	11	4	7	29	6	23	12	1	11	25	10	15	18	0	18	23	13	10	28	9	19	23	0	23	21	0	21
NC_059185.1	13237402	13237403	*	20	5	15	26	0	26	16	1	15	26	8	18	14	5	9	22	7	15	16	0	16	24	5	19	14	3	11	13	0	13	10	3	7	30	8	22	11	1	10	25	11	14	18	0	18	21	16	5	31	8	23	23	0	23	20	0	20
NC_059185.1	13237413	13237414	*	20	4	16	25	0	25	16	1	15	24	6	18	14	5	9	19	6	13	18	0	18	25	5	20	14	3	11	11	0	11	11	2	9	31	8	23	11	0	11	25	12	13	19	0	19	20	15	5	31	7	24	23	0	23	16	0	16
NC_059185.1	13237465	13237466	*	18	3	15	26	0	26	17	1	16	30	5	25	16	2	14	15	0	15	15	0	15	26	7	19	15	8	7	13	1	12	11	0	11	31	7	24	15	0	15	19	6	13	22	0	22	15	7	8	38	1	37	17	5	12	20	0	20
NC_059185.1	13250853	13250854	*	12	12	0	15	14	1	19	16	3	18	16	2	20	19	1	25	24	1	16	15	1	16	11	5	10	9	1	22	19	3	19	19	0	27	22	5	16	14	2	16	13	3	21	16	5	20	16	4	15	14	1	16	14	2	24	21	3
NC_059185.1	13250914	13250915	*	16	15	1	12	6	6	22	21	1	19	15	4	20	20	0	25	21	4	19	17	2	19	17	2	13	12	1	22	21	1	22	19	3	31	29	2	16	16	0	18	14	4	18	16	2	23	9	14	17	17	0	14	13	1	24	22	2
NC_059186.1	73779	73780	*	13	7	6	11	0	11	14	0	14	14	0	14	16	7	9	13	0	13	15	3	12	12	0	12	12	0	12	12	4	8	11	3	8	14	8	6	14	10	4	18	7	11	26	1	25	16	0	16	23	1	22	10	0	10	25	14	11
NC_059186.1	84921	84922	*	16	6	10	22	0	22	14	4	10	15	0	15	10	8	2	12	0	12	15	10	5	17	0	17	10	7	3	15	8	7	10	1	9	15	0	15	15	0	15	15	0	15	16	0	16	21	0	21	18	0	18	14	5	9	22	13	9
NC_059186.1	90410	90411	*	20	20	0	14	14	0	22	21	1	16	13	3	21	21	0	15	15	0	20	19	1	14	14	0	10	9	1	15	14	1	14	14	0	28	23	5	17	16	1	18	18	0	26	26	0	27	26	1	17	17	0	16	16	0	26	21	5
NC_059186.1	95262	95263	*	11	10	1	21	11	10	10	0	10	17	0	17	10	5	5	20	8	12	12	1	11	14	8	6	20	11	9	18	11	7	18	7	11	23	21	2	16	14	2	27	15	12	21	0	21	23	0	23	14	0	14	17	7	10	16	14	2
NC_059186.1	95278	95279	*	10	9	1	20	0	20	11	0	11	17	0	17	10	0	10	18	8	10	13	0	13	13	0	13	16	6	10	17	0	17	18	6	12	19	12	7	15	13	2	28	16	12	21	1	20	21	1	20	13	5	8	15	0	15	16	15	1
NC_059186.1	157128	157129	*	25	23	2	17	11	6	16	5	11	11	2	9	12	11	1	19	13	6	13	11	2	13	12	1	15	13	2	17	14	3	14	12	2	29	27	2	15	13	2	17	15	2	19	17	2	23	19	4	16	15	1	11	11	0	21	15	6
NC_059186.1	157151	157152	*	21	20	1	19	19	0	18	18	0	11	10	1	11	11	0	22	22	0	14	14	0	11	11	0	14	13	1	18	17	1	10	10	0	27	27	0	12	12	0	18	17	1	21	21	0	23	20	3	14	14	0	11	9	2	19	19	0
NC_059186.1	157303	157304	*	14	14	0	21	20	1	21	21	0	18	18	0	11	11	0	24	22	2	13	13	0	10	9	1	13	13	0	25	24	1	19	18	1	25	25	0	20	20	0	22	21	1	32	30	2	21	19	2	18	15	3	10	9	1	28	28	0
NC_059186.1	157322	157323	*	11	11	0	21	19	2	19	18	1	17	15	2	11	10	1	19	19	0	13	13	0	11	11	0	12	12	0	20	18	2	23	21	2	24	22	2	19	19	0	24	24	0	26	25	1	20	20	0	19	16	3	12	11	1	26	26	0
NC_059186.1	254510	254511	*	23	10	13	32	30	2	24	20	4	23	20	3	26	26	0	20	20	0	21	18	3	19	19	0	26	25	1	30	27	3	37	34	3	42	41	1	26	23	3	29	14	15	38	37	1	29	27	2	38	36	2	30	29	1	33	18	15
NC_059186.1	254538	254539	*	23	11	12	32	30	2	24	23	1	24	24	0	27	26	1	18	18	0	20	15	5	16	14	2	23	21	2	28	26	2	38	37	1	38	34	4	28	25	3	31	28	3	35	33	2	24	22	2	36	32	4	26	25	1	34	23	11
NC_059186.1	254700	254701	*	17	10	7	25	8	17	26	15	11	19	1	18	25	24	1	26	11	15	11	5	6	20	6	14	19	8	11	27	13	14	25	12	13	22	12	10	25	19	6	20	11	9	18	0	18	19	0	19	24	0	24	28	26	2	19	0	19
NC_059186.1	254716	254717	*	16	14	2	24	22	2	26	24	2	17	14	3	23	23	0	25	25	0	12	12	0	21	20	1	20	17	3	27	24	3	28	28	0	29	27	2	23	21	2	21	21	0	18	17	1	22	21	1	24	22	2	28	28	0	19	19	0
NC_059186.1	254733	254734	*	17	17	0	24	13	11	24	24	0	19	17	2	24	24	0	24	23	1	13	12	1	20	10	10	20	20	0	27	24	3	27	26	1	26	25	1	20	20	0	23	23	0	16	15	1	23	23	0	23	22	1	29	28	1	19	19	0
NC_059186.1	254826	254827	*	10	9	1	21	21	0	21	20	1	19	19	0	21	20	1	24	24	0	12	10	2	22	21	1	22	20	2	25	25	0	17	17	0	21	20	1	25	24	1	24	24	0	25	23	2	21	21	0	20	20	0	31	31	0	24	24	0
NC_059186.1	254845	254846	*	11	11	0	18	17	1	19	16	3	19	18	1	20	20	0	22	22	0	12	11	1	19	19	0	23	22	1	26	25	1	15	15	0	22	21	1	20	20	0	23	23	0	24	22	2	24	24	0	21	19	2	29	29	0	24	24	0
NC_059186.1	254861	254862	*	11	11	0	23	21	2	19	19	0	19	16	3	21	20	1	21	20	1	14	13	1	19	19	0	26	25	1	26	24	2	19	18	1	22	21	1	21	21	0	22	21	1	26	25	1	26	25	1	20	19	1	31	31	0	28	27	1
NC_059186.1	254912	254913	*	11	10	1	25	21	4	18	13	5	16	12	4	21	19	2	21	16	5	15	12	3	19	17	2	23	17	6	25	18	7	21	16	5	25	23	2	23	16	7	20	16	4	31	25	6	32	26	6	26	23	3	29	21	8	40	32	8
NC_059186.1	255012	255013	*	16	8	8	23	10	13	11	3	8	15	0	15	18	18	0	29	11	18	21	8	13	16	9	7	20	12	8	21	13	8	19	8	11	29	19	10	21	20	1	25	12	13	31	0	31	34	0	34	21	0	21	30	29	1	36	0	36
NC_059186.1	273471	273472	*	15	13	2	10	7	3	10	10	0	10	10	0	12	12	0	15	15	0	11	11	0	16	16	0	21	19	2	18	18	0	13	10	3	19	18	1	21	20	1	13	13	0	26	14	12	17	16	1	14	14	0	12	10	2	23	21	2
NC_059186.1	321589	321590	*	24	14	10	15	13	2	18	13	5	15	12	3	29	15	14	15	10	5	15	6	9	18	17	1	11	7	4	19	14	5	17	13	4	23	13	10	12	5	7	22	14	8	27	17	10	25	15	10	19	12	7	14	7	7	34	12	22
NC_059186.1	325856	325857	*	14	13	1	17	15	2	11	11	0	18	16	2	12	12	0	15	15	0	11	10	1	15	15	0	13	12	1	17	17	0	10	10	0	22	20	2	14	12	2	19	18	1	23	23	0	14	13	1	11	11	0	12	12	0	17	15	2
NC_059186.1	329458	329459	*	25	23	2	23	21	2	12	12	0	15	15	0	20	20	0	23	21	2	13	12	1	13	13	0	13	11	2	26	24	2	25	25	0	23	23	0	27	25	2	17	17	0	27	26	1	19	19	0	26	25	1	17	14	3	37	35	2
NC_059186.1	329487	329488	*	36	32	4	22	20	2	17	17	0	18	14	4	21	21	0	27	26	1	14	13	1	15	12	3	17	15	2	29	28	1	24	22	2	20	20	0	30	23	7	17	17	0	35	27	8	23	23	0	26	24	2	12	11	1	45	37	8
NC_059186.1	329520	329521	*	32	29	3	23	21	2	18	13	5	22	17	5	20	14	6	28	25	3	16	10	6	21	7	14	25	17	8	35	27	8	32	23	9	27	21	6	32	22	10	16	11	5	41	31	10	22	11	11	25	17	8	17	12	5	47	32	15
NC_059186.1	352079	352080	*	15	15	0	19	17	2	15	15	0	16	15	1	17	16	1	17	16	1	15	14	1	13	11	2	10	10	0	20	18	2	20	19	1	19	19	0	13	12	1	18	17	1	29	25	4	14	14	0	23	22	1	15	13	2	28	24	4
NC_059186.1	352134	352135	*	20	18	2	22	19	3	15	14	1	16	15	1	21	20	1	21	20	1	21	21	0	16	15	1	10	8	2	21	16	5	24	20	4	21	21	0	21	17	4	22	20	2	30	25	5	20	18	2	20	18	2	17	14	3	25	21	4
NC_059186.1	452481	452482	*	18	7	11	27	18	9	11	4	7	21	8	13	17	5	12	18	5	13	12	6	6	18	0	18	16	6	10	17	6	11	20	17	3	24	0	24	22	0	22	22	0	22	28	0	28	22	10	12	16	2	14	24	12	12	30	17	13
NC_059186.1	490671	490672	*	28	4	24	30	12	18	17	1	16	17	0	17	20	8	12	21	7	14	18	5	13	15	2	13	18	2	16	17	4	13	20	4	16	32	5	27	23	2	21	22	0	22	25	20	5	22	3	19	21	1	20	20	0	20	29	1	28
NC_059186.1	490726	490727	*	20	7	13	26	22	4	15	5	10	15	12	3	19	18	1	18	17	1	14	8	6	12	9	3	15	13	2	12	10	2	15	11	4	19	15	4	20	9	11	17	10	7	24	19	5	15	11	4	22	18	4	19	18	1	23	6	17
NC_059186.1	490742	490743	*	20	16	4	27	22	5	16	12	4	11	9	2	20	18	2	19	19	0	15	11	4	11	8	3	16	13	3	10	7	3	15	14	1	18	16	2	18	16	2	17	16	1	22	18	4	16	15	1	20	19	1	18	15	3	21	14	7
NC_059186.1	725217	725218	*	28	26	2	17	15	2	23	19	4	19	16	3	18	15	3	17	17	0	22	21	1	14	11	3	15	15	0	14	13	1	13	13	0	22	22	0	17	17	0	14	12	2	24	21	3	25	23	2	17	16	1	18	16	2	20	18	2
NC_059186.1	725237	725238	*	29	26	3	18	14	4	23	21	2	19	13	6	18	14	4	17	16	1	23	20	3	17	13	4	13	12	1	13	11	2	17	16	1	22	20	2	19	18	1	16	12	4	23	18	5	23	18	5	17	15	2	22	17	5	19	16	3
NC_059186.1	725264	725265	*	25	25	0	15	15	0	19	18	1	15	14	1	13	12	1	14	14	0	24	23	1	17	15	2	13	11	2	14	14	0	18	18	0	21	20	1	17	17	0	13	11	2	24	22	2	22	20	2	11	11	0	18	17	1	18	16	2
NC_059186.1	725299	725300	*	27	27	0	14	14	0	15	15	0	13	13	0	13	13	0	17	14	3	19	19	0	16	16	0	15	14	1	14	13	1	16	16	0	20	19	1	17	17	0	14	14	0	24	22	2	25	25	0	12	10	2	19	19	0	16	16	0
NC_059186.1	860661	860662	*	10	9	1	18	17	1	15	15	0	17	17	0	14	14	0	17	15	2	10	9	1	12	11	1	16	16	0	18	18	0	13	11	2	22	22	0	13	11	2	15	15	0	16	14	2	16	15	1	14	14	0	13	13	0	19	18	1
NC_059186.1	860669	860670	*	10	10	0	17	15	2	15	15	0	16	15	1	14	13	1	17	14	3	11	11	0	12	11	1	16	15	1	18	18	0	13	10	3	22	21	1	14	11	3	15	13	2	17	16	1	16	15	1	14	14	0	13	13	0	22	22	0
NC_059186.1	860765	860766	*	15	15	0	15	13	2	14	13	1	14	12	2	13	12	1	18	17	1	18	15	3	16	12	4	21	19	2	15	14	1	21	17	4	22	14	8	19	17	2	12	9	3	19	16	3	22	18	4	22	21	1	15	13	2	27	25	2
NC_059186.1	860774	860775	*	17	17	0	15	14	1	13	12	1	16	16	0	13	12	1	18	18	0	17	17	0	16	13	3	21	21	0	16	15	1	20	19	1	23	22	1	15	15	0	12	11	1	18	18	0	23	19	4	22	22	0	17	14	3	27	26	1
NC_059186.1	874136	874137	*	13	12	1	10	10	0	14	11	3	13	12	1	10	9	1	15	15	0	10	7	3	11	10	1	16	16	0	12	10	2	10	8	2	13	12	1	13	13	0	15	15	0	17	16	1	15	15	0	13	13	0	19	19	0	12	10	2
NC_059186.1	874252	874253	*	16	15	1	16	16	0	14	14	0	16	14	2	11	10	1	15	14	1	12	12	0	13	12	1	11	11	0	10	9	1	12	11	1	21	20	1	18	15	3	19	18	1	19	17	2	13	13	0	17	15	2	15	14	1	17	17	0
NC_059186.1	958955	958956	*	16	3	13	57	0	57	40	1	39	28	1	27	37	0	37	32	0	32	23	0	23	36	0	36	38	1	37	24	0	24	21	1	20	53	1	52	50	0	50	53	2	51	71	1	70	57	0	57	38	0	38	15	0	15	64	1	63
NC_059186.1	959001	959002	*	21	3	18	68	0	68	44	1	43	39	0	39	44	0	44	38	0	38	25	0	25	62	0	62	45	0	45	34	0	34	27	1	26	63	1	62	74	0	74	71	0	71	91	1	90	72	1	71	45	0	45	19	0	19	79	0	79
NC_059186.1	1012637	1012638	*	19	19	0	12	11	1	15	15	0	13	12	1	15	15	0	13	13	0	17	15	2	18	18	0	10	10	0	22	22	0	15	14	1	21	19	2	20	20	0	19	18	1	23	23	0	14	14	0	14	13	1	22	21	1	24	23	1
NC_059186.1	1012662	1012663	*	20	19	1	12	11	1	13	13	0	14	12	2	12	12	0	10	8	2	16	13	3	16	16	0	11	11	0	18	18	0	16	16	0	19	19	0	16	15	1	17	17	0	27	27	0	13	13	0	14	14	0	22	21	1	23	20	3
NC_059186.1	1012665	1012666	*	19	18	1	12	12	0	13	12	1	13	13	0	12	12	0	10	9	1	16	15	1	18	16	2	11	11	0	18	17	1	16	16	0	19	19	0	16	14	2	18	17	1	24	21	3	12	12	0	13	11	2	22	22	0	23	20	3
NC_059186.1	2883429	2883430	*	22	18	4	19	16	3	14	11	3	19	11	8	23	19	4	17	13	4	12	2	10	12	10	2	15	11	4	15	12	3	21	16	5	30	14	16	18	16	2	15	14	1	20	16	4	31	24	7	25	12	13	17	16	1	24	22	2
NC_059186.1	2883462	2883463	*	22	11	11	19	7	12	15	9	6	20	8	12	26	7	19	17	4	13	16	0	16	13	4	9	15	3	12	15	5	10	25	8	17	33	1	32	24	20	4	19	8	11	25	10	15	31	3	28	26	0	26	22	8	14	27	12	15
NC_059186.1	2883604	2883605	*	22	5	17	18	7	11	10	5	5	16	11	5	16	10	6	16	6	10	25	11	14	22	15	7	12	6	6	24	14	10	12	2	10	42	23	19	25	11	14	24	13	11	27	18	9	31	16	15	28	19	9	24	0	24	39	9	30
NC_059186.1	3005779	3005780	*	14	12	2	22	19	3	10	9	1	11	10	1	13	12	1	14	14	0	14	12	2	12	10	2	17	13	4	14	11	3	16	15	1	17	16	1	14	13	1	13	10	3	17	12	5	10	7	3	10	9	1	14	12	2	21	17	4
NC_059186.1	3458665	3458666	*	21	20	1	13	13	0	10	10	0	16	15	1	17	17	0	22	21	1	22	21	1	14	13	1	10	10	0	16	15	1	13	13	0	27	25	2	12	12	0	16	16	0	22	22	0	18	18	0	15	15	0	23	22	1	22	22	0
NC_059186.1	3458678	3458679	*	20	20	0	15	14	1	10	10	0	17	17	0	18	18	0	21	21	0	20	19	1	14	14	0	11	10	1	18	18	0	13	13	0	22	21	1	12	12	0	16	16	0	22	22	0	22	20	2	15	14	1	21	20	1	19	17	2
NC_059186.1	3634962	3634963	*	18	10	8	15	4	11	17	10	7	14	8	6	15	11	4	14	6	8	16	10	6	12	9	3	15	13	2	22	16	6	18	7	11	19	13	6	13	10	3	14	8	6	27	16	11	20	16	4	16	10	6	22	3	19	20	13	7
NC_059186.1	3634994	3634995	*	18	17	1	18	18	0	22	20	2	15	14	1	15	14	1	18	17	1	20	20	0	12	12	0	20	20	0	27	27	0	26	24	2	24	23	1	13	13	0	13	12	1	30	28	2	16	16	0	16	15	1	21	20	1	19	19	0
NC_059186.1	3635065	3635066	*	25	21	4	21	18	3	25	23	2	17	7	10	15	14	1	22	19	3	19	15	4	12	10	2	17	16	1	27	22	5	23	19	4	30	22	8	21	20	1	18	18	0	30	25	5	16	12	4	20	19	1	21	18	3	28	25	3
NC_059186.1	3635074	3635075	*	28	24	4	22	21	1	25	23	2	17	8	9	15	14	1	24	23	1	17	15	2	11	10	1	17	15	2	29	27	2	24	19	5	29	26	3	23	23	0	20	18	2	33	30	3	14	13	1	20	20	0	19	19	0	30	26	4
NC_059186.1	3635093	3635094	*	25	23	2	23	22	1	24	20	4	17	10	7	15	14	1	25	23	2	16	13	3	10	6	4	19	18	1	28	27	1	25	24	1	29	28	1	23	22	1	20	19	1	35	35	0	14	13	1	20	20	0	19	18	1	32	31	1
NC_059186.1	4999174	4999175	*	23	21	2	15	12	3	21	20	1	10	9	1	17	16	1	16	11	5	15	13	2	17	17	0	14	14	0	17	17	0	18	16	2	32	32	0	15	15	0	10	10	0	22	22	0	21	18	3	21	20	1	16	15	1	32	29	3
NC_059186.1	5198294	5198295	*	30	27	3	20	18	2	16	14	2	20	19	1	10	10	0	17	17	0	12	11	1	20	20	0	10	10	0	13	13	0	20	18	2	22	22	0	17	16	1	22	22	0	29	28	1	26	22	4	25	21	4	23	22	1	13	13	0
NC_059186.1	6736380	6736381	*	20	19	1	16	14	2	17	14	3	10	10	0	17	17	0	12	10	2	16	15	1	13	12	1	14	13	1	18	17	1	11	11	0	21	19	2	17	16	1	16	15	1	20	20	0	21	21	0	14	14	0	14	13	1	16	16	0
NC_059186.1	6761223	6761224	*	16	14	2	15	14	1	17	16	1	22	19	3	18	18	0	12	11	1	22	22	0	17	12	5	16	16	0	21	21	0	16	15	1	29	28	1	16	16	0	17	17	0	26	25	1	20	19	1	19	18	1	19	18	1	25	25	0
NC_059186.1	6774613	6774614	*	23	20	3	27	23	4	14	14	0	19	19	0	27	25	2	24	24	0	11	10	1	17	17	0	10	10	0	15	13	2	32	30	2	38	37	1	25	22	3	14	11	3	38	37	1	20	20	0	22	20	2	16	16	0	33	30	3
NC_059186.1	6774699	6774700	*	13	11	2	25	22	3	17	15	2	26	21	5	25	24	1	26	24	2	16	13	3	10	9	1	11	10	1	16	12	4	27	25	2	43	42	1	27	25	2	14	13	1	34	33	1	26	21	5	22	22	0	13	12	1	29	24	5
NC_059186.1	6866210	6866211	*	19	17	2	14	13	1	15	15	0	13	12	1	17	16	1	16	16	0	12	12	0	13	12	1	10	9	1	10	10	0	11	11	0	17	16	1	13	13	0	14	14	0	10	10	0	28	25	3	18	18	0	11	11	0	26	22	4
NC_059186.1	6888383	6888384	*	11	11	0	18	17	1	21	12	9	20	20	0	18	18	0	20	18	2	13	6	7	11	4	7	11	5	6	18	9	9	26	15	11	25	21	4	20	12	8	15	13	2	16	14	2	23	22	1	22	11	11	16	14	2	20	7	13
NC_059186.1	6892324	6892325	*	17	15	2	17	16	1	13	9	4	17	15	2	21	19	2	17	16	1	11	10	1	17	17	0	10	10	0	12	12	0	14	14	0	26	24	2	15	13	2	21	20	1	24	18	6	17	15	2	16	12	4	21	19	2	18	15	3
NC_059186.1	7410859	7410860	*	14	12	2	16	14	2	24	22	2	13	13	0	19	17	2	26	25	1	16	16	0	19	18	1	11	11	0	14	12	2	37	35	2	31	30	1	25	23	2	27	27	0	26	24	2	18	18	0	21	20	1	27	27	0	31	30	1
NC_059186.1	7410898	7410899	*	14	12	2	13	13	0	23	21	2	15	14	1	18	17	1	26	25	1	18	17	1	21	20	1	12	12	0	13	13	0	33	28	5	32	29	3	27	24	3	28	27	1	24	21	3	18	17	1	16	16	0	24	15	9	31	30	1
NC_059186.1	7411122	7411123	*	21	11	10	12	4	8	17	7	10	14	13	1	13	5	8	17	15	2	21	15	6	13	7	6	14	2	12	13	11	2	12	6	6	21	11	10	22	18	4	14	13	1	15	13	2	14	13	1	14	12	2	12	8	4	25	8	17
NC_059186.1	7411129	7411130	*	21	12	9	12	4	8	16	5	11	14	13	1	13	4	9	16	15	1	22	19	3	12	6	6	15	0	15	14	13	1	12	8	4	23	11	12	22	19	3	14	13	1	15	14	1	14	13	1	15	15	0	13	6	7	25	9	16
NC_059186.1	7551373	7551374	*	18	17	1	16	15	1	23	21	2	11	11	0	12	11	1	11	11	0	10	9	1	10	10	0	14	11	3	17	16	1	14	12	2	18	17	1	11	10	1	10	10	0	19	17	2	16	16	0	16	16	0	22	20	2	16	15	1
NC_059186.1	7597894	7597895	*	18	18	0	18	16	2	17	16	1	19	15	4	16	16	0	22	20	2	11	11	0	12	11	1	16	15	1	16	16	0	25	24	1	31	30	1	16	16	0	17	17	0	24	24	0	18	16	2	17	17	0	15	12	3	21	21	0
NC_059186.1	7613177	7613178	*	11	4	7	13	10	3	16	7	9	15	6	9	19	13	6	23	13	10	13	5	8	12	9	3	13	5	8	12	6	6	15	9	6	17	3	14	17	10	7	18	14	4	24	19	5	26	17	9	15	12	3	22	7	15	23	12	11
NC_059186.1	7881236	7881237	*	14	14	0	17	14	3	17	17	0	16	15	1	19	19	0	19	17	2	18	18	0	12	10	2	15	14	1	11	11	0	12	12	0	20	20	0	23	22	1	15	15	0	26	26	0	19	19	0	16	15	1	23	23	0	26	25	1
NC_059186.1	7881277	7881278	*	15	15	0	14	12	2	15	15	0	14	13	1	16	16	0	18	18	0	14	13	1	12	11	1	15	15	0	12	11	1	12	12	0	19	19	0	22	22	0	19	18	1	29	28	1	20	20	0	16	16	0	24	24	0	23	21	2
NC_059186.1	7892752	7892753	*	21	9	12	25	24	1	11	9	2	17	16	1	15	11	4	26	25	1	15	15	0	10	4	6	13	9	4	23	22	1	14	7	7	25	24	1	16	9	7	20	10	10	29	19	10	20	18	2	28	27	1	20	15	5	26	26	0
NC_059186.1	7892873	7892874	*	27	25	2	30	29	1	15	13	2	16	16	0	11	11	0	17	17	0	18	17	1	21	20	1	12	12	0	19	18	1	16	15	1	28	26	2	18	15	3	17	15	2	23	21	2	10	9	1	23	23	0	21	19	2	26	23	3
NC_059186.1	7989746	7989747	*	19	18	1	18	17	1	13	13	0	18	17	1	12	11	1	16	15	1	11	11	0	16	15	1	13	13	0	16	16	0	12	11	1	14	14	0	19	19	0	13	13	0	30	28	2	28	27	1	15	13	2	11	11	0	26	24	2
NC_059186.1	8105216	8105217	*	10	10	0	15	14	1	11	11	0	21	20	1	18	18	0	12	10	2	20	19	1	18	18	0	12	12	0	13	13	0	10	10	0	10	9	1	16	14	2	14	14	0	19	18	1	19	16	3	12	11	1	13	13	0	18	14	4
NC_059186.1	8144031	8144032	*	11	11	0	16	15	1	20	19	1	18	17	1	13	12	1	25	24	1	22	21	1	15	14	1	18	17	1	22	21	1	20	19	1	28	28	0	15	15	0	26	23	3	22	21	1	26	26	0	18	18	0	16	16	0	27	27	0
NC_059186.1	8144104	8144105	*	13	8	5	21	17	4	22	15	7	15	9	6	14	11	3	30	16	14	20	15	5	13	8	5	20	13	7	16	13	3	16	11	5	24	15	9	12	9	3	19	15	4	22	18	4	16	11	5	16	13	3	16	7	9	22	20	2
NC_059186.1	8211543	8211544	*	21	18	3	18	16	2	13	13	0	12	11	1	12	11	1	15	14	1	13	13	0	14	12	2	19	18	1	17	16	1	10	10	0	28	24	4	18	18	0	14	13	1	16	14	2	18	17	1	11	11	0	15	15	0	22	22	0
NC_059186.1	8262197	8262198	*	10	3	7	19	5	14	15	2	13	17	3	14	13	4	9	23	6	17	19	1	18	18	4	14	13	2	11	26	5	21	10	0	10	20	1	19	13	6	7	24	2	22	19	4	15	40	4	36	18	0	18	15	1	14	20	3	17
NC_059186.1	8310894	8310895	*	16	16	0	14	14	0	18	18	0	22	22	0	18	13	5	20	19	1	16	14	2	20	19	1	19	16	3	14	14	0	27	25	2	32	30	2	18	18	0	22	20	2	24	22	2	27	26	1	19	19	0	20	19	1	27	23	4
NC_059186.1	8310900	8310901	*	18	17	1	14	14	0	18	13	5	22	18	4	18	13	5	22	18	4	16	14	2	20	15	5	20	15	5	14	12	2	24	23	1	32	26	6	19	19	0	22	19	3	26	23	3	28	26	2	19	17	2	19	16	3	28	20	8
NC_059186.1	8311030	8311031	*	19	18	1	18	17	1	18	18	0	25	23	2	22	21	1	25	24	1	14	14	0	20	19	1	22	20	2	12	11	1	31	30	1	32	29	3	24	24	0	23	19	4	32	31	1	30	28	2	25	24	1	18	16	2	37	33	4
NC_059186.1	8311053	8311054	*	17	14	3	17	17	0	19	19	0	25	23	2	20	20	0	23	22	1	13	13	0	19	18	1	24	23	1	13	13	0	28	25	3	27	25	2	22	22	0	26	24	2	29	28	1	32	31	1	23	21	2	12	12	0	34	32	2
NC_059186.1	8311107	8311108	*	15	15	0	21	21	0	20	19	1	15	15	0	20	19	1	21	19	2	16	16	0	16	15	1	26	22	4	16	14	2	25	22	3	25	23	2	23	20	3	21	20	1	32	32	0	30	28	2	26	23	3	16	16	0	33	29	4
NC_059186.1	8311139	8311140	*	16	14	2	20	15	5	19	17	2	16	15	1	20	19	1	19	18	1	19	15	4	15	12	3	24	11	13	17	13	4	29	26	3	24	17	7	18	15	3	23	22	1	23	20	3	27	23	4	23	22	1	18	15	3	28	23	5
NC_059186.1	8350432	8350433	*	25	22	3	29	27	2	16	15	1	18	15	3	11	10	1	23	19	4	23	17	6	24	21	3	14	10	4	23	21	2	24	19	5	31	26	5	28	24	4	21	19	2	27	19	8	31	25	6	22	20	2	22	15	7	33	28	5
NC_059186.1	8350445	8350446	*	22	21	1	28	25	3	16	16	0	17	15	2	13	13	0	26	25	1	23	22	1	22	21	1	13	13	0	22	21	1	24	23	1	31	30	1	26	25	1	20	20	0	24	22	2	31	28	3	20	19	1	20	18	2	33	32	1
NC_059186.1	8350472	8350473	*	20	20	0	27	26	1	14	14	0	14	14	0	16	14	2	28	27	1	22	21	1	18	18	0	12	12	0	22	22	0	25	23	2	30	29	1	26	23	3	18	18	0	26	24	2	32	27	5	23	21	2	22	21	1	34	31	3
NC_059186.1	8350579	8350580	*	11	9	2	25	20	5	15	10	5	12	10	2	19	16	3	19	12	7	15	13	2	13	11	2	12	9	3	12	12	0	17	15	2	29	20	9	19	16	3	14	10	4	17	12	5	28	17	11	17	13	4	16	12	4	27	22	5
NC_059186.1	8350609	8350610	*	10	9	1	23	23	0	15	13	2	11	9	2	17	16	1	19	18	1	12	12	0	14	13	1	11	10	1	13	12	1	15	14	1	26	23	3	16	15	1	12	12	0	15	15	0	28	26	2	17	16	1	16	13	3	25	23	2
NC_059186.1	8355941	8355942	*	22	19	3	19	18	1	16	16	0	13	13	0	29	29	0	16	14	2	18	16	2	14	14	0	10	9	1	21	20	1	28	24	4	16	15	1	20	20	0	19	19	0	30	29	1	27	25	2	25	24	1	17	17	0	33	32	1
NC_059186.1	8356063	8356064	*	21	8	13	19	14	5	18	0	18	12	7	5	20	18	2	18	10	8	20	11	9	18	5	13	10	0	10	12	5	7	25	14	11	24	0	24	14	13	1	13	0	13	30	12	18	20	3	17	21	16	5	17	16	1	30	14	16
NC_059186.1	8370749	8370750	*	15	7	8	11	3	8	22	0	22	13	0	13	10	10	0	15	0	15	16	9	7	15	8	7	14	7	7	13	10	3	13	7	6	13	0	13	15	0	15	14	9	5	18	0	18	33	12	21	15	14	1	20	0	20	22	19	3
NC_059186.1	8388899	8388900	*	15	12	3	23	16	7	13	6	7	14	7	7	11	9	2	16	10	6	18	10	8	13	5	8	14	6	8	12	11	1	18	9	9	22	11	11	19	11	8	18	11	7	17	11	6	18	12	6	17	12	5	17	6	11	29	19	10
NC_059186.1	8388948	8388949	*	15	7	8	22	11	11	14	10	4	16	7	9	14	2	12	15	1	14	15	1	14	11	0	11	16	5	11	14	8	6	16	1	15	25	11	14	21	21	0	20	1	19	18	0	18	18	0	18	16	1	15	18	0	18	32	3	29
NC_059186.1	8388953	8388954	*	15	6	9	24	8	16	13	9	4	16	5	11	13	0	13	16	5	11	16	7	9	11	5	6	16	14	2	14	8	6	16	0	16	25	11	14	21	19	2	20	0	20	17	4	13	17	0	17	17	8	9	17	0	17	33	14	19
NC_059186.1	8456452	8456453	*	24	24	0	14	12	2	15	15	0	11	9	2	15	14	1	21	20	1	23	23	0	15	15	0	13	11	2	12	12	0	16	16	0	15	15	0	18	11	7	12	12	0	25	25	0	18	18	0	16	16	0	22	22	0	31	19	12
NC_059186.1	8622085	8622086	*	24	4	20	20	0	20	17	7	10	12	3	9	18	0	18	19	6	13	15	8	7	18	8	10	11	5	6	14	0	14	24	0	24	25	0	25	33	10	23	16	0	16	22	14	8	14	7	7	32	29	3	27	1	26	23	21	2
NC_059186.1	8665018	8665019	*	20	12	8	14	12	2	13	4	9	20	0	20	24	1	23	26	2	24	21	4	17	20	5	15	16	11	5	19	7	12	20	4	16	19	7	12	23	15	8	25	24	1	31	11	20	19	1	18	16	6	10	17	0	17	29	0	29
NC_059186.1	8665095	8665096	*	27	27	0	23	20	3	13	12	1	20	20	0	21	8	13	34	20	14	21	20	1	19	19	0	16	15	1	29	17	12	23	22	1	22	21	1	18	17	1	18	10	8	50	50	0	22	21	1	18	18	0	18	18	0	36	33	3
NC_059186.1	8665135	8665136	*	30	20	10	22	10	12	15	5	10	22	12	10	21	1	20	38	19	19	23	11	12	17	10	7	15	6	9	26	11	15	26	18	8	30	14	16	19	8	11	19	8	11	52	33	19	25	14	11	21	12	9	22	16	6	37	23	14
NC_059186.1	8665164	8665165	*	29	24	5	21	18	3	17	16	1	20	19	1	19	11	8	35	26	9	20	16	4	17	13	4	15	14	1	27	19	8	24	22	2	32	28	4	19	18	1	17	16	1	54	54	0	27	23	4	18	17	1	23	21	2	38	33	5
NC_059186.1	8665249	8665250	*	26	26	0	19	18	1	16	15	1	14	13	1	16	15	1	31	29	2	14	12	2	20	20	0	12	12	0	20	18	2	14	13	1	31	30	1	12	10	2	15	13	2	36	35	1	27	27	0	23	22	1	19	19	0	30	30	0
NC_059186.1	8665252	8665253	*	26	24	2	18	17	1	16	14	2	13	13	0	16	15	1	29	27	2	13	13	0	20	20	0	11	11	0	18	15	3	14	13	1	31	29	2	12	11	1	15	14	1	35	34	1	26	25	1	23	23	0	19	17	2	30	30	0
NC_059186.1	8762308	8762309	*	10	4	6	13	5	8	12	9	3	16	5	11	14	5	9	11	3	8	24	8	16	11	6	5	21	5	16	16	6	10	17	7	10	22	6	16	15	6	9	22	8	14	11	0	11	14	6	8	12	6	6	16	8	8	22	11	11
NC_059186.1	8801697	8801698	*	22	19	3	27	26	1	30	27	3	15	13	2	22	21	1	14	13	1	16	14	2	14	13	1	11	10	1	17	15	2	32	31	1	23	23	0	14	13	1	11	10	1	24	23	1	21	16	5	20	17	3	17	17	0	27	26	1
NC_059186.1	8801739	8801740	*	21	15	6	31	20	11	29	27	2	18	16	2	20	19	1	16	12	4	14	7	7	14	10	4	11	7	4	20	18	2	35	33	2	28	22	6	17	15	2	13	11	2	26	21	5	21	16	5	22	16	6	22	18	4	22	18	4
NC_059186.1	8809995	8809996	*	22	19	3	17	15	2	10	9	1	14	13	1	13	12	1	22	21	1	17	16	1	10	10	0	11	10	1	13	12	1	17	17	0	31	30	1	19	18	1	23	21	2	20	18	2	27	24	3	23	22	1	12	10	2	32	30	2
NC_059186.1	8814504	8814505	*	23	22	1	20	20	0	12	10	2	16	15	1	25	24	1	24	23	1	15	15	0	13	10	3	17	17	0	23	20	3	31	30	1	26	23	3	25	22	3	16	13	3	28	28	0	29	28	1	32	30	2	20	18	2	25	25	0
NC_059186.1	8853628	8853629	*	13	10	3	14	12	2	14	11	3	14	12	2	11	9	2	14	14	0	16	15	1	12	10	2	11	10	1	14	13	1	17	14	3	17	16	1	15	12	3	17	14	3	19	17	2	14	12	2	13	12	1	11	10	1	37	29	8
NC_059186.1	8864914	8864915	*	21	14	7	24	8	16	18	0	18	21	0	21	12	0	12	22	7	15	15	0	15	13	2	11	14	0	14	18	9	9	12	0	12	26	0	26	20	0	20	19	0	19	27	0	27	24	0	24	20	0	20	16	6	10	34	0	34
NC_059186.1	8864923	8864924	*	20	13	7	23	6	17	18	0	18	20	1	19	12	0	12	21	5	16	16	0	16	12	0	12	14	0	14	18	8	10	11	0	11	26	0	26	20	1	19	17	0	17	25	1	24	26	0	26	20	0	20	15	6	9	33	0	33
NC_059186.1	8880097	8880098	*	29	22	7	35	22	13	19	16	3	18	15	3	33	29	4	26	22	4	27	20	7	23	18	5	21	14	7	31	27	4	38	29	9	42	31	11	23	18	5	29	13	16	31	28	3	23	17	6	42	38	4	21	6	15	38	22	16
NC_059186.1	8880169	8880170	*	25	24	1	25	21	4	14	14	0	15	15	0	30	30	0	20	20	0	24	23	1	20	20	0	21	21	0	19	16	3	30	28	2	30	29	1	22	19	3	21	21	0	26	25	1	22	21	1	27	26	1	23	21	2	29	26	3
NC_059186.1	8880244	8880245	*	18	14	4	19	14	5	17	14	3	14	10	4	19	15	4	16	14	2	20	16	4	14	12	2	18	15	3	13	13	0	13	12	1	22	18	4	16	13	3	21	16	5	21	18	3	25	21	4	18	16	2	21	16	5	19	15	4
NC_059186.1	8880318	8880319	*	17	17	0	21	7	14	18	8	10	10	5	5	14	14	0	17	0	17	21	0	21	18	9	9	18	6	12	15	8	7	13	5	8	22	21	1	22	12	10	18	17	1	24	10	14	20	9	11	20	0	20	21	19	2	26	0	26
NC_059186.1	8900120	8900121	*	13	13	0	20	18	2	18	17	1	14	13	1	10	10	0	18	18	0	14	13	1	12	10	2	11	11	0	17	16	1	12	12	0	19	18	1	16	15	1	13	13	0	22	22	0	18	17	1	22	21	1	18	10	8	20	20	0
NC_059186.1	8960668	8960669	*	17	15	2	22	21	1	14	12	2	13	13	0	15	14	1	13	13	0	19	16	3	19	16	3	20	14	6	22	21	1	15	14	1	19	18	1	17	13	4	17	17	0	30	26	4	23	21	2	20	18	2	16	14	2	28	22	6
NC_059186.1	8964071	8964072	*	28	12	16	21	11	10	19	9	10	22	13	9	25	6	19	26	24	2	20	10	10	19	17	2	12	9	3	15	7	8	22	18	4	34	0	34	14	5	9	24	19	5	19	16	3	18	18	0	28	25	3	21	0	21	32	31	1
NC_059186.1	8964075	8964076	*	27	17	10	21	18	3	18	14	4	22	11	11	25	13	12	26	23	3	19	15	4	19	15	4	12	9	3	15	12	3	22	18	4	32	0	32	14	12	2	24	22	2	19	15	4	18	17	1	27	24	3	21	7	14	34	30	4
NC_059186.1	8964105	8964106	*	27	23	4	21	13	8	17	14	3	18	8	10	22	16	6	27	21	6	17	11	6	17	10	7	15	11	4	16	15	1	19	17	2	28	4	24	15	11	4	21	18	3	18	15	3	22	16	6	23	22	1	23	10	13	35	30	5
NC_059186.1	8982488	8982489	*	15	14	1	18	18	0	12	12	0	10	9	1	10	9	1	21	21	0	18	17	1	14	13	1	12	11	1	23	23	0	16	14	2	20	18	2	10	10	0	14	13	1	26	24	2	22	20	2	21	19	2	16	13	3	25	23	2
NC_059186.1	9066773	9066774	*	13	12	1	13	12	1	13	9	4	12	9	3	11	7	4	18	11	7	22	15	7	15	11	4	13	9	4	17	14	3	12	11	1	28	21	7	11	8	3	25	14	11	16	15	1	26	21	5	21	14	7	18	14	4	19	14	5
NC_059186.1	9087444	9087445	*	15	15	0	15	15	0	18	17	1	13	13	0	20	19	1	23	23	0	13	13	0	13	13	0	12	10	2	26	25	1	14	13	1	16	16	0	18	18	0	22	22	0	18	17	1	19	18	1	19	19	0	16	16	0	27	26	1
NC_059186.1	9360529	9360530	*	15	4	11	14	3	11	18	0	18	19	11	8	10	0	10	12	0	12	15	7	8	10	2	8	10	7	3	13	0	13	13	1	12	16	4	12	18	7	11	15	0	15	18	0	18	19	7	12	16	7	9	20	0	20	28	0	28
NC_059186.1	9368872	9368873	*	16	14	2	21	18	3	13	13	0	15	14	1	13	12	1	18	13	5	15	14	1	14	12	2	14	13	1	10	10	0	14	12	2	17	17	0	12	10	2	14	12	2	21	20	1	23	21	2	19	16	3	11	9	2	16	16	0
NC_059186.1	9430145	9430146	*	11	10	1	25	20	5	11	8	3	11	10	1	12	11	1	21	19	2	15	11	4	16	15	1	11	8	3	14	10	4	10	9	1	19	12	7	14	11	3	12	9	3	18	14	4	15	11	4	18	13	5	20	18	2	23	19	4
NC_059186.1	9441734	9441735	*	21	20	1	18	17	1	17	16	1	18	18	0	19	17	2	20	19	1	10	7	3	16	16	0	13	12	1	27	26	1	18	17	1	32	31	1	10	10	0	23	22	1	18	18	0	18	17	1	20	19	1	22	21	1	22	20	2
NC_059186.1	9441826	9441827	*	24	20	4	15	13	2	14	12	2	17	14	3	15	14	1	24	18	6	15	10	5	15	7	8	12	7	5	23	9	14	16	12	4	28	24	4	13	13	0	25	18	7	21	16	5	22	16	6	28	20	8	15	11	4	24	21	3
NC_059186.1	9565440	9565441	*	20	18	2	17	15	2	23	22	1	21	16	5	15	12	3	18	17	1	16	12	4	12	10	2	21	13	8	16	15	1	15	14	1	22	21	1	19	17	2	27	25	2	22	18	4	29	28	1	25	24	1	25	22	3	43	37	6
NC_059186.1	9698678	9698679	*	18	18	0	10	10	0	19	18	1	11	11	0	13	13	0	15	15	0	15	15	0	15	15	0	13	13	0	11	11	0	19	19	0	23	21	2	15	13	2	14	14	0	32	31	1	18	17	1	16	16	0	20	19	1	23	20	3
NC_059186.1	9945477	9945478	*	18	18	0	19	19	0	13	13	0	10	10	0	13	12	1	13	13	0	21	21	0	10	10	0	10	10	0	18	17	1	14	13	1	27	27	0	13	13	0	12	12	0	16	15	1	19	19	0	11	11	0	19	19	0	21	21	0
NC_059186.1	10023121	10023122	*	13	13	0	24	23	1	15	15	0	16	15	1	16	15	1	25	23	2	14	14	0	19	19	0	16	16	0	13	13	0	14	14	0	24	23	1	24	23	1	16	16	0	25	24	1	21	21	0	18	18	0	16	15	1	26	23	3
NC_059186.1	10103471	10103472	*	21	19	2	16	7	9	18	15	3	20	14	6	23	19	4	16	16	0	10	6	4	15	1	14	14	13	1	17	15	2	15	13	2	20	12	8	25	8	17	24	8	16	24	24	0	22	22	0	27	27	0	23	22	1	33	15	18
NC_059186.1	10177732	10177733	*	13	13	0	21	20	1	11	11	0	13	13	0	11	11	0	15	14	1	16	16	0	13	13	0	14	14	0	17	17	0	12	12	0	15	14	1	18	18	0	11	11	0	18	18	0	24	23	1	12	12	0	19	18	1	18	17	1
NC_059186.1	10201887	10201888	*	17	16	1	35	20	15	16	16	0	17	10	7	20	9	11	25	8	17	14	6	8	14	13	1	22	15	7	19	10	9	14	7	7	30	26	4	27	10	17	17	17	0	23	18	5	18	12	6	22	15	7	18	9	9	23	23	0
NC_059186.1	10201968	10201969	*	19	17	2	29	8	21	12	10	2	15	7	8	17	17	0	17	14	3	15	3	12	10	9	1	16	13	3	16	9	7	11	9	2	22	15	7	23	20	3	14	11	3	22	16	6	16	10	6	14	11	3	12	11	1	14	11	3
NC_059186.1	10201977	10201978	*	19	14	5	29	13	16	14	13	1	17	6	11	16	15	1	16	12	4	16	3	13	10	9	1	15	13	2	14	8	6	11	10	1	20	15	5	22	14	8	14	10	4	23	17	6	14	11	3	15	15	0	12	10	2	14	10	4
NC_059186.1	10218291	10218292	*	18	16	2	12	11	1	19	17	2	17	17	0	14	13	1	17	17	0	10	9	1	20	19	1	16	15	1	25	25	0	12	12	0	24	24	0	17	16	1	11	10	1	21	19	2	20	19	1	16	16	0	15	15	0	38	35	3
NC_059186.1	10218331	10218332	*	23	17	6	15	13	2	18	16	2	17	10	7	11	11	0	10	8	2	11	8	3	16	15	1	16	13	3	24	23	1	10	9	1	25	23	2	16	12	4	16	14	2	21	20	1	21	18	3	17	15	2	15	12	3	32	27	5
NC_059186.1	10271686	10271687	*	13	11	2	16	16	0	14	6	8	12	7	5	14	5	9	19	15	4	14	5	9	16	14	2	13	10	3	15	7	8	11	10	1	19	16	3	13	12	1	19	16	3	13	6	7	20	16	4	14	12	2	17	6	11	26	24	2
NC_059186.1	10716688	10716689	*	14	12	2	18	18	0	17	15	2	16	14	2	11	10	1	12	11	1	15	15	0	17	16	1	11	11	0	18	18	0	12	12	0	16	16	0	24	24	0	16	14	2	18	18	0	13	13	0	13	13	0	17	15	2	19	18	1
NC_059186.1	10743403	10743404	*	16	13	3	17	17	0	15	11	4	11	9	2	16	14	2	17	15	2	14	13	1	20	17	3	16	14	2	11	10	1	20	18	2	20	16	4	21	19	2	13	11	2	16	13	3	24	19	5	24	18	6	19	14	5	35	31	4
NC_059186.1	10750045	10750046	*	14	12	2	23	23	0	18	17	1	13	13	0	11	10	1	25	24	1	14	14	0	16	16	0	15	13	2	12	12	0	14	13	1	18	18	0	15	14	1	18	18	0	24	24	0	29	29	0	26	26	0	13	12	1	26	26	0
NC_059186.1	10890973	10890974	*	28	25	3	25	22	3	19	19	0	17	17	0	19	19	0	14	12	2	11	11	0	24	24	0	16	16	0	11	11	0	17	17	0	27	26	1	18	17	1	13	12	1	21	20	1	22	22	0	22	21	1	18	17	1	25	25	0
NC_059186.1	10891012	10891013	*	25	23	2	21	20	1	19	17	2	15	14	1	16	14	2	13	11	2	10	9	1	14	12	2	15	14	1	10	6	4	12	10	2	33	26	7	15	13	2	10	10	0	19	17	2	15	12	3	21	16	5	17	14	3	24	22	2
NC_059186.1	10891108	10891109	*	20	19	1	27	23	4	16	14	2	21	20	1	15	15	0	16	15	1	10	10	0	15	14	1	14	12	2	13	12	1	12	11	1	33	30	3	17	15	2	14	13	1	23	21	2	15	15	0	19	17	2	21	19	2	29	29	0
NC_059186.1	10891182	10891183	*	12	4	8	24	21	3	17	4	13	23	7	16	22	19	3	13	11	2	11	10	1	18	16	2	10	10	0	18	18	0	22	22	0	29	25	4	17	17	0	17	6	11	32	29	3	14	9	5	17	12	5	19	10	9	32	29	3
NC_059186.1	11254658	11254659	*	23	21	2	22	21	1	13	13	0	12	12	0	23	21	2	13	13	0	16	16	0	16	15	1	15	13	2	14	12	2	15	14	1	20	19	1	20	17	3	16	15	1	17	16	1	19	18	1	17	16	1	18	16	2	29	28	1
NC_059186.1	11254670	11254671	*	21	19	2	21	19	2	14	13	1	12	12	0	24	21	3	13	12	1	17	15	2	15	14	1	15	13	2	12	10	2	17	13	4	20	20	0	20	19	1	18	14	4	16	15	1	18	17	1	18	18	0	19	19	0	28	26	2
NC_059186.1	11270235	11270236	*	20	20	0	24	22	2	16	16	0	30	30	0	11	11	0	19	18	1	13	13	0	17	17	0	14	10	4	16	15	1	12	11	1	27	24	3	17	16	1	16	15	1	24	23	1	26	25	1	24	23	1	16	16	0	17	16	1
NC_059186.1	11281238	11281239	*	21	12	9	15	11	4	19	15	4	22	19	3	14	12	2	22	18	4	21	17	4	15	14	1	11	5	6	19	17	2	20	18	2	21	17	4	15	11	4	20	19	1	24	20	4	22	17	5	29	27	2	19	16	3	34	12	22
NC_059186.1	11609450	11609451	*	14	14	0	17	16	1	10	9	1	13	12	1	13	11	2	10	10	0	10	10	0	15	15	0	12	12	0	18	17	1	12	12	0	10	10	0	12	10	2	12	12	0	11	11	0	15	15	0	19	18	1	13	13	0	21	20	1
NC_059186.1	11645057	11645058	*	29	28	1	22	21	1	19	18	1	12	12	0	17	16	1	20	20	0	17	15	2	11	11	0	14	13	1	13	13	0	18	17	1	30	29	1	12	12	0	12	12	0	11	11	0	23	23	0	15	15	0	11	11	0	28	26	2
NC_059186.1	11645132	11645133	*	30	29	1	21	19	2	19	19	0	13	12	1	22	21	1	21	20	1	16	16	0	13	11	2	17	15	2	18	18	0	22	22	0	37	37	0	13	11	2	15	14	1	13	13	0	21	21	0	14	13	1	15	14	1	35	33	2
NC_059186.1	11652461	11652462	*	15	15	0	12	11	1	17	16	1	15	15	0	17	16	1	11	11	0	12	10	2	20	16	4	13	12	1	15	15	0	18	18	0	22	21	1	21	18	3	24	24	0	28	26	2	27	27	0	23	23	0	17	16	1	20	19	1
NC_059186.1	11652495	11652496	*	15	13	2	12	12	0	16	15	1	15	15	0	15	15	0	16	15	1	13	12	1	16	15	1	15	15	0	14	14	0	17	17	0	22	21	1	19	15	4	25	25	0	30	28	2	24	23	1	18	18	0	15	14	1	20	20	0
NC_059186.1	11665594	11665595	*	24	23	1	21	20	1	14	13	1	24	24	0	19	18	1	23	21	2	12	12	0	12	11	1	20	19	1	19	18	1	15	14	1	29	28	1	22	20	2	17	17	0	32	32	0	21	20	1	21	21	0	24	23	1	31	29	2
NC_059186.1	11665608	11665609	*	25	24	1	22	22	0	15	15	0	24	24	0	21	21	0	24	23	1	12	10	2	14	14	0	20	20	0	19	18	1	17	16	1	29	28	1	23	22	1	18	17	1	30	27	3	25	23	2	19	19	0	25	24	1	30	29	1
NC_059186.1	11665676	11665677	*	19	17	2	25	17	8	14	12	2	21	13	8	19	18	1	20	18	2	12	5	7	11	10	1	18	13	5	20	18	2	12	11	1	26	21	5	18	12	6	18	17	1	26	21	5	25	21	4	18	14	4	29	21	8	30	18	12
NC_059186.1	11682847	11682848	*	17	17	0	15	14	1	18	18	0	17	16	1	15	15	0	21	12	9	23	16	7	11	2	9	10	4	6	16	16	0	18	18	0	26	25	1	18	17	1	15	9	6	28	25	3	15	15	0	20	20	0	15	15	0	15	15	0
NC_059186.1	11682871	11682872	*	17	16	1	14	14	0	17	17	0	17	16	1	15	15	0	24	24	0	24	22	2	13	6	7	10	4	6	17	16	1	19	19	0	26	25	1	20	19	1	18	10	8	30	29	1	17	17	0	18	16	2	14	13	1	16	15	1
NC_059186.1	11683039	11683040	*	22	22	0	20	18	2	16	14	2	17	16	1	16	16	0	18	17	1	13	11	2	14	14	0	10	10	0	28	28	0	18	17	1	31	28	3	13	11	2	17	14	3	25	25	0	22	21	1	21	21	0	20	19	1	25	24	1
NC_059186.1	11741497	11741498	*	16	10	6	17	9	8	11	9	2	21	11	10	16	10	6	16	11	5	14	9	5	13	10	3	12	5	7	13	11	2	17	10	7	22	19	3	16	15	1	13	7	6	13	9	4	12	8	4	13	11	2	11	9	2	20	16	4
NC_059186.1	11741543	11741544	*	20	19	1	20	20	0	14	14	0	20	18	2	13	13	0	16	16	0	10	10	0	13	13	0	12	11	1	13	13	0	15	15	0	22	21	1	20	19	1	13	13	0	10	10	0	17	16	1	17	17	0	15	15	0	23	22	1
NC_059186.1	11741696	11741697	*	25	22	3	22	20	2	15	13	2	15	7	8	11	3	8	19	17	2	14	9	5	13	11	2	16	13	3	15	14	1	14	14	0	30	19	11	14	10	4	17	16	1	14	10	4	29	27	2	23	21	2	16	15	1	18	18	0
NC_059186.1	11741720	11741721	*	22	21	1	23	21	2	11	10	1	14	7	7	10	3	7	16	14	2	15	13	2	14	13	1	12	9	3	16	15	1	14	14	0	27	13	14	10	5	5	21	16	5	16	7	9	24	24	0	21	20	1	19	17	2	16	16	0
NC_059186.1	11769202	11769203	*	17	17	0	25	23	2	13	13	0	18	18	0	11	9	2	20	20	0	18	18	0	15	14	1	11	10	1	11	11	0	15	15	0	27	25	2	24	22	2	10	10	0	18	16	2	27	26	1	22	19	3	20	20	0	32	30	2
NC_059186.1	11840093	11840094	*	16	16	0	19	18	1	11	11	0	18	14	4	21	18	3	19	19	0	13	9	4	13	13	0	11	10	1	14	13	1	11	8	3	19	13	6	22	22	0	18	16	2	17	11	6	11	10	1	21	18	3	25	23	2	23	22	1
NC_059186.1	11923918	11923919	*	25	21	4	16	14	2	16	13	3	19	18	1	18	17	1	18	15	3	12	12	0	10	6	4	10	8	2	20	18	2	18	15	3	21	16	5	20	16	4	17	15	2	18	14	4	15	12	3	14	12	2	15	12	3	36	29	7
NC_059186.1	12021268	12021269	*	10	9	1	23	20	3	13	13	0	18	17	1	15	14	1	18	18	0	12	12	0	12	10	2	12	12	0	16	16	0	20	18	2	23	21	2	23	11	12	12	9	3	16	15	1	19	16	3	16	16	0	12	8	4	22	22	0
NC_059186.1	12034900	12034901	*	19	18	1	18	17	1	21	21	0	18	17	1	11	11	0	25	23	2	17	15	2	15	14	1	29	28	1	24	23	1	23	23	0	16	16	0	15	13	2	16	15	1	22	21	1	14	14	0	22	21	1	25	24	1	27	27	0
NC_059186.1	12034938	12034939	*	17	16	1	20	18	2	27	27	0	20	20	0	13	13	0	28	27	1	17	17	0	19	17	2	28	28	0	22	21	1	25	25	0	19	18	1	23	20	3	17	17	0	25	25	0	19	19	0	22	22	0	23	21	2	25	25	0
NC_059186.1	12034941	12034942	*	16	15	1	20	19	1	27	27	0	20	19	1	13	11	2	27	26	1	17	17	0	18	16	2	28	27	1	22	22	0	24	24	0	19	19	0	22	21	1	17	17	0	26	26	0	19	19	0	22	22	0	25	24	1	25	25	0
NC_059186.1	12034971	12034972	*	12	12	0	17	17	0	27	27	0	18	18	0	14	14	0	29	29	0	17	16	1	17	16	1	27	24	3	20	19	1	21	19	2	17	15	2	24	22	2	17	17	0	24	24	0	18	17	1	21	20	1	22	18	4	24	24	0
NC_059186.1	12035018	12035019	*	11	9	2	16	15	1	26	24	2	16	16	0	12	12	0	21	19	2	18	15	3	18	18	0	18	16	2	16	13	3	14	14	0	18	14	4	24	22	2	18	17	1	15	13	2	16	16	0	14	14	0	12	11	1	19	18	1
NC_059186.1	12092566	12092567	*	19	17	2	16	15	1	23	21	2	19	19	0	19	19	0	12	11	1	12	12	0	23	23	0	15	15	0	27	27	0	20	20	0	18	18	0	17	17	0	22	22	0	24	24	0	18	18	0	16	15	1	22	20	2	23	23	0
NC_059186.1	12181178	12181179	*	14	7	7	16	8	8	13	10	3	11	4	7	18	14	4	16	11	5	15	8	7	11	6	5	12	9	3	18	9	9	18	12	6	16	12	4	10	7	3	15	7	8	28	18	10	23	14	9	17	14	3	10	9	1	26	19	7
NC_059186.1	12203945	12203946	*	10	10	0	24	22	2	17	15	2	18	17	1	18	18	0	26	24	2	19	19	0	15	13	2	20	20	0	21	19	2	17	16	1	21	20	1	21	19	2	15	15	0	18	18	0	24	24	0	20	20	0	14	13	1	27	27	0
NC_059186.1	12301050	12301051	*	22	22	0	17	11	6	13	13	0	14	13	1	15	13	2	20	15	5	24	22	2	16	13	3	14	7	7	19	17	2	15	14	1	20	20	0	16	16	0	13	12	1	36	34	2	27	26	1	21	21	0	19	17	2	21	19	2
NC_059187.1	70220	70221	*	15	14	1	18	18	0	12	12	0	18	14	4	17	17	0	19	19	0	15	12	3	13	11	2	11	11	0	19	17	2	11	10	1	15	15	0	13	11	2	16	15	1	13	12	1	18	18	0	19	18	1	24	22	2	20	20	0
NC_059187.1	90299	90300	*	18	18	0	12	12	0	11	11	0	13	11	2	12	12	0	10	9	1	14	14	0	13	12	1	15	14	1	10	10	0	11	11	0	17	16	1	17	17	0	14	14	0	11	9	2	15	15	0	15	15	0	15	15	0	18	18	0
NC_059187.1	93471	93472	*	14	14	0	13	12	1	12	12	0	11	11	0	13	12	1	18	18	0	15	14	1	10	10	0	12	11	1	17	15	2	11	10	1	26	25	1	15	13	2	15	13	2	23	22	1	10	9	1	14	14	0	17	15	2	24	23	1
NC_059187.1	99520	99521	*	17	14	3	18	9	9	15	9	6	16	13	3	16	10	6	16	15	1	14	11	3	11	9	2	10	5	5	16	9	7	14	9	5	18	14	4	12	9	3	15	11	4	15	9	6	15	8	7	14	13	1	13	10	3	16	8	8
NC_059187.1	119409	119410	*	26	4	22	34	3	31	16	12	4	19	0	19	27	2	25	29	6	23	21	17	4	15	2	13	13	12	1	31	5	26	20	18	2	33	0	33	25	20	5	23	20	3	38	15	23	26	17	9	25	2	23	21	13	8	37	24	13
NC_059187.1	119421	119422	*	26	17	9	33	9	24	15	13	2	19	5	14	27	4	23	30	12	18	22	20	2	16	5	11	13	12	1	31	11	20	19	17	2	34	5	29	25	22	3	23	20	3	37	19	18	26	18	8	25	8	17	21	19	2	39	29	10
NC_059187.1	153238	153239	*	14	3	11	15	0	15	12	0	12	18	0	18	21	0	21	28	0	28	20	0	20	21	0	21	18	0	18	37	0	37	12	0	12	27	0	27	18	0	18	31	1	30	32	0	32	32	0	32	10	0	10	23	0	23	28	0	28
NC_059187.1	233237	233238	*	18	6	12	16	8	8	14	4	10	16	4	12	19	5	14	11	2	9	12	3	9	20	10	10	10	4	6	15	2	13	10	7	3	24	8	16	12	2	10	24	12	12	20	10	10	25	7	18	12	4	8	11	1	10	23	6	17
NC_059187.1	234442	234443	*	24	12	12	13	5	8	20	0	20	16	13	3	17	11	6	27	11	16	19	16	3	20	12	8	15	1	14	30	3	27	24	8	16	31	3	28	29	23	6	20	7	13	29	0	29	22	21	1	20	4	16	20	8	12	33	1	32
NC_059187.1	248937	248938	*	16	13	3	22	16	6	14	11	3	12	5	7	15	13	2	19	16	3	21	16	5	11	6	5	16	10	6	28	21	7	18	13	5	19	14	5	19	11	8	12	6	6	22	13	9	14	8	6	16	9	7	21	14	7	18	15	3
NC_059187.1	248996	248997	*	18	18	0	25	25	0	19	17	2	14	14	0	22	22	0	21	20	1	24	23	1	12	12	0	21	19	2	30	30	0	23	22	1	20	17	3	18	18	0	15	15	0	22	21	1	14	14	0	13	12	1	24	24	0	28	28	0
NC_059187.1	249000	249001	*	19	19	0	26	26	0	19	18	1	14	12	2	22	20	2	22	21	1	24	23	1	11	10	1	21	18	3	30	29	1	25	25	0	21	19	2	18	15	3	15	15	0	23	22	1	14	14	0	15	15	0	24	24	0	28	26	2
NC_059187.1	249035	249036	*	17	15	2	23	22	1	21	21	0	14	8	6	24	24	0	22	22	0	27	23	4	13	12	1	24	21	3	25	23	2	22	16	6	20	3	17	16	15	1	14	12	2	27	27	0	15	14	1	16	11	5	24	24	0	31	6	25
NC_059187.1	249038	249039	*	17	14	3	23	20	3	21	11	10	14	8	6	24	23	1	23	23	0	25	22	3	14	12	2	24	20	4	25	23	2	23	16	7	19	2	17	16	15	1	14	11	3	27	26	1	15	13	2	17	13	4	26	18	8	31	6	25
NC_059187.1	275855	275856	*	26	16	10	19	19	0	17	15	2	12	0	12	16	10	6	25	10	15	19	18	1	19	18	1	20	20	0	15	15	0	18	8	10	18	17	1	11	10	1	22	10	12	17	17	0	23	21	2	16	8	8	15	9	6	17	6	11
NC_059187.1	297312	297313	*	20	13	7	14	6	8	12	3	9	11	0	11	17	0	17	13	0	13	18	9	9	11	9	2	10	4	6	14	0	14	13	0	13	17	0	17	15	0	15	19	0	19	20	11	9	19	0	19	14	0	14	19	0	19	23	1	22
NC_059187.1	302404	302405	*	23	3	20	18	2	16	17	4	13	13	0	13	13	0	13	14	0	14	21	0	21	14	6	8	12	1	11	11	0	11	13	1	12	11	0	11	15	1	14	19	3	16	18	7	11	15	1	14	24	1	23	14	1	13	24	0	24
NC_059187.1	307045	307046	*	42	18	24	29	19	10	37	20	17	33	15	18	42	19	23	45	21	24	37	17	20	53	36	17	19	8	11	42	26	16	37	27	10	41	22	19	25	15	10	50	31	19	45	18	27	53	21	32	42	25	17	35	11	24	50	24	26
NC_059187.1	484591	484592	*	14	14	0	22	21	1	11	11	0	17	17	0	20	20	0	17	17	0	13	12	1	13	13	0	17	17	0	10	10	0	13	12	1	24	23	1	13	13	0	16	16	0	20	20	0	27	26	1	14	14	0	17	15	2	22	21	1
NC_059187.1	484605	484606	*	12	12	0	20	20	0	12	12	0	16	16	0	19	18	1	16	15	1	13	13	0	13	13	0	17	16	1	10	10	0	13	11	2	19	19	0	14	14	0	16	16	0	17	17	0	27	23	4	12	12	0	16	14	2	23	23	0
NC_059187.1	486576	486577	*	18	16	2	26	22	4	19	18	1	15	11	4	10	9	1	26	23	3	12	10	2	18	14	4	12	8	4	23	20	3	27	22	5	21	19	2	15	14	1	15	14	1	22	18	4	16	13	3	17	16	1	16	14	2	33	30	3
NC_059187.1	496139	496140	*	10	9	1	22	20	2	15	14	1	23	21	2	11	11	0	17	17	0	18	18	0	16	15	1	12	12	0	10	10	0	13	12	1	17	17	0	10	9	1	18	17	1	24	22	2	25	25	0	21	21	0	30	26	4	27	23	4
NC_059187.1	673234	673235	*	15	8	7	29	28	1	15	15	0	19	17	2	13	13	0	13	12	1	23	22	1	10	10	0	11	11	0	10	10	0	22	19	3	30	28	2	27	23	4	18	17	1	16	14	2	28	27	1	18	17	1	16	15	1	18	16	2
NC_059187.1	879357	879358	*	25	12	13	23	1	22	27	0	27	23	0	23	20	0	20	20	1	19	16	7	9	15	15	0	16	16	0	19	1	18	28	1	27	26	0	26	15	7	8	21	19	2	33	17	16	22	0	22	27	9	18	27	16	11	30	16	14
NC_059187.1	879452	879453	*	23	22	1	12	12	0	17	17	0	14	14	0	14	12	2	13	13	0	13	13	0	14	13	1	11	11	0	15	15	0	14	12	2	18	17	1	12	12	0	16	16	0	20	19	1	15	8	7	16	15	1	21	21	0	28	27	1
NC_059187.1	893468	893469	*	14	13	1	14	12	2	19	19	0	15	14	1	10	9	1	23	20	3	14	14	0	13	10	3	15	15	0	21	20	1	20	19	1	22	21	1	15	14	1	14	13	1	25	24	1	15	10	5	20	19	1	22	22	0	25	24	1
NC_059187.1	934321	934322	*	28	27	1	16	15	1	11	10	1	17	17	0	20	20	0	20	20	0	16	15	1	19	18	1	13	11	2	23	20	3	17	15	2	16	16	0	21	20	1	14	14	0	24	24	0	20	18	2	12	11	1	21	19	2	28	27	1
NC_059187.1	934324	934325	*	26	24	2	16	14	2	11	10	1	14	12	2	20	19	1	20	19	1	16	14	2	21	19	2	14	12	2	24	22	2	17	13	4	16	14	2	20	18	2	14	12	2	24	24	0	19	16	3	12	11	1	21	19	2	28	21	7
NC_059187.1	934359	934360	*	23	21	2	17	10	7	12	5	7	14	0	14	20	19	1	18	17	1	17	9	8	23	22	1	14	7	7	22	8	14	16	10	6	20	15	5	23	20	3	14	13	1	30	12	18	18	17	1	13	0	13	21	20	1	26	24	2
NC_059187.1	1043583	1043584	*	14	13	1	18	18	0	12	12	0	11	11	0	14	14	0	16	16	0	17	16	1	14	13	1	16	16	0	12	12	0	13	12	1	12	12	0	14	14	0	11	11	0	17	16	1	11	10	1	11	11	0	18	18	0	22	22	0
NC_059187.1	1168578	1168579	*	21	19	2	13	12	1	17	16	1	14	11	3	11	9	2	15	13	2	13	12	1	14	14	0	10	9	1	11	9	2	11	10	1	15	15	0	20	20	0	14	13	1	20	17	3	26	24	2	11	9	2	17	14	3	24	23	1
NC_059187.1	1260331	1260332	*	26	25	1	26	13	13	22	17	5	13	6	7	19	18	1	13	13	0	16	7	9	12	11	1	13	11	2	13	12	1	33	29	4	23	10	13	16	16	0	23	21	2	25	23	2	23	22	1	20	20	0	10	9	1	24	22	2
NC_059187.1	1532504	1532505	*	14	14	0	27	13	14	15	10	5	16	7	9	17	0	17	13	1	12	21	20	1	22	10	12	10	7	3	16	7	9	15	15	0	23	10	13	16	9	7	16	0	16	26	12	14	15	0	15	19	7	12	20	11	9	28	13	15
NC_059187.1	1532547	1532548	*	15	8	7	28	1	27	15	10	5	14	4	10	16	0	16	15	0	15	21	17	4	19	9	10	10	0	10	16	4	12	18	0	18	23	10	13	19	12	7	16	0	16	26	10	16	17	0	17	19	3	16	19	9	10	28	14	14
NC_059187.1	1532629	1532630	*	16	7	9	20	9	11	11	8	3	18	0	18	11	0	11	17	0	17	13	10	3	19	16	3	13	0	13	14	7	7	16	8	8	21	10	11	18	9	9	14	0	14	25	0	25	18	0	18	19	6	13	14	0	14	23	10	13
NC_059187.1	1551728	1551729	*	20	19	1	18	17	1	18	17	1	13	12	1	21	21	0	13	13	0	13	12	1	13	12	1	18	18	0	23	23	0	11	10	1	24	22	2	21	21	0	22	21	1	17	17	0	12	12	0	22	21	1	12	12	0	26	26	0
NC_059187.1	1551936	1551937	*	16	16	0	24	23	1	11	8	3	18	17	1	18	17	1	24	21	3	11	10	1	16	15	1	16	14	2	22	21	1	17	15	2	20	19	1	25	22	3	13	13	0	32	31	1	28	25	3	18	18	0	12	12	0	25	24	1
NC_059187.1	1603830	1603831	*	18	18	0	19	17	2	20	20	0	16	16	0	16	16	0	19	18	1	18	16	2	18	18	0	19	18	1	13	12	1	22	21	1	25	25	0	22	17	5	15	13	2	24	21	3	31	30	1	15	14	1	17	17	0	29	28	1
NC_059187.1	1631587	1631588	*	33	30	3	27	24	3	23	21	2	17	15	2	14	14	0	11	11	0	18	14	4	13	12	1	20	14	6	19	19	0	37	28	9	20	19	1	24	22	2	21	18	3	42	35	7	21	20	1	33	31	2	24	21	3	25	24	1
NC_059187.1	1631626	1631627	*	35	26	9	25	17	8	19	14	5	17	12	5	20	14	6	12	9	3	21	15	6	12	9	3	20	13	7	20	17	3	36	27	9	22	19	3	24	17	7	20	15	5	38	26	12	19	11	8	29	17	12	24	20	4	24	21	3
NC_059187.1	1668458	1668459	*	18	17	1	13	7	6	17	8	9	22	20	2	18	0	18	22	13	9	13	9	4	20	12	8	11	8	3	23	16	7	23	22	1	18	9	9	15	11	4	15	8	7	25	19	6	13	7	6	17	2	15	19	11	8	25	10	15
NC_059187.1	1668469	1668470	*	17	16	1	14	9	5	16	12	4	20	19	1	14	0	14	23	14	9	13	10	3	17	10	7	11	11	0	18	16	2	21	20	1	17	10	7	14	9	5	13	7	6	23	20	3	13	6	7	15	3	12	17	10	7	23	11	12
NC_059187.1	1720612	1720613	*	22	17	5	31	27	4	19	13	6	10	10	0	19	15	4	17	17	0	20	17	3	16	15	1	21	18	3	24	20	4	17	16	1	34	33	1	25	20	5	14	11	3	37	34	3	22	19	3	14	13	1	22	17	5	31	26	5
NC_059187.1	1720674	1720675	*	21	18	3	34	31	3	21	13	8	11	11	0	22	19	3	22	21	1	23	22	1	18	17	1	23	23	0	25	23	2	21	19	2	40	38	2	32	27	5	22	22	0	36	32	4	22	20	2	14	14	0	25	24	1	32	31	1
NC_059187.1	1720703	1720704	*	22	20	2	35	33	2	18	14	4	11	11	0	20	19	1	25	24	1	24	24	0	19	18	1	28	26	2	23	22	1	21	18	3	35	35	0	32	30	2	21	19	2	39	34	5	23	23	0	14	14	0	25	24	1	32	31	1
NC_059187.1	1720710	1720711	*	22	20	2	34	33	1	17	15	2	10	10	0	19	18	1	26	26	0	23	23	0	20	20	0	28	26	2	22	21	1	22	19	3	34	34	0	32	30	2	21	20	1	39	38	1	23	22	1	14	13	1	23	23	0	31	30	1
NC_059187.1	1726335	1726336	*	15	14	1	14	11	3	13	13	0	15	14	1	10	9	1	15	14	1	11	11	0	12	12	0	14	13	1	20	19	1	12	12	0	19	17	2	16	13	3	16	15	1	20	20	0	17	15	2	16	16	0	20	16	4	22	21	1
NC_059187.1	1726396	1726397	*	15	13	2	17	17	0	15	15	0	15	15	0	12	12	0	13	13	0	12	12	0	18	18	0	14	11	3	15	14	1	13	13	0	23	23	0	14	13	1	17	16	1	29	28	1	19	19	0	16	16	0	20	19	1	22	21	1
NC_059187.1	1726414	1726415	*	14	11	3	16	14	2	17	14	3	17	16	1	11	9	2	14	13	1	12	12	0	18	16	2	14	11	3	17	15	2	13	12	1	25	24	1	11	10	1	15	13	2	32	30	2	21	19	2	16	16	0	25	24	1	27	23	4
NC_059187.1	1726474	1726475	*	17	16	1	17	16	1	18	18	0	17	17	0	13	11	2	15	14	1	17	16	1	15	13	2	12	11	1	16	13	3	15	13	2	26	26	0	11	11	0	13	13	0	29	25	4	23	22	1	14	13	1	32	31	1	19	18	1
NC_059187.1	1726536	1726537	*	21	20	1	16	13	3	17	16	1	16	15	1	17	13	4	17	14	3	15	15	0	17	13	4	12	11	1	21	19	2	16	16	0	30	30	0	10	9	1	13	13	0	30	28	2	20	20	0	18	18	0	27	27	0	25	25	0
NC_059187.1	1755561	1755562	*	15	3	12	13	11	2	17	10	7	13	11	2	10	5	5	12	11	1	11	6	5	19	13	6	11	7	4	20	15	5	15	11	4	20	14	6	24	16	8	12	8	4	21	12	9	20	5	15	14	11	3	20	14	6	16	9	7
NC_059187.1	2195221	2195222	*	10	10	0	18	18	0	12	12	0	10	9	1	13	12	1	22	22	0	13	13	0	17	16	1	11	10	1	21	20	1	19	16	3	16	16	0	13	12	1	16	15	1	18	18	0	19	18	1	11	10	1	19	18	1	19	19	0
NC_059187.1	2195269	2195270	*	12	11	1	21	21	0	11	11	0	14	14	0	13	13	0	19	17	2	14	13	1	21	21	0	11	11	0	20	20	0	13	12	1	13	13	0	12	10	2	16	14	2	17	16	1	20	20	0	12	12	0	17	17	0	23	23	0
NC_059187.1	2195272	2195273	*	12	12	0	21	20	1	11	10	1	14	14	0	13	13	0	19	18	1	14	14	0	20	19	1	11	9	2	20	19	1	12	12	0	13	13	0	12	11	1	15	15	0	17	16	1	20	20	0	13	12	1	17	17	0	23	22	1
NC_059187.1	2351435	2351436	*	14	13	1	23	22	1	15	12	3	23	21	2	12	12	0	19	17	2	16	15	1	11	8	3	20	18	2	14	12	2	15	14	1	22	22	0	18	17	1	16	15	1	28	27	1	16	15	1	13	11	2	11	10	1	21	20	1
NC_059187.1	2351450	2351451	*	17	16	1	25	24	1	16	14	2	23	22	1	13	12	1	20	19	1	21	21	0	12	11	1	20	19	1	12	11	1	14	13	1	21	21	0	20	17	3	15	15	0	28	23	5	17	16	1	13	13	0	11	10	1	23	19	4
NC_059187.1	2351465	2351466	*	15	15	0	26	26	0	16	15	1	25	22	3	13	12	1	23	22	1	21	21	0	10	10	0	19	18	1	12	11	1	14	13	1	21	20	1	22	22	0	14	12	2	29	24	5	17	15	2	17	15	2	11	11	0	26	22	4
NC_059187.1	2351509	2351510	*	13	12	1	23	18	5	14	13	1	22	19	3	15	14	1	23	20	3	19	18	1	14	11	3	17	12	5	13	10	3	13	11	2	17	16	1	21	16	5	11	11	0	23	17	6	16	14	2	18	14	4	13	13	0	25	16	9
NC_059187.1	2360520	2360521	*	22	19	3	17	15	2	18	15	3	16	14	2	14	12	2	16	14	2	14	13	1	14	11	3	18	14	4	28	25	3	14	12	2	17	9	8	19	15	4	19	16	3	25	12	13	21	18	3	15	12	3	20	16	4	14	11	3
NC_059187.1	2360553	2360554	*	17	17	0	22	18	4	19	18	1	14	14	0	15	14	1	15	15	0	12	12	0	15	15	0	16	16	0	33	32	1	13	12	1	19	18	1	20	18	2	18	17	1	27	26	1	25	24	1	16	13	3	18	17	1	14	13	1
NC_059187.1	2360562	2360563	*	17	17	0	23	21	2	17	15	2	13	13	0	15	13	2	16	16	0	12	12	0	17	17	0	16	16	0	34	33	1	11	11	0	19	19	0	20	18	2	17	16	1	26	25	1	27	25	2	19	19	0	19	18	1	17	16	1
NC_059187.1	2360646	2360647	*	24	21	3	21	20	1	15	13	2	12	11	1	15	14	1	16	16	0	15	14	1	18	16	2	13	11	2	25	23	2	12	11	1	21	21	0	20	20	0	17	15	2	21	17	4	32	27	5	16	14	2	19	18	1	21	21	0
NC_059187.1	2422512	2422513	*	18	16	2	22	20	2	10	10	0	15	14	1	12	12	0	20	19	1	17	16	1	18	16	2	15	15	0	15	15	0	11	11	0	16	16	0	11	10	1	11	10	1	14	12	2	14	14	0	14	13	1	20	20	0	26	26	0
NC_059187.1	2494003	2494004	*	12	9	3	22	6	16	16	8	8	10	9	1	18	16	2	19	17	2	20	18	2	14	12	2	17	9	8	20	17	3	23	19	4	24	12	12	26	22	4	18	14	4	19	9	10	20	18	2	25	8	17	13	11	2	22	13	9
NC_059187.1	2663049	2663050	*	21	20	1	13	12	1	11	10	1	17	16	1	21	19	2	13	9	4	21	19	2	19	12	7	10	10	0	22	21	1	19	11	8	32	2	30	20	20	0	24	18	6	12	12	0	33	30	3	24	22	2	13	12	1	36	36	0
NC_059187.1	2674578	2674579	*	33	33	0	19	18	1	14	14	0	11	9	2	15	13	2	23	20	3	20	19	1	16	16	0	19	17	2	20	19	1	14	14	0	45	44	1	14	14	0	27	25	2	17	17	0	24	23	1	22	22	0	25	25	0	36	34	2
NC_059187.1	2674617	2674618	*	35	34	1	17	17	0	11	11	0	12	12	0	15	14	1	21	20	1	21	20	1	17	17	0	18	18	0	20	19	1	13	13	0	42	42	0	16	14	2	29	28	1	19	18	1	24	23	1	22	22	0	26	24	2	34	34	0
NC_059187.1	2674650	2674651	*	33	32	1	14	13	1	11	11	0	11	10	1	16	14	2	22	20	2	19	19	0	14	14	0	19	17	2	21	21	0	13	11	2	36	35	1	15	9	6	25	24	1	19	18	1	22	16	6	21	20	1	21	20	1	35	31	4
NC_059187.1	2695196	2695197	*	25	8	17	55	21	34	42	21	21	48	7	41	22	10	12	54	17	37	57	11	46	46	12	34	29	7	22	31	9	22	34	15	19	48	19	29	32	8	24	42	14	28	36	10	26	71	29	42	29	13	16	40	10	30	42	10	32
NC_059187.1	2695335	2695336	*	16	10	6	36	29	7	33	27	6	25	15	10	14	8	6	30	25	5	40	28	12	27	24	3	26	18	8	27	18	9	20	18	2	32	22	10	20	17	3	30	27	3	35	33	2	51	33	18	15	12	3	17	13	4	34	24	10
NC_059187.1	2695514	2695515	*	38	30	8	55	40	15	60	40	20	43	21	22	29	23	6	45	28	17	50	31	19	42	30	12	37	27	10	41	31	10	25	20	5	35	23	12	15	8	7	30	22	8	46	38	8	63	45	18	30	22	8	39	27	12	45	22	23
NC_059187.1	2711014	2711015	*	13	12	1	16	16	0	15	14	1	15	14	1	13	11	2	16	15	1	15	15	0	16	14	2	12	11	1	14	13	1	15	14	1	18	16	2	13	13	0	14	14	0	28	27	1	21	20	1	17	17	0	11	11	0	21	18	3
NC_059187.1	2724911	2724912	*	23	22	1	14	14	0	17	14	3	13	13	0	13	12	1	16	15	1	16	15	1	18	18	0	14	14	0	10	9	1	11	11	0	24	23	1	16	15	1	16	14	2	37	35	2	17	16	1	24	23	1	17	17	0	21	21	0
NC_059187.1	2724930	2724931	*	24	23	1	15	13	2	17	17	0	11	9	2	15	14	1	12	11	1	17	14	3	18	17	1	13	13	0	12	12	0	14	14	0	29	29	0	19	18	1	16	16	0	36	35	1	17	17	0	24	23	1	18	18	0	20	20	0
NC_059187.1	2724953	2724954	*	23	19	4	18	14	4	17	16	1	11	9	2	16	11	5	13	10	3	17	14	3	17	13	4	12	7	5	11	9	2	13	8	5	30	24	6	16	14	2	16	9	7	37	30	7	18	16	2	24	17	7	21	15	6	24	21	3
NC_059187.1	2727632	2727633	*	10	10	0	28	26	2	14	14	0	12	12	0	17	15	2	17	16	1	15	15	0	19	18	1	11	10	1	23	22	1	16	14	2	18	18	0	19	17	2	23	22	1	25	24	1	18	18	0	14	13	1	14	14	0	25	21	4
NC_059187.1	2735433	2735434	*	19	11	8	17	14	3	18	15	3	14	6	8	11	6	5	11	7	4	12	9	3	10	9	1	17	9	8	14	13	1	23	19	4	16	14	2	11	11	0	18	15	3	24	22	2	20	17	3	16	14	2	21	21	0	20	15	5
NC_059187.1	2750482	2750483	*	24	11	13	19	12	7	29	12	17	13	3	10	24	20	4	14	7	7	20	13	7	15	8	7	16	10	6	34	21	13	25	15	10	22	16	6	25	15	10	19	15	4	30	25	5	22	8	14	23	17	6	13	8	5	30	15	15
NC_059187.1	2750560	2750561	*	23	21	2	20	17	3	18	17	1	10	10	0	17	17	0	15	13	2	16	15	1	10	10	0	14	14	0	32	29	3	19	18	1	15	15	0	19	17	2	20	16	4	27	23	4	18	16	2	21	19	2	15	13	2	22	21	1
NC_059187.1	2754929	2754930	*	13	5	8	19	16	3	16	5	11	16	16	0	17	9	8	17	16	1	10	5	5	16	13	3	11	6	5	15	13	2	16	5	11	30	11	19	14	13	1	11	5	6	26	26	0	16	14	2	25	25	0	19	16	3	27	17	10
NC_059187.1	2776857	2776858	*	15	6	9	19	12	7	22	6	16	26	5	21	19	9	10	24	13	11	22	3	19	14	12	2	22	4	18	21	8	13	16	5	11	18	3	15	18	6	12	18	4	14	18	10	8	11	0	11	17	7	10	16	10	6	31	12	19
NC_059187.1	2799983	2799984	*	14	14	0	12	10	2	19	19	0	14	14	0	11	8	3	13	11	2	14	8	6	14	13	1	10	9	1	11	10	1	13	11	2	18	17	1	10	10	0	10	10	0	14	12	2	20	20	0	17	16	1	16	16	0	23	23	0
NC_059187.1	2858944	2858945	*	16	15	1	22	21	1	21	20	1	14	13	1	12	12	0	20	16	4	14	14	0	22	19	3	13	13	0	15	14	1	21	19	2	17	17	0	19	18	1	17	17	0	21	20	1	22	21	1	22	17	5	16	15	1	30	27	3
NC_059187.1	2858968	2858969	*	17	17	0	22	21	1	22	22	0	16	16	0	13	13	0	20	18	2	17	17	0	20	20	0	14	13	1	19	18	1	20	19	1	16	15	1	20	20	0	18	18	0	23	22	1	24	24	0	22	22	0	16	16	0	30	30	0
NC_059187.1	2858992	2858993	*	19	18	1	19	17	2	23	23	0	17	17	0	15	15	0	17	17	0	12	11	1	23	23	0	16	15	1	19	19	0	22	19	3	17	16	1	22	19	3	16	14	2	22	22	0	22	22	0	19	19	0	13	13	0	29	29	0
NC_059187.1	2859088	2859089	*	17	14	3	18	16	2	24	22	2	15	14	1	17	9	8	20	16	4	14	12	2	16	15	1	14	14	0	18	17	1	19	15	4	13	13	0	25	20	5	24	24	0	19	17	2	18	16	2	15	14	1	12	11	1	25	21	4
NC_059187.1	2859115	2859116	*	18	16	2	21	19	2	22	20	2	17	16	1	18	17	1	18	16	2	13	11	2	20	20	0	15	14	1	17	16	1	18	18	0	21	21	0	23	21	2	30	27	3	20	20	0	13	13	0	18	17	1	14	14	0	24	24	0
NC_059187.1	2859161	2859162	*	17	16	1	17	15	2	18	18	0	17	17	0	19	17	2	18	16	2	12	11	1	15	15	0	12	12	0	13	13	0	14	12	2	24	14	10	17	14	3	28	28	0	18	17	1	12	12	0	20	20	0	16	16	0	22	22	0
NC_059187.1	2865571	2865572	*	18	18	0	19	18	1	13	12	1	18	16	2	18	18	0	29	28	1	26	24	2	19	19	0	20	19	1	23	22	1	20	20	0	19	19	0	12	12	0	12	12	0	27	26	1	17	16	1	21	21	0	12	12	0	23	22	1
NC_059187.1	2865659	2865660	*	22	22	0	24	24	0	16	16	0	18	17	1	20	20	0	30	28	2	23	22	1	21	21	0	19	19	0	21	21	0	21	21	0	21	21	0	14	12	2	14	13	1	28	27	1	21	20	1	23	23	0	13	13	0	26	24	2
NC_059187.1	2900410	2900411	*	14	14	0	20	18	2	14	14	0	17	17	0	12	11	1	17	16	1	11	10	1	13	12	1	12	12	0	13	12	1	16	16	0	23	23	0	14	14	0	15	15	0	19	19	0	21	20	1	19	19	0	20	19	1	25	24	1
NC_059187.1	2951069	2951070	*	22	21	1	25	22	3	15	15	0	12	10	2	19	17	2	16	15	1	10	10	0	14	14	0	14	13	1	13	11	2	19	19	0	19	17	2	15	14	1	16	13	3	13	12	1	21	19	2	12	12	0	18	18	0	26	24	2
NC_059187.1	2951091	2951092	*	22	20	2	23	22	1	16	16	0	14	11	3	18	18	0	20	19	1	12	11	1	16	15	1	14	13	1	13	11	2	18	17	1	17	16	1	16	15	1	15	15	0	15	14	1	21	19	2	11	10	1	18	17	1	23	23	0
NC_059187.1	2951095	2951096	*	21	16	5	23	13	10	14	11	3	13	11	2	18	15	3	19	11	8	12	6	6	15	13	2	14	13	1	13	10	3	17	13	4	17	10	7	16	7	9	15	10	5	13	10	3	19	14	5	11	9	2	18	12	6	22	17	5
NC_059187.1	3121053	3121054	*	13	13	0	12	10	2	11	11	0	24	21	3	17	16	1	11	11	0	16	14	2	14	13	1	11	10	1	20	20	0	19	17	2	21	20	1	19	16	3	10	10	0	27	25	2	20	20	0	17	17	0	14	14	0	25	23	2
NC_059187.1	3287116	3287117	*	19	19	0	18	16	2	14	13	1	13	9	4	13	12	1	26	24	2	20	19	1	12	10	2	11	10	1	18	18	0	19	17	2	17	17	0	21	19	2	20	16	4	20	18	2	27	24	3	18	18	0	22	20	2	23	20	3
NC_059187.1	3287219	3287220	*	14	12	2	23	18	5	16	15	1	12	11	1	11	11	0	27	27	0	14	12	2	13	12	1	15	15	0	24	23	1	16	15	1	18	15	3	19	19	0	21	18	3	21	20	1	25	24	1	13	12	1	16	15	1	28	27	1
NC_059187.1	3414530	3414531	*	18	18	0	21	20	1	16	15	1	19	19	0	16	13	3	13	13	0	17	16	1	20	19	1	15	15	0	23	21	2	17	17	0	22	20	2	15	15	0	11	10	1	16	14	2	15	14	1	15	15	0	13	13	0	26	26	0
NC_059187.1	3414606	3414607	*	23	20	3	21	20	1	21	19	2	20	18	2	20	19	1	16	16	0	15	15	0	19	18	1	13	13	0	18	17	1	24	20	4	27	23	4	22	21	1	16	13	3	18	16	2	15	13	2	14	12	2	13	11	2	26	21	5
NC_059187.1	3419906	3419907	*	12	9	3	20	16	4	11	9	2	12	8	4	11	9	2	12	9	3	13	10	3	18	12	6	16	13	3	19	14	5	10	7	3	17	14	3	12	12	0	14	11	3	19	15	4	26	19	7	13	11	2	15	13	2	16	11	5
NC_059187.1	3419959	3419960	*	11	11	0	20	18	2	11	11	0	12	12	0	11	11	0	10	8	2	13	12	1	18	18	0	14	12	2	18	18	0	11	10	1	14	14	0	13	13	0	15	14	1	19	17	2	20	18	2	13	13	0	16	15	1	17	16	1
NC_059187.1	3497380	3497381	*	13	10	3	17	14	3	17	11	6	17	14	3	11	10	1	16	14	2	15	12	3	18	14	4	12	6	6	16	11	5	12	10	2	20	17	3	12	8	4	18	14	4	22	20	2	14	13	1	12	9	3	19	17	2	20	17	3
NC_059187.1	3508906	3508907	*	14	11	3	18	7	11	11	9	2	13	12	1	13	11	2	15	13	2	15	10	5	19	14	5	15	7	8	12	9	3	18	10	8	19	11	8	14	12	2	13	7	6	21	15	6	16	12	4	18	13	5	17	9	8	16	10	6
NC_059187.1	3508968	3508969	*	14	9	5	21	16	5	10	9	1	14	14	0	14	14	0	17	15	2	12	12	0	19	17	2	17	8	9	11	11	0	21	20	1	22	11	11	16	16	0	15	7	8	22	20	2	23	21	2	22	15	7	18	17	1	18	8	10
NC_059187.1	3508984	3508985	*	13	9	4	20	14	6	10	7	3	16	15	1	14	14	0	19	17	2	12	12	0	19	17	2	17	7	10	12	12	0	19	18	1	21	10	11	16	14	2	15	6	9	22	20	2	22	22	0	19	14	5	14	14	0	17	7	10
NC_059187.1	3509017	3509018	*	13	6	7	17	7	10	10	10	0	14	2	12	12	11	1	19	18	1	11	10	1	18	17	1	16	6	10	12	11	1	23	21	2	25	10	15	13	8	5	13	6	7	24	21	3	19	16	3	18	13	5	13	12	1	20	7	13
NC_059187.1	3607914	3607915	*	25	15	10	13	9	4	12	12	0	10	10	0	11	11	0	17	17	0	11	11	0	13	13	0	11	11	0	20	20	0	12	12	0	20	20	0	14	14	0	10	10	0	24	24	0	19	18	1	16	16	0	25	24	1	19	9	10
NC_059187.1	3766038	3766039	*	11	10	1	29	28	1	16	15	1	25	21	4	13	12	1	18	18	0	29	27	2	12	10	2	11	11	0	15	15	0	14	14	0	32	30	2	12	10	2	15	15	0	31	29	2	17	17	0	20	18	2	18	17	1	22	21	1
NC_059187.1	3774347	3774348	*	19	18	1	23	20	3	22	20	2	10	10	0	13	13	0	18	16	2	10	10	0	13	11	2	12	11	1	14	13	1	11	9	2	20	19	1	14	12	2	15	13	2	23	22	1	22	20	2	14	13	1	29	28	1	17	17	0
NC_059187.1	3774475	3774476	*	10	7	3	23	15	8	19	15	4	18	10	8	20	13	7	16	12	4	10	9	1	12	11	1	20	14	6	16	14	2	16	9	7	21	14	7	21	13	8	16	11	5	23	13	10	25	15	10	19	12	7	20	9	11	21	11	10
NC_059187.1	3867909	3867910	*	22	20	2	29	26	3	15	15	0	12	12	0	24	23	1	18	18	0	13	13	0	20	18	2	20	20	0	34	32	2	30	28	2	30	29	1	23	23	0	20	20	0	33	28	5	19	18	1	18	18	0	21	20	1	37	37	0
NC_059187.1	3867949	3867950	*	23	21	2	36	30	6	15	13	2	17	14	3	23	20	3	14	8	6	15	8	7	20	18	2	16	15	1	28	23	5	33	28	5	34	29	5	24	21	3	20	17	3	33	28	5	19	14	5	19	18	1	20	16	4	37	32	5
NC_059187.1	3867976	3867977	*	21	16	5	35	28	7	18	13	5	19	12	7	20	12	8	21	11	10	16	8	8	20	15	5	16	12	4	29	22	7	34	26	8	32	22	10	20	17	3	19	18	1	31	25	6	19	13	6	24	17	7	22	17	5	38	30	8
NC_059187.1	3868237	3868238	*	15	14	1	24	24	0	21	21	0	26	25	1	11	9	2	29	24	5	23	22	1	17	17	0	17	17	0	26	23	3	24	24	0	21	18	3	32	30	2	16	16	0	20	20	0	33	31	2	26	25	1	14	13	1	24	23	1
NC_059187.1	3994376	3994377	*	21	19	2	35	35	0	17	16	1	13	13	0	11	10	1	24	23	1	21	21	0	19	18	1	11	10	1	21	20	1	27	24	3	27	25	2	23	21	2	13	13	0	26	25	1	12	12	0	18	16	2	24	22	2	25	25	0
NC_059187.1	3994423	3994424	*	21	21	0	36	34	2	18	17	1	14	13	1	13	12	1	23	22	1	21	19	2	15	15	0	11	11	0	18	18	0	28	26	2	27	25	2	20	18	2	13	12	1	21	21	0	15	13	2	18	17	1	26	25	1	20	20	0
NC_059187.1	3994487	3994488	*	24	23	1	29	29	0	14	14	0	12	10	2	14	10	4	24	22	2	18	18	0	16	14	2	13	12	1	14	13	1	22	21	1	24	24	0	23	22	1	13	12	1	18	18	0	18	18	0	18	17	1	21	20	1	17	16	1
NC_059187.1	4004230	4004231	*	21	20	1	13	12	1	18	17	1	17	15	2	12	10	2	12	12	0	14	11	3	11	9	2	12	12	0	16	14	2	14	13	1	12	9	3	20	20	0	19	15	4	23	20	3	19	15	4	13	11	2	16	16	0	15	14	1
NC_059187.1	4010154	4010155	*	16	15	1	22	20	2	13	13	0	16	15	1	10	10	0	15	14	1	13	12	1	24	24	0	13	12	1	11	11	0	11	10	1	24	23	1	16	15	1	14	14	0	21	20	1	13	12	1	15	14	1	13	12	1	18	18	0
NC_059187.1	4181791	4181792	*	21	7	14	23	9	14	29	9	20	21	8	13	12	3	9	12	5	7	14	12	2	17	13	4	32	13	19	16	10	6	16	3	13	25	15	10	29	18	11	23	0	23	28	8	20	17	2	15	22	5	17	44	21	23	34	9	25
NC_059187.1	4181833	4181834	*	21	7	14	22	14	8	28	12	16	19	9	10	13	6	7	14	12	2	14	10	4	14	9	5	39	18	21	18	16	2	16	3	13	23	12	11	25	9	16	22	3	19	26	14	12	16	3	13	21	5	16	36	31	5	29	10	19
NC_059187.1	4181898	4181899	*	21	13	8	21	13	8	28	10	18	22	12	10	18	8	10	13	11	2	19	19	0	16	10	6	34	15	19	13	12	1	11	7	4	18	8	10	27	12	15	25	12	13	37	21	16	21	8	13	20	12	8	24	21	3	34	13	21
NC_059187.1	4181940	4181941	*	22	7	15	36	11	25	26	4	22	20	12	8	18	8	10	11	10	1	20	13	7	20	11	9	43	16	27	13	10	3	16	9	7	20	7	13	30	10	20	22	10	12	41	9	32	24	9	15	19	9	10	33	15	18	35	10	25
NC_059187.1	4181980	4181981	*	21	16	5	46	12	34	25	12	13	24	12	12	17	7	10	16	12	4	19	13	6	21	10	11	46	12	34	15	10	5	23	11	12	22	11	11	38	13	25	24	4	20	42	17	25	27	10	17	27	9	18	31	20	11	34	7	27
NC_059187.1	4182023	4182024	*	20	16	4	33	25	8	17	14	3	19	16	3	10	6	4	13	13	0	18	15	3	16	15	1	28	18	10	13	10	3	18	11	7	18	15	3	27	14	13	19	11	8	33	25	8	17	13	4	14	12	2	27	27	0	21	6	15
NC_059187.1	4182038	4182039	*	21	16	5	47	24	23	25	13	12	25	15	10	13	5	8	18	13	5	14	13	1	19	11	8	46	15	31	13	8	5	23	12	11	26	17	9	38	12	26	20	9	11	35	15	20	34	19	15	26	12	14	31	21	10	31	5	26
NC_059187.1	4191671	4191672	*	16	16	0	21	21	0	13	13	0	19	19	0	12	11	1	21	21	0	13	12	1	16	16	0	20	20	0	23	23	0	16	16	0	27	26	1	18	18	0	18	18	0	23	23	0	10	10	0	16	16	0	17	16	1	25	25	0
NC_059187.1	4191713	4191714	*	14	13	1	18	18	0	15	15	0	21	20	1	14	14	0	22	22	0	15	15	0	18	17	1	21	14	7	21	21	0	18	18	0	29	28	1	19	17	2	17	17	0	24	23	1	12	12	0	16	16	0	18	18	0	25	24	1
NC_059187.1	4191756	4191757	*	13	13	0	19	17	2	15	14	1	18	15	3	15	14	1	23	20	3	12	12	0	16	12	4	20	9	11	21	21	0	15	13	2	27	20	7	18	8	10	18	18	0	25	22	3	11	10	1	15	14	1	20	19	1	23	23	0
NC_059187.1	4191758	4191759	*	13	12	1	19	18	1	15	14	1	18	15	3	15	13	2	23	20	3	12	12	0	15	14	1	20	12	8	20	19	1	15	14	1	27	21	6	18	10	8	17	17	0	25	20	5	11	8	3	15	12	3	20	19	1	23	23	0
NC_059187.1	4208047	4208048	*	11	10	1	19	19	0	17	16	1	24	23	1	21	19	2	12	12	0	10	10	0	10	10	0	10	9	1	11	11	0	12	12	0	16	14	2	17	16	1	15	15	0	20	20	0	18	17	1	17	16	1	19	15	4	21	21	0
NC_059187.1	4237988	4237989	*	23	21	2	14	12	2	14	14	0	18	15	3	14	14	0	17	17	0	21	17	4	11	9	2	18	17	1	19	18	1	12	12	0	19	19	0	14	11	3	19	16	3	19	18	1	14	13	1	17	15	2	15	13	2	35	32	3
NC_059187.1	4238075	4238076	*	26	25	1	18	15	3	20	20	0	18	17	1	17	15	2	20	18	2	17	17	0	11	10	1	17	14	3	23	23	0	15	14	1	22	22	0	16	12	4	21	21	0	21	19	2	16	15	1	19	18	1	18	17	1	31	29	2
NC_059187.1	4238128	4238129	*	24	12	12	18	17	1	24	23	1	17	15	2	17	9	8	19	16	3	17	16	1	16	15	1	18	18	0	25	13	12	18	9	9	23	23	0	13	6	7	22	20	2	25	23	2	14	5	9	22	12	10	22	21	1	32	32	0
NC_059187.1	4238138	4238139	*	25	11	14	18	17	1	23	22	1	19	18	1	16	8	8	19	17	2	15	14	1	16	15	1	19	19	0	24	12	12	18	9	9	23	23	0	13	5	8	21	18	3	25	24	1	14	5	9	23	13	10	24	23	1	33	33	0
NC_059187.1	4238152	4238153	*	22	9	13	22	20	2	22	20	2	21	18	3	16	6	10	20	17	3	15	12	3	15	15	0	19	18	1	27	12	15	16	8	8	23	18	5	14	4	10	21	18	3	25	22	3	15	6	9	23	13	10	26	23	3	36	35	1
NC_059187.1	5067459	5067460	*	13	13	0	22	21	1	20	19	1	14	14	0	15	15	0	14	12	2	19	19	0	18	17	1	11	11	0	13	12	1	14	14	0	16	16	0	14	13	1	17	16	1	16	15	1	15	15	0	21	20	1	19	19	0	21	21	0
NC_059187.1	5067504	5067505	*	17	16	1	22	22	0	20	20	0	19	19	0	13	13	0	19	18	1	22	21	1	15	15	0	13	13	0	12	12	0	14	13	1	18	17	1	17	15	2	14	14	0	15	15	0	19	16	3	20	18	2	24	22	2	20	19	1
NC_059187.1	5067692	5067693	*	17	15	2	18	17	1	18	17	1	21	20	1	19	19	0	19	17	2	17	16	1	18	18	0	12	11	1	24	22	2	10	10	0	25	23	2	20	18	2	17	15	2	24	24	0	19	19	0	20	20	0	19	19	0	28	27	1
NC_059187.1	5609457	5609458	*	16	16	0	19	18	1	11	11	0	11	10	1	12	11	1	17	16	1	13	12	1	12	12	0	16	16	0	21	21	0	11	10	1	19	18	1	11	11	0	12	12	0	20	19	1	21	21	0	19	19	0	18	16	2	17	17	0
NC_059187.1	5609460	5609461	*	15	15	0	18	16	2	11	11	0	11	11	0	12	12	0	17	17	0	13	13	0	13	12	1	16	16	0	19	19	0	11	10	1	18	18	0	12	11	1	12	12	0	19	19	0	22	21	1	19	19	0	16	16	0	17	17	0
NC_059187.1	6377560	6377561	*	11	10	1	13	12	1	17	16	1	10	10	0	22	21	1	12	11	1	14	13	1	16	15	1	19	19	0	11	11	0	10	10	0	20	19	1	11	10	1	11	11	0	17	16	1	18	16	2	14	13	1	17	16	1	31	31	0
NC_059187.1	6377601	6377602	*	10	10	0	13	13	0	16	16	0	13	13	0	19	19	0	13	11	2	15	14	1	22	22	0	19	19	0	10	9	1	14	14	0	20	19	1	15	14	1	13	13	0	21	20	1	22	22	0	16	14	2	17	16	1	30	28	2
NC_059187.1	6621661	6621662	*	72	8	64	40	0	40	36	0	36	26	0	26	52	2	50	32	0	32	31	1	30	28	0	28	23	0	23	31	0	31	44	1	43	61	2	59	26	1	25	51	0	51	70	1	69	35	0	35	29	1	28	51	5	46	58	0	58
NC_059187.1	6621725	6621726	*	65	8	57	36	7	29	37	0	37	25	0	25	53	1	52	34	1	33	30	0	30	27	0	27	22	0	22	25	1	24	36	0	36	56	1	55	18	1	17	42	0	42	64	1	63	28	6	22	28	0	28	40	0	40	48	0	48
NC_059187.1	6621833	6621834	*	42	4	38	24	1	23	29	0	29	14	0	14	37	2	35	27	1	26	20	0	20	17	0	17	16	0	16	20	0	20	24	1	23	37	0	37	19	1	18	28	1	27	38	0	38	13	0	13	19	0	19	21	1	20	40	0	40
NC_059187.1	6621898	6621899	*	46	4	42	23	1	22	32	0	32	21	0	21	34	0	34	24	1	23	17	0	17	18	0	18	17	0	17	24	0	24	24	1	23	33	1	32	20	1	19	22	0	22	39	1	38	13	2	11	18	0	18	23	2	21	35	0	35
NC_059187.1	7076287	7076288	*	11	10	1	13	9	4	12	10	2	10	3	7	20	16	4	14	13	1	16	12	4	12	11	1	19	13	6	13	13	0	13	9	4	16	8	8	15	11	4	24	17	7	26	21	5	25	21	4	19	17	2	28	21	7	15	13	2
NC_059187.1	7381947	7381948	*	23	22	1	14	13	1	13	12	1	11	10	1	10	10	0	14	13	1	13	12	1	13	13	0	12	11	1	12	12	0	13	13	0	19	19	0	14	12	2	20	19	1	23	22	1	19	19	0	11	10	1	16	16	0	29	28	1
NC_059187.1	7403580	7403581	*	16	15	1	14	14	0	12	11	1	12	12	0	12	12	0	18	17	1	16	16	0	19	17	2	11	10	1	10	10	0	12	11	1	22	22	0	18	18	0	12	11	1	19	16	3	19	18	1	14	14	0	11	11	0	15	12	3
NC_059187.1	7727129	7727130	*	11	11	0	18	16	2	11	11	0	11	11	0	17	16	1	12	12	0	14	14	0	14	12	2	11	9	2	11	11	0	14	10	4	20	20	0	14	13	1	21	20	1	21	5	16	20	20	0	16	14	2	20	18	2	14	13	1
NC_059187.1	7779365	7779366	*	11	9	2	14	13	1	14	7	7	11	11	0	13	12	1	19	17	2	10	8	2	11	10	1	14	14	0	23	21	2	24	22	2	28	25	3	17	16	1	17	13	4	21	20	1	21	20	1	14	13	1	10	7	3	20	20	0
NC_059187.1	7779470	7779471	*	11	10	1	16	15	1	12	12	0	14	12	2	14	14	0	23	23	0	16	16	0	12	11	1	14	11	3	24	20	4	21	21	0	26	26	0	17	16	1	21	20	1	30	29	1	23	20	3	16	15	1	13	12	1	18	18	0
NC_059187.1	7990503	7990504	*	19	19	0	17	14	3	11	11	0	23	23	0	12	12	0	21	7	14	10	10	0	13	12	1	17	6	11	28	27	1	24	15	9	35	15	20	22	21	1	14	14	0	22	22	0	23	14	9	24	23	1	29	28	1	19	17	2
NC_059187.1	7995191	7995192	*	21	18	3	17	14	3	12	6	6	13	12	1	12	11	1	20	17	3	10	7	3	14	11	3	12	12	0	16	13	3	10	7	3	28	24	4	20	17	3	12	9	3	21	18	3	17	15	2	12	11	1	14	12	2	22	21	1
NC_059187.1	8031010	8031011	*	19	17	2	17	12	5	16	13	3	20	0	20	11	6	5	13	7	6	12	8	4	10	10	0	14	13	1	23	10	13	16	14	2	19	19	0	18	17	1	10	9	1	21	11	10	26	13	13	10	10	0	19	17	2	23	21	2
NC_059187.1	8032954	8032955	*	12	12	0	20	19	1	16	16	0	15	13	2	14	14	0	22	20	2	14	14	0	14	14	0	10	10	0	10	10	0	12	12	0	23	21	2	19	17	2	15	14	1	18	16	2	25	24	1	18	18	0	17	16	1	22	19	3
NC_059187.1	8156377	8156378	*	14	13	1	27	25	2	20	20	0	18	17	1	19	18	1	27	27	0	24	22	2	15	14	1	15	13	2	29	26	3	23	21	2	20	17	3	13	13	0	14	13	1	21	20	1	19	16	3	21	19	2	14	14	0	28	24	4
NC_059187.1	8156474	8156475	*	15	14	1	26	24	2	20	19	1	13	10	3	24	21	3	21	21	0	25	23	2	17	17	0	24	23	1	25	25	0	22	22	0	30	29	1	19	18	1	14	14	0	30	27	3	22	22	0	20	20	0	13	11	2	33	32	1
NC_059187.1	8156489	8156490	*	16	9	7	26	16	10	19	19	0	15	0	15	25	13	12	19	0	19	26	16	10	20	12	8	22	21	1	28	14	14	20	10	10	31	14	17	21	0	21	14	9	5	31	19	12	25	12	13	19	7	12	13	6	7	32	17	15
NC_059187.1	8156567	8156568	*	13	13	0	12	12	0	17	17	0	15	15	0	19	19	0	18	17	1	17	15	2	22	20	2	18	18	0	17	17	0	12	12	0	31	28	3	21	21	0	20	20	0	25	24	1	22	22	0	15	14	1	12	12	0	30	27	3
NC_059187.1	8156582	8156583	*	13	11	2	12	12	0	17	17	0	15	15	0	20	20	0	18	17	1	17	17	0	23	23	0	17	17	0	15	14	1	11	11	0	30	28	2	22	20	2	19	19	0	25	24	1	22	22	0	15	13	2	12	12	0	27	25	2
NC_059187.1	8199109	8199110	*	23	21	2	20	15	5	21	19	2	23	19	4	16	14	2	15	13	2	15	7	8	16	15	1	18	12	6	21	18	3	21	14	7	15	12	3	16	16	0	14	13	1	35	24	11	28	26	2	16	11	5	12	10	2	18	13	5
NC_059187.1	8199196	8199197	*	21	21	0	14	9	5	21	21	0	17	17	0	16	15	1	13	13	0	20	19	1	16	15	1	19	18	1	13	13	0	22	22	0	18	9	9	23	22	1	14	13	1	30	28	2	28	28	0	17	17	0	15	15	0	20	19	1
NC_059187.1	8199226	8199227	*	20	6	14	18	8	10	22	9	13	16	0	16	14	1	13	14	0	14	18	0	18	18	9	9	16	12	4	12	0	12	17	0	17	22	8	14	25	0	25	12	0	12	30	0	30	27	0	27	14	7	7	16	0	16	22	0	22
NC_059187.1	8272686	8272687	*	16	15	1	21	20	1	12	12	0	13	13	0	16	16	0	25	24	1	12	12	0	22	8	14	18	17	1	16	16	0	18	17	1	11	8	3	22	20	2	11	9	2	19	18	1	24	24	0	15	15	0	17	17	0	26	26	0
NC_059187.1	8327229	8327230	*	17	9	8	12	1	11	15	7	8	12	6	6	16	0	16	17	4	13	13	10	3	13	10	3	15	3	12	25	11	14	22	1	21	19	18	1	19	17	2	13	12	1	24	1	23	15	14	1	18	12	6	18	9	9	33	20	13
NC_059187.1	8438040	8438041	*	19	18	1	11	10	1	12	12	0	11	11	0	13	13	0	18	17	1	15	15	0	21	19	2	10	9	1	12	12	0	16	16	0	13	13	0	18	18	0	13	12	1	10	10	0	20	18	2	13	13	0	14	14	0	22	20	2
NC_059187.1	8654803	8654804	*	22	20	2	20	18	2	13	10	3	20	16	4	20	16	4	19	17	2	14	13	1	12	10	2	16	11	5	20	18	2	13	13	0	23	18	5	25	22	3	25	22	3	32	30	2	22	15	7	21	17	4	19	12	7	19	17	2
NC_059187.1	8654817	8654818	*	22	21	1	19	18	1	12	10	2	21	17	4	21	21	0	18	16	2	14	13	1	12	11	1	17	11	6	22	21	1	14	14	0	22	19	3	24	21	3	26	24	2	28	25	3	24	20	4	21	21	0	18	14	4	20	18	2
NC_059187.1	8654918	8654919	*	28	26	2	17	14	3	13	10	3	21	14	7	20	18	2	20	13	7	18	14	4	15	12	3	15	14	1	22	20	2	17	16	1	24	21	3	22	19	3	23	20	3	29	23	6	27	24	3	25	22	3	20	13	7	31	28	3
NC_059187.1	8654924	8654925	*	27	27	0	16	13	3	14	13	1	20	18	2	19	18	1	19	13	6	17	14	3	14	10	4	14	14	0	22	20	2	17	14	3	24	23	1	22	21	1	23	20	3	30	26	4	25	22	3	26	21	5	20	14	6	29	25	4
NC_059187.1	8654952	8654953	*	25	25	0	17	17	0	14	14	0	19	18	1	23	22	1	18	18	0	18	15	3	16	9	7	13	13	0	21	20	1	19	17	2	25	24	1	23	21	2	19	18	1	29	26	3	24	21	3	26	23	3	18	16	2	33	29	4
NC_059187.1	8654962	8654963	*	25	23	2	16	15	1	15	14	1	19	17	2	20	19	1	17	16	1	16	15	1	17	12	5	12	11	1	19	18	1	18	14	4	26	24	2	22	20	2	18	14	4	28	25	3	25	23	2	25	20	5	17	16	1	31	30	1
NC_059187.1	8654991	8654992	*	25	25	0	14	14	0	15	15	0	15	15	0	17	17	0	16	13	3	17	15	2	19	19	0	12	12	0	16	15	1	15	12	3	26	24	2	18	16	2	17	16	1	27	25	2	28	26	2	21	19	2	15	14	1	33	31	2
NC_059187.1	8659639	8659640	*	12	12	0	16	16	0	17	17	0	11	10	1	22	22	0	12	12	0	16	16	0	14	13	1	13	11	2	13	12	1	15	13	2	15	13	2	15	14	1	16	16	0	22	21	1	26	26	0	23	22	1	20	20	0	17	17	0
NC_059187.1	8686982	8686983	*	21	16	5	28	25	3	20	16	4	14	13	1	15	11	4	18	16	2	14	13	1	18	16	2	27	24	3	17	16	1	24	22	2	22	20	2	15	15	0	21	19	2	15	13	2	21	18	3	17	15	2	17	17	0	25	23	2
NC_059187.1	8691639	8691640	*	17	17	0	25	25	0	12	11	1	12	12	0	26	25	1	22	19	3	11	10	1	11	11	0	17	17	0	24	23	1	19	18	1	22	22	0	26	24	2	19	17	2	27	27	0	25	25	0	16	15	1	16	15	1	32	31	1
NC_059187.1	8704892	8704893	*	18	4	14	21	0	21	14	0	14	12	0	12	19	0	19	20	0	20	13	0	13	10	0	10	20	0	20	24	0	24	21	0	21	18	0	18	13	0	13	21	0	21	23	0	23	24	0	24	19	0	19	12	0	12	34	0	34
NC_059187.1	8708653	8708654	*	19	15	4	18	17	1	18	18	0	16	12	4	14	14	0	24	24	0	16	14	2	10	9	1	12	12	0	15	14	1	19	17	2	10	9	1	17	16	1	15	15	0	15	14	1	19	19	0	10	8	2	11	11	0	17	16	1
NC_059187.1	8712107	8712108	*	16	13	3	18	14	4	17	16	1	14	8	6	13	10	3	19	18	1	15	11	4	19	13	6	13	11	2	14	12	2	13	11	2	16	14	2	13	10	3	16	13	3	18	11	7	17	15	2	18	13	5	19	17	2	23	21	2
NC_059187.1	8728056	8728057	*	18	18	0	15	14	1	14	14	0	12	10	2	12	8	4	14	13	1	21	21	0	11	11	0	13	12	1	22	20	2	19	18	1	21	11	10	12	5	7	15	4	11	26	26	0	22	11	11	16	5	11	16	15	1	26	15	11
NC_059187.1	8728080	8728081	*	21	21	0	15	15	0	17	14	3	14	14	0	15	11	4	17	15	2	19	18	1	13	12	1	14	13	1	23	21	2	20	19	1	20	12	8	16	13	3	14	4	10	27	25	2	25	14	11	16	13	3	16	14	2	26	16	10
NC_059187.1	8728104	8728105	*	20	19	1	14	12	2	17	16	1	17	17	0	18	11	7	18	17	1	16	15	1	13	12	1	14	13	1	22	22	0	19	19	0	24	15	9	17	16	1	14	5	9	24	23	1	28	14	14	19	15	4	18	16	2	30	23	7
NC_059187.1	8728142	8728143	*	17	17	0	14	13	1	18	18	0	16	16	0	16	16	0	15	14	1	15	14	1	15	14	1	15	14	1	20	19	1	15	13	2	22	20	2	16	14	2	15	13	2	22	22	0	25	24	1	21	21	0	20	19	1	25	25	0
NC_059187.1	8728168	8728169	*	18	17	1	14	14	0	21	18	3	17	16	1	15	15	0	20	17	3	20	18	2	16	14	2	19	18	1	21	19	2	13	13	0	31	27	4	15	15	0	14	11	3	24	20	4	24	21	3	22	21	1	25	21	4	28	26	2
NC_059187.1	8908019	8908020	*	18	16	2	22	13	9	14	11	3	11	5	6	13	12	1	20	13	7	14	9	5	29	23	6	15	11	4	18	14	4	18	10	8	16	11	5	17	15	2	21	16	5	25	14	11	24	14	10	16	12	4	15	10	5	25	21	4
NC_059187.1	8980183	8980184	*	16	15	1	30	29	1	17	9	8	13	0	13	19	10	9	23	1	22	17	5	12	16	14	2	17	15	2	18	18	0	16	4	12	23	9	14	23	3	20	19	15	4	29	23	6	24	1	23	31	1	30	19	9	10	27	13	14
NC_059187.1	8980377	8980378	*	20	20	0	22	21	1	16	15	1	12	12	0	12	11	1	17	15	2	15	14	1	17	17	0	15	15	0	17	16	1	11	11	0	24	23	1	10	9	1	16	16	0	29	25	4	14	13	1	18	18	0	13	12	1	26	25	1
NC_059187.1	8980508	8980509	*	17	16	1	25	23	2	24	22	2	18	18	0	19	19	0	17	17	0	13	13	0	20	18	2	18	18	0	16	16	0	22	21	1	29	27	2	21	19	2	24	23	1	35	33	2	30	29	1	26	25	1	18	16	2	27	26	1
NC_059187.1	8980527	8980528	*	19	16	3	18	17	1	20	18	2	16	16	0	18	18	0	19	19	0	13	13	0	21	21	0	18	17	1	16	16	0	23	22	1	29	27	2	22	21	1	25	25	0	36	34	2	30	30	0	26	24	2	18	18	0	25	23	2
NC_059187.1	8980538	8980539	*	17	16	1	16	15	1	22	10	12	17	0	17	19	9	10	20	0	20	12	7	5	22	9	13	16	16	0	17	17	0	22	0	22	27	16	11	21	0	21	25	10	15	35	0	35	34	1	33	26	0	26	20	0	20	23	8	15
NC_059187.1	9005844	9005845	*	15	14	1	15	14	1	12	12	0	10	10	0	12	10	2	15	13	2	10	9	1	11	10	1	20	16	4	11	10	1	13	13	0	20	20	0	16	14	2	16	15	1	26	26	0	13	13	0	13	13	0	10	9	1	21	20	1
NC_059187.1	9264078	9264079	*	18	7	11	22	0	22	13	0	13	22	1	21	20	0	20	25	1	24	13	5	8	11	0	11	14	0	14	26	10	16	37	0	37	38	0	38	22	0	22	24	0	24	45	1	44	27	0	27	22	0	22	16	0	16	34	0	34
NC_059187.1	9326175	9326176	*	12	9	3	15	15	0	20	12	8	12	7	5	12	9	3	23	16	7	15	12	3	13	13	0	26	18	8	21	18	3	28	24	4	27	22	5	19	18	1	26	22	4	21	19	2	12	11	1	19	19	0	19	17	2	20	17	3
NC_059187.1	9326199	9326200	*	14	12	2	15	15	0	20	19	1	13	10	3	12	12	0	19	15	4	16	15	1	13	12	1	23	20	3	21	19	2	26	22	4	31	30	1	17	17	0	23	21	2	21	20	1	14	14	0	17	16	1	19	19	0	21	19	2
NC_059187.1	9326270	9326271	*	10	3	7	12	6	6	13	7	6	12	5	7	12	3	9	15	4	11	13	6	7	10	6	4	19	14	5	15	15	0	13	7	6	22	6	16	12	5	7	21	0	21	16	1	15	12	3	9	12	1	11	14	0	14	12	6	6
NC_059187.1	9356306	9356307	*	11	3	8	29	2	27	22	0	22	15	0	15	11	0	11	21	0	21	18	0	18	14	4	10	13	0	13	22	0	22	11	0	11	25	0	25	14	0	14	17	1	16	16	0	16	24	0	24	12	0	12	17	0	17	23	1	22
NC_059187.1	9402157	9402158	*	13	13	0	11	11	0	15	15	0	22	22	0	18	16	2	20	20	0	15	15	0	10	10	0	15	14	1	18	18	0	11	11	0	26	25	1	18	17	1	13	13	0	18	17	1	17	16	1	12	12	0	11	10	1	22	22	0
NC_059187.1	9407829	9407830	*	21	20	1	32	31	1	20	14	6	26	25	1	16	14	2	25	23	2	10	4	6	13	13	0	15	15	0	21	20	1	18	17	1	22	16	6	31	30	1	17	17	0	34	34	0	29	25	4	20	19	1	24	23	1	29	26	3
NC_059187.1	9407869	9407870	*	17	17	0	32	31	1	19	19	0	24	23	1	15	14	1	29	27	2	10	10	0	12	12	0	16	16	0	24	24	0	19	18	1	24	24	0	32	29	3	17	17	0	36	35	1	32	29	3	23	23	0	20	18	2	25	25	0
NC_059187.1	9435802	9435803	*	17	17	0	16	13	3	18	8	10	18	15	3	26	24	2	24	21	3	18	14	4	12	9	3	17	16	1	18	17	1	21	18	3	17	16	1	14	13	1	13	11	2	22	14	8	10	10	0	17	17	0	14	13	1	26	9	17
NC_059187.1	9684711	9684712	*	13	13	0	16	14	2	16	15	1	14	11	3	17	16	1	19	19	0	14	13	1	12	11	1	14	14	0	16	13	3	14	13	1	29	26	3	21	19	2	19	19	0	30	28	2	22	18	4	14	13	1	23	21	2	32	28	4
NC_059187.1	9707810	9707811	*	14	13	1	23	22	1	20	19	1	18	18	0	24	23	1	15	14	1	15	12	3	12	10	2	11	11	0	22	20	2	14	12	2	21	21	0	12	11	1	13	12	1	25	24	1	28	28	0	25	25	0	19	19	0	26	26	0
NC_059187.1	9749097	9749098	*	19	19	0	23	22	1	15	15	0	12	12	0	16	16	0	26	23	3	17	16	1	12	11	1	16	15	1	15	15	0	29	26	3	22	10	12	24	24	0	18	17	1	18	18	0	19	15	4	29	29	0	16	5	11	28	27	1
NC_059187.1	9749106	9749107	*	17	16	1	20	19	1	17	17	0	13	11	2	16	16	0	26	24	2	18	18	0	11	11	0	15	15	0	14	13	1	29	28	1	21	10	11	22	20	2	19	16	3	18	17	1	19	15	4	28	28	0	16	6	10	28	27	1
NC_059187.1	9749112	9749113	*	17	17	0	20	19	1	19	19	0	14	14	0	17	17	0	29	24	5	18	18	0	12	12	0	15	15	0	15	15	0	29	28	1	21	9	12	22	22	0	19	16	3	19	19	0	19	16	3	30	28	2	17	7	10	29	29	0
NC_059187.1	9749145	9749146	*	16	15	1	15	15	0	21	21	0	14	13	1	16	15	1	27	26	1	17	16	1	14	14	0	16	15	1	21	19	2	30	28	2	24	11	13	18	16	2	17	14	3	21	19	2	17	13	4	24	24	0	15	6	9	29	28	1
NC_059187.1	9749163	9749164	*	17	17	0	18	16	2	23	22	1	14	13	1	17	16	1	29	25	4	20	17	3	14	14	0	16	15	1	22	17	5	29	28	1	24	10	14	18	17	1	18	13	5	25	24	1	19	15	4	26	25	1	14	5	9	29	24	5
NC_059187.1	9749183	9749184	*	18	16	2	19	18	1	23	19	4	16	9	7	14	14	0	27	22	5	23	20	3	12	10	2	18	15	3	19	12	7	26	23	3	25	7	18	16	13	3	20	13	7	27	22	5	18	10	8	26	20	6	14	5	9	33	18	15
NC_059187.1	9749196	9749197	*	19	15	4	22	19	3	22	16	6	14	7	7	14	12	2	28	20	8	21	15	6	12	11	1	21	19	2	18	11	7	27	23	4	26	8	18	15	13	2	20	11	9	29	23	6	21	12	9	25	22	3	14	4	10	35	23	12
NC_059187.1	9749223	9749224	*	17	5	12	20	5	15	21	11	10	13	2	11	14	3	11	28	6	22	23	6	17	12	10	2	19	9	10	19	7	12	25	16	9	29	4	25	15	6	9	18	5	13	30	14	16	21	4	17	26	7	19	13	2	11	38	8	30
NC_059187.1	9933663	9933664	*	14	4	10	21	20	1	12	12	0	14	12	2	13	13	0	19	18	1	18	17	1	15	12	3	11	11	0	10	10	0	16	16	0	20	18	2	25	23	2	17	16	1	18	16	2	15	13	2	13	11	2	14	13	1	19	19	0
NC_059187.1	9934927	9934928	*	17	16	1	22	21	1	16	15	1	24	22	2	18	18	0	20	18	2	13	13	0	19	18	1	11	10	1	20	20	0	18	18	0	18	18	0	17	16	1	12	12	0	17	15	2	22	21	1	14	13	1	10	10	0	23	22	1
NC_059187.1	10018728	10018729	*	12	5	7	12	5	7	17	17	0	14	12	2	10	0	10	14	8	6	10	6	4	16	12	4	11	11	0	24	11	13	23	23	0	25	13	12	11	0	11	10	5	5	18	17	1	24	17	7	15	4	11	13	5	8	22	0	22
NC_059187.1	10088776	10088777	*	10	8	2	17	16	1	10	10	0	14	13	1	16	16	0	15	15	0	12	12	0	13	13	0	12	11	1	10	9	1	19	19	0	12	10	2	12	11	1	14	13	1	14	13	1	15	13	2	10	10	0	21	21	0	22	21	1
NC_059187.1	10088793	10088794	*	12	12	0	20	19	1	10	10	0	14	14	0	17	17	0	16	16	0	14	14	0	13	13	0	12	11	1	10	10	0	20	19	1	14	14	0	12	11	1	17	16	1	18	17	1	13	13	0	11	11	0	21	20	1	23	22	1
NC_059187.1	10088844	10088845	*	16	15	1	22	20	2	18	17	1	19	19	0	19	18	1	17	16	1	12	11	1	13	12	1	15	14	1	12	11	1	21	21	0	17	16	1	16	15	1	18	17	1	17	14	3	17	16	1	18	18	0	22	22	0	28	28	0
NC_059187.1	10119088	10119089	*	12	6	6	16	16	0	14	13	1	12	12	0	10	10	0	24	24	0	17	16	1	19	12	7	23	23	0	12	12	0	13	13	0	19	17	2	26	26	0	14	13	1	26	25	1	24	23	1	17	16	1	15	15	0	23	20	3
NC_059187.1	10119143	10119144	*	14	14	0	17	17	0	21	21	0	16	15	1	13	13	0	29	29	0	16	16	0	15	14	1	23	21	2	11	11	0	13	13	0	21	21	0	26	25	1	18	18	0	25	25	0	30	30	0	17	17	0	17	16	1	20	19	1
NC_059187.1	10120996	10120997	*	24	11	13	18	1	17	12	12	0	17	0	17	13	7	6	27	0	27	17	7	10	15	7	8	12	3	9	13	3	10	25	9	16	32	12	20	17	17	0	16	8	8	23	9	14	15	13	2	23	22	1	20	19	1	21	8	13
NC_059187.1	10136428	10136429	*	14	14	0	25	24	1	10	10	0	13	11	2	11	9	2	22	21	1	10	8	2	16	15	1	15	13	2	28	27	1	25	20	5	26	17	9	17	16	1	15	13	2	33	30	3	14	12	2	12	12	0	18	18	0	19	19	0
NC_059187.1	10203162	10203163	*	23	8	15	20	10	10	12	0	12	11	5	6	10	0	10	18	9	9	18	0	18	16	1	15	16	5	11	20	1	19	11	3	8	23	5	18	15	5	10	15	8	7	20	5	15	17	5	12	17	5	12	13	5	8	28	10	18
NC_059187.1	10203274	10203275	*	17	15	2	11	10	1	15	14	1	17	16	1	10	10	0	16	14	2	13	13	0	16	16	0	15	13	2	14	14	0	10	8	2	12	9	3	18	18	0	16	14	2	26	20	6	13	11	2	17	15	2	12	9	3	22	22	0
NC_059187.1	10203324	10203325	*	15	11	4	16	12	4	17	13	4	15	11	4	13	10	3	14	12	2	12	9	3	14	7	7	14	12	2	12	10	2	12	9	3	17	11	6	19	18	1	14	7	7	29	21	8	13	10	3	10	6	4	13	7	6	20	15	5
NC_059187.1	10203344	10203345	*	14	10	4	19	12	7	17	15	2	15	12	3	14	10	4	12	10	2	12	9	3	14	10	4	17	12	5	11	10	1	11	8	3	17	12	5	21	19	2	13	10	3	29	24	5	14	10	4	15	10	5	13	10	3	22	16	6
NC_059187.1	10203368	10203369	*	18	14	4	23	11	12	17	9	8	15	10	5	13	10	3	13	8	5	13	7	6	11	7	4	19	12	7	13	12	1	12	8	4	18	9	9	20	12	8	13	7	6	30	23	7	15	11	4	17	14	3	14	11	3	21	14	7
NC_059187.1	10203398	10203399	*	19	16	3	24	24	0	17	16	1	18	15	3	14	12	2	13	13	0	18	15	3	14	10	4	19	16	3	14	14	0	13	11	2	20	19	1	17	14	3	18	16	2	36	33	3	18	16	2	21	17	4	15	14	1	18	18	0
NC_059187.1	10203423	10203424	*	21	21	0	24	22	2	19	18	1	19	18	1	14	14	0	13	11	2	17	15	2	14	11	3	16	16	0	16	15	1	11	11	0	24	24	0	14	13	1	22	21	1	36	33	3	19	17	2	17	17	0	16	14	2	23	21	2
NC_059187.1	10203481	10203482	*	22	17	5	25	13	12	21	16	5	20	13	7	14	10	4	12	7	5	17	11	6	15	10	5	14	10	4	15	10	5	12	11	1	25	19	6	13	10	3	25	18	7	34	21	13	24	19	5	20	20	0	14	7	7	21	16	5
NC_059187.1	10324362	10324363	*	13	12	1	14	14	0	14	12	2	11	11	0	16	16	0	11	11	0	12	11	1	12	12	0	13	12	1	11	11	0	25	25	0	15	13	2	10	10	0	15	15	0	26	23	3	11	11	0	16	13	3	16	15	1	12	11	1
NC_059187.1	10324520	10324521	*	17	16	1	27	12	15	18	11	7	16	16	0	18	1	17	22	16	6	17	11	6	17	15	2	15	1	14	25	13	12	27	12	15	27	16	11	17	10	7	21	1	20	28	1	27	18	18	0	28	13	15	17	7	10	26	12	14
NC_059187.1	10346157	10346158	*	12	4	8	12	10	2	13	13	0	22	22	0	11	11	0	18	16	2	19	16	3	16	13	3	11	8	3	11	11	0	11	6	5	15	12	3	13	9	4	11	10	1	21	18	3	12	9	3	27	22	5	19	8	11	18	16	2
NC_059187.1	10346215	10346216	*	18	10	8	17	10	7	13	5	8	25	17	8	14	8	6	23	15	8	16	10	6	17	5	12	11	9	2	14	5	9	15	8	7	18	7	11	15	11	4	16	10	6	25	18	7	13	8	5	27	12	15	26	1	25	15	9	6
NC_059188.1	93145	93146	*	23	22	1	23	19	4	14	4	10	17	3	14	18	11	7	14	7	7	20	0	20	18	15	3	10	0	10	24	0	24	15	0	15	23	20	3	22	0	22	17	0	17	25	10	15	17	0	17	27	13	14	28	9	19	28	13	15
NC_059188.1	187471	187472	*	15	12	3	17	15	2	10	8	2	11	11	0	10	10	0	11	11	0	15	15	0	15	15	0	16	16	0	13	12	1	11	11	0	13	13	0	26	24	2	17	17	0	13	12	1	22	20	2	15	14	1	14	13	1	31	29	2
NC_059188.1	213339	213340	*	17	17	0	21	19	2	16	15	1	19	18	1	24	19	5	24	21	3	23	14	9	13	12	1	18	15	3	27	24	3	24	20	4	20	17	3	10	8	2	28	27	1	13	3	10	16	11	5	10	9	1	12	10	2	18	13	5
NC_059188.1	213463	213464	*	13	12	1	23	19	4	22	21	1	17	14	3	19	16	3	19	16	3	26	21	5	12	10	2	15	13	2	23	23	0	14	14	0	17	16	1	10	9	1	24	23	1	15	12	3	14	12	2	18	16	2	17	11	6	21	19	2
NC_059188.1	490527	490528	*	24	24	0	24	22	2	14	13	1	20	18	2	26	24	2	18	18	0	14	13	1	11	11	0	10	5	5	14	7	7	13	13	0	14	13	1	23	22	1	17	8	9	23	14	9	27	26	1	18	18	0	12	8	4	28	26	2
NC_059188.1	490597	490598	*	19	18	1	25	21	4	15	15	0	22	19	3	22	20	2	20	18	2	13	10	3	14	14	0	13	12	1	16	16	0	19	18	1	19	18	1	28	25	3	23	20	3	32	11	21	30	27	3	23	23	0	16	15	1	32	27	5
NC_059188.1	514493	514494	*	18	7	11	24	0	24	13	3	10	16	12	4	20	19	1	26	20	6	16	13	3	16	8	8	18	16	2	14	11	3	19	15	4	24	0	24	19	8	11	24	14	10	25	23	2	22	10	12	22	18	4	15	7	8	19	19	0
NC_059188.1	555253	555254	*	23	23	0	20	18	2	14	6	8	12	8	4	16	14	2	19	17	2	17	16	1	14	14	0	10	0	10	28	27	1	18	17	1	17	17	0	22	22	0	17	16	1	17	5	12	26	14	12	24	22	2	23	8	15	31	29	2
NC_059188.1	679883	679884	*	13	10	3	17	10	7	12	9	3	13	10	3	18	13	5	10	8	2	11	11	0	13	12	1	11	7	4	19	9	10	13	10	3	19	17	2	11	10	1	11	8	3	29	20	9	20	14	6	16	13	3	16	11	5	17	11	6
NC_059188.1	699874	699875	*	23	20	3	28	27	1	25	24	1	15	15	0	17	16	1	17	16	1	14	14	0	13	13	0	19	19	0	25	22	3	14	11	3	20	20	0	21	20	1	19	17	2	24	23	1	15	14	1	22	22	0	15	14	1	28	26	2
NC_059188.1	699895	699896	*	26	25	1	30	30	0	27	24	3	17	16	1	19	18	1	18	18	0	16	15	1	15	14	1	23	22	1	27	26	1	17	16	1	20	20	0	23	22	1	21	19	2	28	27	1	19	18	1	24	24	0	16	15	1	32	30	2
NC_059188.1	699939	699940	*	28	27	1	28	27	1	26	26	0	17	16	1	20	20	0	23	22	1	13	12	1	16	16	0	23	23	0	30	29	1	12	11	1	18	17	1	26	25	1	22	22	0	35	32	3	21	20	1	23	22	1	19	17	2	37	34	3
NC_059188.1	701158	701159	*	18	18	0	26	23	3	18	16	2	13	12	1	19	19	0	22	21	1	15	13	2	13	11	2	26	24	2	19	17	2	25	25	0	21	21	0	18	16	2	24	24	0	30	29	1	20	20	0	23	23	0	15	14	1	27	24	3
NC_059188.1	701182	701183	*	15	15	0	24	24	0	22	21	1	12	12	0	19	19	0	22	20	2	16	15	1	11	10	1	27	25	2	19	16	3	27	25	2	21	20	1	23	21	2	23	23	0	32	29	3	24	21	3	22	20	2	17	14	3	26	25	1
NC_059188.1	701254	701255	*	15	14	1	22	18	4	21	20	1	11	11	0	18	18	0	15	14	1	12	11	1	10	10	0	24	24	0	19	18	1	21	19	2	18	11	7	19	18	1	19	19	0	26	26	0	25	24	1	21	21	0	15	14	1	21	20	1
NC_059188.1	802185	802186	*	17	14	3	24	22	2	15	13	2	13	12	1	14	14	0	20	19	1	15	13	2	11	9	2	12	10	2	16	15	1	12	10	2	27	26	1	18	16	2	15	15	0	25	25	0	20	18	2	15	13	2	16	16	0	30	29	1
NC_059188.1	802201	802202	*	14	13	1	20	18	2	14	14	0	11	11	0	14	12	2	21	20	1	16	15	1	11	10	1	12	11	1	15	13	2	12	10	2	27	24	3	18	16	2	16	14	2	26	26	0	22	21	1	14	13	1	17	14	3	29	27	2
NC_059188.1	804516	804517	*	26	20	6	22	20	2	19	17	2	18	13	5	23	14	9	15	11	4	10	9	1	13	12	1	15	13	2	13	13	0	20	16	4	30	29	1	27	25	2	25	25	0	22	16	6	16	11	5	23	22	1	16	13	3	34	31	3
NC_059188.1	813087	813088	*	18	17	1	13	12	1	12	11	1	11	11	0	11	10	1	12	10	2	13	12	1	18	17	1	15	15	0	17	17	0	19	16	3	23	23	0	22	21	1	19	19	0	28	25	3	12	12	0	16	13	3	21	18	3	24	22	2
NC_059188.1	813126	813127	*	19	18	1	14	13	1	12	9	3	12	12	0	10	10	0	14	12	2	14	10	4	17	16	1	16	16	0	21	20	1	20	16	4	24	23	1	20	20	0	20	18	2	29	27	2	16	15	1	19	17	2	21	21	0	25	22	3
NC_059188.1	813232	813233	*	24	22	2	16	15	1	11	11	0	17	14	3	15	12	3	16	13	3	18	14	4	18	13	5	20	16	4	28	27	1	24	17	7	30	26	4	22	19	3	21	19	2	28	21	7	21	16	5	25	21	4	21	19	2	25	22	3
NC_059188.1	813318	813319	*	22	21	1	14	13	1	12	12	0	14	14	0	16	15	1	12	12	0	14	14	0	17	16	1	17	15	2	21	21	0	11	11	0	30	29	1	13	11	2	25	25	0	23	23	0	27	25	2	22	22	0	23	23	0	21	20	1
NC_059188.1	820450	820451	*	19	19	0	19	17	2	15	15	0	14	13	1	17	17	0	17	15	2	18	18	0	12	12	0	14	13	1	24	22	2	19	17	2	24	24	0	17	17	0	20	19	1	21	20	1	18	18	0	27	26	1	16	14	2	25	23	2
NC_059188.1	912564	912565	*	25	22	3	22	20	2	19	18	1	16	15	1	15	14	1	20	18	2	15	12	3	22	22	0	17	14	3	27	23	4	19	19	0	28	24	4	25	21	4	20	16	4	27	25	2	32	27	5	14	12	2	19	17	2	25	22	3
NC_059188.1	912731	912732	*	15	14	1	27	24	3	15	15	0	16	14	2	14	14	0	12	12	0	14	14	0	14	13	1	18	16	2	18	17	1	18	18	0	22	22	0	20	19	1	18	16	2	27	23	4	19	16	3	14	13	1	17	14	3	25	25	0
NC_059188.1	912749	912750	*	17	17	0	24	24	0	16	16	0	18	18	0	14	13	1	14	14	0	16	15	1	11	9	2	17	16	1	19	19	0	19	19	0	21	21	0	21	19	2	23	22	1	28	26	2	18	18	0	14	12	2	17	16	1	26	26	0
NC_059188.1	918441	918442	*	17	15	2	17	16	1	14	6	8	16	15	1	11	11	0	28	23	5	13	11	2	10	0	10	13	4	9	14	6	8	13	11	2	28	10	18	20	20	0	19	9	10	33	31	2	27	13	14	11	11	0	17	0	17	19	10	9
NC_059188.1	918462	918463	*	19	18	1	17	16	1	14	6	8	21	21	0	13	13	0	34	34	0	19	18	1	11	5	6	12	7	5	19	13	6	15	12	3	31	10	21	23	23	0	21	21	0	36	36	0	28	11	17	18	18	0	20	9	11	25	25	0
NC_059188.1	918515	918516	*	23	22	1	21	20	1	19	18	1	25	23	2	19	18	1	35	31	4	20	19	1	15	13	2	11	11	0	26	24	2	23	20	3	39	10	29	25	25	0	21	20	1	34	33	1	26	25	1	27	23	4	23	21	2	38	36	2
NC_059188.1	918640	918641	*	16	15	1	15	15	0	18	18	0	22	20	2	15	12	3	18	17	1	16	14	2	13	11	2	10	9	1	24	24	0	13	13	0	21	20	1	11	11	0	17	15	2	20	19	1	24	22	2	24	23	1	21	20	1	29	27	2
NC_059188.1	926592	926593	*	12	11	1	22	19	3	11	9	2	12	10	2	14	13	1	14	13	1	15	14	1	17	14	3	16	14	2	18	15	3	18	17	1	22	20	2	13	9	4	21	19	2	10	8	2	16	12	4	18	16	2	12	11	1	22	21	1
NC_059188.1	928954	928955	*	21	18	3	28	9	19	21	16	5	16	13	3	22	6	16	23	12	11	24	19	5	28	20	8	14	6	8	31	13	18	16	11	5	43	23	20	31	26	5	23	14	9	32	19	13	29	15	14	27	12	15	20	0	20	34	23	11
NC_059188.1	990796	990797	*	23	17	6	29	18	11	15	15	0	13	8	5	18	10	8	27	18	9	11	6	5	16	11	5	14	11	3	17	11	6	21	18	3	26	20	6	13	12	1	24	10	14	25	19	6	26	13	13	16	12	4	25	11	14	34	21	13
NC_059188.1	990848	990849	*	22	20	2	19	18	1	15	13	2	11	10	1	15	13	2	25	22	3	12	12	0	13	11	2	10	9	1	12	12	0	19	15	4	24	21	3	11	10	1	23	16	7	26	23	3	25	20	5	15	13	2	24	22	2	26	26	0
NC_059188.1	1016705	1016706	*	30	13	17	22	12	10	17	17	0	24	10	14	17	17	0	27	9	18	11	4	7	12	12	0	14	13	1	15	15	0	26	25	1	20	18	2	24	24	0	14	14	0	19	12	7	23	12	11	16	10	6	17	17	0	27	25	2
NC_059188.1	1089797	1089798	*	15	14	1	19	18	1	17	17	0	13	13	0	18	17	1	18	17	1	15	15	0	13	13	0	16	15	1	11	11	0	17	15	2	22	22	0	12	10	2	17	17	0	34	32	2	20	20	0	19	18	1	20	20	0	28	26	2
NC_059188.1	1149099	1149100	*	14	13	1	18	18	0	15	14	1	11	11	0	20	18	2	14	14	0	10	10	0	12	12	0	11	10	1	16	15	1	12	10	2	17	17	0	12	12	0	12	11	1	20	17	3	15	13	2	17	16	1	16	15	1	32	30	2
NC_059188.1	1149163	1149164	*	13	11	2	23	22	1	11	9	2	14	13	1	19	16	3	15	15	0	10	10	0	12	10	2	12	11	1	20	20	0	16	15	1	21	20	1	18	18	0	13	11	2	22	21	1	24	23	1	20	20	0	18	16	2	28	27	1
NC_059188.1	1151420	1151421	*	20	20	0	20	20	0	32	31	1	18	16	2	20	20	0	12	11	1	15	13	2	10	10	0	15	14	1	26	25	1	13	12	1	35	35	0	11	11	0	17	17	0	27	25	2	24	23	1	17	16	1	17	14	3	28	27	1
NC_059188.1	1151439	1151440	*	23	22	1	17	17	0	30	29	1	15	14	1	22	22	0	12	11	1	15	12	3	10	9	1	18	17	1	22	22	0	11	10	1	33	32	1	11	9	2	16	16	0	28	27	1	22	21	1	19	18	1	18	16	2	26	25	1
NC_059188.1	1254216	1254217	*	19	19	0	19	17	2	13	12	1	19	18	1	19	18	1	22	20	2	15	14	1	15	14	1	15	15	0	18	17	1	23	22	1	24	22	2	10	10	0	16	15	1	20	20	0	30	26	4	16	14	2	14	13	1	28	27	1
NC_059188.1	1254265	1254266	*	15	14	1	19	16	3	15	15	0	19	18	1	19	17	2	16	16	0	14	14	0	11	11	0	20	19	1	22	20	2	22	21	1	24	23	1	14	12	2	15	13	2	19	18	1	27	26	1	14	14	0	16	16	0	30	30	0
NC_059188.1	1254286	1254287	*	12	11	1	22	20	2	14	14	0	20	20	0	17	16	1	15	15	0	14	12	2	10	9	1	20	18	2	21	21	0	20	19	1	24	24	0	16	16	0	16	14	2	20	19	1	30	30	0	15	15	0	16	16	0	32	28	4
NC_059188.1	1254403	1254404	*	12	12	0	17	17	0	10	10	0	23	21	2	16	16	0	16	15	1	13	13	0	18	17	1	17	16	1	15	14	1	28	26	2	16	15	1	15	15	0	15	15	0	21	19	2	21	20	1	15	15	0	10	8	2	30	25	5
NC_059188.1	1372132	1372133	*	17	17	0	22	22	0	11	11	0	19	19	0	26	24	2	13	13	0	11	10	1	22	22	0	16	15	1	17	17	0	22	22	0	34	33	1	24	24	0	15	15	0	26	25	1	21	20	1	11	11	0	24	23	1	30	29	1
NC_059188.1	1372141	1372142	*	17	16	1	22	22	0	11	11	0	21	19	2	24	23	1	13	13	0	10	10	0	22	22	0	15	14	1	17	17	0	20	20	0	33	30	3	25	25	0	15	13	2	24	23	1	19	19	0	11	9	2	23	22	1	29	28	1
NC_059188.1	1374544	1374545	*	20	19	1	11	11	0	15	15	0	10	10	0	14	14	0	18	18	0	11	11	0	17	17	0	10	8	2	11	11	0	12	11	1	25	24	1	13	13	0	11	6	5	19	18	1	21	21	0	10	8	2	12	10	2	24	22	2
NC_059188.1	1866852	1866853	*	29	13	16	27	8	19	20	0	20	19	0	19	18	0	18	23	0	23	18	10	8	25	0	25	18	4	14	16	0	16	22	17	5	29	11	18	23	5	18	24	5	19	34	14	20	25	7	18	22	0	22	20	0	20	26	3	23
NC_059188.1	1866883	1866884	*	30	14	16	28	7	21	21	0	21	16	0	16	17	0	17	19	0	19	20	13	7	23	0	23	17	5	12	14	0	14	17	9	8	25	12	13	20	4	16	24	5	19	31	11	20	29	9	20	24	0	24	20	0	20	27	0	27
NC_059188.1	1935094	1935095	*	22	9	13	19	13	6	25	8	17	17	9	8	11	5	6	19	10	9	12	8	4	23	14	9	19	6	13	31	9	22	16	0	16	19	3	16	20	9	11	14	3	11	14	8	6	14	3	11	23	12	11	17	9	8	20	5	15
NC_059188.1	1995701	1995702	*	16	15	1	13	13	0	14	14	0	11	11	0	12	11	1	21	21	0	13	12	1	16	14	2	19	18	1	21	20	1	11	10	1	24	23	1	14	13	1	18	17	1	22	21	1	19	18	1	19	18	1	14	12	2	28	28	0
NC_059188.1	2001738	2001739	*	18	18	0	24	24	0	24	24	0	20	20	0	10	9	1	23	20	3	15	15	0	17	17	0	17	17	0	10	10	0	17	17	0	24	24	0	20	19	1	10	10	0	19	19	0	29	29	0	22	22	0	18	17	1	26	24	2
NC_059188.1	2001816	2001817	*	16	15	1	17	16	1	20	15	5	14	13	1	10	10	0	22	18	4	13	10	3	12	11	1	18	16	2	11	11	0	18	16	2	16	15	1	10	10	0	10	9	1	11	11	0	17	15	2	22	19	3	11	11	0	19	18	1
NC_059188.1	2032991	2032992	*	21	10	11	23	17	6	16	10	6	16	10	6	22	19	3	23	17	6	11	11	0	17	16	1	13	9	4	28	24	4	23	14	9	28	25	3	18	16	2	22	21	1	36	33	3	17	9	8	28	26	2	15	8	7	30	28	2
NC_059188.1	2057226	2057227	*	15	15	0	13	13	0	13	13	0	16	16	0	16	16	0	12	11	1	24	23	1	16	16	0	16	16	0	12	12	0	11	11	0	10	10	0	11	11	0	13	13	0	26	26	0	11	11	0	13	13	0	16	15	1	21	20	1
NC_059188.1	2085815	2085816	*	10	10	0	11	11	0	14	13	1	12	12	0	10	10	0	14	14	0	12	12	0	10	9	1	13	12	1	12	12	0	12	11	1	21	19	2	19	16	3	12	12	0	13	13	0	16	15	1	12	12	0	18	18	0	26	23	3
NC_059188.1	2109843	2109844	*	15	14	1	19	18	1	20	19	1	22	21	1	17	17	0	18	15	3	15	14	1	12	12	0	14	13	1	20	20	0	22	21	1	24	21	3	15	13	2	17	17	0	28	26	2	21	21	0	15	14	1	16	16	0	24	23	1
NC_059188.1	2109883	2109884	*	19	19	0	19	17	2	25	23	2	22	22	0	17	17	0	18	17	1	16	16	0	15	15	0	15	13	2	22	21	1	25	25	0	25	23	2	17	14	3	19	18	1	23	21	2	22	22	0	14	13	1	17	15	2	31	30	1
NC_059188.1	2109915	2109916	*	20	19	1	17	17	0	25	25	0	17	17	0	17	16	1	21	21	0	15	15	0	14	14	0	13	13	0	24	22	2	24	24	0	25	25	0	15	15	0	17	17	0	21	20	1	21	21	0	17	16	1	16	15	1	26	24	2
NC_059188.1	2110088	2110089	*	21	21	0	18	18	0	17	14	3	12	12	0	13	11	2	15	12	3	15	14	1	18	8	10	16	16	0	19	19	0	26	23	3	29	28	1	21	18	3	14	14	0	20	19	1	28	27	1	21	19	2	15	6	9	25	25	0
NC_059188.1	2110097	2110098	*	21	20	1	21	19	2	16	14	2	12	12	0	12	12	0	14	13	1	13	12	1	18	10	8	15	15	0	19	19	0	26	25	1	29	28	1	20	17	3	14	14	0	20	20	0	28	26	2	19	18	1	17	7	10	22	22	0
NC_059188.1	2110136	2110137	*	20	20	0	29	24	5	13	12	1	12	12	0	15	14	1	13	13	0	11	11	0	19	17	2	13	13	0	18	18	0	21	20	1	23	23	0	23	19	4	14	14	0	18	18	0	25	22	3	16	16	0	17	9	8	22	22	0
NC_059188.1	2110178	2110179	*	20	20	0	24	23	1	10	10	0	12	11	1	16	16	0	14	13	1	15	15	0	17	17	0	16	16	0	17	16	1	11	11	0	19	19	0	16	14	2	16	15	1	17	16	1	19	18	1	15	15	0	13	12	1	17	13	4
NC_059188.1	2136838	2136839	*	26	23	3	38	35	3	25	24	1	20	19	1	21	19	2	18	17	1	28	28	0	28	27	1	19	19	0	26	26	0	34	30	4	33	31	2	26	25	1	20	20	0	36	32	4	24	23	1	26	23	3	22	21	1	35	35	0
NC_059188.1	2136849	2136850	*	29	27	2	39	36	3	26	25	1	19	19	0	23	22	1	18	18	0	28	28	0	33	30	3	19	18	1	23	23	0	33	32	1	33	32	1	26	24	2	21	21	0	36	33	3	23	21	2	26	24	2	21	19	2	36	35	1
NC_059188.1	2136937	2136938	*	24	23	1	39	34	5	24	21	3	12	8	4	22	19	3	19	19	0	20	19	1	26	23	3	22	17	5	28	27	1	31	25	6	37	33	4	32	27	5	17	13	4	34	30	4	21	19	2	31	27	4	24	23	1	36	33	3
NC_059188.1	2137003	2137004	*	24	23	1	23	21	2	21	21	0	10	8	2	17	17	0	17	16	1	15	12	3	24	23	1	20	19	1	20	20	0	21	19	2	26	25	1	29	26	3	19	19	0	31	29	2	20	19	1	27	26	1	15	14	1	29	29	0
NC_059188.1	2860937	2860938	*	34	14	20	37	10	27	32	6	26	25	5	20	21	15	6	25	11	14	37	7	30	12	4	8	23	1	22	28	20	8	21	20	1	10	2	8	19	3	16	39	24	15	40	16	24	29	13	16	39	28	11	23	10	13	32	8	24
NC_059188.1	2861008	2861009	*	37	7	30	40	0	40	40	0	40	35	0	35	20	0	20	25	2	23	38	1	37	14	4	10	24	2	22	30	7	23	22	2	20	12	2	10	29	1	28	47	0	47	46	0	46	34	7	27	53	1	52	33	2	31	39	0	39
NC_059188.1	2861038	2861039	*	31	5	26	31	0	31	37	0	37	30	0	30	18	0	18	18	0	18	32	0	32	12	3	9	15	0	15	25	4	21	19	2	17	11	0	11	26	0	26	39	0	39	39	1	38	30	5	25	46	1	45	27	0	27	33	1	32
NC_059188.1	3057184	3057185	*	20	19	1	15	14	1	21	19	2	17	15	2	14	13	1	23	21	2	17	17	0	25	24	1	14	12	2	22	22	0	15	15	0	28	26	2	12	11	1	17	16	1	26	25	1	24	22	2	14	14	0	19	16	3	15	14	1
NC_059188.1	3057262	3057263	*	17	17	0	16	13	3	13	12	1	14	13	1	12	12	0	20	17	3	14	11	3	19	19	0	10	10	0	22	22	0	13	11	2	23	22	1	10	9	1	11	11	0	21	18	3	15	14	1	12	12	0	16	10	6	15	15	0
NC_059188.1	3720602	3720603	*	20	19	1	20	20	0	19	18	1	14	13	1	18	17	1	18	17	1	18	16	2	12	11	1	12	12	0	27	27	0	13	13	0	14	14	0	10	10	0	20	19	1	26	26	0	13	12	1	31	30	1	16	16	0	27	26	1
NC_059188.1	3915102	3915103	*	25	24	1	25	25	0	12	12	0	18	15	3	18	18	0	20	20	0	17	17	0	15	12	3	22	20	2	22	21	1	11	10	1	26	23	3	15	13	2	18	17	1	29	27	2	18	18	0	22	22	0	18	17	1	24	23	1
NC_059188.1	3915116	3915117	*	24	22	2	22	21	1	11	11	0	19	17	2	18	18	0	19	19	0	15	15	0	14	13	1	23	22	1	23	23	0	12	9	3	28	26	2	14	13	1	17	17	0	27	26	1	19	18	1	19	19	0	17	17	0	23	22	1
NC_059188.1	4382273	4382274	*	22	9	13	38	16	22	22	10	12	15	3	12	15	7	8	19	7	12	18	11	7	14	0	14	15	1	14	25	0	25	11	11	0	17	12	5	16	14	2	22	15	7	31	1	30	25	10	15	27	23	4	11	0	11	25	12	13
NC_059188.1	4849996	4849997	*	26	6	20	34	0	34	15	0	15	34	0	34	14	0	14	20	0	20	30	0	30	13	0	13	16	0	16	14	0	14	39	0	39	31	1	30	15	4	11	26	0	26	77	0	77	39	0	39	12	0	12	15	0	15	102	0	102
NC_059188.1	8414027	8414028	*	17	15	2	27	17	10	24	19	5	15	12	3	15	14	1	26	24	2	18	11	7	18	16	2	14	10	4	13	10	3	13	8	5	17	13	4	12	8	4	17	13	4	17	14	3	24	19	5	13	13	0	13	10	3	18	15	3
NC_059188.1	8414071	8414072	*	15	10	5	29	26	3	24	22	2	12	10	2	20	19	1	23	22	1	15	11	4	20	18	2	11	8	3	16	14	2	13	11	2	14	13	1	16	12	4	16	12	4	16	15	1	22	16	6	14	13	1	16	13	3	21	18	3
NC_059188.1	8414093	8414094	*	13	13	0	28	25	3	23	22	1	12	10	2	19	13	6	22	20	2	18	17	1	22	22	0	11	10	1	17	16	1	12	11	1	21	21	0	15	14	1	17	16	1	15	15	0	19	19	0	13	13	0	16	16	0	22	20	2
NC_059188.1	8513935	8513936	*	10	10	0	21	19	2	16	15	1	13	13	0	10	10	0	17	15	2	13	13	0	14	13	1	11	10	1	16	14	2	11	11	0	14	14	0	16	14	2	11	11	0	15	15	0	19	19	0	18	18	0	17	16	1	20	18	2
NC_059188.1	8975368	8975369	*	39	6	33	48	10	38	28	1	27	35	5	30	34	0	34	17	3	14	11	0	11	22	6	16	21	0	21	35	1	34	19	0	19	39	0	39	15	0	15	43	0	43	18	3	15	25	0	25	29	0	29	31	0	31	30	6	24
NC_059188.1	9792497	9792498	*	21	19	2	20	17	3	11	8	3	17	17	0	12	12	0	18	18	0	16	10	6	14	12	2	11	10	1	14	13	1	11	11	0	24	24	0	21	18	3	26	26	0	22	21	1	31	13	18	19	18	1	21	21	0	26	25	1
NC_059188.1	9792520	9792521	*	19	18	1	20	16	4	12	7	5	17	16	1	12	12	0	20	18	2	15	8	7	14	13	1	13	11	2	15	14	1	10	8	2	23	23	0	19	17	2	27	27	0	24	22	2	30	15	15	19	18	1	26	24	2	26	24	2
NC_059188.1	9988033	9988034	*	18	11	7	26	12	14	15	15	0	20	19	1	11	11	0	19	19	0	13	12	1	13	11	2	15	14	1	22	22	0	12	10	2	18	18	0	22	22	0	12	4	8	22	11	11	29	29	0	20	19	1	21	8	13	16	16	0
NC_059188.1	9988054	9988055	*	19	11	8	30	15	15	17	16	1	19	19	0	11	11	0	19	19	0	13	13	0	15	15	0	16	16	0	25	24	1	15	14	1	22	21	1	23	22	1	13	4	9	24	15	9	30	29	1	20	20	0	22	9	13	19	19	0
NC_059188.1	9988066	9988067	*	20	12	8	30	16	14	18	17	1	17	17	0	11	11	0	19	18	1	15	15	0	14	14	0	15	15	0	24	24	0	15	14	1	21	20	1	23	23	0	13	6	7	22	18	4	27	25	2	19	17	2	24	10	14	19	19	0
NC_059188.1	9988102	9988103	*	19	16	3	29	27	2	22	21	1	18	17	1	12	12	0	20	20	0	16	9	7	15	15	0	14	14	0	20	18	2	12	11	1	26	26	0	23	22	1	11	11	0	22	21	1	23	21	2	20	19	1	22	8	14	19	18	1
NC_059188.1	9999174	9999175	*	22	16	6	19	14	5	13	11	2	10	5	5	13	5	8	22	13	9	17	12	5	25	19	6	20	15	5	25	17	8	24	17	7	30	20	10	15	11	4	20	11	9	37	24	13	15	7	8	18	13	5	20	15	5	25	19	6
NC_059188.1	9999177	9999178	*	22	15	7	19	12	7	13	11	2	10	4	6	13	6	7	22	11	11	16	11	5	25	18	7	20	13	7	25	16	9	24	15	9	31	20	11	15	11	4	19	9	10	38	23	15	15	9	6	18	15	3	21	15	6	25	17	8
NC_059188.1	10079945	10079946	*	15	13	2	10	9	1	18	17	1	15	15	0	12	11	1	13	11	2	19	18	1	19	17	2	11	11	0	21	18	3	10	10	0	26	23	3	15	12	3	13	12	1	22	21	1	22	19	3	13	11	2	10	9	1	24	23	1
NC_059188.1	10163504	10163505	*	14	14	0	12	12	0	15	15	0	16	15	1	18	18	0	25	25	0	10	9	1	15	14	1	21	19	2	15	8	7	14	12	2	18	18	0	16	14	2	12	12	0	16	16	0	17	17	0	11	11	0	10	10	0	10	8	2
NC_059188.1	10210564	10210565	*	17	17	0	26	25	1	11	11	0	15	15	0	18	18	0	16	16	0	11	10	1	13	12	1	11	9	2	15	14	1	10	9	1	13	12	1	15	14	1	16	14	2	15	14	1	16	15	1	15	15	0	20	16	4	26	26	0
NC_059188.1	10210603	10210604	*	19	19	0	29	28	1	16	16	0	13	12	1	15	15	0	17	16	1	10	5	5	16	14	2	10	9	1	13	13	0	15	14	1	17	17	0	22	20	2	12	12	0	18	16	2	17	16	1	19	18	1	21	19	2	28	28	0
NC_059188.1	10293052	10293053	*	15	12	3	23	12	11	17	4	13	24	10	14	23	7	16	19	13	6	17	6	11	23	15	8	11	7	4	22	13	9	19	6	13	25	13	12	23	9	14	20	14	6	33	5	28	20	8	12	19	8	11	10	6	4	26	14	12
NC_059188.1	10339392	10339393	*	17	15	2	22	18	4	14	11	3	15	14	1	17	16	1	20	15	5	16	12	4	15	13	2	13	9	4	16	11	5	17	12	5	18	15	3	19	18	1	16	11	5	19	15	4	11	7	4	19	17	2	17	13	4	19	8	11
NC_059188.1	10369373	10369374	*	21	14	7	22	16	6	18	12	6	19	9	10	15	13	2	18	14	4	19	16	3	11	8	3	15	12	3	21	14	7	24	14	10	26	24	2	13	8	5	20	12	8	30	21	9	24	20	4	24	17	7	14	10	4	18	12	6
NC_059188.1	10369401	10369402	*	25	23	2	21	21	0	17	16	1	26	23	3	14	13	1	17	16	1	20	17	3	12	11	1	16	15	1	20	19	1	30	29	1	28	28	0	14	13	1	20	20	0	26	23	3	24	23	1	28	26	2	17	17	0	20	9	11
NC_059188.1	10421531	10421532	*	20	15	5	13	12	1	16	13	3	11	6	5	11	10	1	12	9	3	13	12	1	11	7	4	18	17	1	15	14	1	11	10	1	18	14	4	13	12	1	13	9	4	19	15	4	29	24	5	11	10	1	17	14	3	20	17	3
NC_059188.1	10424721	10424722	*	18	8	10	17	0	17	11	1	10	18	0	18	18	9	9	14	4	10	17	0	17	13	8	5	16	7	9	25	0	25	14	0	14	21	20	1	18	10	8	14	6	8	18	0	18	17	1	16	14	7	7	11	0	11	26	0	26
NC_059188.1	10430801	10430802	*	14	8	6	21	8	13	18	3	15	14	14	0	14	8	6	16	16	0	11	2	9	12	11	1	20	17	3	17	16	1	19	14	5	17	16	1	12	11	1	17	5	12	26	1	25	20	10	10	16	8	8	14	0	14	23	4	19
NC_059188.1	10561588	10561589	*	19	18	1	16	16	0	14	14	0	11	11	0	13	13	0	23	23	0	13	13	0	16	14	2	10	10	0	21	21	0	26	25	1	32	30	2	25	23	2	22	21	1	19	18	1	21	21	0	24	22	2	18	18	0	26	24	2
NC_059188.1	10625412	10625413	*	16	5	11	15	15	0	14	14	0	14	4	10	10	0	10	23	22	1	16	8	8	13	7	6	17	17	0	18	15	3	13	1	12	17	5	12	14	12	2	11	2	9	26	25	1	10	3	7	15	13	2	13	11	2	19	11	8
NC_059188.1	10862429	10862430	*	15	13	2	24	20	4	13	12	1	18	18	0	25	21	4	21	20	1	19	19	0	13	10	3	10	9	1	26	25	1	18	17	1	27	26	1	10	6	4	15	13	2	31	29	2	18	17	1	16	12	4	19	19	0	21	20	1
NC_059188.1	10862477	10862478	*	20	17	3	32	29	3	17	10	7	22	20	2	35	12	23	25	23	2	23	22	1	16	15	1	14	9	5	31	29	2	21	21	0	35	33	2	13	9	4	18	16	2	39	34	5	22	21	1	19	12	7	19	16	3	25	23	2
NC_059188.1	10862561	10862562	*	23	13	10	31	1	30	15	8	7	21	20	1	28	7	21	19	12	7	18	11	7	17	8	9	11	11	0	21	21	0	13	13	0	32	7	25	14	8	6	15	1	14	34	9	25	18	3	15	17	1	16	21	9	12	31	19	12
NC_059188.1	11037011	11037012	*	16	13	3	16	8	8	11	8	3	10	9	1	10	9	1	18	14	4	13	6	7	10	8	2	11	9	2	16	15	1	13	12	1	19	17	2	11	9	2	11	8	3	14	9	5	11	8	3	14	13	1	11	9	2	14	5	9
NC_059188.1	11037017	11037018	*	17	15	2	16	11	5	11	8	3	10	9	1	10	9	1	18	15	3	15	9	6	10	7	3	11	8	3	14	12	2	13	11	2	19	18	1	11	9	2	10	9	1	15	8	7	10	9	1	14	14	0	11	10	1	14	8	6
NC_059188.1	11040923	11040924	*	16	16	0	22	20	2	20	17	3	16	15	1	13	13	0	17	16	1	21	20	1	18	18	0	10	9	1	24	21	3	19	19	0	16	15	1	23	22	1	14	14	0	17	16	1	18	18	0	23	22	1	12	11	1	24	22	2
NC_059188.1	11041006	11041007	*	21	17	4	25	18	7	24	16	8	17	12	5	19	10	9	24	14	10	25	12	13	20	16	4	12	9	3	22	12	10	25	20	5	24	12	12	36	29	7	18	11	7	33	22	11	17	9	8	23	17	6	22	13	9	34	19	15
NC_059188.1	11041108	11041109	*	19	19	0	28	28	0	20	19	1	13	13	0	13	9	4	21	20	1	17	17	0	16	15	1	11	11	0	18	17	1	21	20	1	24	23	1	34	32	2	14	14	0	27	27	0	11	11	0	18	18	0	24	23	1	30	29	1
NC_059188.1	11041112	11041113	*	19	19	0	28	28	0	19	19	0	13	13	0	13	12	1	21	20	1	16	16	0	16	15	1	11	11	0	18	18	0	21	20	1	23	22	1	34	34	0	12	12	0	27	27	0	11	11	0	18	18	0	25	23	2	32	31	1
NC_059188.1	11066299	11066300	*	12	7	5	18	16	2	16	15	1	13	13	0	17	17	0	26	24	2	16	16	0	18	9	9	16	13	3	21	21	0	22	20	2	21	21	0	17	15	2	15	14	1	19	19	0	28	14	14	12	12	0	21	11	10	21	21	0
NC_059188.1	11066336	11066337	*	15	13	2	19	15	4	19	18	1	17	13	4	18	17	1	23	22	1	15	14	1	18	17	1	16	13	3	20	18	2	25	21	4	21	17	4	21	15	6	16	16	0	23	21	2	29	27	2	14	14	0	18	13	5	23	22	1
NC_059188.1	11066356	11066357	*	17	16	1	18	18	0	18	17	1	23	21	2	17	17	0	21	19	2	13	12	1	14	13	1	16	14	2	20	20	0	24	20	4	21	19	2	20	17	3	18	18	0	19	18	1	28	27	1	16	16	0	17	13	4	24	24	0
NC_059188.1	11081057	11081058	*	26	20	6	31	24	7	24	11	13	16	14	2	22	15	7	27	15	12	16	14	2	41	24	17	20	14	6	23	16	7	20	10	10	35	23	12	25	17	8	25	21	4	31	19	12	35	20	15	24	18	6	18	15	3	37	27	10
NC_059188.1	11081120	11081121	*	24	19	5	33	24	9	26	14	12	16	8	8	25	14	11	25	12	13	22	16	6	42	25	17	24	16	8	25	11	14	17	10	7	36	23	13	28	19	9	28	18	10	33	22	11	39	23	16	25	18	7	18	11	7	41	25	16
NC_059188.1	11107197	11107198	*	19	18	1	20	15	5	19	18	1	16	16	0	12	10	2	10	10	0	15	15	0	20	18	2	25	22	3	14	14	0	19	16	3	25	25	0	23	20	3	25	24	1	28	27	1	20	19	1	19	17	2	23	22	1	28	24	4
NC_059188.1	11107323	11107324	*	20	20	0	23	20	3	20	17	3	12	12	0	10	10	0	17	13	4	16	16	0	16	15	1	22	18	4	17	14	3	17	15	2	28	28	0	28	26	2	16	14	2	27	26	1	21	21	0	12	12	0	22	18	4	19	18	1
NC_059188.1	11319587	11319588	*	21	21	0	25	22	3	18	14	4	25	24	1	23	23	0	16	15	1	12	12	0	13	13	0	17	17	0	19	18	1	12	12	0	23	22	1	16	16	0	10	10	0	27	27	0	18	17	1	11	11	0	18	18	0	24	23	1
NC_059188.1	11319753	11319754	*	24	24	0	26	25	1	12	11	1	18	18	0	21	20	1	12	11	1	15	15	0	18	16	2	15	14	1	18	18	0	14	13	1	21	21	0	21	20	1	16	14	2	17	17	0	22	20	2	11	11	0	15	15	0	22	20	2
NC_059188.1	11416573	11416574	*	22	22	0	24	22	2	12	12	0	12	12	0	10	10	0	24	23	1	14	12	2	19	19	0	15	14	1	24	24	0	22	20	2	25	25	0	21	21	0	28	28	0	21	20	1	31	31	0	24	24	0	16	15	1	15	15	0
NC_059188.1	11576226	11576227	*	30	6	24	11	0	11	21	0	21	26	0	26	10	3	7	22	0	22	19	0	19	15	0	15	10	0	10	15	6	9	24	10	14	43	0	43	17	5	12	17	0	17	24	0	24	16	1	15	19	0	19	15	5	10	28	0	28
NC_059188.1	11709341	11709342	*	21	19	2	27	25	2	22	21	1	22	22	0	17	17	0	18	18	0	17	16	1	15	15	0	12	12	0	16	15	1	20	19	1	26	24	2	26	23	3	22	20	2	33	29	4	16	16	0	20	17	3	22	19	3	25	25	0
NC_059188.1	11709452	11709453	*	18	18	0	20	20	0	18	17	1	12	10	2	18	18	0	17	15	2	11	10	1	16	15	1	13	13	0	17	16	1	21	21	0	24	23	1	28	27	1	19	17	2	27	26	1	10	8	2	22	20	2	18	17	1	19	17	2
NC_059188.1	11737601	11737602	*	26	26	0	26	26	0	16	15	1	17	17	0	23	22	1	27	27	0	17	15	2	16	15	1	13	13	0	14	13	1	25	23	2	30	29	1	19	10	9	15	14	1	23	21	2	12	10	2	23	23	0	24	24	0	28	26	2
NC_059188.1	11737663	11737664	*	15	15	0	20	19	1	15	14	1	13	11	2	16	14	2	20	17	3	11	10	1	14	12	2	11	11	0	13	13	0	20	19	1	27	27	0	15	15	0	13	12	1	23	21	2	12	11	1	18	16	2	18	17	1	18	18	0
NC_059188.1	11737694	11737695	*	14	13	1	13	13	0	18	17	1	13	11	2	15	15	0	16	15	1	10	9	1	12	10	2	11	11	0	15	14	1	16	16	0	25	25	0	15	15	0	13	13	0	20	17	3	14	11	3	18	17	1	16	14	2	18	17	1
NC_059188.1	11737967	11737968	*	14	13	1	27	26	1	17	17	0	18	17	1	13	13	0	15	15	0	21	21	0	15	12	3	17	14	3	24	23	1	27	27	0	16	15	1	14	12	2	17	16	1	26	26	0	20	17	3	18	18	0	19	17	2	32	31	1
NC_059188.1	11737993	11737994	*	16	16	0	31	29	2	17	16	1	16	14	2	16	16	0	15	15	0	19	19	0	15	14	1	15	7	8	25	25	0	31	27	4	17	15	2	17	15	2	17	16	1	30	27	3	23	22	1	20	19	1	17	17	0	35	35	0
NC_059188.1	11738057	11738058	*	20	20	0	32	30	2	22	20	2	14	13	1	24	24	0	17	17	0	20	19	1	14	14	0	14	12	2	23	22	1	29	26	3	23	22	1	19	16	3	19	7	12	32	32	0	35	35	0	22	21	1	26	24	2	35	34	1
NC_059188.1	11771328	11771329	*	20	15	5	15	10	5	21	10	11	19	9	10	21	13	8	17	8	9	17	11	6	16	9	7	10	8	2	17	11	6	17	9	8	30	22	8	18	11	7	22	11	11	21	10	11	20	10	10	20	12	8	17	10	7	23	14	9
NC_059188.1	11793229	11793230	*	18	10	8	15	6	9	16	1	15	15	6	9	13	7	6	23	18	5	18	13	5	15	4	11	13	4	9	29	0	29	15	6	9	23	21	2	17	0	17	23	10	13	21	10	11	23	0	23	14	0	14	14	4	10	25	1	24
NC_059188.1	11793243	11793244	*	20	13	7	15	5	10	13	0	13	15	5	10	13	8	5	22	16	6	17	12	5	15	4	11	13	2	11	29	1	28	15	5	10	22	19	3	16	0	16	23	9	14	20	11	9	24	0	24	14	0	14	15	6	9	25	0	25
NC_059188.1	11810020	11810021	*	23	23	0	21	18	3	12	3	9	14	14	0	14	14	0	21	18	3	19	18	1	12	12	0	13	12	1	19	18	1	16	15	1	23	15	8	10	9	1	15	14	1	15	14	1	13	13	0	20	20	0	20	20	0	19	17	2
NC_059188.1	11926310	11926311	*	26	19	7	22	19	3	12	10	2	11	8	3	15	12	3	23	22	1	16	12	4	11	11	0	12	8	4	18	16	2	13	10	3	26	22	4	19	17	2	21	17	4	30	24	6	22	19	3	15	13	2	20	15	5	27	27	0
NC_059188.1	11926439	11926440	*	27	26	1	16	14	2	17	17	0	17	16	1	17	16	1	10	10	0	24	21	3	11	11	0	14	14	0	23	23	0	13	12	1	34	31	3	22	22	0	21	19	2	31	31	0	21	18	3	18	15	3	19	17	2	35	29	6
NC_059188.1	11926476	11926477	*	20	7	13	14	12	2	23	12	11	18	12	6	14	5	9	10	7	3	23	19	4	13	6	7	14	13	1	19	14	5	15	4	11	33	32	1	21	20	1	23	13	10	26	20	6	20	16	4	14	7	7	20	19	1	31	13	18
NC_059188.1	11964783	11964784	*	36	14	22	15	0	15	12	0	12	24	0	24	16	8	8	25	0	25	13	0	13	18	0	18	12	0	12	28	23	5	24	11	13	21	0	21	32	19	13	10	0	10	22	0	22	27	11	16	25	11	14	20	0	20	35	0	35
NC_059188.1	11964889	11964890	*	33	30	3	17	16	1	13	13	0	27	25	2	23	22	1	30	28	2	17	17	0	15	15	0	20	20	0	25	23	2	23	20	3	30	28	2	32	31	1	13	13	0	29	27	2	28	28	0	24	22	2	14	8	6	40	37	3
NC_059188.1	11965045	11965046	*	14	12	2	15	15	0	20	19	1	15	15	0	13	13	0	27	26	1	14	13	1	12	12	0	21	20	1	18	17	1	14	13	1	23	23	0	11	10	1	12	12	0	20	19	1	19	18	1	14	13	1	11	9	2	19	17	2
NC_059188.1	11981919	11981920	*	17	15	2	21	20	1	15	15	0	14	13	1	10	9	1	21	19	2	16	14	2	13	12	1	18	16	2	22	21	1	17	15	2	27	25	2	17	17	0	25	20	5	21	20	1	14	11	3	15	14	1	13	10	3	33	31	2
NC_059188.1	11981988	11981989	*	22	21	1	14	14	0	12	11	1	14	13	1	13	13	0	19	18	1	16	14	2	17	14	3	13	11	2	18	18	0	12	12	0	21	20	1	11	11	0	20	19	1	26	24	2	15	15	0	10	10	0	14	12	2	28	27	1
NC_059188.1	12010542	12010543	*	20	20	0	19	18	1	17	16	1	14	12	2	14	14	0	14	12	2	19	17	2	21	20	1	13	13	0	23	22	1	16	16	0	26	26	0	19	17	2	14	13	1	22	22	0	16	15	1	22	20	2	20	20	0	26	22	4
NC_059188.1	12010577	12010578	*	17	16	1	17	15	2	18	18	0	15	12	3	13	13	0	13	11	2	19	19	0	18	18	0	10	10	0	18	16	2	12	12	0	20	19	1	18	17	1	14	12	2	22	21	1	15	14	1	19	17	2	12	12	0	24	21	3
NC_059188.1	12045489	12045490	*	14	4	10	10	9	1	16	16	0	18	16	2	19	18	1	14	8	6	16	14	2	24	14	10	15	13	2	15	5	10	10	10	0	17	17	0	13	13	0	10	10	0	24	15	9	28	25	3	19	6	13	18	8	10	22	9	13
NC_059188.1	12046032	12046033	*	20	20	0	20	19	1	16	15	1	14	14	0	11	11	0	19	16	3	12	12	0	11	11	0	13	13	0	19	18	1	10	9	1	21	20	1	17	17	0	15	12	3	24	21	3	23	23	0	14	13	1	19	19	0	17	16	1
NC_059188.1	12098271	12098272	*	27	26	1	20	19	1	20	20	0	16	15	1	17	17	0	20	20	0	22	19	3	16	14	2	10	7	3	31	31	0	18	18	0	27	27	0	14	12	2	26	26	0	25	24	1	11	9	2	23	23	0	12	10	2	17	16	1
NC_059188.1	12099445	12099446	*	12	9	3	24	16	8	21	10	11	15	15	0	13	12	1	14	11	3	13	10	3	12	12	0	15	9	6	12	11	1	10	10	0	26	14	12	19	19	0	20	11	9	28	19	9	18	16	2	13	13	0	20	9	11	18	16	2
NC_059188.1	12112268	12112269	*	18	16	2	26	15	11	13	6	7	21	4	17	23	13	10	22	10	12	11	8	3	10	0	10	19	13	6	19	7	12	16	8	8	19	0	19	11	0	11	21	0	21	22	10	12	19	0	19	23	0	23	13	0	13	28	0	28
NC_059188.1	12112304	12112305	*	10	9	1	24	13	11	15	8	7	20	6	14	19	10	9	22	8	14	10	9	1	11	0	11	16	11	5	24	9	15	15	6	9	21	8	13	10	0	10	22	0	22	27	11	16	22	0	22	25	0	25	10	0	10	26	0	26
NC_059188.1	12112553	12112554	*	12	12	0	12	12	0	15	15	0	18	7	11	10	7	3	15	15	0	21	20	1	18	13	5	13	13	0	16	16	0	18	2	16	20	12	8	18	0	18	21	19	2	27	26	1	21	0	21	31	28	3	10	3	7	31	17	14
NC_059188.1	12127514	12127515	*	13	12	1	17	16	1	14	14	0	10	9	1	17	17	0	18	18	0	18	15	3	17	17	0	17	17	0	15	14	1	14	13	1	20	19	1	11	11	0	16	16	0	19	19	0	26	26	0	12	12	0	20	19	1	17	17	0
NC_059188.1	12127644	12127645	*	20	19	1	23	21	2	19	17	2	19	17	2	23	22	1	24	22	2	30	29	1	20	19	1	19	16	3	25	25	0	23	20	3	36	35	1	18	18	0	23	21	2	26	25	1	23	23	0	25	23	2	28	12	16	20	19	1
NC_059188.1	12127676	12127677	*	19	19	0	28	28	0	19	19	0	22	22	0	21	21	0	24	23	1	33	33	0	19	18	1	16	14	2	24	22	2	22	13	9	40	18	22	17	15	2	24	21	3	31	31	0	22	22	0	25	25	0	28	13	15	23	22	1
NC_059188.1	12148554	12148555	*	20	18	2	23	22	1	16	16	0	23	13	10	15	15	0	27	25	2	15	14	1	16	16	0	17	15	2	22	22	0	21	19	2	22	18	4	19	19	0	18	17	1	20	19	1	17	17	0	26	26	0	19	19	0	28	26	2
NC_059188.1	12148635	12148636	*	18	15	3	20	17	3	16	14	2	22	22	0	13	11	2	23	21	2	18	14	4	18	17	1	16	12	4	23	20	3	20	18	2	26	21	5	22	18	4	21	19	2	21	21	0	21	20	1	24	24	0	19	16	3	28	24	4
NC_059188.1	12148649	12148650	*	16	15	1	20	17	3	18	14	4	23	18	5	13	12	1	20	15	5	16	14	2	18	17	1	16	12	4	23	19	4	19	14	5	26	20	6	22	16	6	20	19	1	18	14	4	22	18	4	20	19	1	18	12	6	26	17	9
NC_059188.1	12148709	12148710	*	13	13	0	21	20	1	16	16	0	20	19	1	13	11	2	17	16	1	14	14	0	12	12	0	18	18	0	19	18	1	15	13	2	24	24	0	16	15	1	19	19	0	22	21	1	24	24	0	18	17	1	17	17	0	24	24	0
NC_059188.1	12204164	12204165	*	15	6	9	20	0	20	10	0	10	10	3	7	22	1	21	17	0	17	13	0	13	14	0	14	17	0	17	13	0	13	13	0	13	29	0	29	15	0	15	16	1	15	20	6	14	22	0	22	28	0	28	21	0	21	22	0	22
NC_059188.1	12210017	12210018	*	19	17	2	20	20	0	20	19	1	19	16	3	13	13	0	20	20	0	14	14	0	12	10	2	10	10	0	32	30	2	18	16	2	21	20	1	23	20	3	22	22	0	26	24	2	25	24	1	29	28	1	14	14	0	27	26	1
NC_059188.1	12210061	12210062	*	18	17	1	19	17	2	18	18	0	12	12	0	14	14	0	17	15	2	15	15	0	11	10	1	10	10	0	28	26	2	14	14	0	22	21	1	16	15	1	16	16	0	23	23	0	23	21	2	26	23	3	11	10	1	29	29	0
NC_059188.1	12217624	12217625	*	16	16	0	19	19	0	14	13	1	13	13	0	16	16	0	10	8	2	25	25	0	16	16	0	11	10	1	15	15	0	18	8	10	24	24	0	16	15	1	15	15	0	16	15	1	21	9	12	15	15	0	16	15	1	24	21	3
NC_059188.1	12293410	12293411	*	22	21	1	16	16	0	17	16	1	10	6	4	11	8	3	16	14	2	19	17	2	14	14	0	12	10	2	17	17	0	10	9	1	21	20	1	15	12	3	18	13	5	12	11	1	14	14	0	21	18	3	20	18	2	20	16	4
NC_059188.1	12299897	12299898	*	25	19	6	27	0	27	11	0	11	19	0	19	27	0	27	15	0	15	17	0	17	12	0	12	24	0	24	20	7	13	16	0	16	34	0	34	23	0	23	21	0	21	27	0	27	33	1	32	27	0	27	19	0	19	37	0	37
NC_059188.1	12299906	12299907	*	27	19	8	27	0	27	10	0	10	19	0	19	33	0	33	14	0	14	17	0	17	14	1	13	24	0	24	21	8	13	19	0	19	35	1	34	22	0	22	20	0	20	27	0	27	33	0	33	28	0	28	19	0	19	37	0	37
NC_059188.1	12378741	12378742	*	15	15	0	16	13	3	11	11	0	20	19	1	18	17	1	15	12	3	11	10	1	11	11	0	10	10	0	14	13	1	15	13	2	13	13	0	10	9	1	26	24	2	22	20	2	20	19	1	10	10	0	21	21	0	11	11	0
NC_059188.1	12378874	12378875	*	19	19	0	26	25	1	12	12	0	15	13	2	22	21	1	27	25	2	16	13	3	18	15	3	13	11	2	19	18	1	21	20	1	19	19	0	18	17	1	14	13	1	29	29	0	25	24	1	16	16	0	20	20	0	19	18	1
NC_059188.1	12378888	12378889	*	18	15	3	24	24	0	13	12	1	14	12	2	22	20	2	27	26	1	16	13	3	17	17	0	14	14	0	18	17	1	21	20	1	20	20	0	17	17	0	14	12	2	30	29	1	27	25	2	17	17	0	19	18	1	20	20	0
NC_059188.1	12378908	12378909	*	16	15	1	24	22	2	14	13	1	16	15	1	20	20	0	25	25	0	18	14	4	14	14	0	14	14	0	22	22	0	19	19	0	21	21	0	17	15	2	13	13	0	31	30	1	27	26	1	19	17	2	17	16	1	24	22	2
NC_059188.1	12378971	12378972	*	11	11	0	17	16	1	18	18	0	10	10	0	19	19	0	16	14	2	15	15	0	15	15	0	13	12	1	20	19	1	20	20	0	20	19	1	22	22	0	17	17	0	28	26	2	18	18	0	18	18	0	14	13	1	25	24	1
NC_059188.1	12394742	12394743	*	16	15	1	21	18	3	19	18	1	19	17	2	15	14	1	12	11	1	16	15	1	14	14	0	15	12	3	16	15	1	15	14	1	22	21	1	23	22	1	23	19	4	20	20	0	18	16	2	18	18	0	26	23	3	25	24	1
NC_059188.1	12394765	12394766	*	20	20	0	21	20	1	17	17	0	17	16	1	18	17	1	12	11	1	15	15	0	15	13	2	11	8	3	14	14	0	13	12	1	23	23	0	21	21	0	21	21	0	17	16	1	19	17	2	18	18	0	25	23	2	24	24	0
NC_059188.1	12394777	12394778	*	19	17	2	21	19	2	17	17	0	18	17	1	18	18	0	11	11	0	17	16	1	17	17	0	10	9	1	12	12	0	13	13	0	24	24	0	21	20	1	20	19	1	19	18	1	18	16	2	16	14	2	24	22	2	23	22	1
NC_059188.1	12406544	12406545	*	15	14	1	20	19	1	10	9	1	14	13	1	11	11	0	15	15	0	12	12	0	11	11	0	13	12	1	14	13	1	13	12	1	12	12	0	14	14	0	20	19	1	33	30	3	19	18	1	19	19	0	22	22	0	14	14	0
NC_059188.1	12411141	12411142	*	21	7	14	31	0	31	25	0	25	41	0	41	41	15	26	21	11	10	19	0	19	40	0	40	26	9	17	25	0	25	25	9	16	37	11	26	43	7	36	27	0	27	27	0	27	22	6	16	25	0	25	28	0	28	45	7	38
NC_059188.1	12411160	12411161	*	22	6	16	33	0	33	24	0	24	43	0	43	41	12	29	23	10	13	20	0	20	43	0	43	26	9	17	28	0	28	26	7	19	39	0	39	42	0	42	25	1	24	25	0	25	24	6	18	28	1	27	31	0	31	48	9	39
NC_059188.1	12412129	12412130	*	20	16	4	23	7	16	21	17	4	23	5	18	18	5	13	16	10	6	10	3	7	28	15	13	24	13	11	17	3	14	12	3	9	27	1	26	17	0	17	22	12	10	24	6	18	21	7	14	18	4	14	10	9	1	33	0	33
NC_059188.1	12422817	12422818	*	17	10	7	13	10	3	11	11	0	15	13	2	20	20	0	23	23	0	14	14	0	11	9	2	13	12	1	15	14	1	16	15	1	30	28	2	20	20	0	14	12	2	19	18	1	28	27	1	28	26	2	14	13	1	17	14	3
NC_059188.1	12489608	12489609	*	11	8	3	16	8	8	23	22	1	12	0	12	20	14	6	24	12	12	16	7	9	24	13	11	15	15	0	22	1	21	16	10	6	18	0	18	15	6	9	18	0	18	18	9	9	16	10	6	16	0	16	19	19	0	28	0	28
NC_059188.1	12536061	12536062	*	15	15	0	20	20	0	13	13	0	10	9	1	17	15	2	28	25	3	17	16	1	15	6	9	12	0	12	30	26	4	26	26	0	37	36	1	28	26	2	14	3	11	26	1	25	21	20	1	15	10	5	10	4	6	26	24	2
NC_059188.1	12588891	12588892	*	23	20	3	28	28	0	12	12	0	22	22	0	19	19	0	21	19	2	24	21	3	23	23	0	15	15	0	17	17	0	32	30	2	27	26	1	18	18	0	20	20	0	39	36	3	24	23	1	19	19	0	21	19	2	29	25	4
NC_059188.1	12588903	12588904	*	23	21	2	31	29	2	14	14	0	21	21	0	21	21	0	22	21	1	23	22	1	22	21	1	14	14	0	18	17	1	28	27	1	32	31	1	18	17	1	23	22	1	40	38	2	28	28	0	19	19	0	21	21	0	30	29	1
NC_059188.1	12588958	12588959	*	32	28	4	31	30	1	19	18	1	23	22	1	25	23	2	28	22	6	19	18	1	27	24	3	13	11	2	20	18	2	35	32	3	51	44	7	21	20	1	26	26	0	43	40	3	35	20	15	19	14	5	20	19	1	44	41	3
NC_059188.1	12588970	12588971	*	33	17	16	30	15	15	19	0	19	21	0	21	25	11	14	29	11	18	21	7	14	26	8	18	15	0	15	23	0	23	35	24	11	51	0	51	21	0	21	26	0	26	40	22	18	34	14	20	19	4	15	22	0	22	44	0	44
NC_059188.1	12589025	12589026	*	30	27	3	28	24	4	28	27	1	20	19	1	24	19	5	28	25	3	22	19	3	20	17	3	13	12	1	22	22	0	35	28	7	54	49	5	24	23	1	20	19	1	43	14	29	36	31	5	21	13	8	25	20	5	50	46	4
NC_059188.1	12589055	12589056	*	27	26	1	25	23	2	31	29	2	20	20	0	19	19	0	26	25	1	21	20	1	17	16	1	13	13	0	25	25	0	38	37	1	50	44	6	26	25	1	23	22	1	39	37	2	38	38	0	22	21	1	24	22	2	47	46	1
NC_059188.1	12589077	12589078	*	24	24	0	20	18	2	31	29	2	18	17	1	19	19	0	24	23	1	19	17	2	15	13	2	12	12	0	23	22	1	34	33	1	52	47	5	24	24	0	27	26	1	39	35	4	35	33	2	24	23	1	23	23	0	47	44	3
NC_059188.1	12589119	12589120	*	24	20	4	24	23	1	30	12	18	15	14	1	19	17	2	25	22	3	21	19	2	15	15	0	13	11	2	25	22	3	33	28	5	46	44	2	30	29	1	25	24	1	39	32	7	32	28	4	24	24	0	26	25	1	45	43	2
NC_059188.1	12589172	12589173	*	24	22	2	26	25	1	26	26	0	12	12	0	15	15	0	20	19	1	19	17	2	15	14	1	11	6	5	22	20	2	35	33	2	42	37	5	28	26	2	27	25	2	35	30	5	26	25	1	23	19	4	20	20	0	39	31	8
NC_059188.1	12615651	12615652	*	16	5	11	18	10	8	13	7	6	16	8	8	13	5	8	16	10	6	16	11	5	14	5	9	14	0	14	21	8	13	22	12	10	23	17	6	24	16	8	18	9	9	34	10	24	23	13	10	17	16	1	23	16	7	30	20	10
NC_059188.1	12615780	12615781	*	13	4	9	22	19	3	13	9	4	16	12	4	16	13	3	15	10	5	11	8	3	12	10	2	14	10	4	15	4	11	21	16	5	22	17	5	21	14	7	20	17	3	26	22	4	26	15	11	28	12	16	21	17	4	35	29	6
NC_059188.1	12695168	12695169	*	23	18	5	24	20	4	14	14	0	23	21	2	19	17	2	25	22	3	25	24	1	18	16	2	14	12	2	21	20	1	19	17	2	24	21	3	23	20	3	15	13	2	29	25	4	18	17	1	20	16	4	20	17	3	21	18	3
NC_059188.1	12695210	12695211	*	20	19	1	24	23	1	13	13	0	26	25	1	19	18	1	21	20	1	26	25	1	18	18	0	16	15	1	22	22	0	21	21	0	26	24	2	24	23	1	20	20	0	26	26	0	26	25	1	23	23	0	24	24	0	24	23	1
NC_059188.1	12695235	12695236	*	17	16	1	25	22	3	11	11	0	27	26	1	20	20	0	20	19	1	27	25	2	16	15	1	13	12	1	21	20	1	19	19	0	25	24	1	22	21	1	17	16	1	25	25	0	27	26	1	19	19	0	26	26	0	28	27	1
NC_059188.1	12695252	12695253	*	16	6	10	22	9	13	11	6	5	25	13	12	20	11	9	19	13	6	28	15	13	15	9	6	12	0	12	21	21	0	19	10	9	25	25	0	21	20	1	16	7	9	22	0	22	24	23	1	17	7	10	26	11	15	30	28	2
NC_059188.1	12695268	12695269	*	14	13	1	22	19	3	10	9	1	25	23	2	18	17	1	21	19	2	26	25	1	13	12	1	11	9	2	21	21	0	17	16	1	25	24	1	21	20	1	12	12	0	20	20	0	22	20	2	17	16	1	25	24	1	29	27	2
NC_059188.1	12756339	12756340	*	25	9	16	17	10	7	20	0	20	14	0	14	12	12	0	12	5	7	12	0	12	20	0	20	18	0	18	19	0	19	12	0	12	17	15	2	12	7	5	21	0	21	16	0	16	21	11	10	16	0	16	10	0	10	25	16	9
NC_059188.1	12758545	12758546	*	21	21	0	23	22	1	11	10	1	14	13	1	13	13	0	15	15	0	15	15	0	17	15	2	16	16	0	23	23	0	16	16	0	19	19	0	15	15	0	18	18	0	25	25	0	25	25	0	20	18	2	12	11	1	23	22	1
NC_059188.1	12758572	12758573	*	21	21	0	22	22	0	15	15	0	14	14	0	12	10	2	16	15	1	15	15	0	16	16	0	16	15	1	25	25	0	18	17	1	19	19	0	15	14	1	16	16	0	26	26	0	27	26	1	21	20	1	13	13	0	24	24	0
NC_059188.1	12758585	12758586	*	19	19	0	20	19	1	16	16	0	13	12	1	11	11	0	13	12	1	14	14	0	15	15	0	17	17	0	28	25	3	18	16	2	15	15	0	16	15	1	16	16	0	24	23	1	24	24	0	18	18	0	11	11	0	23	22	1
NC_059188.1	12758619	12758620	*	20	16	4	18	13	5	19	17	2	11	8	3	12	12	0	20	17	3	15	11	4	16	14	2	13	12	1	26	24	2	16	12	4	15	14	1	17	15	2	18	16	2	22	20	2	25	20	5	19	15	4	10	8	2	21	19	2
NC_059188.1	12790469	12790470	*	20	6	14	20	0	20	20	0	20	14	0	14	16	0	16	14	1	13	15	0	15	10	0	10	13	0	13	21	1	20	23	0	23	25	0	25	16	0	16	26	1	25	22	0	22	18	0	18	16	0	16	16	0	16	31	0	31
NC_059188.1	12796482	12796483	*	14	6	8	22	0	22	16	0	16	14	0	14	14	0	14	10	0	10	14	1	13	16	0	16	16	0	16	11	0	11	16	0	16	16	0	16	10	0	10	12	1	11	13	0	13	22	0	22	12	0	12	14	0	14	28	0	28
NC_059188.1	12796486	12796487	*	14	6	8	22	0	22	16	0	16	14	0	14	14	0	14	13	0	13	14	0	14	16	0	16	16	0	16	11	0	11	16	0	16	16	0	16	10	0	10	12	0	12	13	0	13	22	0	22	12	0	12	16	0	16	28	0	28
NC_059188.1	12801674	12801675	*	15	7	8	23	0	23	13	0	13	12	0	12	21	0	21	19	0	19	20	0	20	13	0	13	16	0	16	21	0	21	21	0	21	26	0	26	14	0	14	19	0	19	23	1	22	25	0	25	26	1	25	15	0	15	28	0	28
NC_059188.1	12814749	12814750	*	18	17	1	21	19	2	17	16	1	15	13	2	14	14	0	19	19	0	15	14	1	12	12	0	17	17	0	15	15	0	15	14	1	21	21	0	20	20	0	12	11	1	32	31	1	17	16	1	14	13	1	18	16	2	29	28	1
NC_059188.1	12814771	12814772	*	18	18	0	24	23	1	18	18	0	15	15	0	14	14	0	21	20	1	16	14	2	15	15	0	20	20	0	15	14	1	19	18	1	29	28	1	23	23	0	12	11	1	37	36	1	18	18	0	16	16	0	18	16	2	32	32	0
NC_059188.1	12818600	12818601	*	27	25	2	19	18	1	10	10	0	23	22	1	19	17	2	15	14	1	12	12	0	14	13	1	14	13	1	23	23	0	16	16	0	23	22	1	19	18	1	15	15	0	21	19	2	24	24	0	20	20	0	25	24	1	21	20	1
NC_059188.1	12818625	12818626	*	28	26	2	17	12	5	11	10	1	23	22	1	19	19	0	13	13	0	12	10	2	15	12	3	13	12	1	24	21	3	16	15	1	23	21	2	19	18	1	17	16	1	22	22	0	30	25	5	24	23	1	27	26	1	24	22	2
NC_059188.1	12818669	12818670	*	26	24	2	17	17	0	13	12	1	22	22	0	19	17	2	13	13	0	13	12	1	13	10	3	13	13	0	24	22	2	16	14	2	21	21	0	18	18	0	21	20	1	27	26	1	27	27	0	24	23	1	23	22	1	22	22	0
NC_059188.1	12818683	12818684	*	25	25	0	17	16	1	12	12	0	21	20	1	19	17	2	13	13	0	13	12	1	13	11	2	11	11	0	22	21	1	18	16	2	21	21	0	18	18	0	20	20	0	27	27	0	27	25	2	24	22	2	22	20	2	23	22	1
NC_059188.1	12924994	12924995	*	15	14	1	21	17	4	13	9	4	16	15	1	14	14	0	18	17	1	14	13	1	13	11	2	18	14	4	17	15	2	16	14	2	19	18	1	21	17	4	25	23	2	24	20	4	26	22	4	16	16	0	15	11	4	26	23	3
NC_059188.1	12952685	12952686	*	17	16	1	15	7	8	11	1	10	11	10	1	11	11	0	18	16	2	13	10	3	10	9	1	24	13	11	14	14	0	16	13	3	21	15	6	25	22	3	20	9	11	23	21	2	27	25	2	15	7	8	14	11	3	15	12	3
NC_059188.1	12979927	12979928	*	20	20	0	18	15	3	10	9	1	18	18	0	18	18	0	16	16	0	12	12	0	15	15	0	16	15	1	13	12	1	13	13	0	26	25	1	12	12	0	12	12	0	20	19	1	20	20	0	16	15	1	17	16	1	27	26	1
NC_059188.1	12980001	12980002	*	22	22	0	20	20	0	15	14	1	15	15	0	16	16	0	20	19	1	16	16	0	18	17	1	12	10	2	17	17	0	16	16	0	28	28	0	13	13	0	17	16	1	21	21	0	19	19	0	19	19	0	16	16	0	17	17	0
NC_059188.1	13015648	13015649	*	11	10	1	15	13	2	12	11	1	19	18	1	13	11	2	16	10	6	13	11	2	10	7	3	11	10	1	15	14	1	16	12	4	19	18	1	14	12	2	13	12	1	14	13	1	19	16	3	13	11	2	10	10	0	22	10	12
NC_059188.1	13025819	13025820	*	15	15	0	14	12	2	17	14	3	18	17	1	15	15	0	19	18	1	14	13	1	19	17	2	19	12	7	12	11	1	20	16	4	37	36	1	16	16	0	19	17	2	20	16	4	26	18	8	20	19	1	22	18	4	33	27	6
NC_059188.1	13071870	13071871	*	25	25	0	22	22	0	16	15	1	18	18	0	19	19	0	29	25	4	15	14	1	13	13	0	14	13	1	16	16	0	24	23	1	23	12	11	14	14	0	14	13	1	28	27	1	28	26	2	17	16	1	17	5	12	24	24	0
NC_059188.1	13071884	13071885	*	25	25	0	23	22	1	16	14	2	22	20	2	19	19	0	30	26	4	14	13	1	13	12	1	14	13	1	17	17	0	25	25	0	24	11	13	13	13	0	15	15	0	26	26	0	25	23	2	17	16	1	17	5	12	24	24	0
NC_059188.1	13074366	13074367	*	14	5	9	32	17	15	18	7	11	12	4	8	10	5	5	12	8	4	11	7	4	12	8	4	10	8	2	16	9	7	15	8	7	18	11	7	10	8	2	14	9	5	25	16	9	14	3	11	14	9	5	14	10	4	18	8	10
NC_059188.1	13182650	13182651	*	16	16	0	24	20	4	11	10	1	15	15	0	18	18	0	24	23	1	24	22	2	16	16	0	22	21	1	26	24	2	24	22	2	20	20	0	21	21	0	16	14	2	28	28	0	31	29	2	23	23	0	33	28	5	33	31	2
NC_059188.1	13182710	13182711	*	17	17	0	24	22	2	10	10	0	19	19	0	14	14	0	24	23	1	23	22	1	15	13	2	27	25	2	19	17	2	25	22	3	19	16	3	17	15	2	19	18	1	27	25	2	32	31	1	13	11	2	30	26	4	29	26	3
NC_059188.1	13182743	13182744	*	17	14	3	21	16	5	10	9	1	18	14	4	14	14	0	24	21	3	19	18	1	12	11	1	25	21	4	17	14	3	23	20	3	15	13	2	17	14	3	19	14	5	26	23	3	28	25	3	13	12	1	24	20	4	28	25	3
NC_059188.1	13323508	13323509	*	15	14	1	17	15	2	17	16	1	20	16	4	22	19	3	16	16	0	14	13	1	13	11	2	15	15	0	20	19	1	13	12	1	22	21	1	14	14	0	20	20	0	16	16	0	14	14	0	17	17	0	20	19	1	17	17	0
NC_059188.1	13365196	13365197	*	14	6	8	12	6	6	10	3	7	14	0	14	14	0	14	21	15	6	11	7	4	12	7	5	10	0	10	12	0	12	11	0	11	15	0	15	12	0	12	16	0	16	21	11	10	13	0	13	13	6	7	16	10	6	24	4	20
NC_059188.1	13365556	13365557	*	16	13	3	10	7	3	10	10	0	17	17	0	15	15	0	12	11	1	11	11	0	15	15	0	15	14	1	17	14	3	18	17	1	16	14	2	11	9	2	22	22	0	25	25	0	16	15	1	19	17	2	15	13	2	19	19	0
NC_059188.1	13394958	13394959	*	19	18	1	25	23	2	15	12	3	15	15	0	18	18	0	16	15	1	22	19	3	18	16	2	11	3	8	19	18	1	22	22	0	38	35	3	18	16	2	17	17	0	19	17	2	23	21	2	17	8	9	16	15	1	26	21	5
NC_059188.1	13395043	13395044	*	16	16	0	20	19	1	14	14	0	14	14	0	19	19	0	17	16	1	26	26	0	13	12	1	11	11	0	25	24	1	24	23	1	35	34	1	19	18	1	22	19	3	19	19	0	17	17	0	18	16	2	11	10	1	27	27	0
NC_059188.1	13439706	13439707	*	22	22	0	11	11	0	13	13	0	11	11	0	13	11	2	13	12	1	15	14	1	17	16	1	12	12	0	17	16	1	14	14	0	13	12	1	15	15	0	18	16	2	13	13	0	14	13	1	12	11	1	13	13	0	21	20	1
NC_059188.1	13450963	13450964	*	23	22	1	15	13	2	16	15	1	14	13	1	19	19	0	15	15	0	16	15	1	19	18	1	18	16	2	30	29	1	25	22	3	31	29	2	17	11	6	17	16	1	25	21	4	24	24	0	33	32	1	14	12	2	22	22	0
NC_059188.1	13452513	13452514	*	15	10	5	17	2	15	14	6	8	13	0	13	17	0	17	11	0	11	20	1	19	11	7	4	11	0	11	14	8	6	15	1	14	24	13	11	16	9	7	23	0	23	19	12	7	18	0	18	11	0	11	17	11	6	23	0	23
NC_059188.1	13452546	13452547	*	18	6	12	20	0	20	17	7	10	16	0	16	15	0	15	16	0	16	21	0	21	12	7	5	13	0	13	19	8	11	19	0	19	27	14	13	20	8	12	23	0	23	19	6	13	21	0	21	13	0	13	22	11	11	26	0	26
NC_059188.1	13452549	13452550	*	18	9	9	20	0	20	17	9	8	16	0	16	15	0	15	16	0	16	20	0	20	12	7	5	13	1	12	18	7	11	19	0	19	27	15	12	20	10	10	22	0	22	19	6	13	21	0	21	13	0	13	22	11	11	27	1	26
NC_059188.1	13509936	13509937	*	16	13	3	17	6	11	11	4	7	14	0	14	21	0	21	19	6	13	16	0	16	12	0	12	11	0	11	22	13	9	22	0	22	21	2	19	13	0	13	21	0	21	23	11	12	23	2	21	18	11	7	10	0	10	18	0	18
NC_059188.1	13509944	13509945	*	15	15	0	18	9	9	11	5	6	14	0	14	20	0	20	19	7	12	16	0	16	12	1	11	12	0	12	23	17	6	22	9	13	21	12	9	14	2	12	21	0	21	21	11	10	24	6	18	20	17	3	11	0	11	18	0	18
NC_059188.1	13509973	13509974	*	13	13	0	19	17	2	14	8	6	13	1	12	18	1	17	17	9	8	20	12	8	17	15	2	12	1	11	27	26	1	17	10	7	25	21	4	16	9	7	23	11	12	23	21	2	26	7	19	22	21	1	15	0	15	24	2	22
NC_059188.1	13510054	13510055	*	19	15	4	19	10	9	18	9	9	19	10	9	14	11	3	10	7	3	20	18	2	14	8	6	11	7	4	22	15	7	18	9	9	20	14	6	16	10	6	14	9	5	22	13	9	21	12	9	21	11	10	20	14	6	30	24	6
NC_059188.1	13510085	13510086	*	19	16	3	18	17	1	21	21	0	21	21	0	12	10	2	14	13	1	19	18	1	15	13	2	11	10	1	22	20	2	15	14	1	19	16	3	15	14	1	16	16	0	23	21	2	19	18	1	19	19	0	19	18	1	29	28	1
NC_059188.1	13510108	13510109	*	19	19	0	17	17	0	22	22	0	20	20	0	13	11	2	13	13	0	18	17	1	18	18	0	10	9	1	22	19	3	14	13	1	19	18	1	20	18	2	14	13	1	22	20	2	15	15	0	15	14	1	22	19	3	33	33	0
NC_059188.1	13510304	13510305	*	13	12	1	17	16	1	20	19	1	19	17	2	13	13	0	20	19	1	15	14	1	17	16	1	12	11	1	11	9	2	14	14	0	19	18	1	19	18	1	14	14	0	21	18	3	15	14	1	13	13	0	11	9	2	33	33	0
NC_059188.1	13510380	13510381	*	14	13	1	12	10	2	14	12	2	13	11	2	12	9	3	13	10	3	10	6	4	16	11	5	17	9	8	10	8	2	15	10	5	12	9	3	16	14	2	18	15	3	25	16	9	18	16	2	16	14	2	13	11	2	28	25	3
NC_059188.1	13574259	13574260	*	15	14	1	14	14	0	24	23	1	13	13	0	15	15	0	23	21	2	15	14	1	12	11	1	12	12	0	20	17	3	27	26	1	30	27	3	15	15	0	14	12	2	32	15	17	20	9	11	25	24	1	18	15	3	22	21	1
NC_059188.1	13574271	13574272	*	14	13	1	17	15	2	23	23	0	14	14	0	15	15	0	18	17	1	12	10	2	12	12	0	12	11	1	20	19	1	24	23	1	30	29	1	15	15	0	15	13	2	32	31	1	22	22	0	26	25	1	20	19	1	25	24	1
NC_059188.1	13574288	13574289	*	12	12	0	16	16	0	21	21	0	14	14	0	14	14	0	16	15	1	11	11	0	11	11	0	13	13	0	18	17	1	23	22	1	26	26	0	13	12	1	14	14	0	33	33	0	21	21	0	24	24	0	23	23	0	23	22	1
NC_059188.1	13574303	13574304	*	13	13	0	20	19	1	17	17	0	14	14	0	14	14	0	20	19	1	12	12	0	10	9	1	13	13	0	15	15	0	25	24	1	26	24	2	11	11	0	14	14	0	33	31	2	22	20	2	25	24	1	23	22	1	20	18	2
NC_059188.1	13574324	13574325	*	18	18	0	24	22	2	17	14	3	16	14	2	15	14	1	21	21	0	14	14	0	10	8	2	13	12	1	19	19	0	26	24	2	28	28	0	17	17	0	13	13	0	29	28	1	22	21	1	22	22	0	20	20	0	17	17	0
NC_059188.1	13574373	13574374	*	16	14	2	29	24	5	14	13	1	20	19	1	16	14	2	23	21	2	17	15	2	10	8	2	17	15	2	21	18	3	23	18	5	35	31	4	18	14	4	18	17	1	28	22	6	25	22	3	21	21	0	19	16	3	20	18	2
NC_059188.1	13574393	13574394	*	17	17	0	29	26	3	15	13	2	22	20	2	17	16	1	22	21	1	14	12	2	11	10	1	17	16	1	24	23	1	26	24	2	37	35	2	21	19	2	20	20	0	30	29	1	26	26	0	24	24	0	21	21	0	23	23	0
NC_059188.1	13574401	13574402	*	17	15	2	32	29	3	16	14	2	21	18	3	17	16	1	19	17	2	15	15	0	11	10	1	19	15	4	23	23	0	27	24	3	37	32	5	21	21	0	21	19	2	29	25	4	27	25	2	23	22	1	22	21	1	23	22	1
NC_059188.1	13574417	13574418	*	18	18	0	34	31	3	16	16	0	20	18	2	16	16	0	18	18	0	17	17	0	13	11	2	19	18	1	24	24	0	26	23	3	37	37	0	23	22	1	20	19	1	28	28	0	23	21	2	22	21	1	19	19	0	28	26	2
NC_059188.1	13574439	13574440	*	21	21	0	33	29	4	17	17	0	20	18	2	15	15	0	21	21	0	18	15	3	12	11	1	18	18	0	24	22	2	25	24	1	35	34	1	23	20	3	24	23	1	30	29	1	25	25	0	20	18	2	18	18	0	29	27	2
NC_059188.1	13574460	13574461	*	21	20	1	31	28	3	15	15	0	19	17	2	17	17	0	23	22	1	18	18	0	11	10	1	19	19	0	24	23	1	23	22	1	34	33	1	20	18	2	23	22	1	29	29	0	23	21	2	18	16	2	16	16	0	27	27	0
NC_059188.1	13574497	13574498	*	24	21	3	29	27	2	16	13	3	18	16	2	16	14	2	21	14	7	15	14	1	13	12	1	16	12	4	17	15	2	22	21	1	36	34	2	21	18	3	20	18	2	26	20	6	22	17	5	17	16	1	15	12	3	29	25	4
NC_059188.1	13602332	13602333	*	15	7	8	17	8	9	14	4	10	18	0	18	25	10	15	16	8	8	13	7	6	18	9	9	11	0	11	19	0	19	23	0	23	23	0	23	18	0	18	18	0	18	31	13	18	23	15	8	19	9	10	10	0	10	14	9	5
NC_059188.1	13602337	13602338	*	15	14	1	16	15	1	14	14	0	18	16	2	26	25	1	16	16	0	12	12	0	17	17	0	10	10	0	19	18	1	25	24	1	24	24	0	17	16	1	18	17	1	30	28	2	23	23	0	20	20	0	10	5	5	14	13	1
NC_059188.1	13602452	13602453	*	20	20	0	19	18	1	12	11	1	22	22	0	19	18	1	13	13	0	15	15	0	19	19	0	11	11	0	17	16	1	19	19	0	20	20	0	20	20	0	17	17	0	24	24	0	24	24	0	20	17	3	12	10	2	19	19	0
NC_059188.1	13602480	13602481	*	21	21	0	15	12	3	12	12	0	17	16	1	16	16	0	12	12	0	10	8	2	18	17	1	11	11	0	14	14	0	18	17	1	13	12	1	18	17	1	17	17	0	17	16	1	22	20	2	18	17	1	13	13	0	17	17	0
NC_059188.1	13602499	13602500	*	20	20	0	14	13	1	13	13	0	16	14	2	15	14	1	12	12	0	10	8	2	20	19	1	11	10	1	12	12	0	16	16	0	13	12	1	14	14	0	16	16	0	14	13	1	22	21	1	13	12	1	10	10	0	16	16	0
NC_059188.1	13636956	13636957	*	24	23	1	22	8	14	14	10	4	14	6	8	20	18	2	24	22	2	11	11	0	22	22	0	17	15	2	27	23	4	29	27	2	29	25	4	23	21	2	20	15	5	27	23	4	33	30	3	31	27	4	19	18	1	20	9	11
NC_059189.1	55732	55733	*	16	7	9	20	0	20	13	0	13	14	7	7	12	0	12	26	4	22	19	8	11	10	0	10	13	4	9	17	0	17	14	0	14	27	1	26	18	0	18	19	0	19	15	0	15	19	0	19	25	0	25	14	0	14	34	0	34
NC_059189.1	55737	55738	*	15	7	8	20	4	16	13	1	12	14	7	7	12	0	12	25	7	18	19	8	11	11	1	10	13	4	9	17	0	17	13	1	12	26	1	25	18	0	18	20	0	20	15	6	9	18	0	18	25	0	25	14	0	14	32	0	32
NC_059189.1	75168	75169	*	11	11	0	14	12	2	10	5	5	15	14	1	15	14	1	14	13	1	10	8	2	13	11	2	14	12	2	13	12	1	14	12	2	15	11	4	15	13	2	21	15	6	18	15	3	23	19	4	15	14	1	16	14	2	19	18	1
NC_059189.1	81315	81316	*	20	16	4	10	8	2	11	10	1	24	9	15	16	12	4	11	10	1	14	12	2	12	12	0	16	14	2	19	19	0	18	15	3	22	21	1	20	16	4	23	20	3	25	22	3	13	11	2	28	22	6	22	18	4	29	20	9
NC_059189.1	81423	81424	*	18	18	0	10	10	0	10	9	1	15	14	1	17	15	2	16	16	0	17	17	0	12	12	0	16	14	2	18	17	1	14	14	0	17	15	2	16	16	0	26	25	1	27	27	0	15	14	1	25	25	0	20	18	2	28	28	0
NC_059189.1	81462	81463	*	22	21	1	14	13	1	13	13	0	16	16	0	18	16	2	22	20	2	16	14	2	16	15	1	17	15	2	25	22	3	15	14	1	19	19	0	17	14	3	31	31	0	30	28	2	17	17	0	26	25	1	20	19	1	29	29	0
NC_059189.1	81496	81497	*	24	19	5	19	14	5	16	9	7	17	8	9	18	13	5	25	18	7	14	12	2	19	16	3	16	11	5	24	18	6	11	7	4	20	15	5	17	13	4	28	23	5	32	22	10	17	13	4	20	12	8	25	21	4	32	21	11
NC_059189.1	81523	81524	*	24	22	2	20	20	0	19	17	2	15	13	2	20	19	1	22	22	0	11	11	0	18	17	1	15	13	2	22	20	2	14	13	1	22	20	2	16	15	1	25	24	1	32	30	2	15	14	1	22	21	1	24	21	3	32	30	2
NC_059189.1	81635	81636	*	24	23	1	22	20	2	13	12	1	12	8	4	15	14	1	20	18	2	12	12	0	15	14	1	10	10	0	14	13	1	10	10	0	16	15	1	14	13	1	16	16	0	25	25	0	15	14	1	19	17	2	18	17	1	26	26	0
NC_059189.1	137268	137269	*	13	12	1	13	12	1	17	15	2	12	10	2	11	9	2	19	19	0	21	17	4	16	14	2	19	19	0	19	18	1	19	15	4	22	19	3	13	12	1	18	15	3	24	19	5	25	23	2	16	16	0	12	9	3	30	28	2
NC_059189.1	137282	137283	*	14	13	1	14	14	0	17	15	2	13	13	0	11	8	3	21	20	1	20	20	0	17	16	1	19	18	1	20	19	1	20	18	2	23	21	2	13	12	1	18	16	2	27	23	4	24	23	1	16	16	0	12	11	1	29	28	1
NC_059189.1	154730	154731	*	25	7	18	27	3	24	23	11	12	24	9	15	22	4	18	19	6	13	24	0	24	21	9	12	18	5	13	11	0	11	15	0	15	27	8	19	17	5	12	19	10	9	28	11	17	20	6	14	22	9	13	21	1	20	32	0	32
NC_059189.1	346669	346670	*	18	18	0	15	14	1	15	7	8	23	10	13	13	12	1	17	9	8	10	8	2	13	0	13	14	7	7	17	15	2	13	0	13	24	15	9	20	19	1	19	18	1	19	18	1	20	18	2	11	6	5	24	14	10	36	19	17
NC_059189.1	349119	349120	*	22	6	16	37	10	27	20	9	11	23	5	18	14	7	7	34	8	26	36	13	23	25	19	6	27	16	11	37	11	26	25	15	10	28	9	19	22	11	11	18	6	12	27	16	11	18	6	12	24	10	14	23	10	13	51	21	30
NC_059189.1	402365	402366	*	13	11	2	22	11	11	11	9	2	13	8	5	10	9	1	11	9	2	10	8	2	14	11	3	10	10	0	19	13	6	22	19	3	16	10	6	19	18	1	11	6	5	16	8	8	15	13	2	17	17	0	14	0	14	17	15	2
NC_059189.1	567670	567671	*	21	20	1	17	16	1	21	18	3	17	17	0	19	19	0	11	9	2	14	14	0	17	15	2	12	12	0	20	18	2	21	20	1	23	23	0	27	27	0	16	16	0	28	27	1	28	26	2	16	16	0	20	20	0	24	24	0
NC_059189.1	582049	582050	*	29	28	1	15	14	1	16	15	1	14	14	0	14	14	0	11	8	3	19	18	1	16	15	1	19	19	0	18	16	2	18	17	1	26	24	2	22	22	0	19	19	0	24	23	1	16	16	0	17	12	5	25	24	1	29	22	7
NC_059189.1	582071	582072	*	32	31	1	13	11	2	17	11	6	13	11	2	13	10	3	14	6	8	19	11	8	14	11	3	19	13	6	18	14	4	19	12	7	28	22	6	20	10	10	21	18	3	22	17	5	19	14	5	20	10	10	26	23	3	29	18	11
NC_059189.1	582079	582080	*	32	25	7	14	12	2	16	10	6	11	9	2	14	12	2	15	7	8	18	13	5	13	12	1	18	13	5	17	15	2	19	15	4	25	19	6	22	13	9	20	18	2	22	15	7	18	12	6	20	9	11	26	23	3	25	14	11
NC_059189.1	620675	620676	*	13	8	5	22	0	22	19	0	19	21	7	14	14	0	14	28	28	0	16	0	16	17	0	17	14	0	14	23	23	0	26	0	26	39	1	38	18	12	6	22	0	22	22	0	22	25	0	25	18	0	18	18	0	18	33	20	13
NC_059189.1	731656	731657	*	15	12	3	15	8	7	20	18	2	13	9	4	15	15	0	22	18	4	15	14	1	18	10	8	12	0	12	16	15	1	15	14	1	29	27	2	19	4	15	15	6	9	24	0	24	16	14	2	20	20	0	13	0	13	22	6	16
NC_059189.1	731681	731682	*	17	14	3	17	9	8	18	17	1	12	10	2	16	15	1	23	21	2	16	16	0	22	10	12	11	0	11	19	17	2	16	15	1	32	29	3	24	6	18	17	8	9	26	0	26	19	17	2	22	21	1	15	0	15	22	7	15
NC_059189.1	748010	748011	*	21	21	0	15	14	1	19	19	0	10	10	0	26	26	0	25	24	1	14	14	0	17	17	0	16	16	0	28	27	1	23	23	0	34	31	3	23	21	2	14	14	0	32	28	4	21	21	0	26	25	1	22	21	1	34	32	2
NC_059189.1	772090	772091	*	14	7	7	17	5	12	16	8	8	18	7	11	14	14	0	14	6	8	12	5	7	10	9	1	16	0	16	12	0	12	17	17	0	23	19	4	19	0	19	11	11	0	24	11	13	14	14	0	20	15	5	20	0	20	24	14	10
NC_059189.1	772208	772209	*	16	13	3	14	12	2	15	14	1	22	11	11	17	13	4	10	10	0	10	10	0	16	13	3	19	15	4	11	9	2	26	18	8	17	14	3	16	12	4	16	13	3	22	17	5	14	8	6	17	16	1	23	19	4	20	12	8
NC_059189.1	789812	789813	*	22	18	4	20	17	3	19	13	6	19	15	4	14	10	4	20	18	2	18	11	7	10	9	1	11	10	1	13	13	0	21	16	5	21	15	6	19	15	4	26	22	4	23	20	3	20	18	2	22	19	3	12	10	2	23	20	3
NC_059189.1	791717	791718	*	20	15	5	16	13	3	15	10	5	12	10	2	19	11	8	14	12	2	15	9	6	17	11	6	16	15	1	20	15	5	23	14	9	23	19	4	10	4	6	21	17	4	38	24	14	17	12	5	23	21	2	23	18	5	23	17	6
NC_059189.1	791744	791745	*	20	14	6	24	20	4	15	10	5	16	10	6	20	20	0	12	9	3	15	9	6	17	9	8	20	12	8	23	15	8	24	17	7	24	22	2	10	7	3	24	17	7	39	28	11	17	13	4	23	18	5	24	22	2	26	20	6
NC_059189.1	791774	791775	*	19	18	1	27	21	6	16	15	1	15	14	1	23	21	2	12	12	0	18	18	0	18	18	0	17	16	1	22	21	1	24	22	2	28	28	0	12	10	2	22	22	0	44	42	2	16	15	1	24	22	2	23	23	0	27	26	1
NC_059189.1	791813	791814	*	23	23	0	26	24	2	20	20	0	12	11	1	24	24	0	14	13	1	17	16	1	16	15	1	19	18	1	22	21	1	24	24	0	23	22	1	13	10	3	21	20	1	40	39	1	22	22	0	23	22	1	20	20	0	30	29	1
NC_059189.1	791828	791829	*	24	23	1	27	25	2	22	22	0	12	11	1	23	23	0	15	15	0	21	20	1	15	15	0	18	17	1	24	24	0	27	27	0	24	23	1	13	10	3	19	19	0	42	41	1	26	24	2	23	22	1	22	21	1	29	28	1
NC_059189.1	837731	837732	*	19	7	12	30	22	8	14	5	9	12	8	4	19	6	13	23	17	6	14	9	5	19	9	10	13	9	4	15	6	9	18	13	5	32	14	18	17	13	4	16	5	11	31	11	20	23	7	16	19	7	12	33	22	11	25	13	12
NC_059189.1	837791	837792	*	16	13	3	30	26	4	16	12	4	15	12	3	17	15	2	22	17	5	10	8	2	19	14	5	15	11	4	16	11	5	14	0	14	33	23	10	12	10	2	15	0	15	21	11	10	25	17	8	17	14	3	33	27	6	21	15	6
NC_059189.1	837854	837855	*	15	13	2	34	28	6	16	13	3	17	10	7	14	5	9	21	17	4	17	14	3	19	17	2	18	16	2	16	10	6	14	0	14	35	19	16	17	17	0	18	9	9	20	13	7	27	18	9	18	13	5	30	22	8	19	13	6
NC_059189.1	906741	906742	*	12	10	2	10	9	1	10	9	1	13	12	1	10	9	1	11	11	0	13	11	2	18	17	1	13	12	1	15	15	0	15	15	0	13	13	0	18	18	0	14	12	2	13	12	1	24	20	4	15	15	0	17	13	4	16	16	0
NC_059189.1	907597	907598	*	10	10	0	19	19	0	12	11	1	19	11	8	12	12	0	26	10	16	16	15	1	21	19	2	10	5	5	13	12	1	13	10	3	23	12	11	16	15	1	16	13	3	22	16	6	19	9	10	14	5	9	17	7	10	20	9	11
NC_059189.1	907676	907677	*	10	7	3	21	20	1	15	13	2	16	15	1	11	10	1	25	23	2	12	8	4	16	14	2	15	13	2	15	13	2	15	15	0	23	21	2	17	14	3	16	16	0	24	24	0	16	15	1	14	12	2	20	17	3	21	20	1
NC_059189.1	907741	907742	*	10	7	3	17	13	4	12	6	6	13	7	6	10	4	6	20	15	5	10	3	7	15	5	10	12	11	1	16	10	6	11	8	3	19	16	3	13	10	3	18	16	2	20	13	7	14	9	5	11	8	3	18	12	6	22	8	14
NC_059189.1	963783	963784	*	14	14	0	13	12	1	18	15	3	10	10	0	17	16	1	16	14	2	18	18	0	14	13	1	18	18	0	14	12	2	10	10	0	12	12	0	13	13	0	22	22	0	17	15	2	18	16	2	28	23	5	12	11	1	18	16	2
NC_059189.1	963937	963938	*	21	19	2	11	8	3	23	20	3	16	13	3	13	9	4	23	20	3	17	16	1	13	13	0	18	16	2	15	15	0	14	14	0	17	16	1	19	17	2	19	18	1	18	16	2	18	17	1	22	21	1	18	17	1	23	22	1
NC_059189.1	996152	996153	*	36	19	17	59	26	33	43	33	10	24	10	14	51	8	43	51	29	22	25	14	11	47	25	22	20	13	7	51	24	27	21	9	12	27	15	12	29	24	5	31	23	8	57	48	9	70	42	28	53	21	32	39	16	23	37	29	8
NC_059189.1	996298	996299	*	53	25	28	61	36	25	60	49	11	39	19	20	78	34	44	46	39	7	25	10	15	63	41	22	31	16	15	82	49	33	40	34	6	32	24	8	49	41	8	45	38	7	71	54	17	68	35	33	73	36	37	45	12	33	45	43	2
NC_059189.1	996367	996368	*	63	34	29	52	23	29	57	45	12	36	7	29	68	21	47	36	34	2	19	16	3	52	30	22	25	20	5	69	32	37	35	22	13	28	18	10	44	38	6	45	29	16	55	32	23	53	27	26	73	50	23	47	13	34	36	34	2
NC_059189.1	996436	996437	*	65	40	25	35	21	14	47	45	2	28	12	16	55	31	24	31	30	1	16	11	5	47	35	12	20	20	0	63	31	32	24	17	7	23	15	8	36	25	11	41	30	11	53	30	23	55	25	30	78	46	32	43	25	18	31	28	3
NC_059189.1	996475	996476	*	58	42	16	30	18	12	42	39	3	26	12	14	48	25	23	33	23	10	16	6	10	51	39	12	20	20	0	65	32	33	21	18	3	28	19	9	37	34	3	36	27	9	51	30	21	58	24	34	72	61	11	44	37	7	27	27	0
NC_059189.1	996553	996554	*	52	33	19	36	15	21	38	28	10	35	16	19	46	21	25	29	21	8	16	5	11	66	42	24	17	15	2	62	28	34	20	12	8	28	20	8	36	29	7	30	21	9	47	25	22	60	29	31	64	42	22	44	22	22	18	17	1
NC_059189.1	1003491	1003492	*	16	16	0	19	19	0	11	11	0	17	17	0	13	13	0	16	16	0	18	18	0	12	12	0	11	11	0	14	13	1	12	12	0	24	23	1	19	18	1	14	14	0	20	18	2	19	18	1	17	17	0	11	10	1	23	20	3
NC_059189.1	1413139	1413140	*	21	15	6	22	18	4	23	19	4	20	17	3	14	9	5	24	22	2	16	13	3	12	11	1	10	7	3	19	16	3	13	10	3	16	11	5	24	20	4	12	10	2	29	25	4	23	19	4	19	17	2	25	22	3	29	22	7
NC_059189.1	1413331	1413332	*	11	9	2	14	13	1	18	15	3	15	13	2	20	17	3	29	26	3	13	11	2	14	12	2	18	10	8	17	14	3	14	10	4	17	12	5	15	14	1	11	9	2	17	15	2	13	10	3	20	18	2	15	14	1	26	21	5
NC_059189.1	1495295	1495296	*	21	19	2	25	23	2	15	12	3	12	12	0	13	13	0	18	17	1	14	14	0	14	14	0	19	19	0	18	17	1	12	8	4	21	19	2	22	22	0	15	15	0	22	21	1	14	13	1	18	15	3	10	10	0	17	17	0
NC_059189.1	1495387	1495388	*	22	10	12	35	15	20	22	1	21	14	6	8	19	9	10	17	12	5	17	12	5	10	9	1	21	15	6	21	6	15	18	5	13	27	1	26	23	0	23	14	5	9	27	6	21	17	8	9	23	10	13	18	0	18	25	6	19
NC_059189.1	1511384	1511385	*	16	7	9	20	0	20	18	6	12	17	17	0	11	11	0	12	9	3	13	11	2	10	6	4	11	7	4	11	8	3	11	3	8	19	6	13	17	0	17	19	7	12	16	14	2	14	8	6	19	7	12	17	0	17	20	13	7
NC_059189.1	1511391	1511392	*	16	14	2	19	18	1	19	12	7	17	7	10	10	3	7	12	11	1	13	13	0	10	10	0	11	11	0	12	12	0	11	10	1	19	19	0	15	15	0	19	18	1	18	17	1	14	14	0	19	11	8	17	15	2	20	18	2
NC_059189.1	1547959	1547960	*	11	7	4	10	6	4	10	2	8	12	7	5	13	8	5	16	8	8	18	14	4	12	6	6	17	8	9	18	6	12	11	7	4	16	9	7	11	5	6	17	6	11	19	10	9	23	11	12	21	15	6	17	8	9	24	10	14
NC_059189.1	1551868	1551869	*	17	10	7	25	16	9	21	11	10	15	4	11	14	8	6	17	6	11	15	4	11	23	10	13	15	7	8	14	10	4	13	6	7	27	16	11	12	6	6	17	13	4	20	10	10	18	5	13	13	9	4	15	11	4	26	12	14
NC_059189.1	1551879	1551880	*	16	13	3	25	18	7	22	10	12	16	7	9	14	8	6	20	12	8	15	6	9	23	15	8	15	7	8	14	12	2	14	9	5	27	18	9	13	8	5	17	14	3	23	14	9	19	8	11	12	9	3	16	13	3	28	15	13
NC_059189.1	1569815	1569816	*	25	22	3	25	20	5	15	14	1	24	22	2	16	9	7	17	7	10	15	14	1	15	14	1	23	22	1	13	13	0	12	11	1	19	19	0	17	17	0	15	14	1	17	7	10	35	32	3	20	19	1	25	22	3	31	13	18
NC_059189.1	1668463	1668464	*	25	25	0	17	15	2	13	13	0	10	9	1	13	13	0	15	15	0	22	22	0	24	22	2	11	11	0	18	18	0	11	11	0	21	18	3	16	15	1	16	16	0	19	17	2	27	25	2	20	19	1	11	11	0	14	14	0
NC_059189.1	1668515	1668516	*	24	24	0	19	6	13	14	14	0	10	10	0	15	13	2	17	8	9	20	10	10	25	23	2	13	12	1	13	12	1	18	16	2	24	24	0	16	15	1	21	21	0	19	7	12	21	19	2	18	15	3	11	9	2	19	7	12
NC_059189.1	1668539	1668540	*	26	24	2	18	17	1	16	16	0	10	10	0	17	17	0	20	20	0	22	21	1	23	20	3	10	9	1	13	11	2	21	20	1	23	20	3	17	15	2	23	22	1	21	18	3	19	19	0	17	17	0	12	11	1	21	18	3
NC_059189.1	1668604	1668605	*	25	25	0	18	16	2	12	11	1	16	15	1	22	22	0	25	22	3	19	19	0	23	23	0	14	11	3	13	11	2	24	22	2	19	18	1	14	11	3	25	25	0	23	22	1	17	16	1	20	19	1	14	13	1	26	25	1
NC_059189.1	1668621	1668622	*	28	25	3	18	17	1	13	12	1	19	19	0	21	20	1	28	26	2	18	18	0	23	22	1	14	13	1	17	16	1	24	23	1	24	23	1	11	10	1	26	26	0	26	25	1	17	17	0	22	20	2	13	12	1	28	27	1
NC_059189.1	1668647	1668648	*	30	29	1	21	21	0	14	14	0	19	19	0	19	19	0	29	28	1	15	13	2	22	19	3	17	16	1	22	19	3	25	23	2	23	23	0	15	14	1	28	24	4	23	23	0	19	18	1	19	17	2	20	19	1	28	27	1
NC_059189.1	1671718	1671719	*	12	11	1	19	18	1	28	27	1	17	16	1	14	13	1	24	24	0	17	17	0	16	14	2	11	11	0	14	14	0	14	12	2	19	18	1	13	11	2	13	12	1	21	21	0	22	21	1	19	19	0	21	18	3	35	33	2
NC_059189.1	1671872	1671873	*	16	14	2	14	12	2	26	25	1	25	23	2	14	14	0	14	13	1	13	10	3	16	15	1	17	16	1	20	20	0	18	17	1	18	16	2	15	14	1	16	15	1	29	28	1	23	22	1	20	18	2	11	11	0	36	31	5
NC_059189.1	1671891	1671892	*	17	14	3	16	14	2	23	22	1	22	22	0	17	16	1	14	14	0	12	11	1	21	19	2	19	17	2	20	19	1	19	18	1	17	17	0	13	12	1	18	17	1	29	28	1	22	22	0	20	17	3	10	10	0	38	36	2
NC_059189.1	1671970	1671971	*	21	20	1	26	23	3	19	18	1	21	19	2	20	20	0	21	19	2	21	21	0	19	18	1	24	24	0	18	17	1	19	19	0	19	17	2	17	15	2	18	15	3	41	39	2	25	23	2	32	29	3	19	17	2	38	38	0
NC_059189.1	1672039	1672040	*	22	22	0	24	22	2	21	21	0	24	23	1	23	22	1	25	25	0	24	22	2	14	12	2	25	23	2	12	12	0	19	18	1	23	22	1	19	18	1	19	17	2	36	34	2	30	28	2	34	32	2	23	21	2	41	37	4
NC_059189.1	1675254	1675255	*	16	13	3	20	20	0	10	9	1	12	10	2	13	11	2	18	17	1	23	21	2	15	13	2	15	14	1	13	13	0	14	13	1	11	10	1	12	11	1	14	12	2	20	20	0	18	15	3	14	10	4	15	13	2	24	22	2
NC_059189.1	2023756	2023757	*	11	11	0	15	14	1	10	9	1	10	10	0	10	10	0	14	14	0	15	15	0	12	10	2	11	11	0	17	16	1	13	10	3	11	11	0	10	10	0	17	17	0	20	20	0	19	18	1	19	18	1	11	10	1	23	20	3
NC_059189.1	2067083	2067084	*	13	13	0	14	13	1	15	15	0	10	10	0	10	10	0	20	20	0	15	15	0	13	12	1	12	11	1	18	17	1	14	14	0	21	21	0	16	14	2	25	25	0	17	15	2	24	24	0	21	21	0	12	12	0	27	25	2
NC_059189.1	2071012	2071013	*	24	5	19	26	11	15	23	13	10	15	10	5	18	15	3	20	16	4	22	18	4	11	7	4	13	9	4	15	5	10	13	5	8	24	15	9	20	19	1	21	4	17	32	26	6	20	18	2	32	4	28	26	25	1	20	12	8
NC_059189.1	2074006	2074007	*	13	5	8	17	0	17	10	0	10	18	0	18	17	0	17	16	0	16	24	24	0	18	0	18	16	0	16	19	12	7	17	0	17	30	1	29	13	7	6	17	0	17	28	0	28	25	9	16	18	3	15	15	0	15	28	1	27
NC_059189.1	2109433	2109434	*	11	10	1	17	15	2	13	12	1	13	5	8	12	6	6	15	5	10	18	6	12	13	6	7	10	6	4	22	19	3	14	12	2	21	20	1	17	16	1	13	13	0	19	17	2	27	15	12	22	21	1	13	13	0	26	25	1
NC_059189.1	2109580	2109581	*	13	13	0	22	21	1	18	17	1	16	16	0	12	11	1	20	19	1	12	12	0	17	16	1	11	11	0	10	10	0	17	17	0	16	16	0	14	13	1	10	10	0	14	14	0	28	12	16	25	25	0	15	15	0	24	23	1
NC_059189.1	2319121	2319122	*	11	11	0	21	20	1	12	11	1	13	11	2	11	10	1	19	18	1	30	25	5	14	14	0	12	10	2	20	19	1	20	18	2	38	35	3	28	23	5	17	14	3	32	29	3	21	19	2	24	21	3	22	20	2	31	25	6
NC_059189.1	2319180	2319181	*	26	26	0	25	24	1	16	16	0	17	17	0	15	15	0	24	22	2	22	21	1	15	15	0	13	12	1	19	18	1	21	21	0	37	36	1	29	27	2	25	24	1	30	28	2	26	25	1	25	24	1	29	29	0	34	32	2
NC_059189.1	2319201	2319202	*	27	25	2	24	24	0	18	18	0	18	18	0	16	16	0	21	20	1	22	22	0	15	15	0	15	14	1	18	18	0	21	21	0	35	35	0	29	28	1	24	23	1	31	30	1	27	26	1	24	23	1	29	27	2	37	36	1
NC_059189.1	2319242	2319243	*	27	25	2	22	22	0	20	19	1	18	17	1	16	16	0	18	18	0	18	18	0	13	13	0	19	18	1	16	15	1	17	16	1	31	31	0	27	25	2	21	19	2	28	28	0	25	24	1	17	15	2	27	26	1	37	34	3
NC_059189.1	2500132	2500133	*	17	5	12	28	12	16	10	0	10	11	0	11	11	0	11	12	0	12	14	8	6	12	0	12	10	0	10	11	0	11	12	0	12	19	12	7	22	4	18	10	0	10	23	0	23	23	0	23	15	7	8	18	0	18	28	10	18
NC_059189.1	2521910	2521911	*	16	16	0	16	16	0	12	7	5	16	13	3	14	11	3	16	7	9	30	27	3	13	12	1	11	11	0	20	19	1	19	18	1	24	23	1	18	17	1	17	17	0	22	22	0	20	19	1	25	25	0	17	14	3	31	28	3
NC_059189.1	2522015	2522016	*	19	18	1	16	15	1	11	11	0	15	14	1	15	15	0	18	17	1	26	22	4	12	12	0	10	10	0	20	20	0	20	20	0	25	25	0	15	15	0	12	12	0	20	20	0	16	16	0	15	14	1	10	10	0	30	30	0
NC_059189.1	2675397	2675398	*	30	20	10	30	15	15	27	17	10	34	20	14	21	13	8	37	30	7	47	31	16	15	13	2	15	13	2	36	25	11	20	13	7	30	24	6	29	16	13	53	28	25	28	12	16	34	22	12	30	26	4	25	16	9	34	24	10
NC_059189.1	2675484	2675485	*	33	20	13	34	31	3	22	10	12	50	28	22	18	12	6	39	24	15	46	37	9	10	8	2	16	9	7	37	23	14	22	17	5	41	32	9	31	21	10	52	29	23	28	17	11	48	32	16	45	41	4	36	15	21	36	33	3
NC_059189.1	2729893	2729894	*	16	14	2	19	12	7	11	10	1	14	11	3	18	14	4	17	14	3	19	16	3	16	11	5	14	11	3	10	7	3	14	9	5	16	13	3	13	7	6	18	16	2	19	12	7	23	13	10	19	10	9	18	10	8	18	8	10
NC_059189.1	2729926	2729927	*	13	12	1	15	14	1	13	13	0	11	11	0	18	18	0	21	21	0	16	16	0	15	15	0	15	15	0	12	12	0	13	13	0	15	15	0	13	12	1	16	15	1	20	19	1	21	20	1	20	18	2	18	18	0	18	17	1
NC_059189.1	2729931	2729932	*	13	11	2	14	10	4	14	13	1	10	8	2	16	15	1	21	21	0	16	16	0	15	14	1	14	14	0	12	11	1	12	10	2	15	15	0	11	10	1	16	16	0	20	17	3	21	20	1	20	19	1	18	15	3	19	18	1
NC_059189.1	2802790	2802791	*	20	19	1	11	10	1	17	16	1	13	11	2	13	12	1	26	25	1	25	23	2	10	10	0	14	13	1	19	19	0	11	11	0	20	20	0	12	12	0	15	15	0	12	12	0	14	14	0	14	13	1	20	20	0	23	23	0
NC_059189.1	2802811	2802812	*	18	16	2	11	11	0	16	14	2	14	14	0	16	15	1	30	29	1	26	25	1	11	10	1	17	12	5	20	19	1	15	14	1	22	22	0	16	11	5	16	16	0	14	12	2	17	16	1	19	18	1	21	20	1	27	27	0
NC_059189.1	2802946	2802947	*	24	23	1	18	17	1	16	16	0	15	15	0	18	17	1	32	31	1	19	18	1	16	15	1	15	14	1	23	23	0	28	27	1	27	26	1	13	12	1	15	14	1	22	22	0	28	27	1	27	27	0	17	16	1	30	27	3
NC_059189.1	2802969	2802970	*	23	22	1	16	14	2	16	16	0	12	11	1	16	16	0	27	25	2	17	16	1	13	13	0	16	15	1	22	20	2	26	26	0	25	23	2	11	11	0	14	14	0	26	25	1	25	24	1	26	26	0	14	13	1	28	27	1
NC_059189.1	2818052	2818053	*	12	12	0	10	9	1	13	12	1	11	11	0	27	27	0	16	15	1	15	14	1	15	14	1	15	15	0	10	10	0	15	15	0	23	22	1	12	11	1	18	17	1	26	25	1	24	23	1	16	16	0	16	16	0	20	20	0
NC_059189.1	2868322	2868323	*	21	19	2	10	9	1	16	10	6	13	13	0	14	14	0	18	17	1	19	18	1	14	6	8	12	12	0	15	13	2	16	16	0	16	14	2	22	21	1	23	23	0	14	14	0	14	13	1	18	14	4	22	20	2	19	17	2
NC_059189.1	2868337	2868338	*	20	20	0	12	10	2	15	9	6	13	12	1	17	17	0	16	14	2	21	20	1	19	7	12	12	11	1	15	15	0	18	17	1	17	16	1	21	20	1	20	20	0	17	17	0	15	14	1	20	18	2	23	21	2	19	16	3
NC_059189.1	2979737	2979738	*	27	24	3	11	11	0	16	15	1	18	18	0	13	13	0	17	16	1	14	14	0	20	20	0	14	12	2	21	19	2	11	9	2	19	16	3	13	12	1	13	13	0	19	18	1	25	24	1	15	14	1	13	11	2	25	24	1
NC_059189.1	2985191	2985192	*	14	13	1	22	19	3	12	11	1	11	9	2	13	12	1	14	12	2	22	22	0	18	17	1	12	11	1	17	16	1	19	18	1	20	18	2	19	17	2	20	20	0	17	16	1	24	24	0	11	11	0	10	9	1	26	26	0
NC_059189.1	3021307	3021308	*	12	10	2	14	14	0	14	13	1	20	19	1	24	13	11	32	18	14	20	7	13	19	17	2	17	16	1	10	5	5	16	16	0	15	15	0	22	15	7	19	13	6	19	16	3	23	21	2	12	12	0	19	14	5	18	18	0
NC_059189.1	3057626	3057627	*	26	26	0	20	19	1	14	13	1	15	15	0	16	16	0	18	15	3	18	18	0	14	13	1	14	14	0	19	18	1	18	16	2	21	20	1	16	16	0	20	18	2	23	21	2	18	18	0	16	13	3	19	18	1	22	22	0
NC_059189.1	3057752	3057753	*	19	18	1	20	18	2	16	15	1	14	11	3	16	15	1	27	27	0	19	18	1	13	12	1	15	15	0	12	11	1	23	23	0	31	30	1	18	17	1	20	19	1	17	17	0	17	15	2	11	11	0	23	21	2	24	24	0
NC_059189.1	3057785	3057786	*	16	16	0	21	21	0	14	14	0	14	14	0	15	15	0	28	26	2	18	18	0	13	11	2	15	15	0	11	11	0	26	26	0	29	28	1	15	15	0	22	22	0	21	21	0	17	16	1	13	12	1	20	20	0	26	25	1
NC_059189.1	3171474	3171475	*	21	19	2	17	14	3	16	16	0	10	10	0	11	11	0	23	22	1	14	14	0	13	13	0	14	13	1	21	19	2	14	13	1	22	21	1	18	17	1	13	12	1	13	13	0	15	14	1	13	12	1	18	18	0	18	16	2
NC_059189.1	3171537	3171538	*	23	23	0	24	21	3	17	17	0	16	15	1	13	13	0	23	20	3	20	20	0	14	13	1	16	14	2	17	15	2	25	24	1	25	24	1	18	17	1	15	14	1	21	19	2	18	17	1	20	17	3	20	20	0	16	15	1
NC_059189.1	3171563	3171564	*	23	22	1	27	23	4	17	16	1	16	15	1	14	14	0	20	18	2	17	16	1	16	15	1	14	13	1	18	17	1	24	22	2	25	24	1	19	18	1	16	16	0	20	18	2	20	19	1	22	19	3	18	18	0	15	14	1
NC_059189.1	3171622	3171623	*	19	19	0	27	24	3	19	17	2	13	11	2	13	13	0	17	11	6	18	15	3	18	16	2	14	14	0	19	18	1	23	20	3	19	19	0	16	14	2	14	12	2	18	15	3	20	18	2	23	19	4	14	12	2	22	8	14
NC_059189.1	3488202	3488203	*	15	12	3	22	19	3	11	7	4	13	9	4	12	8	4	18	17	1	10	9	1	11	5	6	10	8	2	14	12	2	11	6	5	25	21	4	15	14	1	25	22	3	14	11	3	10	6	4	14	13	1	19	15	4	18	17	1
NC_059189.1	3589017	3589018	*	24	22	2	13	13	0	15	15	0	16	16	0	11	11	0	15	15	0	11	11	0	14	12	2	13	13	0	15	15	0	18	16	2	20	18	2	14	13	1	22	21	1	20	18	2	28	26	2	13	12	1	13	13	0	36	35	1
NC_059189.1	3605514	3605515	*	12	12	0	19	18	1	18	17	1	13	12	1	21	19	2	12	11	1	13	11	2	13	10	3	22	22	0	17	16	1	18	17	1	19	17	2	13	12	1	16	14	2	14	13	1	11	11	0	18	18	0	14	13	1	25	21	4
NC_059189.1	3605518	3605519	*	12	11	1	19	19	0	18	17	1	13	11	2	20	19	1	12	12	0	14	14	0	11	11	0	21	20	1	17	15	2	17	17	0	19	17	2	13	13	0	16	12	4	12	11	1	11	10	1	16	14	2	14	13	1	26	24	2
NC_059189.1	3694740	3694741	*	14	5	9	16	12	4	14	13	1	16	0	16	13	0	13	18	6	12	18	9	9	15	10	5	14	12	2	23	11	12	10	2	8	22	12	10	19	8	11	17	10	7	22	20	2	15	14	1	21	20	1	17	0	17	23	21	2
NC_059189.1	3694794	3694795	*	14	7	7	12	2	10	13	0	13	17	0	17	15	0	15	13	0	13	13	5	8	15	11	4	15	8	7	28	12	16	12	0	12	20	9	11	19	8	11	18	0	18	27	14	13	15	4	11	21	15	6	26	0	26	24	10	14
NC_059189.1	3794054	3794055	*	11	4	7	16	5	11	20	19	1	15	4	11	11	5	6	17	0	17	18	5	13	14	9	5	17	6	11	13	6	7	28	14	14	17	17	0	17	16	1	20	20	0	17	10	7	18	8	10	14	12	2	15	15	0	28	27	1
NC_059189.1	3940584	3940585	*	12	6	6	13	10	3	15	10	5	16	10	6	10	10	0	25	20	5	11	8	3	13	10	3	22	11	11	16	6	10	13	7	6	22	9	13	14	11	3	16	11	5	22	18	4	21	11	10	11	10	1	16	14	2	23	20	3
NC_059189.1	3953767	3953768	*	28	9	19	30	0	30	17	0	17	11	7	4	24	9	15	16	3	13	26	13	13	13	10	3	21	0	21	16	6	10	20	2	18	31	0	31	23	8	15	19	0	19	18	2	16	16	6	10	26	0	26	22	6	16	34	0	34
NC_059189.1	4011765	4011766	*	13	13	0	14	13	1	15	15	0	13	13	0	13	13	0	16	16	0	19	16	3	18	18	0	13	13	0	19	18	1	25	25	0	20	19	1	20	19	1	25	23	2	32	31	1	26	26	0	10	10	0	13	13	0	25	22	3
NC_059189.1	4011822	4011823	*	13	13	0	15	15	0	16	14	2	15	14	1	14	14	0	19	18	1	18	18	0	22	20	2	17	16	1	20	20	0	31	30	1	18	18	0	22	21	1	25	24	1	33	32	1	26	26	0	12	12	0	14	13	1	33	31	2
NC_059189.1	4071746	4071747	*	19	15	4	26	22	4	23	22	1	21	14	7	16	15	1	22	19	3	15	13	2	18	15	3	14	12	2	20	19	1	16	13	3	23	19	4	12	12	0	21	20	1	24	21	3	20	15	5	15	13	2	18	16	2	22	18	4
NC_059189.1	4098964	4098965	*	18	10	8	11	7	4	13	7	6	12	10	2	11	11	0	18	5	13	14	12	2	17	14	3	10	9	1	20	18	2	10	8	2	19	15	4	11	9	2	19	16	3	29	25	4	20	17	3	16	16	0	14	11	3	17	14	3
NC_059189.1	4107800	4107801	*	17	16	1	23	16	7	19	19	0	17	17	0	12	12	0	20	17	3	22	18	4	21	20	1	14	14	0	14	13	1	24	23	1	19	19	0	29	28	1	15	15	0	22	21	1	28	28	0	28	25	3	17	16	1	26	23	3
NC_059189.1	4107868	4107869	*	16	15	1	16	14	2	21	19	2	17	17	0	15	13	2	25	24	1	19	17	2	22	20	2	12	12	0	23	18	5	41	41	0	24	16	8	24	21	3	16	15	1	23	20	3	26	25	1	28	27	1	21	12	9	29	26	3
NC_059189.1	4107880	4107881	*	16	14	2	16	15	1	23	20	3	17	17	0	14	14	0	22	20	2	18	18	0	23	22	1	13	13	0	23	19	4	40	40	0	24	16	8	23	20	3	17	17	0	22	21	1	25	25	0	28	27	1	22	13	9	29	26	3
NC_059189.1	4107909	4107910	*	15	12	3	12	10	2	23	19	4	18	18	0	15	13	2	20	16	4	14	13	1	20	17	3	13	7	6	23	14	9	37	31	6	25	15	10	18	16	2	19	15	4	20	16	4	22	18	4	28	28	0	19	10	9	27	8	19
NC_059189.1	4245705	4245706	*	17	7	10	14	6	8	14	13	1	13	3	10	14	7	7	19	5	14	16	10	6	16	8	8	12	0	12	15	8	7	10	4	6	12	6	6	20	18	2	24	22	2	35	30	5	26	21	5	12	6	6	11	11	0	27	9	18
NC_059189.1	4459971	4459972	*	26	25	1	25	21	4	11	11	0	17	16	1	13	11	2	14	13	1	14	11	3	23	21	2	12	11	1	11	10	1	14	14	0	11	9	2	17	16	1	13	13	0	24	22	2	25	23	2	15	14	1	14	14	0	17	16	1
NC_059189.1	4460043	4460044	*	32	30	2	26	25	1	12	11	1	15	14	1	19	19	0	12	12	0	12	10	2	25	25	0	14	14	0	12	11	1	15	15	0	16	16	0	20	19	1	17	17	0	24	23	1	24	21	3	19	19	0	13	13	0	29	28	1
NC_059189.1	4488675	4488676	*	24	19	5	27	22	5	17	9	8	31	29	2	21	19	2	26	23	3	26	21	5	21	12	9	20	18	2	24	21	3	25	14	11	27	9	18	18	15	3	22	21	1	33	27	6	25	19	6	25	25	0	17	5	12	31	21	10
NC_059189.1	4488802	4488803	*	33	32	1	40	37	3	38	32	6	38	38	0	40	38	2	32	23	9	47	44	3	39	37	2	32	26	6	40	36	4	35	33	2	47	36	11	35	33	2	39	38	1	50	49	1	47	37	10	46	45	1	39	29	10	61	47	14
NC_059189.1	4488881	4488882	*	19	18	1	32	31	1	38	36	2	30	29	1	27	27	0	28	26	2	43	39	4	34	32	2	32	25	7	32	31	1	22	20	2	42	37	5	26	23	3	36	35	1	51	49	2	59	58	1	38	36	2	27	27	0	56	55	1
NC_059189.1	4503732	4503733	*	17	14	3	19	16	3	16	14	2	12	11	1	15	12	3	19	17	2	17	16	1	11	9	2	20	17	3	20	18	2	12	9	3	24	8	16	14	13	1	23	22	1	20	20	0	19	14	5	15	13	2	19	15	4	25	21	4
NC_059189.1	4503940	4503941	*	10	9	1	13	12	1	23	22	1	12	12	0	19	18	1	13	11	2	13	11	2	12	11	1	13	13	0	11	11	0	13	13	0	21	18	3	16	14	2	12	12	0	27	25	2	22	19	3	17	14	3	12	11	1	25	24	1
NC_059189.1	4504181	4504182	*	12	10	2	19	18	1	13	12	1	11	11	0	11	11	0	22	22	0	14	14	0	13	13	0	10	7	3	14	13	1	15	12	3	23	22	1	21	20	1	18	18	0	17	17	0	23	22	1	13	13	0	15	15	0	19	19	0
NC_059189.1	4956703	4956704	*	12	12	0	18	17	1	16	15	1	17	17	0	16	16	0	25	23	2	15	15	0	10	10	0	10	10	0	22	20	2	15	15	0	26	25	1	20	20	0	13	13	0	17	15	2	16	16	0	13	13	0	13	13	0	22	20	2
NC_059189.1	5012480	5012481	*	27	24	3	15	13	2	15	14	1	23	21	2	13	13	0	21	20	1	17	17	0	17	16	1	15	14	1	12	11	1	12	12	0	17	16	1	14	13	1	14	13	1	12	10	2	24	23	1	18	17	1	13	12	1	14	14	0
NC_059189.1	5855455	5855456	*	10	10	0	22	21	1	13	12	1	12	11	1	11	11	0	11	11	0	11	11	0	11	11	0	13	13	0	13	13	0	12	12	0	33	32	1	12	9	3	17	17	0	17	17	0	13	13	0	16	14	2	17	17	0	26	23	3
NC_059189.1	6068875	6068876	*	16	3	13	35	0	35	23	0	23	31	1	30	22	0	22	22	0	22	43	0	43	30	0	30	19	1	18	22	0	22	19	0	19	36	0	36	19	0	19	20	0	20	34	1	33	62	1	61	25	0	25	27	0	27	60	0	60
NC_059189.1	6381249	6381250	*	10	10	0	15	14	1	11	11	0	14	13	1	11	11	0	21	19	2	13	12	1	16	15	1	10	10	0	15	15	0	14	14	0	10	9	1	15	13	2	14	13	1	22	21	1	11	11	0	12	12	0	15	14	1	17	16	1
NC_059189.1	6538203	6538204	*	34	10	24	33	4	29	16	1	15	16	0	16	28	2	26	30	8	22	15	1	14	25	1	24	21	1	20	24	3	21	30	11	19	36	4	32	32	16	16	26	1	25	43	4	39	23	1	22	27	1	26	21	1	20	35	3	32
NC_059189.1	6538255	6538256	*	31	27	4	29	27	2	17	16	1	15	14	1	26	25	1	25	25	0	16	14	2	24	22	2	20	19	1	27	26	1	27	25	2	36	32	4	28	24	4	25	24	1	42	39	3	28	25	3	32	31	1	26	24	2	32	32	0
NC_059189.1	6538274	6538275	*	26	23	3	26	23	3	14	13	1	16	15	1	25	25	0	22	22	0	17	17	0	24	21	3	17	16	1	25	25	0	26	25	1	33	31	2	24	23	1	23	23	0	35	35	0	25	23	2	25	25	0	22	22	0	28	28	0
NC_059189.1	6538289	6538290	*	22	21	1	27	25	2	16	16	0	15	15	0	24	23	1	21	21	0	16	14	2	24	22	2	18	15	3	22	21	1	24	23	1	33	31	2	22	20	2	24	24	0	33	32	1	25	23	2	24	24	0	21	20	1	29	28	1
NC_059189.1	6538352	6538353	*	21	19	2	20	17	3	13	12	1	13	13	0	17	17	0	18	18	0	17	14	3	17	15	2	10	10	0	17	16	1	15	13	2	27	25	2	11	9	2	21	19	2	28	27	1	22	20	2	23	18	5	22	18	4	22	21	1
NC_059189.1	6765138	6765139	*	24	4	20	19	1	18	14	0	14	15	6	9	10	5	5	16	5	11	19	2	17	15	3	12	11	0	11	14	6	8	15	2	13	18	12	6	13	12	1	13	6	7	17	0	17	19	4	15	10	3	7	16	8	8	23	17	6
NC_059189.1	6785100	6785101	*	20	19	1	19	15	4	19	19	0	20	20	0	25	24	1	24	23	1	20	19	1	19	17	2	16	16	0	16	16	0	26	25	1	25	23	2	23	22	1	16	16	0	31	30	1	17	16	1	24	22	2	20	16	4	20	20	0
NC_059189.1	6785232	6785233	*	19	16	3	23	22	1	18	18	0	21	21	0	27	27	0	25	12	13	18	18	0	17	17	0	17	16	1	17	17	0	22	22	0	27	27	0	25	24	1	14	12	2	33	30	3	12	12	0	27	14	13	24	24	0	17	17	0
NC_059189.1	7440641	7440642	*	16	9	7	16	0	16	22	0	22	11	0	11	15	0	15	15	0	15	12	0	12	15	0	15	15	0	15	23	0	23	20	0	20	22	0	22	14	0	14	20	1	19	23	0	23	15	0	15	25	0	25	11	0	11	25	0	25
NC_059189.1	7536906	7536907	*	45	6	39	28	0	28	27	0	27	26	0	26	25	0	25	17	0	17	24	0	24	16	0	16	21	1	20	37	0	37	30	0	30	23	0	23	24	1	23	22	0	22	36	7	29	29	0	29	23	1	22	15	0	15	39	0	39
NC_059189.1	7536970	7536971	*	48	8	40	24	0	24	25	0	25	24	0	24	30	0	30	13	0	13	26	0	26	20	0	20	26	1	25	39	2	37	24	0	24	25	0	25	22	3	19	23	0	23	47	8	39	30	1	29	26	0	26	16	0	16	37	0	37
NC_059189.1	7536992	7536993	*	46	6	40	28	0	28	24	0	24	26	0	26	29	0	29	16	0	16	29	0	29	26	0	26	26	0	26	42	0	42	25	0	25	26	1	25	20	1	19	26	0	26	47	8	39	29	0	29	28	0	28	16	0	16	39	1	38
NC_059189.1	7537054	7537055	*	45	8	37	28	0	28	24	0	24	28	0	28	29	2	27	16	0	16	36	0	36	31	0	31	35	0	35	37	1	36	23	0	23	24	0	24	22	5	17	33	0	33	47	8	39	35	5	30	39	0	39	25	2	23	47	4	43
NC_059189.1	7537140	7537141	*	52	10	42	25	1	24	22	0	22	33	0	33	42	0	42	18	0	18	41	0	41	27	1	26	39	2	37	44	3	41	32	0	32	33	0	33	20	3	17	33	2	31	63	9	54	42	5	37	39	1	38	25	1	24	51	6	45
NC_059189.1	7537226	7537227	*	58	16	42	33	1	32	28	0	28	30	3	27	60	5	55	19	0	19	48	2	46	26	0	26	34	2	32	49	2	47	45	8	37	40	16	24	27	3	24	33	4	29	86	16	70	48	3	45	45	3	42	20	1	19	62	5	57
NC_059189.1	7537312	7537313	*	66	11	55	52	0	52	32	0	32	34	0	34	54	1	53	37	0	37	47	1	46	30	2	28	28	1	27	60	0	60	61	1	60	44	1	43	29	0	29	37	0	37	84	7	77	52	0	52	44	0	44	30	0	30	64	2	62
NC_059189.1	7540514	7540515	*	16	4	12	26	0	26	22	0	22	16	0	16	24	0	24	24	0	24	21	0	21	12	0	12	21	0	21	25	0	25	27	0	27	15	0	15	22	0	22	19	0	19	26	0	26	24	0	24	18	0	18	14	0	14	37	1	36
NC_059189.1	7833445	7833446	*	17	17	0	28	27	1	14	14	0	15	15	0	14	14	0	33	31	2	15	10	5	18	17	1	10	9	1	26	23	3	25	21	4	24	23	1	17	17	0	24	21	3	22	18	4	21	19	2	23	21	2	12	11	1	32	29	3
NC_059189.1	7833481	7833482	*	15	15	0	21	21	0	15	12	3	14	14	0	12	11	1	27	25	2	17	13	4	15	13	2	13	10	3	24	22	2	23	20	3	24	20	4	14	12	2	22	20	2	23	21	2	23	20	3	21	19	2	17	12	5	30	27	3
NC_059189.1	7833515	7833516	*	17	15	2	21	21	0	18	16	2	15	14	1	14	14	0	29	26	3	18	16	2	13	13	0	11	11	0	26	22	4	22	20	2	23	22	1	15	15	0	23	20	3	23	20	3	23	22	1	19	16	3	19	16	3	31	29	2
NC_059189.1	7833543	7833544	*	15	15	0	18	17	1	16	16	0	16	14	2	11	11	0	29	27	2	19	15	4	14	14	0	11	11	0	24	24	0	20	18	2	19	19	0	14	14	0	21	19	2	23	20	3	22	21	1	19	18	1	19	17	2	30	28	2
NC_059189.1	7833569	7833570	*	17	16	1	18	15	3	14	14	0	14	14	0	14	13	1	30	29	1	16	16	0	15	12	3	12	12	0	27	26	1	19	17	2	22	22	0	13	13	0	21	21	0	22	18	4	22	20	2	19	19	0	15	14	1	33	32	1
NC_059189.1	7833669	7833670	*	17	14	3	21	21	0	13	12	1	18	15	3	19	18	1	19	19	0	17	14	3	14	14	0	12	11	1	26	22	4	13	12	1	23	19	4	13	12	1	15	13	2	30	27	3	21	15	6	16	15	1	21	18	3	37	30	7
NC_059189.1	7833674	7833675	*	17	12	5	21	15	6	13	11	2	18	15	3	19	13	6	18	17	1	17	15	2	13	13	0	12	7	5	27	21	6	13	12	1	24	16	8	12	10	2	15	10	5	31	25	6	19	11	8	16	14	2	22	17	5	36	29	7
NC_059189.1	7833680	7833681	*	19	14	5	21	20	1	13	12	1	18	14	4	18	16	2	18	16	2	16	15	1	12	10	2	12	10	2	29	25	4	14	11	3	24	21	3	13	12	1	13	12	1	31	28	3	19	14	5	14	12	2	21	19	2	35	28	7
NC_059189.1	7833713	7833714	*	19	16	3	20	20	0	12	10	2	14	12	2	17	16	1	22	21	1	15	15	0	13	13	0	12	11	1	30	30	0	14	13	1	23	23	0	12	11	1	15	15	0	30	27	3	22	20	2	16	15	1	25	22	3	41	37	4
NC_059189.1	7833753	7833754	*	17	17	0	21	21	0	16	14	2	17	17	0	15	14	1	21	18	3	15	14	1	12	12	0	14	13	1	34	33	1	13	13	0	24	21	3	15	13	2	16	16	0	28	26	2	23	23	0	19	19	0	27	26	1	43	42	1
NC_059189.1	7843988	7843989	*	16	15	1	18	18	0	17	17	0	22	21	1	12	11	1	21	20	1	21	20	1	13	13	0	13	13	0	18	18	0	11	11	0	14	13	1	21	20	1	24	23	1	30	28	2	25	24	1	14	14	0	15	14	1	31	31	0
NC_059189.1	8092392	8092393	*	43	8	35	42	0	42	18	0	18	25	0	25	24	0	24	39	1	38	22	0	22	28	0	28	16	0	16	22	1	21	16	0	16	24	0	24	30	0	30	51	0	51	74	3	71	34	0	34	27	1	26	10	0	10	47	0	47
NC_059189.1	8865217	8865218	*	18	17	1	17	16	1	14	12	2	16	15	1	18	18	0	13	10	3	18	16	2	17	15	2	10	9	1	16	14	2	11	11	0	27	23	4	25	19	6	19	18	1	20	16	4	20	15	5	20	20	0	12	12	0	15	14	1
NC_059189.1	8865370	8865371	*	16	14	2	17	15	2	15	12	3	13	13	0	13	13	0	16	16	0	14	14	0	20	19	1	18	16	2	17	16	1	15	14	1	21	20	1	23	20	3	16	15	1	23	22	1	15	13	2	23	23	0	18	15	3	23	21	2
NC_059189.1	8865383	8865384	*	16	15	1	18	16	2	13	12	1	11	11	0	18	17	1	17	17	0	13	13	0	21	17	4	19	17	2	16	15	1	14	12	2	24	23	1	23	19	4	15	13	2	23	19	4	16	14	2	21	19	2	19	18	1	21	19	2
NC_059189.1	8865572	8865573	*	18	8	10	23	0	23	13	7	6	11	6	5	15	14	1	17	15	2	16	8	8	14	0	14	12	0	12	11	0	11	16	0	16	26	17	9	10	5	5	18	10	8	19	1	18	18	0	18	10	9	1	13	0	13	17	0	17
NC_059189.1	8875251	8875252	*	43	39	4	30	26	4	11	8	3	33	33	0	20	15	5	33	31	2	33	30	3	15	15	0	21	21	0	25	25	0	25	19	6	42	35	7	22	16	6	16	16	0	19	15	4	22	21	1	11	8	3	26	18	8	31	24	7
NC_059189.1	9130648	9130649	*	21	18	3	11	10	1	19	15	4	11	8	3	12	10	2	12	11	1	15	14	1	14	11	3	11	9	2	11	10	1	11	10	1	17	13	4	17	14	3	19	18	1	28	25	3	11	11	0	14	13	1	19	15	4	25	21	4
NC_059189.1	9524579	9524580	*	22	20	2	15	15	0	12	12	0	21	21	0	18	18	0	22	21	1	18	18	0	12	12	0	10	10	0	18	18	0	24	22	2	22	21	1	28	26	2	18	17	1	25	23	2	18	16	2	22	22	0	21	21	0	21	18	3
NC_059189.1	9544617	9544618	*	17	8	9	17	3	14	15	2	13	17	7	10	15	10	5	18	2	16	10	1	9	14	1	13	20	7	13	19	14	5	15	2	13	13	0	13	14	2	12	15	1	14	21	2	19	29	11	18	16	0	16	16	1	15	26	3	23
NC_059189.1	9544655	9544656	*	14	12	2	17	16	1	14	14	0	18	17	1	17	17	0	15	14	1	10	10	0	15	13	2	17	17	0	18	18	0	14	14	0	15	14	1	13	13	0	14	13	1	18	16	2	25	24	1	16	15	1	15	14	1	23	23	0
NC_059189.1	9544670	9544671	*	14	14	0	20	19	1	15	15	0	19	18	1	16	16	0	15	14	1	11	11	0	14	13	1	18	17	1	19	18	1	12	12	0	16	14	2	13	13	0	15	14	1	19	17	2	24	24	0	10	9	1	13	12	1	22	22	0
NC_059189.1	9544726	9544727	*	17	14	3	23	20	3	14	8	6	21	18	3	15	15	0	15	11	4	17	11	6	11	10	1	18	13	5	13	13	0	15	15	0	22	12	10	15	12	3	18	15	3	25	21	4	21	12	9	17	15	2	13	11	2	22	13	9
NC_059189.1	9653908	9653909	*	21	7	14	18	0	18	14	7	7	14	0	14	15	10	5	12	0	12	12	0	12	15	13	2	12	1	11	15	9	6	10	1	9	12	4	8	21	0	21	19	7	12	14	8	6	12	0	12	23	0	23	16	0	16	12	0	12
NC_059189.1	9653921	9653922	*	22	8	14	17	10	7	14	7	7	14	4	10	15	10	5	10	5	5	12	3	9	15	14	1	12	3	9	16	9	7	13	13	0	13	12	1	23	0	23	19	6	13	16	16	0	11	10	1	23	0	23	17	15	2	11	11	0
NC_059189.1	9653940	9653941	*	24	11	13	18	7	11	14	4	10	17	5	12	16	10	6	16	7	9	13	4	9	18	18	0	11	4	7	17	9	8	21	19	2	11	9	2	27	1	26	19	5	14	19	18	1	13	13	0	24	0	24	19	18	1	17	17	0
NC_059189.1	10305918	10305919	*	13	11	2	16	11	5	15	10	5	13	8	5	11	10	1	17	14	3	12	8	4	11	8	3	18	11	7	11	6	5	10	9	1	19	14	5	14	13	1	13	10	3	10	5	5	23	18	5	16	14	2	11	8	3	15	11	4
NC_059189.1	10305924	10305925	*	13	10	3	15	4	11	14	8	6	13	6	7	12	10	2	16	7	9	14	10	4	11	8	3	17	8	9	11	8	3	12	9	3	19	13	6	15	11	4	14	10	4	11	6	5	23	14	9	16	14	2	12	8	4	16	13	3
NC_059189.1	10371914	10371915	*	13	12	1	12	9	3	21	16	5	18	16	2	18	16	2	25	23	2	11	4	7	14	12	2	10	10	0	11	11	0	15	12	3	31	29	2	15	11	4	16	13	3	26	22	4	17	16	1	13	8	5	16	15	1	22	20	2
NC_059189.1	10694740	10694741	*	26	23	3	18	18	0	20	17	3	14	12	2	12	12	0	18	15	3	19	18	1	17	16	1	13	9	4	15	15	0	19	15	4	29	24	5	18	16	2	14	14	0	22	17	5	21	18	3	25	23	2	20	18	2	25	20	5
NC_059189.1	10694878	10694879	*	23	20	3	20	18	2	18	17	1	14	14	0	14	13	1	16	16	0	14	12	2	16	16	0	12	12	0	14	14	0	20	18	2	32	32	0	19	18	1	20	19	1	32	27	5	17	15	2	21	21	0	21	19	2	30	28	2
NC_059189.1	10694899	10694900	*	22	15	7	21	16	5	16	14	2	14	12	2	14	11	3	14	10	4	16	14	2	15	15	0	11	10	1	14	10	4	21	16	5	33	26	7	18	15	3	20	17	3	34	25	9	20	15	5	16	14	2	18	17	1	24	22	2
NC_059189.1	10694901	10694902	*	22	17	5	20	18	2	16	15	1	14	13	1	14	12	2	14	10	4	16	14	2	15	14	1	11	10	1	14	13	1	20	17	3	32	27	5	17	16	1	20	18	2	34	29	5	20	15	5	16	13	3	17	15	2	24	22	2
NC_059189.1	10694906	10694907	*	22	15	7	18	10	8	16	11	5	14	11	3	14	5	9	14	10	4	14	12	2	14	14	0	13	9	4	14	12	2	18	13	5	31	21	10	17	13	4	21	14	7	34	23	11	20	11	9	15	11	4	17	7	10	24	21	3
NC_059189.1	10694988	10694989	*	13	13	0	13	11	2	14	14	0	14	13	1	11	7	4	14	13	1	12	10	2	19	17	2	10	10	0	16	16	0	12	11	1	24	24	0	15	15	0	25	22	3	34	33	1	17	17	0	19	19	0	12	5	7	18	17	1
NC_059189.1	10766625	10766626	*	13	6	7	20	13	7	15	13	2	17	12	5	23	21	2	16	11	5	12	7	5	12	10	2	12	6	6	15	12	3	15	6	9	16	12	4	16	13	3	19	14	5	17	9	8	19	5	14	28	19	9	25	16	9	18	16	2
NC_059189.1	10767606	10767607	*	18	3	15	23	4	19	16	6	10	19	5	14	19	4	15	17	5	12	24	6	18	12	7	5	20	6	14	14	5	9	20	5	15	20	7	13	10	3	7	14	5	9	16	4	12	26	10	16	28	9	19	25	8	17	21	10	11
NC_059189.1	10769648	10769649	*	22	18	4	21	13	8	22	11	11	21	11	10	14	14	0	22	9	13	13	7	6	16	7	9	18	11	7	10	6	4	11	7	4	22	12	10	17	13	4	14	7	7	28	18	10	38	20	18	19	14	5	18	13	5	16	9	7
NC_059189.1	10814893	10814894	*	16	15	1	24	24	0	14	13	1	10	10	0	11	11	0	20	19	1	18	17	1	19	18	1	18	18	0	14	14	0	19	16	3	28	24	4	19	19	0	14	14	0	18	18	0	28	26	2	16	15	1	20	20	0	28	26	2
NC_059189.1	10814920	10814921	*	17	17	0	25	25	0	15	14	1	10	9	1	14	14	0	23	22	1	17	17	0	16	14	2	20	20	0	15	14	1	19	19	0	31	29	2	20	19	1	16	15	1	19	19	0	31	31	0	16	14	2	21	20	1	30	29	1
NC_059189.1	10814959	10814960	*	18	18	0	27	26	1	15	12	3	13	12	1	20	20	0	23	22	1	16	15	1	19	17	2	20	17	3	14	14	0	22	20	2	28	26	2	25	24	1	14	12	2	19	17	2	32	30	2	16	15	1	21	21	0	34	34	0
NC_059189.1	10953315	10953316	*	30	8	22	31	8	23	43	12	31	39	14	25	28	9	19	36	8	28	28	8	20	46	17	29	33	10	23	39	14	25	19	4	15	33	8	25	29	11	18	49	10	39	51	26	25	64	12	52	35	14	21	22	6	16	30	5	25
NC_059189.1	10959440	10959441	*	15	14	1	17	17	0	16	16	0	16	16	0	13	13	0	12	10	2	14	14	0	15	15	0	13	13	0	10	10	0	10	9	1	16	15	1	13	9	4	13	12	1	15	15	0	23	23	0	10	9	1	17	17	0	20	20	0
NC_059189.1	11028465	11028466	*	25	5	20	39	23	16	22	8	14	24	11	13	23	13	10	30	12	18	27	10	17	23	9	14	30	14	16	26	7	19	15	6	9	42	15	27	21	10	11	21	4	17	36	18	18	26	17	9	31	15	16	27	14	13	22	3	19
NC_059189.1	11028467	11028468	*	27	12	15	39	22	17	22	8	14	24	11	13	23	13	10	31	14	17	27	9	18	23	9	14	29	14	15	27	7	20	15	9	6	42	16	26	19	8	11	21	13	8	36	17	19	26	17	9	31	15	16	28	13	15	27	16	11
NC_059190.1	45609	45610	*	21	18	3	23	21	2	18	15	3	21	20	1	18	17	1	18	16	2	15	15	0	14	14	0	14	14	0	19	18	1	18	15	3	22	21	1	18	14	4	24	22	2	27	27	0	32	28	4	17	17	0	23	22	1	30	28	2
NC_059190.1	45735	45736	*	16	15	1	20	18	2	15	15	0	20	18	2	12	12	0	16	16	0	14	13	1	10	8	2	10	9	1	15	14	1	11	3	8	20	20	0	18	17	1	20	19	1	25	24	1	14	11	3	24	22	2	23	20	3	24	23	1
NC_059190.1	52054	52055	*	13	5	8	15	0	15	12	0	12	11	11	0	12	0	12	17	5	12	16	5	11	19	9	10	14	6	8	25	0	25	15	9	6	18	0	18	21	11	10	13	12	1	27	11	16	19	9	10	17	5	12	20	6	14	16	6	10
NC_059190.1	52062	52063	*	12	10	2	16	16	0	12	11	1	11	10	1	12	12	0	18	18	0	16	16	0	20	19	1	15	14	1	26	26	0	16	13	3	18	18	0	21	18	3	13	13	0	27	26	1	19	17	2	16	10	6	22	21	1	17	14	3
NC_059190.1	52176	52177	*	10	8	2	14	13	1	13	13	0	14	14	0	11	11	0	15	14	1	15	15	0	22	20	2	11	10	1	20	20	0	16	15	1	17	17	0	14	13	1	15	15	0	26	23	3	21	21	0	16	15	1	35	34	1	24	23	1
NC_059190.1	96307	96308	*	19	15	4	17	17	0	11	11	0	16	4	12	18	16	2	13	13	0	12	11	1	12	10	2	21	20	1	23	19	4	18	17	1	21	17	4	21	20	1	14	14	0	15	6	9	11	7	4	21	18	3	14	14	0	20	17	3
NC_059190.1	96310	96311	*	19	17	2	17	16	1	11	11	0	15	13	2	18	17	1	13	12	1	13	13	0	12	11	1	21	16	5	23	23	0	18	16	2	21	20	1	22	21	1	14	14	0	15	13	2	11	5	6	21	19	2	14	12	2	20	18	2
NC_059190.1	126232	126233	*	19	18	1	20	17	3	18	18	0	10	10	0	24	21	3	25	24	1	11	9	2	24	23	1	13	11	2	17	17	0	28	26	2	30	29	1	14	13	1	13	12	1	31	30	1	26	26	0	19	18	1	14	12	2	26	26	0
NC_059190.1	220595	220596	*	17	15	2	17	14	3	22	22	0	14	13	1	11	7	4	17	7	10	13	13	0	10	7	3	12	12	0	15	14	1	18	16	2	20	8	12	16	16	0	13	13	0	20	12	8	18	9	9	18	16	2	18	18	0	24	21	3
NC_059190.1	220639	220640	*	17	16	1	19	19	0	17	16	1	12	12	0	12	11	1	16	15	1	18	18	0	12	11	1	12	11	1	20	19	1	16	16	0	20	18	2	15	14	1	17	17	0	21	20	1	20	18	2	15	14	1	16	16	0	21	19	2
NC_059190.1	249219	249220	*	19	4	15	16	1	15	14	7	7	20	3	17	15	1	14	15	11	4	11	3	8	10	0	10	10	8	2	14	7	7	13	4	9	22	11	11	15	2	13	11	5	6	30	2	28	23	21	2	13	2	11	18	8	10	23	13	10
NC_059190.1	249359	249360	*	16	15	1	15	15	0	14	14	0	18	18	0	10	9	1	16	16	0	13	13	0	13	13	0	11	10	1	10	10	0	16	15	1	22	20	2	17	16	1	12	10	2	27	26	1	11	10	1	14	13	1	15	14	1	29	27	2
NC_059190.1	370257	370258	*	15	14	1	15	14	1	16	16	0	15	13	2	19	18	1	14	14	0	16	15	1	20	20	0	19	16	3	11	10	1	17	16	1	14	14	0	13	13	0	14	14	0	19	19	0	20	19	1	14	12	2	15	15	0	21	20	1
NC_059190.1	383625	383626	*	17	16	1	21	19	2	17	17	0	10	10	0	17	17	0	19	19	0	14	13	1	12	12	0	10	10	0	12	12	0	19	18	1	14	13	1	15	14	1	23	23	0	29	27	2	15	14	1	18	18	0	18	18	0	20	19	1
NC_059190.1	509845	509846	*	11	10	1	20	20	0	24	22	2	15	14	1	21	20	1	22	21	1	19	18	1	22	19	3	14	14	0	19	18	1	19	19	0	24	23	1	19	16	3	19	18	1	33	30	3	28	27	1	14	12	2	13	13	0	29	27	2
NC_059190.1	509881	509882	*	13	12	1	18	15	3	23	22	1	15	14	1	22	21	1	23	20	3	18	16	2	24	22	2	15	15	0	22	20	2	16	15	1	24	23	1	21	17	4	20	20	0	34	32	2	26	23	3	18	18	0	12	12	0	29	29	0
NC_059190.1	509928	509929	*	13	13	0	22	19	3	21	20	1	14	14	0	18	16	2	24	21	3	19	16	3	20	20	0	15	15	0	16	16	0	10	10	0	22	18	4	22	21	1	18	17	1	32	29	3	27	25	2	21	21	0	10	9	1	29	27	2
NC_059190.1	523315	523316	*	15	14	1	17	15	2	19	2	17	13	11	2	10	8	2	17	14	3	14	6	8	12	9	3	17	8	9	24	16	8	17	11	6	26	14	12	15	10	5	13	11	2	17	13	4	23	17	6	20	17	3	15	13	2	23	13	10
NC_059190.1	627250	627251	*	19	18	1	16	16	0	14	13	1	20	20	0	11	11	0	19	19	0	10	6	4	10	10	0	14	14	0	10	10	0	10	10	0	14	12	2	24	23	1	16	16	0	19	17	2	23	22	1	15	15	0	20	19	1	18	18	0
NC_059190.1	821798	821799	*	20	20	0	22	21	1	12	12	0	13	12	1	12	11	1	17	17	0	16	15	1	18	16	2	18	17	1	23	20	3	13	8	5	30	30	0	20	20	0	16	16	0	26	25	1	19	16	3	16	15	1	19	18	1	26	24	2
NC_059190.1	822247	822248	*	11	9	2	14	14	0	15	14	1	18	14	4	11	7	4	20	18	2	17	16	1	11	10	1	21	19	2	18	18	0	14	10	4	18	12	6	13	12	1	16	14	2	26	25	1	14	14	0	18	17	1	20	20	0	23	23	0
NC_059190.1	880697	880698	*	13	12	1	13	10	3	16	8	8	11	10	1	11	4	7	22	21	1	10	9	1	11	10	1	10	8	2	15	4	11	18	13	5	24	12	12	10	10	0	16	16	0	17	16	1	25	19	6	16	13	3	10	9	1	17	16	1
NC_059190.1	881185	881186	*	17	12	5	26	21	5	11	9	2	18	11	7	13	10	3	23	20	3	17	15	2	14	14	0	15	11	4	20	19	1	18	5	13	28	21	7	18	16	2	16	13	3	21	17	4	21	21	0	12	11	1	16	13	3	22	19	3
NC_059190.1	1135247	1135248	*	16	15	1	18	18	0	22	22	0	15	15	0	17	17	0	24	24	0	18	17	1	15	13	2	17	15	2	24	23	1	27	26	1	22	22	0	28	28	0	16	15	1	36	33	3	14	14	0	21	20	1	27	27	0	21	20	1
NC_059190.1	1140484	1140485	*	18	9	9	15	13	2	21	21	0	11	10	1	20	18	2	16	16	0	15	12	3	12	12	0	10	10	0	19	18	1	15	12	3	25	23	2	14	14	0	10	10	0	27	23	4	19	14	5	21	21	0	13	12	1	22	22	0
NC_059190.1	1140502	1140503	*	16	14	2	14	11	3	21	19	2	10	9	1	19	18	1	18	17	1	14	14	0	16	15	1	10	9	1	21	19	2	17	16	1	24	24	0	19	19	0	10	9	1	27	24	3	25	24	1	20	19	1	10	10	0	22	21	1
NC_059190.1	1213513	1213514	*	12	10	2	20	17	3	17	16	1	15	13	2	16	16	0	16	15	1	15	13	2	11	9	2	12	11	1	10	9	1	12	9	3	19	17	2	18	17	1	12	12	0	11	11	0	17	12	5	22	21	1	12	10	2	19	17	2
NC_059190.1	1213576	1213577	*	18	10	8	24	8	16	16	7	9	17	15	2	16	8	8	12	12	0	14	8	6	15	8	7	18	8	10	16	7	9	15	0	15	21	0	21	22	0	22	13	4	9	17	5	12	23	0	23	33	15	18	16	13	3	22	10	12
NC_059190.1	1213652	1213653	*	23	20	3	19	5	14	13	7	6	17	11	6	16	6	10	15	15	0	18	8	10	17	7	10	16	7	9	19	8	11	20	14	6	20	0	20	24	0	24	15	4	11	24	13	11	22	0	22	30	28	2	15	9	6	31	11	20
NC_059190.1	1437931	1437932	*	13	12	1	30	30	0	19	18	1	17	16	1	15	15	0	24	22	2	14	11	3	12	11	1	17	16	1	19	9	10	18	12	6	28	25	3	15	15	0	16	14	2	25	18	7	19	18	1	19	17	2	12	10	2	24	13	11
NC_059190.1	1437942	1437943	*	13	13	0	30	27	3	20	19	1	16	15	1	15	14	1	23	22	1	16	12	4	13	12	1	20	17	3	18	10	8	19	11	8	30	26	4	15	14	1	13	10	3	25	20	5	19	18	1	20	17	3	12	10	2	24	14	10
NC_059190.1	1445548	1445549	*	18	17	1	21	21	0	11	8	3	15	14	1	24	24	0	22	19	3	20	19	1	17	13	4	20	20	0	29	26	3	27	27	0	24	23	1	26	26	0	18	18	0	26	24	2	17	17	0	18	17	1	19	18	1	26	25	1
NC_059190.1	1445608	1445609	*	22	22	0	29	27	2	16	16	0	15	13	2	24	24	0	28	27	1	24	23	1	22	20	2	23	20	3	33	31	2	32	31	1	32	30	2	26	24	2	23	21	2	29	28	1	20	19	1	25	25	0	20	20	0	30	29	1
NC_059190.1	1445635	1445636	*	29	29	0	30	26	4	19	19	0	14	14	0	23	23	0	30	28	2	24	23	1	20	20	0	23	20	3	33	31	2	29	28	1	33	33	0	25	23	2	21	20	1	30	26	4	19	19	0	28	27	1	18	18	0	31	31	0
NC_059190.1	1445826	1445827	*	21	20	1	14	13	1	20	18	2	12	12	0	12	12	0	30	29	1	16	14	2	10	10	0	12	12	0	13	12	1	16	14	2	23	23	0	11	11	0	14	13	1	18	18	0	23	20	3	23	23	0	14	13	1	27	27	0
NC_059190.1	1525074	1525075	*	20	17	3	21	14	7	10	8	2	13	4	9	19	16	3	23	18	5	17	11	6	14	11	3	13	10	3	11	6	5	15	11	4	30	22	8	23	15	8	13	8	5	19	12	7	13	6	7	27	23	4	18	13	5	28	18	10
NC_059190.1	1839053	1839054	*	18	18	0	12	11	1	17	17	0	14	13	1	11	11	0	25	25	0	12	11	1	14	13	1	12	11	1	14	14	0	13	13	0	13	13	0	10	9	1	17	16	1	22	21	1	13	13	0	10	10	0	17	16	1	19	18	1
NC_059190.1	1839080	1839081	*	17	16	1	15	15	0	19	18	1	12	12	0	11	9	2	26	26	0	11	10	1	15	12	3	16	14	2	20	19	1	21	19	2	19	18	1	12	10	2	18	15	3	23	22	1	14	14	0	15	15	0	20	19	1	25	24	1
NC_059190.1	1839139	1839140	*	17	16	1	20	16	4	16	14	2	14	12	2	13	11	2	25	24	1	13	12	1	15	10	5	17	15	2	23	20	3	26	22	4	24	17	7	14	12	2	15	11	4	20	16	4	15	9	6	14	12	2	14	7	7	30	22	8
NC_059190.1	1839351	1839352	*	26	5	21	25	7	18	13	1	12	16	8	8	29	1	28	16	15	1	11	5	6	16	11	5	18	12	6	20	20	0	19	11	8	24	14	10	22	11	11	17	1	16	26	16	10	23	18	5	16	1	15	15	0	15	34	9	25
NC_059190.1	1850092	1850093	*	18	18	0	23	22	1	10	10	0	16	16	0	13	11	2	15	14	1	14	12	2	13	12	1	14	14	0	19	19	0	16	16	0	20	20	0	16	15	1	25	23	2	23	23	0	20	20	0	13	13	0	10	9	1	18	18	0
NC_059190.1	1850127	1850128	*	18	18	0	21	20	1	10	10	0	19	17	2	14	12	2	16	15	1	18	17	1	13	12	1	15	15	0	22	21	1	22	22	0	21	21	0	13	11	2	27	27	0	26	24	2	22	21	1	17	17	0	14	12	2	29	27	2
NC_059190.1	1851429	1851430	*	20	19	1	22	22	0	19	17	2	19	17	2	31	30	1	30	30	0	23	22	1	19	18	1	11	9	2	17	17	0	30	28	2	25	25	0	21	17	4	16	16	0	25	25	0	28	26	2	33	30	3	24	23	1	28	25	3
NC_059190.1	1851477	1851478	*	23	18	5	21	13	8	15	9	6	17	11	6	24	18	6	25	19	6	23	18	5	15	12	3	10	8	2	11	11	0	24	17	7	21	17	4	15	10	5	13	10	3	23	18	5	28	25	3	34	29	5	24	19	5	24	21	3
NC_059190.1	1877872	1877873	*	21	19	2	16	16	0	10	10	0	14	14	0	10	10	0	17	15	2	10	9	1	12	12	0	13	13	0	11	11	0	13	11	2	16	15	1	17	15	2	13	13	0	22	20	2	15	15	0	20	19	1	14	12	2	19	19	0
NC_059190.1	1877891	1877892	*	21	21	0	16	15	1	10	10	0	13	12	1	10	10	0	14	13	1	10	9	1	11	11	0	12	12	0	10	10	0	11	11	0	17	17	0	12	11	1	10	10	0	17	16	1	18	17	1	19	19	0	16	14	2	20	20	0
NC_059190.1	2305621	2305622	*	16	15	1	19	18	1	24	23	1	19	17	2	16	16	0	18	17	1	17	17	0	14	12	2	16	16	0	18	16	2	16	15	1	24	23	1	18	18	0	15	15	0	21	19	2	18	18	0	11	11	0	13	12	1	32	31	1
NC_059190.1	2305634	2305635	*	17	17	0	18	16	2	26	24	2	19	19	0	17	17	0	21	18	3	18	18	0	17	15	2	21	21	0	17	15	2	20	20	0	25	25	0	22	22	0	14	14	0	23	23	0	18	18	0	14	14	0	14	13	1	34	33	1
NC_059190.1	2305682	2305683	*	19	9	10	19	6	13	26	14	12	20	9	11	19	8	11	21	6	15	19	11	8	15	8	7	20	10	10	14	5	9	23	13	10	31	15	16	25	12	13	15	4	11	29	11	18	25	16	9	10	0	10	19	7	12	31	3	28
NC_059190.1	2305687	2305688	*	20	20	0	21	18	3	26	25	1	20	19	1	20	18	2	21	20	1	19	18	1	16	16	0	21	19	2	16	14	2	22	19	3	29	28	1	25	23	2	16	6	10	30	13	17	25	24	1	10	8	2	20	20	0	32	30	2
NC_059190.1	2305796	2305797	*	24	23	1	23	21	2	19	17	2	23	20	3	23	22	1	24	23	1	18	18	0	18	17	1	24	23	1	16	15	1	24	23	1	30	28	2	27	26	1	20	20	0	26	24	2	22	20	2	17	16	1	22	10	12	33	32	1
NC_059190.1	2515697	2515698	*	22	20	2	20	18	2	15	14	1	11	10	1	18	18	0	21	18	3	25	22	3	20	17	3	15	14	1	13	13	0	17	12	5	17	14	3	14	13	1	10	10	0	24	23	1	23	20	3	18	17	1	17	15	2	18	13	5
NC_059190.1	2526860	2526861	*	13	12	1	15	15	0	19	18	1	13	13	0	12	10	2	12	10	2	11	10	1	13	11	2	11	8	3	15	14	1	19	15	4	19	14	5	14	14	0	18	18	0	17	15	2	11	6	5	17	17	0	17	17	0	15	15	0
NC_059190.1	2712374	2712375	*	17	14	3	23	22	1	16	13	3	22	18	4	11	11	0	19	17	2	13	11	2	12	12	0	17	15	2	17	16	1	20	19	1	29	21	8	18	12	6	15	14	1	30	23	7	15	15	0	30	27	3	16	10	6	30	27	3
NC_059190.1	2712409	2712410	*	20	16	4	24	20	4	20	18	2	24	20	4	14	12	2	19	17	2	16	14	2	14	14	0	19	15	4	15	14	1	21	18	3	25	21	4	24	20	4	16	15	1	34	33	1	15	14	1	30	28	2	20	17	3	27	25	2
NC_059190.1	2712441	2712442	*	19	18	1	28	28	0	23	23	0	26	25	1	16	16	0	22	22	0	17	17	0	16	16	0	22	20	2	17	17	0	24	24	0	24	23	1	25	24	1	17	17	0	37	35	2	23	23	0	33	33	0	20	18	2	27	26	1
NC_059190.1	2712448	2712449	*	19	18	1	29	29	0	25	22	3	27	25	2	18	16	2	22	20	2	18	15	3	15	15	0	21	18	3	17	17	0	25	23	2	26	23	3	25	24	1	17	14	3	38	32	6	23	19	4	33	31	2	18	18	0	27	25	2
NC_059190.1	2712503	2712504	*	20	18	2	24	24	0	21	19	2	27	24	3	19	19	0	18	17	1	14	13	1	15	13	2	17	17	0	18	18	0	17	15	2	31	31	0	29	27	2	15	15	0	37	36	1	27	26	1	30	28	2	16	16	0	24	24	0
NC_059190.1	2740798	2740799	*	11	10	1	26	26	0	19	19	0	17	15	2	20	17	3	25	25	0	16	16	0	17	17	0	17	15	2	18	16	2	24	21	3	25	23	2	24	19	5	12	12	0	24	23	1	20	19	1	24	22	2	20	18	2	32	31	1
NC_059190.1	2774000	2774001	*	11	9	2	15	11	4	14	13	1	10	8	2	11	10	1	18	17	1	15	11	4	12	12	0	12	11	1	22	21	1	11	10	1	16	16	0	15	14	1	16	14	2	21	17	4	20	19	1	15	14	1	10	9	1	10	10	0
NC_059190.1	2786633	2786634	*	12	7	5	20	12	8	13	5	8	12	5	7	16	16	0	17	6	11	12	12	0	13	9	4	11	3	8	13	6	7	19	7	12	13	0	13	23	1	22	21	10	11	20	13	7	26	0	26	19	19	0	17	4	13	25	0	25
NC_059190.1	2793336	2793337	*	14	13	1	19	18	1	10	10	0	19	19	0	17	16	1	22	19	3	19	19	0	16	15	1	13	12	1	28	28	0	15	15	0	23	22	1	17	17	0	14	13	1	14	12	2	21	20	1	21	19	2	14	14	0	33	32	1
NC_059190.1	2899792	2899793	*	20	18	2	14	11	3	11	10	1	12	10	2	16	14	2	23	22	1	12	9	3	13	12	1	22	19	3	12	10	2	21	15	6	20	20	0	17	16	1	18	17	1	33	29	4	18	15	3	23	23	0	12	10	2	17	15	2
NC_059190.1	2899821	2899822	*	22	22	0	16	15	1	14	14	0	12	11	1	17	16	1	18	18	0	12	11	1	16	16	0	20	19	1	15	14	1	18	15	3	24	23	1	19	18	1	17	17	0	39	35	4	17	16	1	23	22	1	13	12	1	17	16	1
NC_059190.1	2939553	2939554	*	23	6	17	24	2	22	11	1	10	17	2	15	15	3	12	24	5	19	18	2	16	26	6	20	12	3	9	24	3	21	20	1	19	29	6	23	22	4	18	10	3	7	32	6	26	28	10	18	19	3	16	22	2	20	28	6	22
NC_059190.1	2958166	2958167	*	12	9	3	26	23	3	28	25	3	13	11	2	13	13	0	20	20	0	17	16	1	11	9	2	15	13	2	31	31	0	27	24	3	14	12	2	17	17	0	16	15	1	31	26	5	17	15	2	12	12	0	13	12	1	32	29	3
NC_059190.1	2958445	2958446	*	22	12	10	19	17	2	14	6	8	18	12	6	20	17	3	14	11	3	16	10	6	15	6	9	10	2	8	24	8	16	10	3	7	20	3	17	13	10	3	12	4	8	19	5	14	13	9	4	16	12	4	17	14	3	26	21	5
NC_059190.1	3010351	3010352	*	35	21	14	32	1	31	21	0	21	24	0	24	38	25	13	46	0	46	21	0	21	22	11	11	33	1	32	36	0	36	41	0	41	41	0	41	29	1	28	36	0	36	44	0	44	36	0	36	30	0	30	34	0	34	55	0	55
NC_059190.1	3012287	3012288	*	19	17	2	14	14	0	15	15	0	15	14	1	15	15	0	14	13	1	11	11	0	19	17	2	21	20	1	14	14	0	11	10	1	23	23	0	21	20	1	12	12	0	28	26	2	13	12	1	20	19	1	15	14	1	20	19	1
NC_059190.1	3087737	3087738	*	13	6	7	16	13	3	16	16	0	12	10	2	18	17	1	13	12	1	13	5	8	13	13	0	18	17	1	21	21	0	19	18	1	24	23	1	21	20	1	11	11	0	26	26	0	20	19	1	19	18	1	19	19	0	20	19	1
NC_059190.1	3087776	3087777	*	12	5	7	19	19	0	14	14	0	15	14	1	20	20	0	17	17	0	15	4	11	19	19	0	17	17	0	21	21	0	18	18	0	27	26	1	23	23	0	10	10	0	23	23	0	21	20	1	24	23	1	20	20	0	25	24	1
NC_059190.1	3087779	3087780	*	12	6	6	17	17	0	14	12	2	14	13	1	19	19	0	17	17	0	15	4	11	17	17	0	17	17	0	18	17	1	17	16	1	24	22	2	19	19	0	10	10	0	22	21	1	20	20	0	23	22	1	20	20	0	25	24	1
NC_059190.1	3104932	3104933	*	18	17	1	11	10	1	14	12	2	11	11	0	13	12	1	18	17	1	13	12	1	18	17	1	17	16	1	15	14	1	14	13	1	13	13	0	18	17	1	18	18	0	23	21	2	26	26	0	18	16	2	15	13	2	27	26	1
NC_059190.1	3104949	3104950	*	18	17	1	11	11	0	10	8	2	13	11	2	12	11	1	19	17	2	11	11	0	15	14	1	16	16	0	13	12	1	12	11	1	13	10	3	15	15	0	18	17	1	23	20	3	26	26	0	17	16	1	18	14	4	28	25	3
NC_059190.1	3114050	3114051	*	31	9	22	23	0	23	22	0	22	20	0	20	20	1	19	18	0	18	13	0	13	13	0	13	11	0	11	14	0	14	23	0	23	33	0	33	26	0	26	16	0	16	23	0	23	30	0	30	21	0	21	18	1	17	31	0	31
NC_059190.1	3143478	3143479	*	14	12	2	19	16	3	15	14	1	22	21	1	11	11	0	16	13	3	11	11	0	12	11	1	12	10	2	13	12	1	15	15	0	21	20	1	10	9	1	15	15	0	18	16	2	22	21	1	11	11	0	12	12	0	24	22	2
NC_059190.1	3143517	3143518	*	14	13	1	24	22	2	13	10	3	20	19	1	20	18	2	20	19	1	11	11	0	13	13	0	14	12	2	13	11	2	18	17	1	20	18	2	14	14	0	16	15	1	20	19	1	19	12	7	12	12	0	11	10	1	21	16	5
NC_059190.1	3143588	3143589	*	15	13	2	21	20	1	13	13	0	22	20	2	20	20	0	17	17	0	16	16	0	17	17	0	16	14	2	16	16	0	22	22	0	26	26	0	17	16	1	16	16	0	20	19	1	20	20	0	14	13	1	12	11	1	24	24	0
NC_059190.1	3147709	3147710	*	26	22	4	26	24	2	15	15	0	15	15	0	13	12	1	19	18	1	18	18	0	19	17	2	13	13	0	19	19	0	25	24	1	18	11	7	25	15	10	22	12	10	25	24	1	22	20	2	23	21	2	17	16	1	26	25	1
NC_059190.1	3150349	3150350	*	11	10	1	11	8	3	16	15	1	13	12	1	18	17	1	12	8	4	11	6	5	22	17	5	11	4	7	12	10	2	19	16	3	21	9	12	14	12	2	16	13	3	20	16	4	25	9	16	17	15	2	12	9	3	21	8	13
NC_059190.1	3239440	3239441	*	19	12	7	20	8	12	31	10	21	21	14	7	21	15	6	27	18	9	28	14	14	15	5	10	24	6	18	16	2	14	13	5	8	31	12	19	22	8	14	23	6	17	38	24	14	22	5	17	12	8	4	21	8	13	32	14	18
NC_059190.1	3245854	3245855	*	12	12	0	20	18	2	21	20	1	20	20	0	15	14	1	16	16	0	12	11	1	17	16	1	14	13	1	20	19	1	18	18	0	18	17	1	25	24	1	21	21	0	23	22	1	20	20	0	18	14	4	16	16	0	23	23	0
NC_059190.1	3259424	3259425	*	13	13	0	17	15	2	12	12	0	11	11	0	11	10	1	16	15	1	17	17	0	14	14	0	21	21	0	13	13	0	13	12	1	26	25	1	15	15	0	16	15	1	27	26	1	17	17	0	14	13	1	12	12	0	27	26	1
NC_059190.1	3259511	3259512	*	19	18	1	16	15	1	13	13	0	14	14	0	14	14	0	25	24	1	18	18	0	18	18	0	24	23	1	18	17	1	20	20	0	27	27	0	13	13	0	24	23	1	29	28	1	22	22	0	19	17	2	21	19	2	35	34	1
NC_059190.1	3259529	3259530	*	21	21	0	18	17	1	11	11	0	14	14	0	13	12	1	26	24	2	16	16	0	16	14	2	21	21	0	16	16	0	22	21	1	26	24	2	15	15	0	24	23	1	30	28	2	22	22	0	20	19	1	22	21	1	37	37	0
NC_059190.1	3259544	3259545	*	22	21	1	18	11	7	10	9	1	14	13	1	14	10	4	26	26	0	17	17	0	16	16	0	20	16	4	12	11	1	23	20	3	28	26	2	15	15	0	23	21	2	29	25	4	23	22	1	19	17	2	22	20	2	36	36	0
NC_059190.1	3310394	3310395	*	13	6	7	19	0	19	15	0	15	15	0	15	12	0	12	14	0	14	14	0	14	18	0	18	14	0	14	14	0	14	19	0	19	17	0	17	16	0	16	10	0	10	22	0	22	20	0	20	19	0	19	13	0	13	23	0	23
NC_059190.1	3310432	3310433	*	13	11	2	16	16	0	13	12	1	16	16	0	13	12	1	16	14	2	15	15	0	19	18	1	11	11	0	13	12	1	20	20	0	18	17	1	19	16	3	14	14	0	21	21	0	22	19	3	18	18	0	12	11	1	20	19	1
NC_059190.1	3534781	3534782	*	14	3	11	11	1	10	11	6	5	21	19	2	11	9	2	11	10	1	13	10	3	22	8	14	16	7	9	18	17	1	12	11	1	21	8	13	21	7	14	11	10	1	15	7	8	22	17	5	12	11	1	12	6	6	16	8	8
NC_059190.1	3566888	3566889	*	17	16	1	23	17	6	18	8	10	20	20	0	12	12	0	17	17	0	18	18	0	14	14	0	23	22	1	20	20	0	21	20	1	30	30	0	21	21	0	24	24	0	23	23	0	31	31	0	17	14	3	24	24	0	30	28	2
NC_059190.1	3587068	3587069	*	23	16	7	30	12	18	27	10	17	17	8	9	14	10	4	20	7	13	15	7	8	25	11	14	14	7	7	18	9	9	13	5	8	18	11	7	23	13	10	20	13	7	34	19	15	28	10	18	14	10	4	13	4	9	37	14	23
NC_059190.1	3622201	3622202	*	15	15	0	24	21	3	15	14	1	18	17	1	10	10	0	19	18	1	16	15	1	20	20	0	17	17	0	15	15	0	13	13	0	14	14	0	11	11	0	14	13	1	16	15	1	23	23	0	12	11	1	17	16	1	25	24	1
NC_059190.1	3622403	3622404	*	28	23	5	20	10	10	14	9	5	24	13	11	21	18	3	20	10	10	13	8	5	13	7	6	17	10	7	30	19	11	28	18	10	24	19	5	17	10	7	21	17	4	31	19	12	20	11	9	19	12	7	21	14	7	34	28	6
NC_059190.1	3622411	3622412	*	28	26	2	20	18	2	14	11	3	23	21	2	21	20	1	20	19	1	14	12	2	13	12	1	17	14	3	31	28	3	27	25	2	24	23	1	17	14	3	21	20	1	32	32	0	20	14	6	18	18	0	21	17	4	32	31	1
NC_059190.1	3622433	3622434	*	27	27	0	19	18	1	12	11	1	22	22	0	21	21	0	18	16	2	15	15	0	16	16	0	16	14	2	28	28	0	27	25	2	23	23	0	13	13	0	21	19	2	31	30	1	15	15	0	19	19	0	21	20	1	29	28	1
NC_059190.1	3622445	3622446	*	29	29	0	19	19	0	12	12	0	23	21	2	21	21	0	17	17	0	18	16	2	17	17	0	14	14	0	28	27	1	30	27	3	27	27	0	12	12	0	25	24	1	32	31	1	17	17	0	18	18	0	23	23	0	30	29	1
NC_059190.1	4413440	4413441	*	24	3	21	13	0	13	23	0	23	17	0	17	10	0	10	13	0	13	11	0	11	14	0	14	12	0	12	21	0	21	24	0	24	16	0	16	21	0	21	18	0	18	30	0	30	18	0	18	20	0	20	19	0	19	24	0	24
NC_059190.1	4444231	4444232	*	11	11	0	18	15	3	11	11	0	14	13	1	12	12	0	17	16	1	12	12	0	18	18	0	17	16	1	16	16	0	16	15	1	10	10	0	10	9	1	15	15	0	14	11	3	11	11	0	15	14	1	18	17	1	29	28	1
NC_059190.1	4997532	4997533	*	25	4	21	13	3	10	15	6	9	17	3	14	28	17	11	17	4	13	27	13	14	12	0	12	22	11	11	24	7	17	14	2	12	16	0	16	15	3	12	28	2	26	33	3	30	16	0	16	18	12	6	12	6	6	24	1	23
NC_059190.1	5036396	5036397	*	51	5	46	33	0	33	25	1	24	16	0	16	56	0	56	20	0	20	32	0	32	10	0	10	23	0	23	40	0	40	64	6	58	22	0	22	31	0	31	32	0	32	52	0	52	31	0	31	33	0	33	30	0	30	31	0	31
NC_059190.1	5671525	5671526	*	27	26	1	16	14	2	12	10	2	14	14	0	13	12	1	17	16	1	12	9	3	24	23	1	19	18	1	14	14	0	25	24	1	35	33	2	25	22	3	16	16	0	23	21	2	15	15	0	21	21	0	22	20	2	28	27	1
NC_059190.1	5671662	5671663	*	18	17	1	16	13	3	17	13	4	11	5	6	16	13	3	22	16	6	16	11	5	19	12	7	15	12	3	15	11	4	15	11	4	12	11	1	13	11	2	18	4	14	24	11	13	14	10	4	13	10	3	20	17	3	19	15	4
NC_059190.1	6943307	6943308	*	20	8	12	23	0	23	33	7	26	48	3	45	13	4	9	60	9	51	44	7	37	20	1	19	23	6	17	30	6	24	15	2	13	55	13	42	42	8	34	67	4	63	43	3	40	61	8	53	36	3	33	25	5	20	34	6	28
NC_059190.1	6943325	6943326	*	20	8	12	23	0	23	32	7	25	48	3	45	13	5	8	61	10	51	43	7	36	20	2	18	23	5	18	28	4	24	15	2	13	55	10	45	42	6	36	65	4	61	42	3	39	59	8	51	37	3	34	24	5	19	34	7	27
NC_059190.1	9231731	9231732	*	12	12	0	12	11	1	16	15	1	14	13	1	13	12	1	20	19	1	22	22	0	13	12	1	10	10	0	23	20	3	11	10	1	18	18	0	11	11	0	17	17	0	11	11	0	24	23	1	16	15	1	10	9	1	25	23	2
NC_059190.1	9313237	9313238	*	63	8	55	69	6	63	41	5	36	50	5	45	55	7	48	49	12	37	55	2	53	35	4	31	60	4	56	48	4	44	60	5	55	63	21	42	38	3	35	78	17	61	90	13	77	52	13	39	46	6	40	31	1	30	81	14	67
NC_059190.1	10174202	10174203	*	16	15	1	13	12	1	19	17	2	13	12	1	11	9	2	17	16	1	20	18	2	16	9	7	11	11	0	11	10	1	16	14	2	21	20	1	18	12	6	19	18	1	32	30	2	26	23	3	15	14	1	12	9	3	27	25	2
NC_059190.1	10174235	10174236	*	19	17	2	16	13	3	23	22	1	13	13	0	14	14	0	17	17	0	21	21	0	18	18	0	11	11	0	15	13	2	17	16	1	22	20	2	20	19	1	18	18	0	32	31	1	30	28	2	16	15	1	15	11	4	27	26	1
NC_059190.1	10174279	10174280	*	23	14	9	22	16	6	27	20	7	16	15	1	18	17	1	22	19	3	23	15	8	19	14	5	13	9	4	16	11	5	21	17	4	30	24	6	27	23	4	16	14	2	35	21	14	28	22	6	22	17	5	14	6	8	28	21	7
NC_059190.1	10174318	10174319	*	27	8	19	21	19	2	23	21	2	13	11	2	21	17	4	22	22	0	18	18	0	19	11	8	16	14	2	17	15	2	24	18	6	31	28	3	26	24	2	13	13	0	33	13	20	30	28	2	26	23	3	19	16	3	29	29	0
NC_059190.1	10174433	10174434	*	21	17	4	21	19	2	15	9	6	15	14	1	12	12	0	22	21	1	18	18	0	17	15	2	20	20	0	15	14	1	18	17	1	31	30	1	23	20	3	16	16	0	24	23	1	18	18	0	29	27	2	17	15	2	30	28	2
NC_059190.1	10182747	10182748	*	22	17	5	21	20	1	16	14	2	14	13	1	15	6	9	17	13	4	14	11	3	12	12	0	13	11	2	29	28	1	25	23	2	22	17	5	21	21	0	20	17	3	27	21	6	18	16	2	16	7	9	19	14	5	31	27	4
NC_059190.1	10209568	10209569	*	19	18	1	19	17	2	19	18	1	11	11	0	11	9	2	16	13	3	18	18	0	10	9	1	19	19	0	13	13	0	16	15	1	23	21	2	18	16	2	16	16	0	26	24	2	26	25	1	21	18	3	19	17	2	13	13	0
NC_059190.1	10209689	10209690	*	19	16	3	22	20	2	23	23	0	12	11	1	21	20	1	22	22	0	20	17	3	12	12	0	21	21	0	18	17	1	21	17	4	34	32	2	32	31	1	18	18	0	37	34	3	26	26	0	28	28	0	23	20	3	24	24	0
NC_059190.1	10218603	10218604	*	25	16	9	22	0	22	19	0	19	19	0	19	15	0	15	23	14	9	18	0	18	23	0	23	21	0	21	18	0	18	17	0	17	27	4	23	23	8	15	20	0	20	36	0	36	29	15	14	26	14	12	11	0	11	19	0	19
NC_059190.1	10221948	10221949	*	17	3	14	26	0	26	16	0	16	12	0	12	20	0	20	19	2	17	15	0	15	12	0	12	11	0	11	13	0	13	19	1	18	24	0	24	18	0	18	14	0	14	20	9	11	21	3	18	23	0	23	11	0	11	26	2	24
NC_059191.1	37856	37857	*	19	18	1	24	24	0	10	10	0	18	18	0	10	10	0	32	31	1	19	19	0	20	17	3	17	17	0	21	21	0	22	21	1	22	21	1	24	20	4	21	21	0	35	33	2	30	29	1	14	14	0	19	17	2	30	30	0
NC_059191.1	115216	115217	*	19	7	12	24	5	19	16	0	16	21	8	13	19	10	9	12	0	12	15	0	15	22	0	22	20	10	10	19	0	19	20	3	17	27	17	10	18	0	18	22	0	22	31	29	2	24	6	18	16	9	7	18	0	18	36	18	18
NC_059191.1	115255	115256	*	18	7	11	20	5	15	17	0	17	20	8	12	16	7	9	12	0	12	16	0	16	19	0	19	18	9	9	18	5	13	18	1	17	19	10	9	21	12	9	18	0	18	27	27	0	19	9	10	15	8	7	19	18	1	35	18	17
NC_059191.1	115277	115278	*	17	8	9	18	6	12	17	0	17	18	8	10	15	5	10	11	0	11	18	0	18	16	0	16	17	8	9	18	5	13	16	2	14	20	10	10	22	14	8	16	0	16	26	25	1	17	11	6	16	8	8	22	22	0	34	17	17
NC_059191.1	115286	115287	*	16	7	9	18	7	11	17	0	17	17	7	10	15	5	10	10	0	10	19	0	19	16	0	16	17	8	9	16	4	12	14	1	13	19	10	9	21	15	6	16	0	16	25	25	0	13	9	4	15	7	8	23	22	1	34	17	17
NC_059191.1	117218	117219	*	16	9	7	20	7	13	11	6	5	17	17	0	12	11	1	19	19	0	21	21	0	13	9	4	16	13	3	15	10	5	13	5	8	20	19	1	12	5	7	17	0	17	24	0	24	19	10	9	19	8	11	30	28	2	25	24	1
NC_059191.1	117221	117222	*	16	9	7	20	7	13	11	6	5	17	17	0	12	10	2	19	19	0	22	22	0	13	9	4	16	12	4	15	10	5	13	5	8	19	18	1	13	4	9	17	0	17	24	0	24	19	10	9	19	8	11	31	29	2	24	23	1
NC_059191.1	117284	117285	*	15	12	3	17	12	5	10	2	8	15	8	7	10	10	0	26	15	11	17	12	5	13	3	10	18	14	4	19	14	5	17	7	10	25	25	0	14	3	11	15	14	1	21	9	12	18	16	2	13	12	1	28	13	15	19	7	12
NC_059191.1	117400	117401	*	17	16	1	13	12	1	10	10	0	11	11	0	14	14	0	25	22	3	15	15	0	11	11	0	15	13	2	21	19	2	17	17	0	23	22	1	19	16	3	14	13	1	15	15	0	16	14	2	16	12	4	22	22	0	25	25	0
NC_059191.1	117406	117407	*	18	17	1	13	11	2	11	11	0	12	10	2	15	15	0	23	20	3	13	13	0	10	9	1	14	14	0	21	19	2	17	16	1	23	21	2	18	16	2	14	13	1	14	14	0	17	16	1	18	14	4	22	21	1	25	25	0
NC_059191.1	167178	167179	*	20	19	1	15	15	0	11	10	1	15	14	1	16	14	2	20	18	2	20	18	2	18	17	1	11	11	0	18	16	2	18	17	1	26	26	0	20	17	3	16	7	9	23	20	3	18	16	2	16	15	1	15	15	0	24	19	5
NC_059191.1	170661	170662	*	15	8	7	13	13	0	15	15	0	18	14	4	10	9	1	16	6	10	16	4	12	15	0	15	11	5	6	18	17	1	12	0	12	10	9	1	12	11	1	14	0	14	24	18	6	21	17	4	13	7	6	13	13	0	18	17	1
NC_059191.1	230935	230936	*	17	16	1	13	13	0	14	14	0	16	15	1	14	10	4	22	22	0	18	18	0	12	11	1	12	12	0	15	15	0	22	22	0	27	24	3	30	29	1	14	14	0	20	19	1	15	13	2	12	12	0	15	13	2	15	15	0
NC_059191.1	230941	230942	*	18	17	1	13	13	0	14	13	1	16	15	1	14	14	0	22	21	1	19	18	1	12	12	0	11	11	0	15	15	0	21	21	0	27	25	2	29	29	0	15	15	0	19	19	0	15	14	1	12	12	0	15	13	2	16	16	0
NC_059191.1	230955	230956	*	16	7	9	14	5	9	15	8	7	16	7	9	14	4	10	23	23	0	19	19	0	12	12	0	12	0	12	14	5	9	24	24	0	34	0	34	29	0	29	16	15	1	19	0	19	16	11	5	14	0	14	18	0	18	15	8	7
NC_059191.1	230972	230973	*	17	14	3	17	12	5	14	13	1	16	15	1	11	11	0	24	21	3	18	16	2	12	11	1	11	11	0	10	10	0	26	22	4	31	27	4	30	25	5	16	14	2	22	18	4	18	18	0	12	11	1	19	18	1	15	13	2
NC_059191.1	239686	239687	*	20	18	2	15	14	1	15	14	1	20	18	2	12	11	1	14	13	1	13	11	2	12	12	0	17	16	1	25	25	0	14	14	0	24	23	1	19	19	0	20	19	1	19	19	0	18	17	1	13	13	0	24	21	3	28	26	2
NC_059191.1	247861	247862	*	21	10	11	27	0	27	19	9	10	14	0	14	28	0	28	22	0	22	16	0	16	12	0	12	10	2	8	19	0	19	15	0	15	26	7	19	21	0	21	19	0	19	23	0	23	26	0	26	26	7	19	15	0	15	26	0	26
NC_059191.1	474741	474742	*	15	13	2	27	24	3	18	16	2	16	16	0	13	13	0	16	14	2	13	13	0	14	14	0	14	13	1	21	19	2	19	19	0	26	25	1	17	15	2	13	13	0	26	25	1	20	18	2	17	17	0	16	15	1	20	18	2
NC_059191.1	474806	474807	*	13	5	8	26	11	15	18	10	8	19	16	3	16	9	7	15	6	9	15	5	10	15	0	15	17	6	11	21	8	13	19	8	11	26	20	6	20	12	8	10	4	6	30	21	9	20	8	12	17	14	3	13	9	4	23	19	4
NC_059191.1	474865	474866	*	13	11	2	29	28	1	20	19	1	21	19	2	18	16	2	14	14	0	18	18	0	15	12	3	21	18	3	23	22	1	21	19	2	23	22	1	23	19	4	10	10	0	29	25	4	22	21	1	21	18	3	13	11	2	27	25	2
NC_059191.1	475155	475156	*	18	18	0	24	22	2	12	11	1	23	20	3	16	16	0	15	14	1	20	19	1	19	18	1	10	6	4	17	17	0	24	23	1	29	27	2	19	17	2	19	19	0	31	30	1	23	19	4	26	25	1	17	16	1	31	29	2
NC_059191.1	476918	476919	*	20	19	1	15	14	1	13	13	0	13	13	0	13	12	1	13	13	0	13	12	1	16	16	0	21	20	1	16	16	0	11	11	0	25	24	1	16	16	0	12	12	0	14	14	0	21	21	0	16	16	0	17	17	0	29	29	0
NC_059191.1	476928	476929	*	20	18	2	15	13	2	13	12	1	17	17	0	14	10	4	15	15	0	13	13	0	18	18	0	20	18	2	17	15	2	13	12	1	24	23	1	18	18	0	14	12	2	17	14	3	23	22	1	15	14	1	18	18	0	30	30	0
NC_059191.1	476999	477000	*	29	13	16	19	16	3	14	4	10	18	14	4	19	10	9	20	3	17	15	9	6	24	17	7	12	10	2	20	11	9	20	18	2	26	9	17	19	4	15	14	1	13	20	9	11	22	16	6	21	3	18	21	14	7	25	17	8
NC_059191.1	545058	545059	*	24	7	17	23	9	14	20	1	19	18	0	18	12	3	9	31	8	23	11	3	8	16	4	12	20	6	14	15	0	15	18	5	13	26	0	26	17	3	14	22	10	12	29	1	28	24	10	14	14	5	9	23	7	16	24	3	21
NC_059191.1	545076	545077	*	22	7	15	23	5	18	18	0	18	16	0	16	11	4	7	28	6	22	14	4	10	15	3	12	19	5	14	16	0	16	19	8	11	23	1	22	19	3	16	21	11	10	31	0	31	23	7	16	16	5	11	22	6	16	27	0	27
NC_059191.1	545142	545143	*	23	18	5	21	8	13	20	4	16	20	0	20	15	13	2	25	5	20	21	7	14	18	14	4	12	4	8	19	3	16	16	10	6	27	9	18	20	3	17	19	11	8	21	1	20	16	9	7	19	6	13	21	0	21	30	9	21
NC_059191.1	545154	545155	*	23	17	6	19	7	12	20	2	18	19	0	19	17	10	7	27	5	22	20	9	11	15	8	7	13	5	8	19	5	14	17	11	6	24	7	17	20	2	18	20	11	9	22	0	22	13	8	5	20	10	10	22	0	22	29	12	17
NC_059191.1	571466	571467	*	14	13	1	14	13	1	13	12	1	15	14	1	10	9	1	15	14	1	17	16	1	11	10	1	10	9	1	13	11	2	13	10	3	16	15	1	12	12	0	16	15	1	18	18	0	18	17	1	15	14	1	14	13	1	13	12	1
NC_059191.1	571488	571489	*	14	13	1	13	13	0	15	14	1	16	15	1	12	11	1	15	14	1	19	18	1	14	13	1	11	11	0	12	12	0	11	10	1	14	11	3	11	11	0	17	17	0	16	15	1	18	16	2	15	15	0	14	12	2	16	16	0
NC_059191.1	922721	922722	*	19	18	1	12	12	0	18	18	0	11	11	0	13	13	0	13	13	0	12	11	1	13	11	2	19	19	0	10	9	1	10	10	0	18	16	2	13	11	2	14	14	0	16	14	2	21	20	1	12	11	1	14	11	3	15	15	0
NC_059191.1	1015008	1015009	*	11	11	0	16	14	2	14	13	1	20	18	2	19	18	1	11	10	1	18	17	1	16	14	2	16	16	0	13	13	0	11	11	0	17	16	1	23	17	6	11	10	1	23	22	1	28	23	5	20	18	2	12	12	0	23	23	0
NC_059191.1	1015021	1015022	*	10	10	0	15	5	10	15	14	1	19	19	0	21	19	2	12	12	0	18	17	1	16	0	16	16	16	0	13	13	0	14	12	2	18	17	1	25	21	4	13	8	5	23	21	2	28	28	0	20	19	1	16	16	0	25	25	0
NC_059191.1	1015126	1015127	*	22	21	1	16	16	0	15	13	2	24	23	1	24	24	0	21	17	4	26	25	1	17	17	0	18	18	0	24	23	1	21	20	1	29	26	3	28	27	1	22	21	1	37	36	1	30	30	0	16	16	0	21	20	1	32	29	3
NC_059191.1	1015213	1015214	*	25	23	2	16	16	0	15	15	0	22	22	0	24	23	1	22	20	2	20	20	0	17	15	2	14	14	0	24	24	0	24	23	1	31	28	3	22	20	2	25	22	3	34	32	2	23	22	1	15	14	1	20	19	1	33	33	0
NC_059191.1	1055851	1055852	*	15	14	1	16	14	2	16	13	3	13	13	0	14	11	3	15	15	0	21	20	1	19	19	0	15	15	0	16	14	2	20	18	2	24	23	1	19	19	0	23	20	3	21	18	3	15	14	1	19	19	0	12	12	0	24	23	1
NC_059191.1	1055865	1055866	*	15	15	0	16	15	1	16	13	3	12	12	0	14	14	0	16	16	0	21	21	0	20	18	2	13	12	1	14	14	0	20	18	2	25	25	0	18	17	1	23	21	2	22	20	2	15	14	1	18	18	0	10	10	0	24	23	1
NC_059191.1	1055906	1055907	*	16	15	1	18	18	0	17	14	3	11	11	0	14	12	2	17	16	1	21	20	1	23	22	1	13	12	1	14	14	0	20	20	0	22	22	0	18	18	0	23	22	1	24	22	2	15	15	0	17	16	1	10	10	0	24	24	0
NC_059191.1	1365534	1365535	*	20	17	3	19	12	7	13	11	2	16	15	1	16	13	3	17	14	3	17	13	4	18	11	7	16	12	4	29	25	4	15	13	2	24	17	7	19	12	7	19	13	6	18	10	8	16	16	0	26	23	3	12	11	1	23	19	4
NC_059191.1	1365567	1365568	*	19	18	1	21	19	2	18	17	1	13	13	0	15	12	3	18	17	1	18	18	0	19	19	0	16	13	3	25	25	0	14	14	0	19	17	2	25	24	1	19	18	1	18	17	1	16	15	1	21	19	2	14	12	2	20	20	0
NC_059191.1	1365579	1365580	*	19	17	2	17	16	1	18	18	0	11	11	0	15	13	2	17	15	2	16	15	1	14	12	2	17	15	2	21	20	1	14	14	0	19	18	1	21	21	0	19	18	1	17	17	0	14	12	2	19	15	4	13	12	1	19	19	0
NC_059191.1	1443652	1443653	*	11	11	0	19	18	1	19	18	1	15	15	0	13	13	0	14	14	0	17	14	3	18	17	1	12	11	1	15	14	1	16	13	3	30	30	0	14	11	3	20	19	1	22	20	2	22	19	3	14	14	0	17	17	0	15	13	2
NC_059191.1	1443682	1443683	*	11	11	0	20	18	2	20	20	0	13	13	0	13	13	0	13	13	0	19	18	1	17	16	1	13	13	0	14	13	1	16	16	0	24	24	0	13	12	1	18	17	1	21	21	0	17	17	0	12	12	0	21	19	2	15	15	0
NC_059191.1	1457176	1457177	*	23	21	2	20	19	1	12	11	1	13	13	0	29	27	2	22	21	1	22	20	2	11	10	1	19	17	2	25	25	0	14	13	1	34	31	3	21	21	0	26	25	1	26	25	1	28	27	1	19	19	0	25	25	0	32	31	1
NC_059191.1	1462814	1462815	*	20	20	0	20	20	0	17	16	1	15	15	0	13	12	1	14	12	2	16	16	0	11	11	0	13	12	1	17	17	0	11	10	1	17	16	1	13	13	0	20	17	3	10	9	1	18	16	2	23	22	1	19	19	0	11	11	0
NC_059191.1	1688455	1688456	*	28	24	4	39	33	6	20	17	3	17	11	6	15	14	1	28	26	2	14	13	1	26	25	1	18	16	2	17	13	4	11	7	4	27	17	10	21	19	2	26	15	11	20	14	6	30	25	5	28	25	3	22	19	3	29	26	3
NC_059191.1	1860061	1860062	*	30	19	11	23	23	0	24	21	3	19	19	0	12	10	2	26	25	1	12	11	1	12	11	1	16	15	1	16	16	0	21	20	1	23	22	1	17	13	4	14	12	2	20	20	0	27	24	3	23	20	3	13	13	0	18	17	1
NC_059191.1	1860100	1860101	*	34	33	1	25	23	2	25	22	3	20	16	4	13	12	1	27	26	1	19	19	0	13	12	1	15	14	1	20	19	1	25	24	1	29	27	2	22	20	2	19	18	1	23	22	1	30	29	1	26	25	1	15	14	1	21	21	0
NC_059191.1	1860130	1860131	*	36	35	1	22	21	1	26	24	2	18	16	2	16	15	1	26	26	0	20	19	1	12	12	0	17	16	1	25	23	2	26	23	3	26	26	0	21	21	0	20	20	0	19	19	0	28	23	5	26	26	0	13	12	1	20	19	1
NC_059191.1	1860200	1860201	*	40	25	15	25	20	5	23	18	5	23	12	11	16	15	1	36	25	11	24	15	9	15	11	4	20	14	6	26	20	6	34	22	12	33	25	8	28	19	9	23	18	5	21	16	5	32	19	13	33	27	6	18	11	7	33	23	10
NC_059191.1	1860279	1860280	*	38	38	0	20	17	3	21	20	1	23	22	1	12	12	0	31	27	4	22	18	4	17	16	1	16	16	0	26	26	0	30	28	2	25	20	5	30	27	3	24	23	1	27	26	1	29	25	4	29	28	1	22	20	2	40	38	2
NC_059191.1	1860291	1860292	*	34	33	1	12	12	0	18	18	0	20	19	1	10	10	0	29	28	1	17	17	0	16	16	0	12	12	0	23	23	0	24	23	1	21	20	1	28	27	1	23	23	0	24	24	0	28	25	3	24	24	0	20	20	0	37	36	1
NC_059191.1	1926285	1926286	*	22	11	11	18	10	8	16	6	10	12	4	8	21	7	14	15	14	1	15	1	14	21	19	2	14	7	7	16	0	16	21	9	12	24	7	17	13	11	2	21	7	14	25	24	1	16	6	10	17	15	2	18	9	9	35	17	18
NC_059191.1	1926299	1926300	*	21	20	1	17	10	7	16	15	1	14	12	2	21	21	0	16	13	3	14	9	5	20	17	3	15	15	0	16	16	0	21	20	1	24	23	1	15	12	3	20	20	0	26	24	2	15	13	2	19	17	2	18	8	10	36	35	1
NC_059191.1	1926308	1926309	*	21	21	0	17	11	6	17	16	1	13	12	1	21	20	1	17	17	0	15	10	5	20	17	3	17	17	0	16	16	0	20	18	2	24	23	1	15	11	4	20	19	1	26	23	3	17	16	1	20	18	2	18	9	9	36	32	4
NC_059191.1	1944797	1944798	*	19	17	2	12	11	1	15	14	1	15	14	1	15	15	0	17	15	2	17	14	3	13	13	0	12	10	2	14	13	1	14	14	0	25	24	1	17	14	3	17	17	0	20	20	0	13	11	2	19	19	0	16	16	0	15	14	1
NC_059191.1	1944810	1944811	*	16	14	2	12	11	1	13	13	0	13	12	1	13	12	1	17	16	1	15	15	0	13	13	0	13	13	0	13	13	0	12	12	0	24	23	1	15	14	1	15	13	2	18	18	0	13	13	0	19	19	0	16	16	0	12	12	0
NC_059191.1	1991292	1991293	*	12	11	1	22	21	1	10	10	0	20	17	3	12	12	0	14	13	1	15	14	1	17	17	0	10	9	1	17	17	0	12	12	0	21	20	1	13	12	1	19	17	2	22	21	1	17	16	1	16	16	0	13	11	2	24	23	1
NC_059191.1	2402847	2402848	*	16	14	2	22	21	1	16	16	0	11	9	2	17	17	0	23	21	2	17	16	1	18	17	1	14	13	1	14	13	1	24	22	2	21	19	2	25	24	1	18	18	0	28	23	5	26	22	4	18	18	0	16	14	2	23	22	1
NC_059191.1	2402915	2402916	*	17	16	1	23	23	0	15	14	1	12	10	2	13	13	0	22	22	0	12	12	0	12	11	1	10	10	0	13	13	0	18	15	3	16	16	0	16	15	1	18	18	0	20	17	3	20	18	2	12	11	1	12	12	0	21	21	0
NC_059191.1	2407801	2407802	*	15	12	3	11	10	1	17	13	4	17	15	2	15	14	1	14	11	3	17	16	1	16	15	1	15	14	1	16	15	1	10	8	2	18	15	3	22	18	4	21	18	3	23	17	6	17	13	4	17	13	4	18	15	3	23	20	3
NC_059191.1	2407902	2407903	*	15	14	1	14	13	1	16	14	2	16	14	2	17	15	2	14	13	1	19	17	2	14	13	1	14	11	3	23	22	1	16	13	3	17	15	2	16	14	2	19	16	3	18	16	2	17	15	2	13	13	0	22	19	3	26	22	4
NC_059191.1	2407945	2407946	*	12	11	1	13	12	1	20	19	1	15	11	4	11	11	0	10	8	2	20	19	1	17	17	0	10	7	3	19	17	2	15	13	2	15	15	0	15	14	1	13	12	1	17	17	0	17	16	1	15	15	0	19	18	1	20	18	2
NC_059191.1	2531051	2531052	*	19	3	16	38	20	18	16	0	16	24	0	24	21	11	10	30	0	30	25	0	25	15	0	15	18	0	18	22	0	22	21	0	21	31	14	17	17	11	6	29	15	14	26	10	16	22	0	22	20	7	13	24	15	9	22	0	22
NC_059191.1	2589144	2589145	*	13	12	1	10	10	0	16	16	0	12	11	1	16	15	1	12	12	0	12	11	1	14	13	1	14	14	0	22	21	1	17	17	0	14	12	2	17	17	0	14	13	1	16	16	0	34	32	2	14	12	2	19	15	4	31	30	1
NC_059191.1	2589504	2589505	*	11	4	7	25	15	10	15	8	7	14	11	3	12	8	4	17	16	1	15	0	15	14	13	1	13	0	13	12	0	12	11	5	6	27	26	1	17	7	10	17	16	1	20	19	1	15	0	15	12	4	8	12	5	7	23	12	11
NC_059191.1	3393290	3393291	*	22	21	1	36	35	1	24	23	1	20	19	1	14	14	0	23	22	1	18	18	0	13	12	1	24	24	0	20	20	0	19	16	3	20	19	1	24	22	2	18	18	0	19	18	1	20	20	0	20	19	1	21	21	0	28	26	2
NC_059191.1	3629703	3629704	*	20	20	0	31	28	3	18	16	2	28	27	1	24	23	1	26	25	1	19	17	2	24	23	1	28	27	1	32	32	0	24	24	0	35	35	0	19	19	0	23	20	3	33	30	3	22	20	2	30	27	3	24	22	2	35	35	0
NC_059191.1	3629770	3629771	*	16	15	1	27	25	2	18	17	1	20	19	1	19	18	1	21	20	1	22	22	0	16	15	1	23	22	1	26	24	2	25	24	1	26	25	1	18	17	1	19	18	1	28	28	0	24	23	1	28	26	2	20	17	3	32	31	1
NC_059191.1	3629826	3629827	*	14	14	0	19	19	0	15	15	0	16	14	2	18	17	1	19	19	0	23	22	1	18	18	0	17	17	0	21	21	0	22	22	0	20	19	1	13	13	0	19	18	1	21	21	0	21	21	0	20	20	0	17	17	0	24	23	1
NC_059191.1	3907700	3907701	*	68	17	51	44	14	30	42	7	35	40	11	29	32	5	27	25	1	24	61	9	52	16	7	9	35	3	32	60	14	46	58	6	52	29	0	29	24	1	23	47	3	44	50	9	41	23	3	20	30	9	21	39	17	22	67	5	62
NC_059191.1	3907762	3907763	*	58	9	49	40	11	29	32	6	26	32	8	24	33	6	27	21	0	21	51	9	42	11	1	10	30	1	29	59	11	48	52	2	50	27	2	25	16	1	15	35	1	34	39	11	28	19	3	16	26	8	18	41	22	19	63	11	52
NC_059191.1	3907784	3907785	*	50	9	41	36	13	23	26	6	20	37	10	27	31	8	23	19	0	19	39	4	35	11	5	6	25	4	21	57	16	41	46	2	44	26	3	23	16	2	14	34	5	29	38	8	30	16	2	14	25	7	18	32	21	11	58	10	48
NC_059191.1	4213647	4213648	*	56	8	48	13	1	12	20	6	14	10	0	10	15	0	15	19	0	19	28	0	28	13	0	13	12	0	12	13	0	13	39	6	33	10	0	10	12	0	12	17	0	17	23	4	19	31	0	31	19	0	19	24	4	20	27	1	26
NC_059191.1	4233459	4233460	*	50	20	30	46	6	40	41	6	35	11	0	11	78	13	65	26	0	26	52	6	46	20	15	5	63	12	51	47	0	47	44	7	37	11	9	2	29	10	19	33	25	8	37	14	23	58	9	49	30	0	30	20	1	19	48	12	36
NC_059191.1	4239346	4239347	*	42	5	37	29	6	23	16	2	14	13	0	13	43	14	29	22	7	15	39	9	30	18	10	8	34	7	27	25	1	24	35	7	28	38	7	31	23	9	14	38	13	25	55	17	38	30	9	21	20	0	20	11	0	11	55	12	43
NC_059191.1	4252620	4252621	*	43	7	36	21	1	20	13	0	13	24	6	18	20	5	15	23	2	21	58	0	58	10	0	10	40	6	34	54	6	48	56	4	52	22	8	14	23	5	18	39	16	23	32	10	22	31	4	27	38	5	33	22	11	11	31	5	26
NC_059191.1	4360887	4360888	*	44	33	11	48	31	17	40	18	22	33	16	17	23	11	12	41	29	12	15	6	9	42	10	32	27	10	17	31	7	24	22	11	11	51	23	28	29	15	14	42	24	18	52	31	21	60	32	28	47	14	33	26	5	21	55	29	26
NC_059191.1	4360917	4360918	*	42	28	14	43	30	13	35	15	20	27	13	14	23	11	12	36	19	17	11	8	3	43	12	31	25	16	9	31	6	25	21	12	9	51	30	21	27	15	12	37	17	20	49	29	20	53	27	26	44	18	26	26	5	21	50	30	20
NC_059191.1	5151837	5151838	*	24	3	21	19	0	19	19	0	19	24	0	24	21	0	21	22	0	22	20	0	20	17	0	17	18	0	18	24	1	23	21	0	21	31	1	30	27	0	27	22	0	22	41	0	41	29	0	29	23	0	23	24	0	24	33	0	33
NC_059191.1	5318384	5318385	*	21	21	0	16	16	0	10	10	0	21	18	3	18	17	1	23	23	0	14	14	0	18	17	1	10	10	0	16	16	0	15	13	2	32	31	1	27	27	0	19	19	0	26	25	1	21	17	4	23	20	3	14	12	2	27	27	0
NC_059191.1	5318396	5318397	*	21	21	0	16	15	1	10	9	1	18	17	1	19	18	1	21	19	2	12	12	0	15	13	2	10	9	1	14	14	0	13	12	1	30	30	0	25	24	1	19	19	0	26	25	1	21	17	4	22	22	0	14	11	3	26	24	2
NC_059191.1	5455434	5455435	*	19	5	14	18	0	18	18	0	18	23	0	23	10	0	10	36	0	36	19	0	19	14	0	14	10	0	10	12	0	12	20	0	20	21	0	21	20	0	20	52	0	52	53	5	48	31	0	31	19	0	19	17	0	17	24	1	23
NC_059191.1	6236305	6236306	*	18	16	2	23	20	3	18	18	0	15	15	0	17	16	1	20	18	2	13	13	0	18	17	1	11	11	0	11	11	0	15	12	3	21	20	1	17	17	0	15	15	0	35	31	4	22	22	0	15	15	0	18	17	1	24	24	0
NC_059191.1	6236322	6236323	*	15	14	1	22	18	4	18	16	2	15	12	3	18	15	3	20	17	3	12	10	2	16	15	1	12	12	0	11	10	1	17	17	0	22	22	0	19	19	0	15	15	0	36	32	4	22	21	1	16	14	2	20	20	0	25	25	0
NC_059191.1	6238132	6238133	*	18	17	1	20	20	0	14	14	0	13	12	1	24	24	0	15	15	0	11	10	1	14	13	1	25	24	1	23	22	1	12	10	2	23	21	2	15	15	0	16	15	1	17	16	1	19	19	0	26	23	3	20	18	2	24	23	1
NC_059191.1	6238198	6238199	*	17	16	1	18	18	0	20	18	2	16	14	2	24	23	1	17	16	1	12	11	1	15	14	1	20	19	1	29	27	2	14	12	2	26	25	1	12	10	2	18	17	1	12	11	1	20	18	2	25	24	1	17	16	1	24	23	1
NC_059191.1	6238269	6238270	*	17	16	1	20	19	1	18	18	0	15	15	0	20	19	1	16	16	0	13	13	0	13	12	1	16	16	0	27	24	3	15	15	0	26	24	2	13	12	1	15	15	0	12	12	0	19	18	1	15	15	0	18	18	0	29	29	0
NC_059191.1	6238303	6238304	*	14	14	0	17	15	2	17	16	1	16	15	1	15	15	0	13	12	1	13	13	0	10	9	1	14	13	1	23	22	1	15	14	1	21	19	2	11	10	1	14	14	0	13	12	1	13	12	1	13	13	0	14	13	1	20	19	1
NC_059191.1	6508461	6508462	*	16	16	0	21	21	0	15	15	0	14	11	3	13	13	0	15	15	0	16	15	1	15	15	0	10	9	1	12	12	0	14	13	1	21	20	1	16	14	2	13	7	6	17	17	0	11	11	0	13	13	0	15	14	1	18	17	1
NC_059191.1	6508480	6508481	*	18	18	0	21	19	2	14	14	0	15	14	1	15	14	1	16	16	0	21	19	2	16	15	1	12	12	0	14	13	1	14	14	0	24	23	1	19	18	1	14	9	5	17	17	0	12	12	0	12	12	0	14	14	0	20	19	1
NC_059191.1	6558120	6558121	*	26	25	1	20	18	2	20	18	2	17	13	4	16	16	0	14	14	0	23	21	2	18	18	0	12	12	0	17	15	2	21	19	2	31	28	3	22	21	1	18	16	2	25	20	5	35	34	1	22	21	1	22	21	1	23	21	2
NC_059191.1	6558135	6558136	*	26	25	1	19	16	3	20	20	0	19	14	5	14	13	1	13	12	1	19	19	0	18	16	2	12	11	1	16	15	1	17	15	2	29	26	3	22	20	2	17	15	2	23	21	2	35	35	0	22	22	0	21	17	4	24	22	2
NC_059191.1	6558158	6558159	*	26	17	9	20	6	14	17	6	11	18	0	18	12	7	5	14	8	6	19	11	8	17	11	6	11	5	6	16	9	7	16	8	8	31	17	14	21	6	15	17	1	16	21	15	6	34	15	19	23	10	13	20	10	10	23	12	11
NC_059191.1	6610919	6610920	*	17	16	1	15	15	0	13	13	0	17	15	2	17	17	0	11	11	0	19	17	2	13	11	2	24	22	2	15	15	0	26	23	3	26	25	1	21	21	0	16	16	0	21	19	2	24	22	2	13	13	0	16	15	1	32	31	1
NC_059191.1	6610952	6610953	*	15	15	0	17	16	1	15	14	1	15	15	0	18	16	2	19	18	1	20	19	1	12	12	0	21	20	1	16	16	0	27	24	3	30	28	2	24	24	0	18	17	1	25	24	1	23	23	0	16	16	0	18	7	11	30	14	16
NC_059191.1	6610961	6610962	*	15	14	1	17	16	1	13	11	2	15	15	0	19	19	0	19	18	1	20	18	2	11	11	0	20	19	1	15	15	0	26	22	4	32	29	3	23	21	2	17	17	0	27	26	1	22	22	0	16	15	1	16	6	10	29	14	15
NC_059191.1	6611072	6611073	*	10	9	1	16	13	3	15	15	0	16	16	0	20	19	1	28	23	5	14	14	0	16	15	1	13	12	1	16	15	1	17	17	0	24	23	1	18	18	0	15	15	0	27	26	1	23	21	2	16	16	0	22	20	2	33	30	3
NC_059191.1	6629629	6629630	*	25	20	5	24	23	1	18	17	1	14	14	0	17	17	0	26	25	1	20	19	1	29	28	1	17	17	0	21	19	2	16	15	1	23	22	1	27	27	0	20	19	1	34	31	3	22	21	1	16	16	0	21	20	1	34	31	3
NC_059191.1	6629742	6629743	*	20	16	4	10	10	0	12	11	1	12	12	0	17	17	0	13	12	1	19	16	3	18	18	0	16	16	0	15	14	1	10	10	0	20	20	0	10	10	0	14	14	0	30	29	1	14	14	0	13	13	0	22	22	0	27	24	3
NC_059191.1	6640698	6640699	*	19	18	1	16	13	3	22	22	0	16	16	0	13	12	1	13	13	0	13	11	2	18	17	1	13	13	0	16	14	2	14	14	0	19	19	0	15	15	0	12	11	1	13	13	0	22	20	2	10	10	0	15	14	1	27	26	1
NC_059191.1	6640724	6640725	*	19	17	2	13	12	1	22	20	2	17	16	1	15	14	1	12	11	1	15	15	0	15	14	1	15	15	0	14	10	4	12	12	0	21	21	0	16	16	0	10	9	1	16	15	1	20	20	0	14	14	0	15	14	1	26	26	0
NC_059191.1	6640737	6640738	*	18	17	1	13	11	2	23	21	2	17	15	2	14	13	1	11	10	1	14	14	0	15	13	2	16	14	2	13	12	1	11	11	0	22	21	1	18	18	0	10	9	1	18	18	0	19	18	1	13	13	0	14	13	1	25	24	1
NC_059191.1	6642951	6642952	*	20	20	0	14	13	1	19	17	2	14	14	0	14	14	0	15	15	0	16	15	1	14	14	0	21	21	0	19	19	0	15	15	0	14	14	0	19	19	0	10	9	1	21	20	1	30	29	1	18	17	1	18	18	0	23	22	1
NC_059191.1	7081927	7081928	*	12	12	0	16	15	1	11	11	0	12	12	0	10	9	1	21	21	0	10	9	1	14	13	1	10	8	2	12	11	1	12	10	2	14	14	0	14	13	1	14	14	0	22	21	1	19	16	3	14	14	0	13	13	0	15	14	1
NC_059191.1	7101223	7101224	*	19	16	3	16	12	4	15	15	0	13	13	0	11	10	1	14	14	0	23	19	4	12	11	1	16	15	1	13	13	0	14	14	0	16	16	0	16	13	3	18	18	0	27	27	0	27	24	3	25	17	8	12	11	1	20	19	1
NC_059191.1	7174544	7174545	*	20	17	3	14	14	0	11	9	2	19	11	8	14	14	0	18	16	2	14	11	3	20	17	3	16	11	5	15	11	4	11	9	2	24	21	3	16	14	2	17	12	5	21	18	3	17	11	6	23	19	4	11	9	2	21	18	3
NC_059191.1	7174608	7174609	*	22	19	3	14	12	2	12	10	2	21	16	5	14	14	0	23	20	3	19	17	2	19	17	2	17	14	3	21	19	2	13	11	2	28	24	4	18	13	5	18	15	3	22	18	4	23	20	3	24	20	4	18	17	1	26	21	5
NC_059191.1	7174623	7174624	*	20	17	3	14	11	3	12	10	2	21	17	4	14	13	1	22	17	5	21	16	5	18	16	2	17	8	9	20	18	2	16	14	2	29	26	3	17	12	5	15	10	5	21	17	4	24	21	3	26	19	7	19	16	3	25	17	8
NC_059191.1	7179542	7179543	*	15	4	11	18	3	15	17	1	16	16	0	16	13	0	13	13	0	13	15	0	15	15	1	14	17	0	17	15	0	15	25	1	24	22	3	19	17	0	17	17	0	17	22	3	19	19	0	19	20	1	19	11	0	11	21	0	21
NC_059191.1	7241299	7241300	*	14	13	1	16	15	1	15	13	2	14	14	0	15	15	0	13	11	2	13	12	1	16	16	0	10	9	1	23	19	4	16	15	1	25	21	4	15	15	0	20	19	1	22	22	0	17	15	2	32	30	2	14	13	1	33	33	0
NC_059191.1	7386430	7386431	*	14	4	10	18	7	11	20	5	15	11	4	7	16	9	7	13	3	10	17	5	12	18	10	8	15	5	10	20	7	13	19	9	10	18	7	11	18	10	8	12	3	9	21	10	11	31	10	21	16	8	8	23	9	14	17	8	9
NC_059191.1	7651584	7651585	*	19	13	6	27	8	19	30	18	12	46	12	34	13	8	5	32	15	17	15	5	10	11	4	7	11	0	11	32	11	21	15	9	6	29	8	21	26	12	14	20	13	7	26	9	17	31	15	16	36	6	30	29	10	19	37	17	20
NC_059191.1	7651620	7651621	*	21	7	14	30	2	28	25	12	13	55	4	51	12	1	11	31	7	24	21	4	17	13	1	12	15	1	14	39	11	28	20	6	14	42	9	33	26	4	22	23	5	18	25	1	24	32	7	25	45	4	41	32	6	26	47	5	42
NC_059191.1	7651756	7651757	*	27	8	19	38	4	34	22	0	22	70	1	69	16	0	16	34	0	34	29	0	29	27	0	27	30	0	30	48	1	47	21	1	20	42	0	42	18	4	14	30	0	30	24	0	24	24	0	24	51	0	51	34	0	34	69	0	69
NC_059191.1	7651770	7651771	*	24	5	19	34	4	30	19	0	19	72	0	72	18	8	10	36	5	31	29	2	27	29	0	29	29	0	29	44	1	43	21	2	19	41	0	41	19	9	10	32	4	28	27	12	15	23	6	17	49	1	48	33	1	32	66	6	60
NC_059191.1	7789170	7789171	*	20	19	1	18	17	1	17	13	4	17	7	10	15	0	15	10	5	5	16	16	0	18	18	0	17	16	1	21	20	1	14	13	1	23	21	2	21	7	14	18	18	0	20	19	1	22	9	13	18	15	3	15	15	0	31	27	4
NC_059191.1	7965601	7965602	*	26	26	0	18	17	1	14	14	0	13	13	0	15	13	2	17	16	1	14	13	1	12	11	1	14	13	1	17	16	1	11	10	1	14	14	0	10	10	0	19	18	1	12	11	1	16	16	0	19	18	1	15	15	0	20	20	0
NC_059191.1	7970146	7970147	*	15	15	0	12	12	0	12	12	0	13	12	1	13	11	2	18	18	0	14	12	2	11	10	1	14	14	0	15	15	0	14	14	0	20	20	0	15	15	0	17	17	0	15	15	0	23	22	1	18	17	1	16	16	0	24	24	0
NC_059191.1	7970154	7970155	*	15	15	0	13	13	0	12	12	0	13	12	1	13	12	1	19	18	1	14	14	0	12	11	1	16	16	0	16	16	0	14	14	0	21	21	0	16	16	0	17	17	0	19	19	0	24	24	0	17	16	1	15	15	0	27	27	0
NC_059191.1	7991030	7991031	*	16	3	13	13	4	9	15	2	13	16	2	14	13	0	13	17	7	10	16	0	16	21	8	13	15	0	15	18	1	17	19	9	10	29	0	29	21	4	17	18	1	17	23	4	19	18	0	18	21	6	15	19	0	19	33	1	32
NC_059191.1	7991132	7991133	*	21	19	2	18	15	3	13	13	0	11	11	0	18	18	0	21	21	0	23	22	1	20	20	0	12	12	0	22	21	1	15	14	1	31	29	2	25	25	0	12	12	0	33	30	3	19	16	3	18	18	0	21	20	1	24	24	0
NC_059191.1	7991154	7991155	*	20	19	1	18	18	0	12	12	0	10	9	1	20	20	0	19	18	1	24	24	0	17	16	1	11	11	0	22	21	1	15	14	1	27	25	2	25	25	0	10	10	0	32	30	2	22	22	0	15	14	1	23	22	1	21	21	0
NC_059191.1	7993116	7993117	*	21	14	7	16	0	16	23	11	12	15	10	5	27	0	27	17	15	2	16	9	7	17	17	0	10	6	4	18	18	0	22	9	13	25	8	17	22	0	22	18	0	18	22	16	6	32	9	23	13	6	7	11	4	7	24	16	8
NC_059191.1	8024873	8024874	*	16	13	3	19	16	3	17	17	0	15	11	4	12	10	2	15	14	1	14	13	1	14	13	1	14	13	1	22	22	0	21	20	1	23	21	2	22	19	3	12	12	0	25	24	1	16	11	5	29	27	2	16	13	3	19	17	2
NC_059191.1	8048199	8048200	*	12	12	0	15	15	0	12	11	1	12	12	0	11	10	1	16	16	0	15	14	1	17	16	1	16	14	2	15	15	0	14	13	1	18	18	0	16	12	4	17	15	2	21	20	1	15	13	2	17	14	3	14	14	0	21	21	0
NC_059191.1	8048232	8048233	*	13	13	0	17	16	1	11	11	0	12	12	0	15	15	0	17	17	0	16	16	0	23	21	2	15	15	0	18	18	0	17	16	1	18	18	0	20	20	0	19	19	0	24	23	1	16	15	1	16	15	1	12	12	0	21	21	0
NC_059191.1	8066078	8066079	*	22	21	1	19	18	1	14	13	1	10	9	1	15	13	2	17	13	4	25	22	3	10	9	1	16	15	1	23	22	1	18	16	2	20	16	4	13	12	1	24	22	2	31	31	0	25	24	1	20	19	1	16	16	0	34	30	4
NC_059191.1	8066115	8066116	*	23	20	3	22	22	0	14	13	1	15	14	1	18	17	1	18	18	0	26	22	4	11	9	2	19	17	2	23	22	1	23	20	3	26	24	2	21	19	2	25	23	2	31	28	3	24	22	2	21	18	3	21	15	6	38	35	3
NC_059191.1	8066164	8066165	*	24	22	2	22	22	0	16	16	0	13	11	2	21	20	1	18	18	0	26	25	1	13	12	1	21	21	0	24	23	1	26	21	5	32	30	2	26	23	3	22	21	1	33	30	3	25	20	5	22	21	1	22	19	3	41	37	4
NC_059191.1	8066185	8066186	*	25	23	2	24	22	2	18	17	1	14	13	1	18	18	0	18	15	3	26	25	1	13	13	0	21	20	1	22	20	2	26	24	2	36	34	2	27	26	1	23	21	2	32	29	3	26	20	6	25	23	2	23	22	1	42	41	1
NC_059191.1	8119898	8119899	*	16	16	0	21	19	2	13	9	4	11	11	0	13	12	1	17	16	1	10	9	1	14	5	9	10	9	1	22	22	0	14	13	1	15	15	0	11	11	0	11	11	0	14	13	1	20	17	3	15	15	0	16	9	7	18	16	2
NC_059191.1	8227815	8227816	*	10	4	6	17	4	13	18	11	7	17	0	17	13	7	6	12	5	7	13	7	6	12	0	12	18	5	13	15	0	15	12	0	12	13	5	8	15	1	14	14	8	6	17	14	3	15	5	10	12	4	8	19	0	19	18	3	15
NC_059191.1	8266187	8266188	*	19	9	10	35	15	20	13	0	13	15	1	14	17	0	17	13	0	13	18	7	11	14	0	14	12	0	12	11	7	4	14	0	14	22	0	22	19	2	17	11	1	10	25	0	25	18	9	9	22	0	22	19	0	19	18	0	18
NC_059191.1	8309682	8309683	*	23	21	2	22	21	1	15	14	1	16	15	1	15	15	0	19	19	0	12	11	1	12	11	1	14	13	1	13	13	0	13	11	2	19	17	2	15	13	2	15	14	1	22	20	2	11	11	0	15	14	1	18	18	0	19	18	1
NC_059191.1	8309710	8309711	*	19	18	1	19	18	1	14	13	1	16	15	1	15	14	1	15	15	0	10	9	1	10	9	1	12	10	2	12	12	0	11	10	1	20	19	1	11	11	0	13	13	0	18	17	1	11	11	0	15	13	2	14	14	0	15	14	1
NC_059191.1	8315079	8315080	*	19	18	1	17	17	0	11	11	0	17	17	0	20	20	0	17	16	1	13	10	3	10	8	2	13	13	0	13	12	1	13	12	1	17	17	0	19	18	1	20	19	1	19	19	0	22	12	10	11	11	0	14	12	2	20	20	0
NC_059191.1	8315145	8315146	*	18	18	0	18	16	2	14	13	1	16	16	0	30	30	0	24	23	1	18	16	2	14	14	0	10	10	0	20	18	2	16	13	3	26	22	4	17	17	0	17	16	1	21	21	0	20	20	0	20	19	1	20	20	0	29	25	4
NC_059191.1	8315151	8315152	*	19	19	0	18	17	1	13	12	1	17	17	0	30	30	0	23	22	1	19	19	0	14	14	0	10	10	0	21	21	0	16	15	1	26	25	1	18	18	0	18	18	0	22	21	1	20	20	0	20	20	0	20	20	0	29	27	2
NC_059191.1	8360437	8360438	*	12	11	1	18	18	0	11	11	0	16	15	1	12	12	0	14	7	7	15	15	0	13	13	0	12	11	1	15	14	1	14	13	1	19	19	0	18	16	2	16	16	0	21	21	0	18	18	0	15	13	2	17	17	0	18	17	1
NC_059191.1	8360450	8360451	*	10	8	2	21	20	1	11	11	0	15	15	0	13	11	2	14	8	6	18	16	2	12	12	0	11	11	0	17	17	0	15	15	0	18	18	0	17	17	0	16	16	0	22	22	0	18	18	0	13	11	2	16	16	0	21	20	1
NC_059191.1	8420193	8420194	*	15	15	0	14	14	0	13	13	0	21	20	1	15	15	0	13	13	0	12	10	2	13	13	0	13	11	2	13	13	0	12	12	0	18	18	0	14	14	0	13	12	1	18	18	0	24	24	0	16	14	2	19	19	0	19	18	1
NC_059191.1	8420322	8420323	*	18	18	0	15	14	1	13	12	1	22	20	2	11	10	1	12	9	3	17	17	0	11	10	1	16	15	1	16	16	0	21	21	0	23	23	0	22	20	2	15	14	1	22	20	2	23	22	1	15	15	0	12	12	0	19	17	2
NC_059191.1	8425740	8425741	*	21	19	2	19	17	2	13	12	1	20	19	1	17	16	1	15	14	1	22	22	0	19	17	2	12	11	1	13	13	0	24	24	0	16	14	2	22	20	2	20	18	2	24	24	0	19	19	0	27	24	3	22	19	3	15	13	2
NC_059191.1	8425813	8425814	*	25	21	4	17	13	4	14	9	5	15	13	2	23	18	5	20	18	2	12	10	2	20	15	5	14	13	1	14	13	1	26	18	8	24	19	5	23	16	7	22	19	3	25	21	4	20	17	3	27	21	6	24	19	5	16	14	2
NC_059191.1	8425866	8425867	*	23	22	1	18	18	0	14	13	1	13	13	0	27	26	1	22	22	0	15	15	0	25	25	0	12	12	0	10	10	0	20	19	1	26	25	1	18	18	0	22	22	0	24	22	2	14	13	1	26	23	3	25	24	1	26	26	0
NC_059191.1	8710559	8710560	*	12	9	3	15	14	1	19	18	1	17	15	2	14	13	1	14	14	0	13	12	1	13	12	1	14	14	0	19	18	1	10	7	3	25	22	3	21	20	1	22	18	4	23	22	1	23	20	3	14	14	0	11	11	0	25	21	4
NC_059191.1	8787415	8787416	*	19	19	0	18	10	8	15	13	2	20	20	0	10	10	0	21	20	1	17	16	1	13	11	2	20	18	2	16	14	2	14	14	0	20	19	1	13	12	1	20	19	1	23	22	1	21	21	0	23	21	2	17	16	1	21	21	0
NC_059191.1	8787420	8787421	*	17	16	1	19	13	6	16	15	1	20	18	2	10	9	1	19	18	1	17	16	1	11	10	1	18	16	2	17	15	2	13	11	2	19	18	1	13	12	1	19	16	3	23	21	2	19	17	2	23	22	1	17	17	0	20	20	0
NC_059191.1	8822819	8822820	*	20	17	3	10	10	0	22	22	0	18	8	10	10	10	0	18	8	10	16	15	1	17	14	3	15	13	2	20	12	8	14	5	9	22	18	4	21	19	2	23	23	0	14	13	1	35	31	4	19	19	0	20	7	13	26	24	2
NC_059191.1	8985078	8985079	*	18	7	11	25	24	1	12	4	8	18	18	0	18	17	1	27	23	4	10	9	1	15	15	0	10	10	0	24	20	4	19	17	2	23	21	2	14	14	0	11	10	1	24	20	4	21	20	1	26	24	2	20	18	2	22	20	2
NC_059191.1	9002749	9002750	*	16	15	1	30	25	5	17	10	7	18	15	3	21	18	3	18	17	1	13	10	3	14	10	4	13	11	2	27	25	2	12	11	1	32	15	17	12	10	2	14	11	3	30	23	7	21	8	13	16	16	0	17	16	1	25	21	4
NC_059191.1	9063348	9063349	*	18	17	1	25	21	4	26	25	1	14	13	1	16	15	1	13	13	0	10	10	0	12	12	0	10	9	1	19	18	1	14	14	0	16	14	2	14	14	0	24	23	1	29	29	0	13	13	0	24	21	3	16	15	1	28	28	0
NC_059191.1	9079115	9079116	*	19	18	1	17	16	1	15	14	1	19	19	0	15	14	1	17	16	1	26	26	0	15	15	0	14	13	1	16	16	0	23	22	1	19	19	0	13	13	0	14	13	1	27	27	0	14	14	0	34	29	5	15	14	1	21	19	2
NC_059191.1	9079146	9079147	*	17	15	2	16	7	9	16	13	3	16	15	1	11	8	3	20	15	5	26	24	2	15	13	2	14	11	3	18	7	11	19	13	6	15	13	2	12	11	1	11	9	2	28	24	4	17	14	3	29	13	16	18	10	8	19	17	2
NC_059191.1	9120703	9120704	*	17	16	1	11	11	0	17	12	5	12	8	4	18	17	1	15	13	2	16	12	4	19	16	3	15	10	5	27	22	5	13	11	2	16	16	0	12	11	1	21	19	2	18	18	0	22	16	6	11	9	2	19	15	4	29	27	2
NC_059191.1	9120723	9120724	*	17	15	2	11	9	2	20	13	7	13	4	9	19	17	2	16	13	3	18	14	4	21	16	5	14	8	6	24	17	7	16	9	7	17	14	3	13	9	4	22	18	4	20	16	4	26	17	9	11	9	2	20	15	5	30	22	8
NC_059191.1	9182539	9182540	*	11	10	1	27	23	4	18	15	3	13	12	1	18	18	0	27	19	8	16	14	2	14	10	4	20	14	6	17	17	0	25	23	2	26	24	2	24	21	3	23	18	5	31	23	8	24	21	3	19	16	3	19	17	2	30	28	2
NC_059191.1	9182613	9182614	*	14	14	0	23	20	3	24	23	1	12	12	0	25	24	1	33	31	2	14	11	3	22	18	4	17	11	6	20	16	4	30	29	1	36	32	4	26	23	3	20	20	0	34	33	1	28	26	2	18	18	0	22	19	3	29	27	2
NC_059191.1	9182638	9182639	*	18	17	1	26	24	2	26	25	1	19	18	1	31	29	2	34	33	1	14	14	0	29	21	8	18	12	6	21	17	4	31	31	0	36	33	3	35	30	5	23	22	1	37	37	0	27	25	2	21	21	0	21	18	3	33	30	3
NC_059191.1	9182688	9182689	*	23	18	5	29	19	10	27	18	9	22	18	4	31	22	9	31	16	15	15	15	0	31	16	15	19	16	3	27	12	15	27	26	1	36	11	25	35	27	8	24	14	10	40	30	10	33	18	15	19	14	5	23	17	6	38	29	9
NC_059191.1	9182709	9182710	*	24	23	1	30	25	5	23	22	1	23	22	1	28	28	0	30	28	2	15	15	0	30	26	4	19	16	3	27	24	3	24	24	0	35	32	3	32	28	4	24	18	6	36	33	3	32	30	2	17	17	0	20	19	1	37	32	5
NC_059191.1	9190763	9190764	*	15	14	1	19	19	0	13	12	1	15	14	1	10	10	0	14	13	1	11	10	1	11	10	1	10	9	1	11	11	0	12	12	0	20	20	0	23	22	1	13	12	1	14	13	1	18	18	0	11	10	1	10	10	0	15	14	1
NC_059191.1	9190769	9190770	*	15	13	2	18	18	0	13	12	1	14	13	1	10	9	1	13	13	0	11	11	0	12	10	2	10	10	0	11	10	1	11	10	1	20	20	0	23	21	2	13	13	0	16	13	3	19	19	0	12	12	0	10	9	1	15	14	1
NC_059191.1	9191049	9191050	*	13	8	5	23	13	10	10	1	9	14	5	9	20	0	20	21	13	8	18	18	0	10	1	9	12	4	8	15	1	14	21	1	20	30	0	30	15	0	15	25	0	25	18	10	8	18	0	18	20	10	10	21	0	21	26	0	26
NC_059191.1	9191061	9191062	*	14	9	5	24	14	10	10	0	10	13	6	7	19	0	19	19	14	5	17	17	0	12	0	12	11	5	6	15	0	15	21	0	21	33	1	32	17	1	16	25	0	25	20	10	10	21	0	21	21	13	8	24	0	24	26	0	26
NC_059191.1	9230051	9230052	*	23	16	7	17	16	1	18	16	2	24	23	1	19	16	3	22	21	1	13	13	0	27	26	1	17	16	1	13	11	2	20	16	4	25	20	5	12	10	2	20	16	4	31	25	6	21	18	3	12	11	1	21	18	3	14	11	3
NC_059191.1	9230092	9230093	*	22	17	5	21	18	3	22	20	2	25	23	2	20	20	0	23	22	1	13	13	0	27	26	1	24	24	0	12	12	0	19	18	1	23	22	1	10	10	0	20	20	0	32	31	1	28	28	0	16	14	2	20	18	2	16	13	3
NC_059191.1	9230179	9230180	*	21	20	1	22	22	0	21	21	0	22	22	0	17	17	0	22	21	1	14	14	0	18	18	0	25	23	2	12	12	0	18	18	0	20	20	0	16	16	0	14	14	0	23	21	2	27	25	2	21	21	0	20	17	3	23	22	1
NC_059191.1	9236853	9236854	*	18	18	0	16	16	0	14	14	0	16	16	0	18	18	0	12	11	1	12	12	0	16	16	0	22	21	1	21	20	1	12	11	1	16	16	0	23	22	1	18	17	1	22	22	0	16	16	0	18	18	0	24	24	0	29	28	1
NC_059191.1	9236973	9236974	*	17	15	2	15	14	1	13	12	1	15	15	0	18	18	0	14	14	0	23	22	1	17	15	2	11	10	1	14	14	0	13	12	1	21	20	1	18	17	1	18	18	0	20	19	1	21	20	1	26	25	1	26	23	3	31	30	1
NC_059191.1	9258678	9258679	*	17	16	1	14	12	2	17	14	3	12	10	2	11	10	1	21	16	5	12	10	2	17	15	2	11	8	3	24	24	0	24	19	5	18	14	4	18	15	3	12	10	2	36	28	8	14	8	6	17	15	2	15	12	3	27	22	5
NC_059191.1	9317051	9317052	*	22	21	1	26	24	2	20	19	1	12	11	1	11	11	0	22	22	0	14	11	3	19	19	0	16	14	2	17	17	0	15	15	0	34	32	2	24	24	0	13	13	0	23	23	0	20	20	0	21	20	1	17	16	1	17	17	0
NC_059191.1	9317062	9317063	*	21	20	1	27	24	3	21	19	2	11	11	0	11	11	0	22	22	0	15	11	4	18	18	0	16	14	2	18	18	0	17	17	0	35	34	1	24	22	2	14	14	0	22	21	1	21	21	0	22	21	1	17	15	2	18	18	0
NC_059191.1	9317081	9317082	*	21	19	2	28	27	1	23	23	0	13	13	0	12	12	0	21	20	1	16	14	2	19	19	0	15	14	1	21	21	0	19	17	2	36	35	1	25	24	1	14	14	0	22	20	2	21	20	1	22	22	0	14	13	1	20	20	0
NC_059191.1	9317126	9317127	*	26	21	5	27	23	4	23	6	17	12	6	6	10	8	2	21	19	2	19	14	5	15	8	7	16	6	10	21	19	2	20	18	2	34	25	9	23	16	7	15	11	4	23	17	6	20	16	4	23	15	8	15	11	4	17	12	5
NC_059191.1	9317193	9317194	*	25	23	2	24	22	2	29	28	1	18	17	1	14	13	1	19	17	2	20	19	1	14	14	0	13	13	0	29	29	0	18	16	2	31	30	1	16	14	2	19	18	1	23	20	3	17	16	1	14	13	1	20	19	1	23	21	2
NC_059191.1	9317221	9317222	*	22	17	5	19	16	3	29	23	6	13	9	4	15	10	5	14	12	2	18	16	2	11	8	3	11	8	3	28	23	5	14	11	3	23	21	2	15	12	3	21	17	4	22	20	2	12	9	3	15	13	2	15	14	1	26	21	5
NC_059191.1	9345144	9345145	*	11	11	0	17	15	2	15	14	1	10	10	0	15	14	1	18	18	0	15	14	1	15	12	3	12	9	3	11	10	1	11	2	9	20	20	0	16	16	0	12	12	0	22	19	3	18	16	2	14	14	0	18	16	2	14	14	0
NC_059191.1	9351215	9351216	*	23	22	1	25	25	0	20	20	0	11	11	0	16	15	1	15	15	0	13	13	0	11	11	0	15	14	1	14	13	1	22	9	13	18	17	1	10	9	1	18	16	2	14	14	0	19	16	3	21	11	10	19	19	0	26	26	0
NC_059191.1	9400934	9400935	*	11	11	0	18	16	2	11	11	0	10	10	0	10	10	0	23	21	2	18	17	1	11	10	1	12	12	0	15	15	0	10	10	0	16	15	1	12	12	0	16	15	1	20	17	3	16	14	2	14	12	2	14	14	0	15	13	2
NC_059191.1	9448790	9448791	*	24	20	4	19	13	6	28	23	5	25	16	9	23	18	5	37	21	16	19	15	4	25	21	4	16	13	3	43	29	14	22	9	13	27	22	5	13	10	3	48	28	20	23	14	9	51	35	16	34	26	8	18	11	7	23	14	9
NC_059191.1	9489757	9489758	*	26	22	4	24	22	2	17	15	2	12	12	0	10	10	0	19	18	1	11	11	0	12	10	2	12	12	0	15	15	0	10	10	0	21	21	0	16	16	0	13	12	1	22	20	2	20	18	2	13	12	1	12	11	1	32	32	0
NC_059191.1	9489781	9489782	*	24	23	1	23	21	2	15	13	2	12	12	0	10	7	3	20	18	2	10	8	2	11	9	2	12	12	0	16	15	1	13	12	1	21	20	1	14	14	0	12	12	0	22	19	3	20	18	2	12	10	2	12	10	2	31	29	2
NC_059191.1	9523171	9523172	*	34	9	25	22	5	17	23	12	11	29	7	22	24	9	15	41	18	23	26	7	19	21	13	8	27	12	15	22	16	6	17	12	5	26	9	17	30	7	23	26	8	18	32	18	14	38	10	28	37	11	26	35	15	20	37	16	21
NC_059191.1	9523487	9523488	*	18	15	3	24	20	4	18	16	2	25	24	1	15	13	2	22	18	4	17	17	0	21	20	1	16	16	0	22	20	2	11	10	1	16	15	1	18	17	1	17	17	0	32	31	1	39	33	6	24	22	2	15	14	1	27	24	3
NC_059191.1	9523599	9523600	*	14	13	1	20	20	0	15	13	2	30	25	5	16	11	5	24	24	0	22	22	0	30	27	3	17	14	3	24	24	0	18	16	2	21	19	2	24	23	1	19	19	0	28	28	0	38	37	1	26	26	0	19	19	0	31	27	4
NC_059191.1	9523662	9523663	*	10	8	2	17	15	2	17	16	1	24	21	3	16	14	2	22	20	2	21	20	1	25	22	3	18	14	4	22	21	1	17	17	0	22	20	2	21	21	0	24	20	4	23	21	2	27	24	3	20	19	1	15	14	1	23	23	0
NC_059191.1	9579852	9579853	*	18	16	2	24	20	4	15	12	3	12	8	4	13	13	0	16	13	3	19	15	4	16	13	3	18	14	4	24	22	2	17	13	4	24	21	3	19	16	3	18	16	2	26	19	7	22	18	4	26	23	3	14	11	3	16	13	3
NC_059191.1	9579860	9579861	*	17	14	3	24	19	5	14	9	5	12	2	10	14	10	4	17	11	6	18	11	7	17	12	5	17	12	5	24	22	2	16	6	10	24	19	5	18	15	3	19	16	3	26	13	13	22	14	8	23	16	7	15	13	2	18	11	7
NC_059191.1	9579908	9579909	*	14	13	1	18	17	1	13	12	1	13	12	1	13	13	0	15	15	0	18	17	1	21	21	0	14	14	0	22	22	0	17	16	1	23	22	1	20	19	1	22	20	2	27	18	9	24	24	0	19	19	0	18	17	1	16	15	1
NC_059191.1	9579937	9579938	*	17	17	0	17	17	0	12	9	3	13	12	1	15	15	0	13	13	0	13	13	0	18	18	0	12	11	1	19	18	1	18	16	2	22	22	0	17	17	0	18	17	1	21	18	3	24	24	0	17	17	0	15	15	0	19	19	0
NC_059191.1	9580083	9580084	*	18	18	0	12	11	1	13	4	9	10	10	0	20	9	11	11	5	6	20	7	13	12	7	5	12	1	11	26	17	9	13	11	2	18	15	3	13	12	1	27	17	10	21	20	1	19	6	13	15	15	0	15	14	1	15	15	0
NC_059191.1	9580098	9580099	*	18	17	1	17	16	1	15	5	10	12	9	3	20	8	12	13	6	7	21	9	12	13	8	5	13	2	11	29	13	16	14	9	5	19	17	2	15	14	1	27	16	11	25	23	2	21	5	16	14	13	1	18	18	0	15	15	0
NC_059191.1	9629471	9629472	*	13	11	2	10	10	0	12	9	3	15	13	2	18	18	0	18	18	0	12	11	1	11	10	1	15	14	1	13	13	0	10	9	1	19	18	1	13	11	2	12	12	0	13	11	2	10	10	0	17	16	1	22	20	2	25	23	2
NC_059191.1	9629487	9629488	*	16	11	5	12	11	1	13	12	1	14	12	2	16	16	0	18	17	1	13	13	0	13	12	1	17	16	1	13	12	1	10	9	1	20	18	2	15	11	4	13	11	2	14	14	0	11	11	0	19	18	1	22	17	5	24	21	3
NC_059191.1	9629521	9629522	*	17	15	2	15	11	4	18	15	3	19	13	6	15	12	3	18	16	2	15	10	5	14	10	4	17	10	7	15	13	2	12	7	5	22	16	6	13	10	3	12	10	2	18	17	1	12	9	3	24	20	4	27	18	9	26	22	4
NC_059191.1	9629559	9629560	*	14	14	0	15	15	0	17	17	0	19	18	1	14	14	0	15	15	0	15	13	2	14	13	1	16	16	0	19	18	1	12	12	0	22	20	2	19	18	1	15	14	1	23	22	1	13	12	1	22	21	1	25	24	1	27	27	0
NC_059191.1	9631189	9631190	*	24	10	14	24	10	14	20	20	0	19	8	11	20	10	10	13	5	8	13	8	5	13	5	8	17	17	0	19	12	7	21	19	2	19	9	10	17	15	2	16	15	1	25	22	3	18	17	1	25	24	1	16	6	10	36	36	0
NC_059191.1	9638266	9638267	*	13	13	0	21	16	5	12	12	0	15	15	0	18	18	0	14	12	2	12	12	0	15	14	1	12	11	1	16	16	0	20	19	1	18	16	2	25	25	0	19	19	0	20	20	0	23	23	0	17	17	0	15	14	1	28	26	2
NC_059191.1	9638436	9638437	*	18	18	0	23	23	0	12	12	0	10	9	1	14	14	0	15	15	0	17	15	2	21	20	1	12	12	0	19	19	0	15	13	2	20	19	1	17	15	2	22	22	0	23	23	0	20	20	0	16	15	1	10	10	0	27	26	1
NC_059191.1	9638523	9638524	*	22	19	3	21	15	6	13	12	1	10	10	0	12	11	1	24	18	6	13	12	1	20	16	4	18	15	3	25	22	3	16	14	2	21	17	4	15	14	1	24	20	4	24	19	5	20	18	2	20	19	1	17	14	3	35	26	9
NC_059191.1	9638558	9638559	*	23	21	2	22	22	0	10	10	0	11	11	0	13	12	1	28	25	3	12	12	0	21	20	1	18	17	1	19	16	3	19	19	0	21	19	2	15	13	2	26	21	5	28	27	1	23	22	1	21	20	1	21	19	2	37	36	1
NC_059191.1	9654499	9654500	*	21	20	1	19	17	2	15	6	9	11	11	0	15	6	9	22	20	2	16	15	1	11	10	1	15	7	8	19	19	0	12	10	2	26	23	3	20	11	9	25	13	12	25	22	3	16	13	3	12	12	0	19	16	3	29	27	2
NW_025533118.1	1858865	1858866	*	51	8	43	28	0	28	38	4	34	52	5	47	14	3	11	60	8	52	47	9	38	14	2	12	28	5	23	47	5	42	23	5	18	46	12	34	38	7	31	69	10	59	47	4	43	52	4	48	43	3	40	46	5	41	46	7	39
NW_025533118.1	1858883	1858884	*	58	9	49	32	0	32	49	6	43	59	7	52	17	4	13	71	10	61	53	8	45	19	3	16	32	5	27	63	9	54	34	5	29	66	17	49	55	14	41	78	10	68	53	4	49	67	7	60	49	4	45	55	9	46	51	9	42
NW_025533118.1	1859044	1859045	*	58	10	48	21	0	21	60	7	53	58	2	56	19	4	15	64	3	61	61	6	55	29	4	25	29	3	26	51	10	41	14	1	13	48	12	36	34	8	26	70	9	61	48	4	44	81	9	72	39	4	35	42	2	40	39	6	33
NW_025533124.1	202212	202213	*	42	5	37	28	0	28	27	7	20	24	0	24	20	0	20	38	1	37	16	9	7	20	0	20	25	0	25	22	0	22	24	0	24	20	0	20	32	6	26	26	0	26	26	1	25	24	0	24	24	0	24	39	0	39	49	27	22
NW_025533124.1	202247	202248	*	42	6	36	30	0	30	31	9	22	30	0	30	20	0	20	42	0	42	17	11	6	22	4	18	24	0	24	20	2	18	26	0	26	24	0	24	35	5	30	26	0	26	25	0	25	26	0	26	22	1	21	44	0	44	53	17	36
NW_025533124.1	202282	202283	*	37	6	31	32	0	32	27	0	27	32	0	32	20	0	20	40	0	40	17	10	7	19	3	16	23	4	19	20	8	12	25	0	25	27	1	26	33	0	33	24	0	24	26	0	26	22	0	22	24	0	24	46	0	46	55	0	55
NW_025533126.1	218639	218640	*	26	5	21	22	3	19	15	4	11	17	1	16	10	0	10	14	0	14	14	1	13	13	0	13	14	0	14	24	5	19	12	1	11	19	3	16	14	2	12	20	0	20	37	8	29	20	1	19	26	0	26	13	2	11	23	2	21
NW_025533127.1	154360	154361	*	19	17	2	15	12	3	21	17	4	15	11	4	16	11	5	14	13	1	13	6	7	19	16	3	17	11	6	19	15	4	18	15	3	16	15	1	13	9	4	21	21	0	31	25	6	30	26	4	20	16	4	19	15	4	24	21	3
NW_025533127.1	154471	154472	*	17	17	0	18	16	2	20	17	3	15	13	2	10	10	0	24	20	4	12	11	1	12	10	2	20	18	2	20	19	1	13	12	1	17	14	3	14	13	1	26	26	0	27	25	2	27	25	2	19	19	0	14	14	0	28	28	0
NW_025533127.1	279023	279024	*	15	15	0	18	18	0	14	14	0	21	19	2	12	12	0	22	21	1	14	13	1	19	18	1	14	14	0	12	12	0	10	10	0	31	30	1	17	15	2	14	14	0	22	21	1	25	24	1	13	11	2	17	16	1	20	19	1
NW_025533127.1	281006	281007	*	19	19	0	25	23	2	18	18	0	14	13	1	15	15	0	14	14	0	26	24	2	15	14	1	10	10	0	20	18	2	16	16	0	23	23	0	19	19	0	13	13	0	31	31	0	25	24	1	22	22	0	21	21	0	26	26	0
NW_025533127.1	281019	281020	*	19	18	1	25	22	3	18	18	0	14	7	7	15	15	0	16	8	8	26	22	4	14	6	8	10	9	1	20	20	0	17	17	0	24	23	1	19	18	1	13	6	7	32	32	0	25	24	1	23	23	0	21	21	0	25	25	0
NW_025533130.1	221278	221279	*	44	7	37	20	3	17	24	0	24	32	8	24	31	4	27	33	4	29	31	6	25	28	9	19	33	6	27	40	9	31	23	1	22	22	3	19	24	7	17	30	10	20	36	7	29	30	2	28	31	3	28	15	4	11	47	7	40
NW_025533130.1	221300	221301	*	43	7	36	23	3	20	25	0	25	32	8	24	33	6	27	33	3	30	29	6	23	30	9	21	34	5	29	40	7	33	28	1	27	24	2	22	23	7	16	36	10	26	36	6	30	31	1	30	35	3	32	17	4	13	50	7	43
NW_025533130.1	221451	221452	*	25	9	16	20	1	19	19	2	17	17	0	17	26	3	23	21	6	15	14	1	13	14	0	14	26	3	23	29	1	28	23	2	21	34	3	31	11	2	9	30	4	26	37	2	35	21	0	21	28	2	26	14	0	14	45	5	40
NW_025533130.1	238140	238141	*	45	10	35	29	7	22	19	9	10	24	11	13	32	6	26	22	7	15	45	2	43	20	7	13	22	8	14	44	12	32	22	8	14	24	0	24	25	5	20	15	4	11	11	4	7	36	9	27	41	10	31	13	6	7	44	0	44
NW_025533132.1	80513	80514	*	53	7	46	27	0	27	31	7	24	23	1	22	43	1	42	19	1	18	23	3	20	26	0	26	17	0	17	55	0	55	42	0	42	17	1	16	21	0	21	32	1	31	33	0	33	28	7	21	30	0	30	22	5	17	56	9	47
NW_025533136.1	17625	17626	*	35	10	25	30	0	30	15	0	15	24	0	24	17	0	17	13	0	13	19	0	19	35	0	35	50	0	50	10	0	10	25	1	24	17	0	17	33	0	33	19	0	19	34	11	23	34	8	26	24	0	24	27	0	27	36	0	36
NW_025533136.1	17779	17780	*	43	10	33	55	1	54	22	0	22	24	0	24	22	0	22	28	0	28	26	2	24	40	0	40	61	6	55	25	0	25	60	0	60	29	1	28	51	0	51	29	1	28	54	12	42	37	8	29	51	0	51	47	2	45	71	0	71
NW_025533136.1	17801	17802	*	40	8	32	59	3	56	21	0	21	21	0	21	22	0	22	29	0	29	23	2	21	34	0	34	56	6	50	25	0	25	59	0	59	31	0	31	47	0	47	33	2	31	55	13	42	41	11	30	54	1	53	47	2	45	68	0	68
NW_025533136.1	17973	17974	*	44	12	32	36	1	35	14	0	14	24	0	24	20	0	20	24	0	24	28	5	23	18	0	18	53	5	48	23	1	22	25	0	25	30	0	30	39	0	39	33	0	33	38	6	32	40	9	31	48	6	42	27	1	26	48	0	48
NW_025533136.1	18144	18145	*	47	10	37	37	0	37	13	0	13	34	0	34	24	0	24	27	5	22	33	0	33	17	0	17	48	15	33	20	0	20	36	0	36	39	0	39	29	0	29	30	0	30	44	0	44	38	13	25	59	9	50	23	0	23	42	0	42
NW_025533136.1	18230	18231	*	42	21	21	28	5	23	20	0	20	28	0	28	24	0	24	25	0	25	19	0	19	15	0	15	50	18	32	16	0	16	34	1	33	30	0	30	31	3	28	25	0	25	48	12	36	28	8	20	40	8	32	32	0	32	33	0	33
NW_025533136.1	18316	18317	*	40	15	25	30	3	27	20	0	20	29	0	29	16	0	16	24	8	16	18	0	18	14	0	14	58	8	50	11	0	11	26	0	26	19	1	18	32	0	32	27	0	27	40	11	29	31	0	31	31	0	31	28	9	19	39	0	39
NW_025533136.1	18467	18468	*	33	11	22	26	0	26	16	0	16	23	0	23	17	0	17	28	0	28	17	0	17	18	0	18	53	0	53	14	6	8	23	5	18	24	5	19	31	2	29	24	0	24	41	10	31	34	1	33	40	0	40	15	2	13	44	11	33
NW_025533136.1	18636	18637	*	32	8	24	28	7	21	20	5	15	22	5	17	26	12	14	29	0	29	12	3	9	21	4	17	61	16	45	20	8	12	23	0	23	38	9	29	40	0	40	29	14	15	42	13	29	29	0	29	42	0	42	24	3	21	49	9	40
NW_025533136.1	19139	19140	*	56	17	39	22	1	21	26	0	26	33	0	33	30	0	30	25	0	25	24	0	24	14	0	14	43	6	37	26	0	26	43	0	43	42	0	42	38	0	38	33	0	33	45	9	36	43	10	33	42	0	42	19	2	17	37	0	37
NW_025533136.1	19161	19162	*	56	15	41	20	0	20	25	0	25	36	0	36	32	8	24	24	3	21	23	0	23	16	1	15	40	4	36	30	0	30	41	0	41	47	2	45	37	3	34	34	0	34	43	10	33	42	9	33	40	2	38	22	3	19	38	0	38
NW_025533136.1	25468	25469	*	40	7	33	33	2	31	18	2	16	30	0	30	10	2	8	27	2	25	36	0	36	23	3	20	15	0	15	12	0	12	36	3	33	32	5	27	19	1	18	36	6	30	68	11	57	55	4	51	20	0	20	13	0	13	48	2	46
NW_025533136.1	25640	25641	*	43	10	33	39	5	34	21	0	21	23	0	23	12	2	10	22	3	19	33	2	31	25	3	22	22	2	20	15	0	15	33	5	28	34	7	27	30	4	26	31	6	25	59	16	43	32	4	28	21	0	21	16	0	16	47	8	39
NW_025533136.1	26241	26242	*	35	7	28	29	0	29	12	0	12	22	0	22	25	0	25	26	1	25	29	0	29	15	0	15	22	0	22	19	7	12	44	2	42	28	1	27	18	1	17	29	1	28	50	1	49	26	0	26	34	1	33	29	1	28	57	0	57
NW_025533136.1	26325	26326	*	37	8	29	26	1	25	14	0	14	17	0	17	24	0	24	21	0	21	23	0	23	14	0	14	24	5	19	20	2	18	40	2	38	21	2	19	27	2	25	24	2	22	40	6	34	33	0	33	25	0	25	40	0	40	41	5	36
NW_025533136.1	29952	29953	*	47	6	41	42	5	37	25	0	25	25	0	25	17	0	17	28	0	28	33	0	33	29	4	25	29	4	25	18	0	18	29	3	26	24	3	21	22	3	19	42	6	36	48	6	42	27	2	25	22	0	22	29	0	29	43	1	42
NW_025533136.1	29974	29975	*	55	9	46	44	6	38	25	0	25	27	0	27	19	0	19	30	0	30	35	0	35	29	6	23	31	4	27	18	0	18	31	5	26	24	3	21	23	4	19	41	13	28	48	13	35	26	6	20	23	0	23	32	0	32	40	3	37
NW_025533136.1	30060	30061	*	75	16	59	41	8	33	28	9	19	21	0	21	20	1	19	29	0	29	37	0	37	29	7	22	32	4	28	10	0	10	36	5	31	27	2	25	31	3	28	48	21	27	62	14	48	28	3	25	18	0	18	36	1	35	42	4	38
NW_025533136.1	30208	30209	*	69	15	54	43	5	38	27	5	22	22	0	22	24	4	20	28	7	21	34	2	32	36	11	25	34	5	29	14	0	14	69	16	53	35	0	35	49	13	36	45	17	28	73	11	62	54	6	48	24	4	20	24	0	24	61	8	53
NW_025533136.1	30294	30295	*	49	17	32	44	3	41	21	0	21	32	0	32	26	0	26	29	0	29	31	0	31	37	9	28	37	4	33	13	1	12	66	7	59	30	11	19	43	8	35	38	11	27	76	0	76	52	8	44	29	0	29	22	0	22	52	5	47
NW_025533136.1	30316	30317	*	43	17	26	43	3	40	18	0	18	29	0	29	25	0	25	30	0	30	30	0	30	36	15	21	36	2	34	15	0	15	64	7	57	29	7	22	37	9	28	36	8	28	74	7	67	43	7	36	29	2	27	22	0	22	45	6	39
NW_025533136.1	30399	30400	*	48	10	38	41	1	40	17	0	17	30	0	30	21	0	21	28	0	28	29	0	29	21	7	14	37	5	32	13	1	12	41	9	32	23	5	18	25	2	23	31	7	24	68	13	55	32	5	27	23	1	22	10	0	10	35	5	30
NW_025533136.1	30484	30485	*	50	14	36	34	7	27	14	8	6	21	0	21	12	4	8	25	7	18	29	1	28	19	6	13	29	5	24	13	0	13	38	9	29	27	5	22	22	3	19	33	6	27	56	9	47	22	4	18	16	0	16	12	0	12	28	5	23
NW_025533136.1	36840	36841	*	26	5	21	24	0	24	19	1	18	19	0	19	19	0	19	28	0	28	24	2	22	21	1	20	36	1	35	28	0	28	25	1	24	32	5	27	37	4	33	31	1	30	37	1	36	31	1	30	25	1	24	23	2	21	42	3	39
NW_025533137.1	43845	43846	*	15	14	1	14	12	2	10	9	1	21	15	6	14	13	1	23	22	1	14	14	0	13	10	3	14	14	0	22	21	1	12	11	1	20	20	0	17	17	0	17	8	9	21	19	2	10	9	1	15	14	1	15	10	5	21	21	0
NW_025533137.1	43903	43904	*	14	14	0	14	14	0	12	6	6	22	8	14	19	10	9	22	14	8	14	14	0	15	15	0	15	13	2	21	21	0	10	10	0	28	27	1	15	15	0	17	17	0	18	15	3	17	16	1	17	17	0	19	18	1	17	9	8
NW_025533137.1	43919	43920	*	14	13	1	16	16	0	10	5	5	22	7	15	18	9	9	21	13	8	12	12	0	13	13	0	15	15	0	19	18	1	12	12	0	31	31	0	16	14	2	19	18	1	19	17	2	17	17	0	17	17	0	21	20	1	18	10	8
NW_025533137.1	43966	43967	*	15	14	1	15	15	0	12	6	6	24	19	5	19	9	10	23	13	10	12	10	2	12	10	2	15	15	0	22	21	1	12	12	0	30	28	2	15	13	2	19	19	0	24	21	3	17	16	1	17	16	1	22	22	0	19	11	8
NW_025533137.1	44330	44331	*	20	20	0	21	19	2	19	19	0	11	9	2	17	13	4	19	18	1	15	14	1	16	14	2	18	16	2	17	16	1	17	17	0	23	22	1	23	22	1	16	16	0	29	26	3	18	17	1	25	23	2	29	29	0	24	24	0
NW_025533137.1	44353	44354	*	18	18	0	20	20	0	19	19	0	12	12	0	18	17	1	20	20	0	14	14	0	14	14	0	16	14	2	14	14	0	16	16	0	22	21	1	22	21	1	16	15	1	27	27	0	17	17	0	25	23	2	26	25	1	21	20	1
NW_025533137.1	44359	44360	*	19	18	1	20	19	1	20	20	0	11	11	0	17	16	1	18	17	1	15	15	0	15	14	1	16	15	1	12	12	0	15	15	0	21	20	1	23	20	3	16	14	2	25	22	3	17	16	1	24	22	2	24	24	0	21	20	1
NW_025533146.1	70570	70571	*	39	9	30	31	1	30	18	0	18	31	9	22	26	6	20	31	8	23	34	6	28	26	0	26	31	6	25	19	4	15	47	9	38	14	0	14	19	10	9	30	5	25	33	9	24	29	2	27	40	4	36	12	1	11	21	0	21
NW_025533146.1	70634	70635	*	49	10	39	38	5	33	21	0	21	39	13	26	34	8	26	35	9	26	49	8	41	27	0	27	38	7	31	16	6	10	68	18	50	17	0	17	30	13	17	39	6	33	46	12	34	42	7	35	45	8	37	11	3	8	38	0	38
NW_025533146.1	70656	70657	*	54	10	44	38	6	32	24	5	19	37	11	26	34	9	25	35	9	26	50	12	38	28	0	28	41	8	33	22	10	12	76	21	55	19	0	19	28	8	20	43	6	37	45	14	31	43	8	35	37	7	30	12	3	9	40	0	40
NW_025533146.1	71064	71065	*	52	5	47	37	0	37	26	0	26	37	1	36	44	0	44	28	0	28	48	5	43	29	0	29	34	5	29	20	1	19	61	6	55	27	7	20	24	0	24	42	0	42	65	7	58	53	9	44	54	5	49	23	1	22	60	2	58
NW_025533146.1	71086	71087	*	58	7	51	40	1	39	25	0	25	36	3	33	39	0	39	26	0	26	48	7	41	31	0	31	33	5	28	26	2	24	65	8	57	33	8	25	25	3	22	44	1	43	72	10	62	58	15	43	55	6	49	25	4	21	55	2	53
NW_025533146.1	71231	71232	*	64	16	48	37	0	37	38	0	38	39	0	39	35	0	35	27	0	27	40	7	33	41	2	39	28	7	21	48	10	38	45	3	42	53	10	43	27	0	27	45	4	41	50	2	48	68	12	56	33	2	31	32	7	25	83	15	68
NW_025533146.1	71253	71254	*	65	14	51	36	0	36	37	0	37	38	0	38	35	0	35	24	0	24	37	6	31	42	0	42	28	6	22	47	8	39	45	3	42	52	12	40	27	0	27	45	4	41	47	3	44	67	13	54	34	2	32	35	7	28	82	14	68
NW_025533146.1	71404	71405	*	48	5	43	35	0	35	37	3	34	35	1	34	25	0	25	18	1	17	17	0	17	36	1	35	19	1	18	22	10	12	36	1	35	26	9	17	17	0	17	31	1	30	26	0	26	45	5	40	26	0	26	21	10	11	65	1	64
NW_025533146.1	71426	71427	*	44	4	40	30	0	30	31	3	28	27	0	27	22	0	22	16	0	16	19	0	19	34	0	34	16	0	16	16	3	13	33	0	33	16	3	13	16	0	16	28	1	27	28	0	28	43	4	39	24	0	24	17	7	10	53	1	52
NW_025533146.1	78780	78781	*	27	11	16	53	1	52	44	0	44	33	1	32	60	9	51	19	6	13	68	5	63	43	5	38	51	4	47	78	0	78	40	8	32	17	6	11	39	1	38	49	12	37	26	9	17	26	3	23	47	1	46	26	0	26	35	0	35
NW_025533146.1	78865	78866	*	29	14	15	51	12	39	37	6	31	37	0	37	59	13	46	23	5	18	64	6	58	44	13	31	47	5	42	67	4	63	31	9	22	21	12	9	35	14	21	55	18	37	25	15	10	22	7	15	43	0	43	29	8	21	22	7	15
NW_025533146.1	79431	79432	*	22	17	5	46	1	45	37	1	36	28	0	28	48	1	47	11	0	11	38	1	37	29	9	20	43	0	43	48	0	48	65	7	58	31	0	31	49	19	30	48	8	40	45	9	36	15	11	4	30	0	30	19	0	19	11	8	3
NW_025533146.1	81159	81160	*	74	8	66	25	4	21	33	13	20	17	0	17	31	5	26	14	2	12	41	3	38	33	6	27	37	3	34	41	0	41	63	9	54	15	9	6	41	3	38	55	5	50	22	4	18	28	8	20	21	10	11	41	5	36	20	7	13
NW_025533146.1	81181	81182	*	78	11	67	25	5	20	32	12	20	19	0	19	34	4	30	14	2	12	41	5	36	35	7	28	37	4	33	47	0	47	78	4	74	16	13	3	48	5	43	59	7	52	26	5	21	30	10	20	24	11	13	44	6	38	21	9	12
NW_025533149.1	30456	30457	*	46	8	38	18	2	16	19	1	18	26	2	24	28	2	26	36	2	34	13	4	9	12	0	12	12	2	10	25	3	22	48	2	46	28	5	23	17	0	17	25	4	21	29	1	28	36	5	31	19	3	16	18	1	17	37	1	36
NW_025533149.1	31999	32000	*	45	17	28	44	7	37	43	9	34	28	1	27	30	1	29	35	3	32	28	8	20	24	2	22	44	10	34	49	7	42	22	7	15	71	25	46	43	1	42	60	8	52	82	7	75	64	13	51	53	11	42	27	5	22	74	18	56
NW_025533149.1	32169	32170	*	45	10	35	49	7	42	36	5	31	32	0	32	37	0	37	38	2	36	35	6	29	29	3	26	45	2	43	55	9	46	37	7	30	65	23	42	43	3	40	78	10	68	73	6	67	44	11	33	59	11	48	33	4	29	52	15	37
NW_025533168.1	63703	63704	*	26	4	22	35	3	32	25	0	25	21	1	20	32	1	31	31	0	31	22	0	22	17	0	17	25	0	25	41	4	37	34	13	21	32	9	23	22	0	22	29	2	27	41	1	40	25	0	25	24	2	22	14	0	14	38	2	36
NW_025533168.1	63789	63790	*	24	8	16	30	0	30	28	0	28	13	1	12	21	0	21	20	1	19	18	0	18	14	0	14	20	0	20	26	0	26	27	1	26	19	0	19	23	8	15	25	0	25	36	0	36	22	0	22	23	0	23	12	0	12	35	0	35
NW_025533168.1	64645	64646	*	43	5	38	25	1	24	28	3	25	26	4	22	43	0	43	18	1	17	17	3	14	22	0	22	23	0	23	39	7	32	48	1	47	34	4	30	28	0	28	32	0	32	39	0	39	45	1	44	28	0	28	45	5	40	47	6	41
NW_025533168.1	64667	64668	*	44	5	39	29	1	28	30	5	25	27	5	22	45	0	45	24	0	24	20	3	17	25	0	25	26	0	26	40	7	33	49	2	47	35	3	32	30	0	30	34	0	34	43	3	40	44	1	43	29	0	29	50	5	45	51	6	45
NW_025533169.1	73684	73685	*	58	11	47	27	0	27	40	0	40	13	0	13	50	0	50	25	0	25	22	0	22	29	0	29	18	0	18	46	0	46	67	0	67	33	1	32	23	0	23	28	0	28	39	0	39	55	0	55	47	0	47	39	1	38	28	0	28
NW_025533169.1	74777	74778	*	64	6	58	34	0	34	45	0	45	13	0	13	43	5	38	23	0	23	38	0	38	33	0	33	19	0	19	54	0	54	75	4	71	22	0	22	29	0	29	26	7	19	35	0	35	96	0	96	40	10	30	44	8	36	26	0	26
NW_025533169.1	87822	87823	*	39	12	27	26	0	26	12	0	12	23	0	23	37	0	37	24	0	24	20	0	20	13	0	13	20	0	20	21	0	21	36	0	36	31	1	30	21	0	21	31	0	31	44	0	44	30	0	30	22	0	22	31	0	31	26	0	26
NW_025533169.1	87844	87845	*	41	7	34	28	0	28	14	0	14	19	0	19	38	0	38	24	0	24	23	0	23	11	0	11	18	0	18	19	0	19	39	1	38	29	1	28	21	0	21	29	0	29	46	0	46	30	0	30	24	0	24	32	0	32	27	0	27
NW_025533169.1	88917	88918	*	46	5	41	15	0	15	31	0	31	17	0	17	33	0	33	26	1	25	37	9	28	23	0	23	18	0	18	26	0	26	31	0	31	37	6	31	15	0	15	22	0	22	26	0	26	29	0	29	19	0	19	24	0	24	36	9	27
NW_025533169.1	89003	89004	*	46	5	41	19	0	19	24	0	24	19	8	11	28	1	27	21	7	14	31	5	26	19	0	19	22	4	18	24	7	17	19	0	19	32	12	20	12	0	12	24	0	24	39	4	35	20	3	17	20	0	20	20	5	15	26	12	14
NW_025533169.1	89025	89026	*	55	5	50	23	0	23	24	0	24	21	9	12	28	1	27	23	6	17	32	7	25	19	1	18	21	4	17	27	8	19	21	0	21	29	9	20	12	0	12	22	1	21	40	4	36	20	5	15	18	0	18	21	4	17	36	19	17
NW_025533169.1	98321	98322	*	53	7	46	50	1	49	47	0	47	33	0	33	66	1	65	29	5	24	42	5	37	24	0	24	40	5	35	68	7	61	55	0	55	63	0	63	23	0	23	57	0	57	46	1	45	44	3	41	36	0	36	48	6	42	52	1	51
NW_025533169.1	98376	98377	*	63	10	53	51	2	49	53	3	50	44	0	44	80	1	79	41	2	39	55	8	47	35	0	35	45	2	43	93	15	78	73	3	70	84	7	77	29	1	28	66	0	66	36	0	36	46	0	46	42	0	42	65	6	59	58	3	55
NW_025533169.1	98461	98462	*	53	8	45	41	0	41	50	4	46	40	0	40	72	1	71	41	1	40	48	7	41	31	1	30	36	4	32	86	17	69	63	0	63	80	10	70	28	0	28	73	5	68	44	0	44	35	5	30	42	0	42	51	2	49	42	2	40
NW_025533175.1	35200	35201	*	52	7	45	28	2	26	38	7	31	22	8	14	41	1	40	38	2	36	22	3	19	29	0	29	22	2	20	41	5	36	36	0	36	49	8	41	22	0	22	47	2	45	47	0	47	38	2	36	41	0	41	35	4	31	39	6	33
NW_025533175.1	62380	62381	*	60	13	47	41	0	41	33	0	33	39	1	38	45	0	45	35	0	35	45	7	38	34	0	34	31	2	29	41	1	40	42	1	41	46	0	46	37	8	29	45	0	45	54	0	54	45	0	45	33	0	33	49	0	49	62	0	62
NW_025533182.1	14725	14726	*	23	10	13	35	22	13	38	19	19	31	7	24	71	10	61	39	17	22	25	6	19	31	28	3	19	7	12	17	1	16	10	4	6	19	0	19	22	6	16	24	16	8	33	21	12	40	5	35	30	15	15	17	3	14	32	21	11
NW_025533209.1	80861	80862	*	29	11	18	38	10	28	33	14	19	19	5	14	41	12	29	21	8	13	26	6	20	28	4	24	23	6	17	33	15	18	25	14	11	44	8	36	33	10	23	29	2	27	47	10	37	33	9	24	35	5	30	30	11	19	47	28	19
NW_025533215.1	21875	21876	*	39	11	28	16	0	16	22	4	18	32	7	25	45	5	40	31	0	31	36	12	24	13	0	13	36	0	36	39	4	35	35	8	27	20	0	20	15	2	13	41	7	34	28	7	21	26	0	26	15	2	13	44	10	34	18	1	17
NW_025533218.1	25021	25022	*	32	10	22	16	0	16	15	3	12	13	1	12	10	0	10	18	0	18	29	0	29	16	3	13	24	6	18	27	3	24	25	0	25	18	5	13	22	3	19	27	0	27	29	0	29	26	0	26	14	2	12	17	6	11	35	0	35
NW_025533218.1	30644	30645	*	37	9	28	29	1	28	12	2	10	26	0	26	16	2	14	33	2	31	54	8	46	12	1	11	24	2	22	48	2	46	52	6	46	44	2	42	39	2	37	32	1	31	36	9	27	36	5	31	38	0	38	33	1	32	70	8	62
NW_025533218.1	30666	30667	*	42	13	29	33	4	29	11	3	8	29	0	29	20	1	19	39	3	36	57	8	49	14	0	14	27	5	22	49	1	48	59	5	54	44	2	42	42	3	39	33	0	33	42	11	31	38	4	34	40	4	36	34	2	32	76	8	68
NW_025533218.1	30730	30731	*	46	15	31	39	8	31	11	3	8	30	0	30	19	1	18	51	4	47	63	13	50	19	0	19	33	3	30	49	0	49	59	6	53	53	0	53	42	4	38	35	0	35	46	9	37	43	7	36	38	4	34	42	4	38	89	3	86
NW_025533218.1	31247	31248	*	15	13	2	35	5	30	17	8	9	16	0	16	15	1	14	20	0	20	44	12	32	13	1	12	32	13	19	32	7	25	43	23	20	42	11	31	48	15	33	28	0	28	31	4	27	45	17	28	39	12	27	28	9	19	84	23	61
NW_025533218.1	39676	39677	*	43	15	28	44	5	39	18	12	6	14	0	14	18	2	16	25	0	25	43	1	42	17	4	13	23	0	23	35	0	35	50	13	37	43	12	31	39	10	29	38	6	32	57	0	57	50	3	47	29	1	28	12	0	12	64	0	64
NW_025533218.1	39698	39699	*	45	18	27	45	4	41	18	1	17	16	0	16	24	2	22	27	1	26	52	2	50	17	3	14	23	1	22	43	0	43	56	16	40	44	1	43	41	4	37	42	5	37	64	1	63	49	0	49	29	1	28	14	0	14	71	0	71
NW_025533218.1	39762	39763	*	51	21	30	42	0	42	17	5	12	18	0	18	27	6	21	34	4	30	64	4	60	13	4	9	35	4	31	51	0	51	52	7	45	40	7	33	46	7	39	43	9	34	78	14	64	55	5	50	36	2	34	18	1	17	86	13	73
NW_025533218.1	39848	39849	*	49	22	27	55	0	55	16	7	9	12	0	12	30	11	19	34	6	28	68	0	68	15	6	9	41	1	40	62	0	62	61	14	47	40	0	40	60	14	46	52	11	41	73	21	52	65	7	58	31	1	30	29	1	28	89	16	73
NW_025533218.1	40361	40362	*	36	7	29	46	5	41	14	3	11	16	4	12	31	7	24	33	0	33	50	0	50	16	3	13	28	2	26	37	7	30	33	3	30	19	1	18	47	6	41	30	5	25	50	1	49	53	11	42	28	0	28	22	4	18	73	4	69
NW_025533218.1	59214	59215	*	55	16	39	35	9	26	12	4	8	20	1	19	11	0	11	40	0	40	33	0	33	35	21	14	21	3	18	27	0	27	49	15	34	42	13	29	41	13	28	33	13	20	63	4	59	39	1	38	20	1	19	16	0	16	70	10	60
NW_025533244.1	15050	15051	*	24	3	21	21	0	21	23	0	23	40	0	40	22	0	22	36	0	36	23	0	23	27	0	27	21	0	21	30	5	25	10	1	9	28	5	23	36	1	35	40	1	39	36	2	34	22	0	22	40	0	40	28	0	28	31	0	31
NW_025533244.1	15067	15068	*	26	4	22	27	0	27	27	0	27	44	0	44	24	0	24	44	2	42	25	0	25	31	2	29	26	0	26	36	5	31	14	3	11	32	8	24	44	0	44	48	0	48	43	4	39	23	0	23	43	0	43	34	1	33	35	0	35
NW_025533244.1	15091	15092	*	31	7	24	31	0	31	28	0	28	53	0	53	26	0	26	53	4	49	28	0	28	34	1	33	28	0	28	38	4	34	18	5	13	38	11	27	52	0	52	54	0	54	52	7	45	24	0	24	43	0	43	41	6	35	39	1	38
NW_025533244.1	15097	15098	*	31	7	24	31	2	29	29	0	29	49	7	42	27	1	26	50	7	43	30	1	29	34	3	31	27	0	27	38	4	34	20	5	15	37	10	27	49	0	49	52	0	52	48	8	40	25	2	23	44	1	43	42	5	37	37	1	36
NW_025533244.1	15115	15116	*	36	10	26	32	1	31	31	1	30	56	11	45	30	3	27	58	10	48	31	1	30	38	3	35	28	1	27	41	5	36	21	2	19	44	9	35	56	3	53	62	2	60	55	8	47	24	2	22	43	2	41	49	5	44	37	0	37
NW_025533244.1	15136	15137	*	36	13	23	33	4	29	32	3	29	58	14	44	30	5	25	60	13	47	32	3	29	41	7	34	27	4	23	42	5	37	22	6	16	41	10	31	57	12	45	62	7	55	55	7	48	24	3	21	41	6	35	52	19	33	35	1	34
NW_025533244.1	15162	15163	*	37	17	20	34	6	28	32	6	26	56	23	33	26	4	22	62	21	41	31	10	21	41	9	32	27	8	19	38	7	31	20	10	10	41	11	30	55	18	37	59	18	41	53	11	42	22	5	17	38	16	22	47	21	26	33	0	33
NW_025533244.1	15236	15237	*	24	9	15	22	1	21	18	3	15	34	14	20	23	4	19	39	6	33	21	6	15	30	4	26	18	0	18	24	3	21	17	7	10	21	9	12	29	11	18	43	3	40	38	12	26	13	3	10	24	4	20	35	14	21	17	0	17
NW_025533244.1	15241	15242	*	23	7	16	22	1	21	17	2	15	30	9	21	24	3	21	39	6	33	21	4	17	29	2	27	17	0	17	21	3	18	16	5	11	21	8	13	29	10	19	38	1	37	38	8	30	12	2	10	21	1	20	33	12	21	16	0	16
NW_025533257.1	46507	46508	*	17	17	0	13	12	1	15	15	0	12	12	0	19	18	1	12	12	0	15	13	2	10	9	1	15	15	0	16	16	0	17	14	3	16	16	0	16	14	2	19	19	0	11	11	0	15	14	1	20	20	0	24	23	1	20	20	0
NW_025533257.1	46799	46800	*	21	20	1	22	21	1	11	11	0	17	17	0	13	12	1	14	14	0	13	13	0	17	16	1	11	11	0	20	19	1	15	15	0	21	21	0	20	19	1	15	13	2	24	22	2	32	27	5	16	15	1	19	18	1	21	21	0
NW_025533257.1	46812	46813	*	21	21	0	21	20	1	13	11	2	18	17	1	16	16	0	15	14	1	13	13	0	20	19	1	12	12	0	21	18	3	18	18	0	23	23	0	20	19	1	17	15	2	27	25	2	33	31	2	17	17	0	18	17	1	23	21	2
NW_025533257.1	46852	46853	*	21	15	6	16	11	5	17	14	3	20	8	12	17	15	2	19	15	4	14	11	3	18	16	2	14	11	3	14	12	2	18	16	2	28	1	27	20	16	4	21	8	13	31	27	4	31	20	11	16	14	2	18	16	2	27	22	5
NW_025533318.1	26079	26080	*	51	17	34	35	10	25	30	8	22	27	8	19	43	0	43	30	3	27	31	9	22	14	0	14	17	2	15	76	24	52	59	11	48	38	1	37	23	0	23	42	4	38	48	1	47	45	2	43	26	8	18	35	4	31	43	11	32
NW_025533318.1	26143	26144	*	54	10	44	37	11	26	31	5	26	27	9	18	44	6	38	34	5	29	32	15	17	15	0	15	19	3	16	74	24	50	61	13	48	40	2	38	23	0	23	42	0	42	57	6	51	48	9	39	33	6	27	36	4	32	50	11	39
NW_025533318.1	26165	26166	*	48	8	40	34	8	26	31	13	18	27	11	16	43	5	38	36	10	26	30	14	16	14	0	14	19	3	16	72	24	48	65	15	50	40	2	38	23	0	23	45	1	44	55	8	47	52	11	41	33	8	25	33	4	29	51	12	39
NW_025533332.1	9349	9350	*	42	11	31	24	4	20	32	0	32	15	0	15	32	3	29	26	0	26	36	0	36	21	3	18	16	3	13	28	0	28	33	7	26	42	0	42	32	0	32	27	7	20	50	1	49	26	1	25	20	0	20	29	5	24	30	0	30
NW_025533332.1	9435	9436	*	46	4	42	23	9	14	35	0	35	16	1	15	42	1	41	27	9	18	32	6	26	24	0	24	21	0	21	29	1	28	43	11	32	42	0	42	30	0	30	32	9	23	46	2	44	39	0	39	22	0	22	20	6	14	37	0	37
NW_025533332.1	9520	9521	*	39	7	32	18	9	9	45	2	43	16	5	11	48	15	33	30	12	18	23	10	13	18	2	16	21	5	16	30	15	15	37	16	21	39	4	35	28	0	28	34	10	24	33	6	27	39	7	32	14	0	14	10	2	8	44	0	44
NW_025533332.1	9605	9606	*	37	13	24	24	13	11	37	3	34	19	6	13	56	23	33	35	23	12	19	9	10	24	5	19	21	10	11	30	10	20	30	10	20	25	5	20	24	1	23	32	18	14	38	7	31	31	0	31	16	0	16	17	5	12	45	0	45
NW_025533332.1	9691	9692	*	62	21	41	30	13	17	42	5	37	24	10	14	61	23	38	38	16	22	17	10	7	25	7	18	18	6	12	30	7	23	44	17	27	27	6	21	25	0	25	30	13	17	52	8	44	28	6	22	19	0	19	18	9	9	52	1	51
NW_025533332.1	9755	9756	*	54	20	34	29	15	14	40	6	34	26	11	15	45	15	30	29	16	13	13	7	6	22	5	17	18	8	10	29	9	20	41	15	26	24	1	23	22	1	21	22	5	17	49	10	39	23	7	16	20	0	20	16	0	16	52	0	52
NW_025533332.1	9777	9778	*	55	18	37	23	10	13	36	6	30	24	13	11	45	18	27	23	16	7	10	5	5	21	5	16	14	10	4	32	12	20	42	17	25	24	2	22	28	1	27	22	9	13	51	10	41	24	8	16	19	0	19	15	8	7	52	0	52
NW_025533332.1	10117	10118	*	76	9	67	51	6	45	44	2	42	35	0	35	76	15	61	55	4	51	41	5	36	48	1	47	31	4	27	52	6	46	58	6	52	62	8	54	48	1	47	46	4	42	67	3	64	32	3	29	32	0	32	46	13	33	85	6	79
NW_025533332.1	10352	10353	*	59	7	52	20	8	12	28	3	25	10	4	6	34	7	27	33	1	32	33	1	32	35	7	28	24	8	16	16	2	14	25	12	13	34	11	23	23	0	23	30	3	27	54	0	54	32	0	32	18	0	18	17	7	10	49	0	49
NW_025533332.1	10374	10375	*	66	8	58	18	11	7	33	4	29	11	3	8	37	9	28	35	1	34	33	0	33	37	7	30	29	14	15	16	3	13	25	12	13	35	11	24	24	0	24	30	4	26	51	0	51	38	0	38	16	0	16	17	6	11	43	1	42
NW_025533332.1	10525	10526	*	48	15	33	25	14	11	26	0	26	19	6	13	38	22	16	35	16	19	30	9	21	35	4	31	27	13	14	29	12	17	31	14	17	40	8	32	26	0	26	36	12	24	50	11	39	25	2	23	18	0	18	25	10	15	42	1	41
NW_025533332.1	24281	24282	*	53	11	42	25	1	24	36	1	35	18	5	13	13	0	13	17	0	17	19	0	19	36	3	33	30	1	29	60	0	60	37	1	36	19	0	19	22	2	20	20	2	18	47	0	47	11	0	11	31	1	30	32	2	30	48	3	45
NW_025533332.1	29416	29417	*	56	4	52	35	0	35	40	0	40	29	0	29	37	3	34	36	0	36	44	1	43	28	0	28	29	0	29	64	4	60	60	3	57	55	0	55	40	0	40	45	6	39	66	0	66	45	4	41	54	0	54	35	8	27	82	0	82
NW_025533332.1	29845	29846	*	26	6	20	22	0	22	14	0	14	17	0	17	26	0	26	20	1	19	21	0	21	16	0	16	16	0	16	38	1	37	43	5	38	38	10	28	23	0	23	22	9	13	37	1	36	20	1	19	28	1	27	15	0	15	36	1	35
NW_025533356.1	8693	8694	*	73	40	33	48	20	28	55	30	25	44	25	19	66	11	55	20	13	7	15	12	3	58	11	47	59	25	34	71	44	27	32	18	14	92	49	43	51	23	28	82	21	61	51	10	41	87	60	27	57	16	41	62	29	33	86	24	62
NW_025533356.1	8757	8758	*	69	27	42	40	14	26	46	29	17	44	20	24	66	15	51	12	7	5	17	12	5	55	7	48	61	26	35	64	51	13	36	27	9	70	24	46	44	24	20	71	7	64	42	8	34	78	53	25	46	11	35	55	26	29	83	18	65
NW_025533362.1	25485	25486	*	54	9	45	51	7	44	50	0	50	27	0	27	30	0	30	38	0	38	30	4	26	24	0	24	54	0	54	52	1	51	64	13	51	67	19	48	52	2	50	46	1	45	71	2	69	71	12	59	28	5	23	32	8	24	76	12	64
NW_025533362.1	25570	25571	*	42	9	33	48	5	43	40	0	40	25	0	25	35	0	35	32	8	24	26	0	26	23	0	23	49	12	37	47	5	42	63	21	42	72	17	55	45	9	36	35	3	32	79	34	45	52	26	26	26	14	12	24	8	16	67	3	64
NW_025533362.1	25741	25742	*	57	19	38	61	17	44	61	31	30	34	0	34	27	0	27	42	15	27	54	7	47	38	11	27	56	17	39	43	6	37	55	26	29	98	48	50	43	8	35	58	12	46	62	29	33	65	17	48	46	26	20	34	10	24	108	37	71
NW_025533362.1	25827	25828	*	54	22	32	57	29	28	53	17	36	28	0	28	23	0	23	39	9	30	56	23	33	37	2	35	59	28	31	45	9	36	45	26	19	89	54	35	45	7	38	54	26	28	48	17	31	70	49	21	46	20	26	41	19	22	99	53	46
NW_025533362.1	25911	25912	*	62	34	28	51	7	44	51	20	31	25	0	25	26	0	26	46	9	37	49	17	32	28	3	25	51	19	32	54	10	44	33	7	26	87	68	19	44	6	38	43	0	43	47	11	36	79	29	50	36	14	22	50	10	40	100	44	56
NW_025533362.1	25975	25976	*	60	37	23	49	15	34	57	21	36	27	0	27	22	0	22	36	7	29	44	21	23	30	4	26	53	32	21	57	19	38	29	14	15	81	64	17	38	8	30	42	16	26	47	26	21	70	34	36	31	22	9	47	22	25	94	46	48
NW_025533362.1	25997	25998	*	61	36	25	50	8	42	51	17	34	29	0	29	21	0	21	32	0	32	43	22	21	28	2	26	46	15	31	53	18	35	29	12	17	73	48	25	39	9	30	39	9	30	43	11	32	71	34	37	29	11	18	43	21	22	88	27	61
NW_025533362.1	26061	26062	*	70	38	32	48	14	34	52	26	26	34	0	34	21	0	21	32	6	26	45	19	26	38	4	34	41	15	26	48	19	29	29	14	15	74	54	20	41	6	35	36	13	23	42	15	27	72	40	32	31	21	10	38	21	17	87	43	44
NW_025533362.1	26083	26084	*	66	36	30	47	12	35	50	23	27	38	0	38	22	0	22	30	7	23	41	20	21	40	3	37	50	27	23	49	18	31	30	11	19	72	51	21	43	8	35	40	13	27	43	18	25	74	48	26	32	21	11	39	23	16	88	44	44
NW_025533362.1	26169	26170	*	73	25	48	56	16	40	47	24	23	39	0	39	26	0	26	23	3	20	42	13	29	43	0	43	53	23	30	49	17	32	42	22	20	72	40	32	48	13	35	41	3	38	55	8	47	74	38	36	37	19	18	53	26	27	87	22	65
NW_025533362.1	26682	26683	*	77	47	30	61	13	48	48	14	34	51	0	51	33	0	33	54	0	54	55	17	38	56	0	56	61	27	34	49	13	36	32	9	23	95	39	56	48	4	44	65	6	59	77	10	67	89	42	47	58	15	43	58	25	33	106	24	82
NW_025533362.1	26746	26747	*	64	36	28	65	17	48	38	13	25	53	0	53	25	0	25	52	8	44	55	25	30	44	8	36	59	19	40	44	15	29	38	14	24	95	59	36	47	3	44	58	15	43	66	24	42	85	46	39	58	26	32	61	28	33	105	38	67
NW_025533362.1	26768	26769	*	62	35	27	58	17	41	39	13	26	50	0	50	28	0	28	50	13	37	51	22	29	42	9	33	56	19	37	45	16	29	40	14	26	93	65	28	48	4	44	58	13	45	66	24	42	87	55	32	53	28	25	61	30	31	104	47	57
NW_025533362.1	26938	26939	*	66	23	43	51	0	51	40	4	36	32	0	32	36	0	36	21	0	21	31	6	25	27	0	27	38	6	32	41	4	37	41	12	29	56	17	39	47	7	40	45	3	42	30	2	28	71	19	52	36	1	35	40	15	25	84	12	72
NW_025533362.1	27023	27024	*	66	28	38	48	0	48	33	11	22	17	0	17	28	0	28	16	5	11	21	4	17	22	6	16	37	6	31	35	6	29	35	12	23	41	17	24	35	2	33	32	0	32	25	0	25	53	11	42	27	8	19	29	10	19	74	19	55
NW_025533362.1	27084	27085	*	65	10	55	42	0	42	40	10	30	11	0	11	32	0	32	14	4	10	20	0	20	23	0	23	41	6	35	36	1	35	46	0	46	41	1	40	23	0	23	29	1	28	23	0	23	56	3	53	26	0	26	29	3	26	76	10	66
NW_025533362.1	27192	27193	*	48	17	31	27	8	19	40	11	29	11	0	11	32	0	32	19	4	15	20	8	12	23	0	23	39	7	32	46	13	33	37	11	26	41	15	26	16	0	16	19	1	18	21	0	21	51	9	42	25	0	25	35	9	26	63	26	37
NW_025533362.1	27342	27343	*	33	9	24	23	8	15	22	3	19	14	0	14	27	0	27	24	4	20	16	6	10	23	9	14	28	7	21	44	10	34	31	9	22	38	22	16	27	0	27	16	1	15	17	4	13	45	22	23	24	7	17	21	13	8	42	28	14
NW_025533362.1	27363	27364	*	30	8	22	19	0	19	20	0	20	14	0	14	27	0	27	20	0	20	12	6	6	18	4	14	23	4	19	42	8	34	27	7	20	33	16	17	29	0	29	15	0	15	15	0	15	39	18	21	23	1	22	18	7	11	35	16	19
NW_025533362.1	27524	27525	*	29	9	20	35	8	27	28	4	24	15	0	15	17	0	17	13	0	13	24	6	18	11	0	11	28	10	18	30	7	23	24	16	8	23	12	11	25	1	24	13	4	9	32	12	20	47	22	25	19	9	10	20	6	14	33	4	29
NW_025533362.1	27588	27589	*	43	9	34	39	9	30	44	8	36	30	0	30	27	0	27	33	1	32	37	6	31	23	3	20	41	18	23	37	5	32	31	17	14	45	22	23	39	1	38	28	9	19	57	17	40	76	31	45	36	15	21	42	16	26	67	11	56
NW_025533362.1	27610	27611	*	51	18	33	54	12	42	57	9	48	34	0	34	33	0	33	36	2	34	44	9	35	26	3	23	47	25	22	47	11	36	29	17	12	61	32	29	45	2	43	33	12	21	59	20	39	81	51	30	42	19	23	49	20	29	88	33	55
NW_025533362.1	28209	28210	*	66	24	42	47	3	44	37	8	29	29	0	29	40	0	40	38	4	34	51	15	36	33	3	30	57	23	34	58	11	47	48	20	28	79	43	36	58	11	47	40	9	31	70	12	58	81	40	41	54	16	38	56	29	27	85	35	50
NW_025533362.1	28273	28274	*	54	29	25	43	6	37	32	10	22	15	0	15	27	0	27	33	5	28	40	25	15	27	3	24	55	21	34	44	11	33	40	18	22	65	39	26	48	9	39	37	7	30	50	16	34	68	39	29	40	26	14	38	23	15	82	36	46
NW_025533362.1	28295	28296	*	48	30	18	29	2	27	26	6	20	15	0	15	30	0	30	22	4	18	29	18	11	24	3	21	52	21	31	47	15	32	36	14	22	55	36	19	43	9	34	31	4	27	35	15	20	57	34	23	35	23	12	32	18	14	78	34	44
NW_025533362.1	28359	28360	*	39	20	19	27	6	21	23	3	20	13	0	13	34	0	34	14	3	11	16	5	11	25	3	22	47	13	34	44	9	35	26	11	15	40	29	11	29	1	28	22	2	20	22	3	19	42	20	22	27	8	19	16	4	12	76	38	38
NW_025533362.1	28381	28382	*	35	16	19	20	5	15	22	2	20	11	0	11	34	0	34	14	3	11	16	6	10	24	5	19	45	11	34	45	7	38	25	9	16	32	19	13	24	0	24	22	3	19	21	3	18	35	20	15	26	7	19	13	3	10	63	32	31
NW_025533362.1	28467	28468	*	40	18	22	30	2	28	36	11	25	10	1	9	27	1	26	18	1	17	21	15	6	28	3	25	35	13	22	43	12	31	32	13	19	38	20	18	30	5	25	24	6	18	31	10	21	51	25	26	31	17	14	25	12	13	60	21	39
NW_025533362.1	28553	28554	*	64	31	33	50	9	41	51	10	41	26	0	26	33	0	33	36	1	35	28	7	21	45	5	40	59	21	38	56	14	42	42	21	21	59	37	22	44	9	35	40	14	26	47	13	34	59	37	22	42	20	22	40	20	20	90	39	51
NW_025533362.1	28703	28704	*	43	18	25	46	8	38	42	5	37	25	0	25	12	0	12	35	0	35	28	17	11	39	1	38	59	22	37	36	13	23	46	25	21	49	29	20	40	11	29	26	10	16	26	6	20	59	33	26	38	22	16	23	14	9	87	15	72
NW_025533362.1	28725	28726	*	41	23	18	45	8	37	40	7	33	23	0	23	15	0	15	37	1	36	30	12	18	44	3	41	60	25	35	33	14	19	46	27	19	53	39	14	38	12	26	30	7	23	35	10	25	59	26	33	41	22	19	26	14	12	83	12	71
NW_025533362.1	29818	29819	*	29	13	16	25	9	16	15	8	7	13	0	13	14	1	13	23	5	18	20	3	17	24	3	21	25	3	22	31	7	24	40	2	38	25	16	9	31	1	30	22	4	18	31	3	28	45	14	31	22	6	16	22	7	15	47	22	25
NW_025533362.1	29927	29928	*	34	12	22	26	9	17	15	6	9	14	0	14	26	0	26	24	4	20	20	4	16	24	4	20	27	2	25	42	3	39	44	15	29	26	14	12	42	2	40	22	7	15	31	6	25	40	22	18	23	9	14	25	6	19	48	19	29
NC_059182.1	1172997	1172998	*	25	0	25	19	7	12	13	0	13	12	6	6	13	6	7	16	11	5	13	8	5	12	0	12	12	0	12	12	6	6	22	0	22	25	14	11	20	0	20	17	0	17	21	0	21	20	9	11	17	8	9	18	0	18	29	15	14
NC_059182.1	1247936	1247937	*	26	0	26	34	4	30	21	0	21	21	0	21	31	1	30	18	0	18	13	0	13	15	1	14	20	0	20	21	1	20	31	0	31	36	1	35	21	0	21	25	0	25	31	0	31	16	0	16	19	0	19	14	0	14	26	0	26
NC_059182.1	1346573	1346574	*	19	0	19	24	3	21	25	0	25	15	0	15	22	0	22	24	0	24	19	1	18	11	4	7	12	0	12	12	0	12	16	0	16	22	0	22	21	0	21	15	0	15	27	0	27	18	0	18	21	0	21	15	0	15	14	0	14
NC_059182.1	1522170	1522171	*	12	0	12	17	5	12	21	21	0	12	7	5	14	0	14	10	0	10	23	0	23	12	0	12	19	8	11	14	0	14	16	1	15	28	13	15	23	1	22	18	0	18	21	7	14	25	0	25	14	0	14	20	0	20	16	16	0
NC_059182.1	1742660	1742661	*	17	0	17	20	7	13	10	1	9	15	0	15	11	7	4	11	0	11	10	0	10	16	0	16	19	0	19	22	11	11	18	0	18	21	0	21	15	0	15	19	0	19	23	0	23	12	0	12	17	0	17	12	8	4	21	1	20
NC_059182.1	1742663	1742664	*	17	0	17	20	5	15	10	0	10	15	0	15	11	7	4	11	0	11	10	0	10	17	0	17	19	0	19	22	12	10	18	0	18	21	0	21	15	0	15	19	0	19	22	0	22	13	0	13	17	0	17	12	6	6	22	0	22
NC_059182.1	1846394	1846395	*	17	0	17	24	10	14	11	0	11	22	7	15	13	0	13	23	0	23	16	8	8	21	0	21	15	0	15	18	12	6	13	0	13	24	10	14	18	0	18	15	0	15	27	0	27	24	22	2	16	6	10	21	0	21	27	17	10
NC_059182.1	1936625	1936626	*	22	0	22	15	11	4	17	15	2	14	14	0	15	8	7	25	22	3	16	16	0	17	15	2	24	23	1	13	9	4	18	8	10	27	24	3	16	5	11	21	19	2	29	6	23	16	8	8	13	12	1	19	11	8	21	18	3
NC_059182.1	2051802	2051803	*	19	2	17	21	4	17	15	1	14	15	0	15	16	1	15	14	0	14	16	1	15	16	2	14	13	1	12	17	9	8	20	5	15	27	3	24	15	0	15	15	2	13	25	3	22	19	1	18	13	3	10	16	0	16	24	2	22
NC_059182.1	2864398	2864399	*	24	0	24	21	7	14	11	0	11	15	0	15	20	0	20	20	0	20	18	6	12	22	0	22	18	0	18	18	0	18	20	0	20	27	0	27	21	0	21	12	0	12	20	0	20	20	1	19	16	1	15	22	0	22	27	1	26
NC_059182.1	3576716	3576717	*	15	0	15	24	7	17	16	0	16	13	5	8	21	7	14	23	0	23	33	0	33	29	0	29	11	0	11	32	0	32	36	1	35	17	0	17	20	0	20	14	3	11	13	0	13	26	0	26	16	0	16	10	0	10	19	0	19
NC_059182.1	3576750	3576751	*	13	0	13	24	7	17	15	0	15	12	5	7	21	7	14	22	0	22	24	0	24	25	0	25	10	0	10	33	1	32	34	0	34	20	0	20	19	0	19	14	5	9	11	0	11	27	0	27	18	0	18	10	0	10	20	0	20
NC_059182.1	5924672	5924673	*	21	0	21	13	6	7	22	1	21	18	10	8	12	0	12	13	11	2	12	5	7	18	0	18	14	0	14	19	0	19	13	1	12	13	1	12	10	1	9	10	1	9	15	0	15	23	0	23	10	0	10	11	0	11	28	0	28
NC_059182.1	5924676	5924677	*	21	0	21	13	9	4	23	3	20	18	10	8	12	0	12	13	10	3	13	7	6	18	1	17	15	1	14	19	0	19	13	2	11	13	0	13	10	0	10	10	0	10	15	1	14	23	0	23	11	0	11	13	1	12	28	0	28
NC_059182.1	6653500	6653501	*	23	1	22	32	6	26	17	4	13	18	1	17	28	2	26	23	5	18	18	2	16	17	7	10	20	4	16	25	7	18	29	7	22	34	3	31	22	4	18	26	5	21	32	10	22	27	6	21	17	4	13	19	6	13	40	10	30
NC_059182.1	6697117	6697118	*	15	0	15	19	10	9	14	5	9	16	15	1	21	1	20	11	10	1	15	1	14	11	1	10	15	6	9	17	16	1	24	22	2	20	7	13	19	12	7	18	13	5	31	14	17	20	4	16	18	11	7	24	11	13	27	13	14
NC_059182.1	10840583	10840584	*	26	0	26	23	5	18	20	0	20	10	0	10	18	0	18	20	0	20	11	0	11	16	0	16	28	0	28	29	0	29	11	0	11	13	0	13	10	0	10	16	0	16	20	0	20	21	0	21	20	0	20	24	0	24	22	0	22
NC_059182.1	10868400	10868401	*	74	3	71	41	4	37	33	3	30	37	0	37	40	2	38	36	1	35	43	8	35	28	4	24	28	0	28	28	0	28	58	0	58	21	0	21	26	2	24	49	6	43	54	0	54	46	6	40	18	0	18	26	5	21	66	1	65
NC_059182.1	10868913	10868914	*	56	1	55	18	4	14	25	0	25	35	10	25	48	12	36	18	2	16	24	0	24	31	0	31	26	4	22	30	8	22	41	3	38	22	0	22	27	2	25	32	10	22	15	1	14	34	9	25	27	5	22	51	8	43	19	0	19
NC_059182.1	10869170	10869171	*	65	2	63	25	4	21	29	0	29	27	7	20	39	9	30	33	3	30	46	2	44	26	0	26	36	7	29	42	7	35	65	8	57	19	0	19	34	3	31	53	7	46	30	0	30	41	9	32	43	7	36	36	5	31	29	0	29
NC_059182.1	10870009	10870010	*	35	0	35	33	7	26	19	0	19	23	0	23	45	2	43	11	0	11	21	1	20	17	0	17	24	6	18	23	9	14	25	3	22	16	0	16	14	0	14	20	1	19	36	0	36	17	5	12	18	0	18	28	7	21	29	0	29
NC_059182.1	12026738	12026739	*	12	0	12	21	19	2	22	22	0	13	13	0	13	13	0	15	14	1	12	12	0	17	17	0	17	14	3	17	11	6	12	2	10	13	11	2	20	19	1	10	5	5	18	17	1	24	15	9	15	15	0	20	20	0	22	22	0
NC_059182.1	12026752	12026753	*	10	1	9	21	20	1	22	22	0	16	16	0	11	9	2	15	15	0	11	9	2	17	17	0	16	16	0	18	13	5	13	3	10	13	13	0	20	19	1	11	6	5	20	20	0	25	15	10	13	13	0	18	18	0	22	22	0
NC_059182.1	12026759	12026760	*	12	0	12	22	22	0	21	19	2	15	14	1	11	11	0	15	15	0	11	10	1	16	16	0	16	15	1	18	13	5	13	7	6	13	13	0	19	18	1	11	5	6	20	20	0	23	13	10	13	13	0	17	17	0	22	20	2
NC_059182.1	12424580	12424581	*	24	0	24	27	6	21	17	2	15	14	0	14	12	1	11	15	0	15	16	1	15	18	5	13	14	1	13	22	4	18	31	2	29	32	3	29	15	1	14	21	1	20	22	4	18	30	2	28	16	2	14	20	1	19	31	4	27
NC_059182.1	12763793	12763794	*	19	0	19	28	16	12	12	0	12	20	0	20	33	0	33	16	0	16	18	0	18	19	0	19	23	0	23	15	0	15	24	1	23	37	0	37	19	0	19	19	0	19	38	1	37	33	0	33	38	0	38	18	0	18	41	0	41
NC_059182.1	12767652	12767653	*	11	0	11	14	3	11	10	0	10	17	0	17	10	0	10	16	0	16	18	0	18	12	1	11	11	0	11	20	0	20	23	0	23	22	1	21	15	0	15	16	0	16	17	0	17	11	1	10	14	0	14	14	0	14	25	0	25
NC_059182.1	12771155	12771156	*	16	0	16	20	9	11	18	0	18	14	0	14	11	5	6	15	0	15	11	1	10	13	0	13	18	9	9	32	0	32	23	12	11	27	11	16	18	0	18	20	6	14	15	14	1	18	1	17	18	9	9	18	0	18	28	13	15
NC_059182.1	15142730	15142731	*	23	0	23	24	4	20	20	1	19	17	0	17	17	1	16	18	0	18	10	1	9	18	3	15	12	1	11	16	1	15	17	2	15	24	1	23	22	0	22	18	2	16	17	2	15	20	0	20	20	2	18	23	0	23	23	1	22
NC_059182.1	15789843	15789844	*	19	0	19	14	7	7	18	0	18	18	0	18	19	0	19	13	0	13	11	0	11	12	1	11	10	0	10	13	0	13	16	0	16	25	0	25	17	0	17	16	0	16	22	0	22	16	0	16	21	0	21	17	0	17	25	0	25
NC_059182.1	17037992	17037993	*	12	0	12	16	7	9	18	9	9	11	0	11	13	0	13	21	0	21	13	0	13	23	3	20	17	0	17	12	1	11	16	0	16	21	0	21	26	0	26	22	0	22	20	0	20	20	0	20	13	0	13	15	0	15	19	0	19
NC_059182.1	17038001	17038002	*	11	0	11	18	9	9	18	9	9	13	0	13	12	0	12	20	0	20	14	0	14	22	2	20	17	0	17	12	0	12	16	0	16	18	0	18	25	0	25	22	0	22	20	0	20	21	0	21	16	1	15	15	0	15	20	0	20
NC_059182.1	17038013	17038014	*	11	0	11	19	10	9	18	9	9	13	0	13	10	0	10	18	0	18	14	0	14	19	1	18	18	0	18	13	0	13	13	0	13	16	0	16	21	0	21	19	0	19	20	0	20	21	0	21	15	0	15	13	0	13	18	0	18
NC_059182.1	18832645	18832646	*	16	0	16	25	5	20	13	0	13	13	0	13	15	0	15	27	0	27	20	0	20	23	0	23	16	0	16	26	0	26	20	0	20	21	0	21	20	0	20	23	0	23	31	0	31	22	0	22	28	0	28	20	0	20	30	0	30
NC_059182.1	18896043	18896044	*	21	2	19	18	14	4	25	4	21	14	5	9	10	3	7	23	17	6	10	9	1	16	14	2	16	14	2	18	8	10	10	10	0	16	3	13	12	7	5	22	11	11	24	22	2	23	21	2	13	5	8	16	1	15	27	15	12
NC_059182.1	18896069	18896070	*	20	0	20	22	11	11	23	0	23	15	0	15	10	1	9	23	1	22	15	7	8	18	10	8	14	2	12	21	1	20	11	4	7	18	0	18	11	2	9	22	2	20	24	7	17	21	9	12	15	2	13	16	0	16	32	3	29
NC_059182.1	18955389	18955390	*	16	0	16	19	3	16	20	1	19	25	2	23	21	4	17	17	0	17	17	0	17	17	11	6	11	2	9	21	4	17	26	12	14	23	4	19	12	2	10	16	0	16	31	5	26	20	0	20	30	2	28	23	1	22	17	6	11
NC_059183.1	111569	111570	*	18	0	18	19	12	7	12	0	12	15	8	7	11	3	8	16	1	15	13	0	13	17	6	11	21	2	19	21	0	21	19	9	10	22	0	22	19	9	10	18	1	17	20	0	20	12	6	6	16	0	16	15	0	15	20	11	9
NC_059183.1	161801	161802	*	13	0	13	15	4	11	10	0	10	17	9	8	10	0	10	12	0	12	12	4	8	12	5	7	11	0	11	14	6	8	14	0	14	22	14	8	18	0	18	18	5	13	17	7	10	18	9	9	18	0	18	19	0	19	32	0	32
NC_059183.1	1328306	1328307	*	23	0	23	18	3	15	13	0	13	10	0	10	16	1	15	22	0	22	16	0	16	17	0	17	16	0	16	26	1	25	24	0	24	27	1	26	16	0	16	30	0	30	27	0	27	15	0	15	20	0	20	20	0	20	28	0	28
NC_059183.1	1660893	1660894	*	19	0	19	29	12	17	10	3	7	18	2	16	10	1	9	20	0	20	20	3	17	26	12	14	27	10	17	24	0	24	23	10	13	31	2	29	19	8	11	19	8	11	21	4	17	23	6	17	24	4	20	18	0	18	21	0	21
NC_059183.1	3350660	3350661	*	12	0	12	15	14	1	17	7	10	21	20	1	12	8	4	17	15	2	12	11	1	14	12	2	13	13	0	13	3	10	21	19	2	25	25	0	19	18	1	29	28	1	26	24	2	23	20	3	13	13	0	13	13	0	26	25	1
NC_059183.1	4535306	4535307	*	17	0	17	22	9	13	15	1	14	31	0	31	12	0	12	18	0	18	17	0	17	17	11	6	13	0	13	19	0	19	17	0	17	22	1	21	18	0	18	16	0	16	23	0	23	30	0	30	23	12	11	10	0	10	15	0	15
NC_059183.1	4665689	4665690	*	14	0	14	18	7	11	17	0	17	14	0	14	26	12	14	15	0	15	14	0	14	12	0	12	16	11	5	27	0	27	17	0	17	30	17	13	14	10	4	21	0	21	24	11	13	16	0	16	19	9	10	18	11	7	30	29	1
NC_059183.1	4965945	4965946	*	24	0	24	28	13	15	19	0	19	16	6	10	17	0	17	20	5	15	19	8	11	19	0	19	15	0	15	12	5	7	25	2	23	19	7	12	14	0	14	13	0	13	27	0	27	21	7	14	30	0	30	19	0	19	18	0	18
NC_059183.1	4965951	4965952	*	24	0	24	28	16	12	19	0	19	17	10	7	17	0	17	19	7	12	19	11	8	20	0	20	15	0	15	14	6	8	26	2	24	20	11	9	14	0	14	14	0	14	28	0	28	21	5	16	30	0	30	20	0	20	18	0	18
NC_059183.1	4965958	4965959	*	24	0	24	28	15	13	20	0	20	17	11	6	17	0	17	20	8	12	19	9	10	21	0	21	16	0	16	14	5	9	26	2	24	21	10	11	14	1	13	14	0	14	29	0	29	20	7	13	29	0	29	19	0	19	19	0	19
NC_059183.1	4965973	4965974	*	25	0	25	29	11	18	21	0	21	18	7	11	18	0	18	20	7	13	18	7	11	21	0	21	16	0	16	14	6	8	25	2	23	21	8	13	13	0	13	15	1	14	31	0	31	20	5	15	31	1	30	21	0	21	20	0	20
NC_059183.1	5017198	5017199	*	10	0	10	20	7	13	11	0	11	23	11	12	17	11	6	19	0	19	10	0	10	17	12	5	11	1	10	17	0	17	16	8	8	24	13	11	20	0	20	20	0	20	27	13	14	20	0	20	21	0	21	18	0	18	27	22	5
NC_059183.1	5662380	5662381	*	18	0	18	19	9	10	15	15	0	15	0	15	16	0	16	23	0	23	16	0	16	13	1	12	16	8	8	20	9	11	12	0	12	30	17	13	10	5	5	17	10	7	22	8	14	26	1	25	27	0	27	15	6	9	26	14	12
NC_059183.1	5662401	5662402	*	22	0	22	19	10	9	16	0	16	15	0	15	16	0	16	22	0	22	17	0	17	12	0	12	11	0	11	22	0	22	12	0	12	30	0	30	12	5	7	16	0	16	19	7	12	26	1	25	27	0	27	14	6	8	25	0	25
NC_059183.1	5662469	5662470	*	20	0	20	19	3	16	10	0	10	14	0	14	19	0	19	24	0	24	15	0	15	10	5	5	10	1	9	21	9	12	15	0	15	27	10	17	16	1	15	16	0	16	22	5	17	22	1	21	19	0	19	12	7	5	21	0	21
NC_059183.1	5662473	5662474	*	21	0	21	19	3	16	10	0	10	15	0	15	19	0	19	23	0	23	17	0	17	11	5	6	11	0	11	19	8	11	17	0	17	26	7	19	15	1	14	16	0	16	24	4	20	23	1	22	19	0	19	12	6	6	20	0	20
NC_059183.1	5964632	5964633	*	10	0	10	16	7	9	15	0	15	16	0	16	12	0	12	16	0	16	11	4	7	10	0	10	13	10	3	17	8	9	10	8	2	20	0	20	18	8	10	11	0	11	11	2	9	23	0	23	12	7	5	11	4	7	22	0	22
NC_059183.1	7053046	7053047	*	21	0	21	22	19	3	11	4	7	17	16	1	15	9	6	23	22	1	19	18	1	16	0	16	24	0	24	14	0	14	20	0	20	33	21	12	29	26	3	18	3	15	23	22	1	23	22	1	20	9	11	24	22	2	25	11	14
NC_059183.1	7053155	7053156	*	17	0	17	15	15	0	11	5	6	14	13	1	16	8	8	14	14	0	19	18	1	10	0	10	16	0	16	13	6	7	20	0	20	27	17	10	18	17	1	15	3	12	21	21	0	27	26	1	15	10	5	16	16	0	31	16	15
NC_059183.1	8585692	8585693	*	18	0	18	23	7	16	17	0	17	19	1	18	12	0	12	18	0	18	21	0	21	24	0	24	17	0	17	24	0	24	25	0	25	29	0	29	25	0	25	23	0	23	19	1	18	21	0	21	14	0	14	17	0	17	34	0	34
NC_059183.1	9017260	9017261	*	14	2	12	13	4	9	10	1	9	11	1	10	10	2	8	11	2	9	11	1	10	12	6	6	18	1	17	21	7	14	11	0	11	16	1	15	13	5	8	19	2	17	24	5	19	10	5	5	13	2	11	15	1	14	21	3	18
NC_059183.1	11230328	11230329	*	27	0	27	24	4	20	12	0	12	17	0	17	15	0	15	25	2	23	13	6	7	13	0	13	16	0	16	17	0	17	23	0	23	29	0	29	17	5	12	18	11	7	20	0	20	11	0	11	27	1	26	16	0	16	24	1	23
NC_059183.1	11501048	11501049	*	11	0	11	21	10	11	13	0	13	18	0	18	12	0	12	23	0	23	18	0	18	17	0	17	17	0	17	20	0	20	17	0	17	22	0	22	17	9	8	11	0	11	16	0	16	22	0	22	22	0	22	22	0	22	23	0	23
NC_059183.1	11856089	11856090	*	24	0	24	29	8	21	19	0	19	12	0	12	27	0	27	27	0	27	21	1	20	12	0	12	16	0	16	38	0	38	24	0	24	25	0	25	18	0	18	23	0	23	29	5	24	21	0	21	34	0	34	20	0	20	27	0	27
NC_059183.1	11856096	11856097	*	24	0	24	28	11	17	19	1	18	12	0	12	27	0	27	25	10	15	19	0	19	12	0	12	16	0	16	36	1	35	23	13	10	23	0	23	15	0	15	23	1	22	30	12	18	20	0	20	33	3	30	19	0	19	26	1	25
NC_059183.1	12422352	12422353	*	56	2	54	23	3	20	30	0	30	24	0	24	19	0	19	31	0	31	26	0	26	28	5	23	21	0	21	27	5	22	32	14	18	24	0	24	38	0	38	40	0	40	60	1	59	30	4	26	25	0	25	22	0	22	31	0	31
NC_059183.1	12883267	12883268	*	13	0	13	13	5	8	16	6	10	14	5	9	14	14	0	16	0	16	10	9	1	14	10	4	14	10	4	16	11	5	11	5	6	14	12	2	16	0	16	21	7	14	20	20	0	20	16	4	16	0	16	15	0	15	17	0	17
NC_059183.1	13120134	13120135	*	19	1	18	31	15	16	19	1	18	15	2	13	16	2	14	20	1	19	17	10	7	23	15	8	14	4	10	27	15	12	33	23	10	22	5	17	20	8	12	13	2	11	17	11	6	19	13	6	26	3	23	19	1	18	32	3	29
NC_059183.1	13120165	13120166	*	18	0	18	31	4	27	20	0	20	13	0	13	17	0	17	21	0	21	18	0	18	23	4	19	16	0	16	28	4	24	34	5	29	27	1	26	21	1	20	14	1	13	18	1	17	20	4	16	29	1	28	22	1	21	33	1	32
NC_059183.1	13434099	13434100	*	24	0	24	21	3	18	21	0	21	28	0	28	16	0	16	27	0	27	25	1	24	20	5	15	16	2	14	20	0	20	10	0	10	33	0	33	29	0	29	26	0	26	28	0	28	29	4	25	26	3	23	32	5	27	38	0	38
NC_059183.1	14159359	14159360	*	21	0	21	20	5	15	16	0	16	21	0	21	12	0	12	19	0	19	11	1	10	14	0	14	15	3	12	14	0	14	15	0	15	19	0	19	10	0	10	17	8	9	27	0	27	22	10	12	14	0	14	11	0	11	20	0	20
NC_059183.1	14159499	14159500	*	19	0	19	18	7	11	14	0	14	15	0	15	20	0	20	20	0	20	10	0	10	14	0	14	11	5	6	14	0	14	14	7	7	20	0	20	18	0	18	15	8	7	18	0	18	19	10	9	11	0	11	12	0	12	22	0	22
NC_059183.1	14159581	14159582	*	21	0	21	15	5	10	15	0	15	13	0	13	17	0	17	16	0	16	16	0	16	14	0	14	10	7	3	17	1	16	17	9	8	17	1	16	17	0	17	14	5	9	16	0	16	19	9	10	11	0	11	21	0	21	25	0	25
NC_059183.1	14159596	14159597	*	19	0	19	12	4	8	15	0	15	13	0	13	18	0	18	15	0	15	15	0	15	13	0	13	10	7	3	17	0	17	17	8	9	17	0	17	15	0	15	16	6	10	17	0	17	18	6	12	12	0	12	20	0	20	25	0	25
NC_059183.1	14159605	14159606	*	18	0	18	11	3	8	16	0	16	13	0	13	17	0	17	15	0	15	16	0	16	13	0	13	11	8	3	18	0	18	16	9	7	20	0	20	14	0	14	17	6	11	18	0	18	18	8	10	12	0	12	20	0	20	25	0	25
NC_059183.1	14159650	14159651	*	15	0	15	10	3	7	19	0	19	14	0	14	15	0	15	15	0	15	22	1	21	13	0	13	12	7	5	24	0	24	17	10	7	22	0	22	16	0	16	20	8	12	22	0	22	23	11	12	17	0	17	21	0	21	27	0	27
NC_059183.1	14279705	14279706	*	21	0	21	15	15	0	17	8	9	11	7	4	17	15	2	20	0	20	17	17	0	15	9	6	12	11	1	20	9	11	10	2	8	20	15	5	11	0	11	12	6	6	27	13	14	18	18	0	18	8	10	23	0	23	36	15	21
NC_059183.1	15435414	15435415	*	13	0	13	10	6	4	12	1	11	13	4	9	12	0	12	14	4	10	13	0	13	15	0	15	13	0	13	12	0	12	12	6	6	15	0	15	16	3	13	15	0	15	26	10	16	21	9	12	31	1	30	13	0	13	19	9	10
NC_059183.1	15435436	15435437	*	15	0	15	12	7	5	11	1	10	14	4	10	12	0	12	12	3	9	16	0	16	14	0	14	11	0	11	14	0	14	13	6	7	23	0	23	19	5	14	16	0	16	27	12	15	25	12	13	30	0	30	17	0	17	21	7	14
NC_059183.1	15435474	15435475	*	17	0	17	12	6	6	10	2	8	14	4	10	13	0	13	14	7	7	17	0	17	12	0	12	10	0	10	18	0	18	14	6	8	23	0	23	24	0	24	19	0	19	29	14	15	25	11	14	30	0	30	19	0	19	31	0	31
NC_059183.1	15435507	15435508	*	21	0	21	14	8	6	13	1	12	17	7	10	14	0	14	13	6	7	19	0	19	11	0	11	14	0	14	21	0	21	15	1	14	23	0	23	26	0	26	26	0	26	30	15	15	26	10	16	31	0	31	17	0	17	30	0	30
NC_059183.1	15672557	15672558	*	24	0	24	14	4	10	28	4	24	22	0	22	31	10	21	21	1	20	21	0	21	32	15	17	19	0	19	23	11	12	16	3	13	30	0	30	36	9	27	30	8	22	23	5	18	17	3	14	26	6	20	19	1	18	32	0	32
NC_059183.1	15775167	15775168	*	13	1	12	15	13	2	12	9	3	10	10	0	11	10	1	15	11	4	14	14	0	15	14	1	18	18	0	13	6	7	19	18	1	22	22	0	21	18	3	12	12	0	25	13	12	26	25	1	14	14	0	18	17	1	21	18	3
NC_059183.1	16224224	16224225	*	21	0	21	23	12	11	13	13	0	11	4	7	15	15	0	17	9	8	14	0	14	17	7	10	14	0	14	15	8	7	10	3	7	18	10	8	12	0	12	19	7	12	19	17	2	20	3	17	15	0	15	22	10	12	13	0	13
NC_059183.1	16482508	16482509	*	14	1	13	17	9	8	14	4	10	18	0	18	19	1	18	25	2	23	23	7	16	14	3	11	15	4	11	15	5	10	14	2	12	18	2	16	16	6	10	20	4	16	23	7	16	22	2	20	14	5	9	18	1	17	29	3	26
NC_059183.1	16743327	16743328	*	15	0	15	11	9	2	22	0	22	16	2	14	16	0	16	13	0	13	14	0	14	11	0	11	14	1	13	18	1	17	13	1	12	21	0	21	17	0	17	27	0	27	20	1	19	23	0	23	16	1	15	14	0	14	18	1	17
NC_059183.1	16743340	16743341	*	16	0	16	12	10	2	23	0	23	16	0	16	17	0	17	13	0	13	13	0	13	12	0	12	11	1	10	18	1	17	12	0	12	21	0	21	17	0	17	27	0	27	20	0	20	22	0	22	17	0	17	15	0	15	18	0	18
NC_059183.1	16743359	16743360	*	17	0	17	13	10	3	21	0	21	14	0	14	16	0	16	12	0	12	14	0	14	11	0	11	11	0	11	19	0	19	12	0	12	21	0	21	19	0	19	27	0	27	20	1	19	19	0	19	17	0	17	18	0	18	18	0	18
NC_059183.1	17327147	17327148	*	15	0	15	23	17	6	12	7	5	19	14	5	18	16	2	24	11	13	22	13	9	22	16	6	20	5	15	21	19	2	31	19	12	10	7	3	16	12	4	21	15	6	27	16	11	23	13	10	23	20	3	18	15	3	14	10	4
NC_059183.1	17327589	17327590	*	11	0	11	14	6	8	15	0	15	16	0	16	12	6	6	21	0	21	14	1	13	12	1	11	12	2	10	15	1	14	11	0	11	21	0	21	13	0	13	11	0	11	17	0	17	18	1	17	17	0	17	22	0	22	18	7	11
NC_059183.1	17330334	17330335	*	10	0	10	36	4	32	24	6	18	41	7	34	28	15	13	41	9	32	44	12	32	32	7	25	23	3	20	21	2	19	10	2	8	10	2	8	13	3	10	18	5	13	18	5	13	35	1	34	32	5	27	17	4	13	33	5	28
NC_059183.1	17713367	17713368	*	20	0	20	25	9	16	20	0	20	23	0	23	24	17	7	15	1	14	15	0	15	14	6	8	16	0	16	17	0	17	15	4	11	23	1	22	14	0	14	24	12	12	23	14	9	18	7	11	21	0	21	11	0	11	27	0	27
NC_059183.1	17713400	17713401	*	20	0	20	18	17	1	19	7	12	18	16	2	21	13	8	13	12	1	14	0	14	17	7	10	15	7	8	16	0	16	14	3	11	18	14	4	14	0	14	22	21	1	21	13	8	17	17	0	20	0	20	12	0	12	27	0	27
NC_059183.1	18099536	18099537	*	16	0	16	19	7	12	20	0	20	25	13	12	11	10	1	14	11	3	19	7	12	20	1	19	20	7	13	24	8	16	39	39	0	29	0	29	23	0	23	25	24	1	31	0	31	26	26	0	17	0	17	24	12	12	25	0	25
NC_059183.1	18328859	18328860	*	12	0	12	14	7	7	14	7	7	21	15	6	16	7	9	13	12	1	16	6	10	10	9	1	15	13	2	17	7	10	14	4	10	24	18	6	16	12	4	21	20	1	26	10	16	23	11	12	16	6	10	12	10	2	27	13	14
NC_059183.1	18328862	18328863	*	12	0	12	14	8	6	14	6	8	21	18	3	17	9	8	13	10	3	16	7	9	10	8	2	15	12	3	17	6	11	13	4	9	24	20	4	16	13	3	21	20	1	26	14	12	22	10	12	16	6	10	12	11	1	27	12	15
NC_059183.1	18328865	18328866	*	12	1	11	14	10	4	14	7	7	21	14	7	17	9	8	11	9	2	16	7	9	10	10	0	14	12	2	17	6	11	13	5	8	24	19	5	15	11	4	19	18	1	26	10	16	23	12	11	16	6	10	12	11	1	28	13	15
NC_059184.1	116935	116936	*	14	0	14	17	6	11	13	11	2	13	5	8	14	0	14	15	6	9	17	0	17	12	0	12	10	0	10	14	0	14	14	0	14	24	16	8	18	8	10	16	0	16	22	0	22	26	12	14	17	11	6	19	0	19	25	0	25
NC_059184.1	231466	231467	*	37	2	35	33	6	27	17	0	17	18	1	17	17	0	17	28	2	26	21	0	21	22	2	20	21	1	20	24	0	24	27	0	27	18	0	18	16	0	16	22	0	22	27	4	23	29	2	27	21	2	19	23	0	23	22	0	22
NC_059184.1	800868	800869	*	24	1	23	23	8	15	16	10	6	21	5	16	15	10	5	23	10	13	19	15	4	12	3	9	18	9	9	22	16	6	30	12	18	27	3	24	26	22	4	22	9	13	30	17	13	19	7	12	18	2	16	20	14	6	41	13	28
NC_059184.1	843533	843534	*	17	0	17	14	3	11	14	0	14	16	0	16	23	0	23	26	4	22	17	0	17	14	0	14	17	0	17	22	0	22	21	1	20	28	0	28	15	0	15	21	0	21	23	0	23	16	0	16	22	0	22	20	0	20	29	0	29
NC_059184.1	843551	843552	*	18	0	18	15	3	12	17	0	17	16	0	16	25	0	25	25	2	23	15	0	15	15	0	15	16	0	16	21	0	21	27	1	26	31	0	31	13	0	13	21	0	21	25	1	24	19	0	19	26	0	26	21	1	20	31	0	31
NC_059184.1	1558881	1558882	*	20	0	20	20	9	11	14	0	14	15	0	15	15	0	15	14	0	14	18	0	18	13	0	13	23	0	23	18	0	18	14	0	14	28	0	28	16	0	16	19	0	19	25	1	24	25	0	25	19	0	19	21	0	21	28	0	28
NC_059184.1	1558909	1558910	*	21	0	21	23	13	10	16	6	10	15	0	15	15	0	15	15	0	15	19	0	19	11	0	11	20	0	20	17	0	17	16	0	16	24	0	24	13	0	13	19	0	19	25	0	25	22	0	22	20	0	20	17	0	17	25	0	25
NC_059184.1	1558921	1558922	*	19	1	18	27	13	14	16	5	11	15	0	15	18	0	18	16	0	16	19	0	19	13	0	13	21	0	21	15	0	15	15	0	15	25	0	25	14	0	14	17	0	17	28	0	28	25	0	25	22	0	22	17	0	17	26	0	26
NC_059184.1	2543348	2543349	*	22	0	22	14	3	11	14	0	14	16	0	16	16	0	16	11	0	11	16	0	16	13	0	13	12	0	12	14	6	8	18	0	18	21	0	21	12	0	12	18	0	18	14	0	14	20	1	19	13	0	13	16	7	9	26	0	26
NC_059184.1	2570647	2570648	*	19	0	19	16	7	9	10	0	10	11	0	11	12	0	12	22	3	19	19	0	19	13	1	12	13	0	13	21	0	21	10	4	6	21	7	14	21	3	18	16	1	15	22	2	20	23	0	23	18	3	15	17	2	15	20	0	20
NC_059184.1	2687658	2687659	*	12	2	10	18	15	3	17	4	13	18	0	18	19	14	5	14	4	10	14	6	8	14	12	2	18	7	11	14	3	11	11	2	9	20	0	20	15	12	3	19	0	19	22	2	20	14	3	11	27	0	27	13	7	6	26	1	25
NC_059184.1	2687704	2687705	*	13	1	12	17	7	10	22	1	21	17	0	17	13	4	9	16	7	9	12	0	12	14	6	8	21	0	21	16	0	16	14	1	13	20	0	20	16	8	8	20	0	20	28	2	26	16	9	7	27	0	27	15	10	5	23	0	23
NC_059184.1	2869643	2869644	*	14	0	14	24	9	15	16	0	16	13	1	12	16	0	16	13	3	10	12	2	10	21	0	21	17	0	17	21	0	21	15	0	15	16	0	16	16	0	16	15	6	9	16	0	16	21	10	11	23	11	12	20	0	20	22	0	22
NC_059184.1	4229588	4229589	*	22	0	22	21	3	18	18	0	18	16	0	16	24	0	24	24	0	24	14	0	14	18	1	17	16	0	16	23	0	23	15	0	15	34	0	34	18	0	18	17	0	17	23	0	23	21	0	21	22	0	22	20	0	20	25	0	25
NC_059184.1	4234936	4234937	*	15	0	15	14	7	7	10	0	10	16	0	16	19	10	9	21	0	21	15	3	12	14	10	4	19	0	19	11	4	7	10	4	6	21	0	21	11	1	10	12	0	12	22	0	22	21	8	13	12	1	11	20	0	20	23	1	22
NC_059184.1	5191776	5191777	*	17	0	17	19	11	8	16	0	16	20	0	20	15	0	15	14	0	14	13	0	13	15	1	14	14	0	14	11	0	11	17	0	17	18	0	18	14	0	14	17	0	17	14	0	14	18	0	18	14	0	14	17	0	17	26	0	26
NC_059184.1	5629858	5629859	*	16	0	16	31	10	21	15	0	15	21	0	21	21	10	11	14	1	13	17	2	15	12	0	12	13	0	13	22	0	22	14	0	14	23	0	23	23	0	23	18	0	18	21	0	21	26	0	26	34	0	34	18	0	18	31	0	31
NC_059184.1	5792948	5792949	*	19	0	19	15	4	11	12	0	12	13	1	12	13	0	13	11	1	10	13	3	10	12	3	9	11	0	11	17	0	17	13	1	12	20	0	20	22	7	15	23	0	23	26	0	26	18	1	17	22	3	19	14	1	13	21	0	21
NC_059184.1	5792967	5792968	*	19	1	18	14	4	10	10	0	10	16	1	15	12	0	12	12	1	11	10	0	10	13	3	10	10	0	10	16	0	16	15	1	14	20	0	20	21	8	13	23	0	23	23	1	22	19	0	19	24	3	21	13	0	13	18	0	18
NC_059184.1	7008229	7008230	*	24	0	24	25	12	13	15	0	15	18	16	2	26	13	13	18	10	8	17	8	9	23	1	22	20	1	19	18	9	9	21	0	21	30	1	29	23	10	13	21	0	21	26	13	13	26	12	14	34	16	18	16	8	8	26	14	12
NC_059184.1	8732803	8732804	*	18	0	18	24	15	9	12	0	12	13	10	3	15	15	0	24	18	6	16	10	6	18	0	18	12	10	2	26	24	2	29	26	3	22	21	1	21	18	3	22	16	6	15	14	1	21	14	7	25	22	3	17	4	13	24	0	24
NC_059184.1	11523462	11523463	*	21	2	19	28	14	14	15	0	15	15	0	15	25	0	25	22	0	22	25	1	24	16	0	16	15	0	15	24	0	24	16	0	16	24	0	24	17	0	17	31	1	30	29	0	29	30	0	30	20	0	20	17	0	17	23	0	23
NC_059185.1	48445	48446	*	23	1	22	16	3	13	19	4	15	23	0	23	21	3	18	23	0	23	20	0	20	23	2	21	20	2	18	24	4	20	22	0	22	35	2	33	26	2	24	24	1	23	38	7	31	22	2	20	24	2	22	19	0	19	30	1	29
NC_059185.1	48453	48454	*	23	1	22	18	6	12	20	7	13	22	2	20	21	6	15	23	1	22	21	4	17	23	4	19	19	7	12	25	4	21	21	8	13	35	3	32	27	5	22	22	1	21	38	14	24	22	2	20	23	5	18	21	2	19	30	4	26
NC_059185.1	120825	120826	*	24	0	24	24	3	21	12	0	12	15	0	15	24	1	23	21	2	19	20	0	20	22	0	22	19	0	19	26	1	25	27	1	26	33	1	32	32	0	32	17	0	17	33	12	21	28	4	24	23	0	23	23	0	23	29	13	16
NC_059185.1	212477	212478	*	23	2	21	27	8	19	28	7	21	20	0	20	26	8	18	24	4	20	10	1	9	29	5	24	12	4	8	24	8	16	15	5	10	22	1	21	38	7	31	22	4	18	32	10	22	46	6	40	26	8	18	36	11	25	44	13	31
NC_059185.1	378364	378365	*	27	0	27	30	7	23	13	0	13	17	0	17	27	0	27	26	0	26	13	0	13	23	0	23	19	0	19	23	0	23	23	0	23	27	0	27	29	0	29	26	0	26	27	0	27	22	0	22	38	1	37	18	0	18	27	1	26
NC_059185.1	378381	378382	*	22	0	22	30	21	9	14	0	14	17	1	16	27	0	27	27	0	27	11	0	11	23	0	23	20	0	20	20	9	11	26	1	25	25	3	22	33	0	33	28	3	25	26	0	26	26	0	26	35	3	32	22	0	22	25	0	25
NC_059185.1	378599	378600	*	25	0	25	32	15	17	20	8	12	13	0	13	30	14	16	26	1	25	12	0	12	14	1	13	22	0	22	24	14	10	28	17	11	31	0	31	19	0	19	25	0	25	24	8	16	25	0	25	20	0	20	34	15	19	30	1	29
NC_059185.1	378615	378616	*	27	0	27	29	13	16	21	8	13	11	0	11	28	11	17	27	0	27	13	0	13	11	0	11	21	0	21	22	13	9	23	14	9	27	0	27	19	0	19	20	0	20	24	9	15	25	0	25	19	0	19	31	13	18	26	0	26
NC_059185.1	378618	378619	*	26	0	26	29	15	14	21	7	14	10	0	10	27	11	16	28	1	27	13	0	13	10	0	10	21	0	21	21	12	9	22	12	10	27	0	27	19	0	19	20	0	20	25	10	15	24	0	24	19	0	19	31	14	17	27	1	26
NC_059185.1	960233	960234	*	18	0	18	19	3	16	22	1	21	16	7	9	12	4	8	11	5	6	16	0	16	10	10	0	13	0	13	14	0	14	25	2	23	30	13	17	14	1	13	16	7	9	25	0	25	17	0	17	14	0	14	17	0	17	24	0	24
NC_059185.1	965457	965458	*	14	0	14	25	24	1	12	12	0	24	0	24	14	6	8	18	0	18	13	1	12	19	0	19	15	6	9	22	14	8	25	12	13	29	0	29	15	0	15	21	0	21	26	21	5	26	0	26	16	9	7	14	11	3	29	12	17
NC_059185.1	1167224	1167225	*	22	0	22	24	3	21	26	1	25	17	0	17	18	0	18	25	0	25	18	0	18	11	0	11	12	0	12	20	0	20	24	3	21	21	1	20	22	1	21	21	0	21	24	2	22	19	0	19	18	0	18	14	0	14	35	0	35
NC_059185.1	1167241	1167242	*	21	1	20	25	4	21	25	2	23	20	0	20	18	1	17	25	0	25	14	0	14	10	0	10	13	0	13	18	2	16	23	3	20	21	0	21	18	1	17	21	0	21	21	5	16	18	0	18	20	1	19	14	0	14	32	2	30
NC_059185.1	1167394	1167395	*	14	2	12	23	4	19	18	3	15	20	10	10	20	10	10	21	1	20	17	0	17	17	3	14	16	3	13	16	2	14	20	8	12	20	0	20	11	5	6	22	2	20	22	12	10	22	4	18	21	0	21	19	1	18	21	2	19
NC_059185.1	1220383	1220384	*	20	0	20	19	3	16	15	0	15	19	0	19	12	0	12	17	1	16	13	0	13	15	0	15	14	1	13	13	0	13	13	1	12	13	0	13	15	6	9	18	0	18	18	0	18	17	0	17	21	0	21	20	2	18	13	1	12
NC_059185.1	1220422	1220423	*	21	0	21	12	5	7	15	4	11	19	0	19	14	4	10	20	2	18	14	1	13	15	0	15	16	7	9	15	5	10	11	5	6	14	5	9	15	5	10	17	0	17	18	0	18	20	9	11	21	1	20	19	0	19	16	16	0
NC_059185.1	1660107	1660108	*	24	0	24	20	6	14	17	2	15	15	0	15	18	0	18	21	1	20	10	1	9	13	2	11	11	1	10	10	3	7	10	0	10	26	2	24	15	0	15	18	0	18	21	1	20	19	1	18	16	1	15	13	0	13	26	1	25
NC_059185.1	1660118	1660119	*	23	0	23	23	4	19	18	0	18	15	0	15	19	0	19	21	0	21	10	0	10	14	1	13	11	0	11	10	2	8	10	0	10	24	0	24	14	0	14	19	0	19	20	0	20	21	1	20	17	0	17	11	0	11	25	0	25
NC_059185.1	2678857	2678858	*	16	0	16	29	6	23	14	0	14	22	0	22	16	0	16	24	0	24	26	0	26	14	0	14	31	0	31	30	0	30	18	2	16	43	6	37	27	0	27	10	0	10	35	1	34	49	0	49	41	0	41	34	0	34	42	9	33
NC_059185.1	2710656	2710657	*	17	0	17	15	14	1	12	4	8	17	0	17	16	8	8	18	18	0	11	11	0	12	7	5	13	0	13	18	13	5	12	0	12	20	12	8	23	13	10	21	12	9	18	18	0	17	0	17	11	0	11	11	0	11	21	10	11
NC_059185.1	3017098	3017099	*	24	0	24	30	11	19	25	0	25	17	0	17	13	0	13	17	0	17	17	0	17	23	0	23	20	0	20	22	7	15	19	0	19	26	0	26	27	0	27	27	2	25	30	0	30	33	0	33	26	0	26	16	0	16	31	1	30
NC_059185.1	3393687	3393688	*	15	0	15	21	5	16	14	0	14	16	0	16	11	0	11	16	3	13	12	6	6	13	0	13	12	0	12	19	5	14	23	11	12	17	0	17	19	0	19	20	0	20	21	3	18	21	0	21	25	0	25	17	0	17	25	1	24
NC_059185.1	4302237	4302238	*	22	2	20	22	22	0	17	10	7	16	7	9	15	4	11	23	5	18	17	11	6	16	11	5	15	1	14	17	15	2	20	9	11	23	5	18	13	4	9	17	0	17	25	11	14	26	14	12	27	14	13	15	1	14	27	11	16
NC_059185.1	4302270	4302271	*	20	0	20	22	3	19	14	6	8	12	0	12	15	3	12	20	0	20	17	3	14	15	0	15	15	0	15	15	0	15	16	0	16	20	0	20	16	0	16	14	0	14	21	1	20	28	1	27	26	0	26	14	0	14	19	0	19
NC_059185.1	4610265	4610266	*	12	0	12	24	16	8	24	0	24	20	10	10	13	0	13	21	0	21	16	0	16	12	5	7	18	0	18	18	0	18	12	0	12	28	0	28	17	0	17	10	5	5	26	10	16	21	0	21	18	0	18	18	6	12	23	0	23
NC_059185.1	4710907	4710908	*	24	0	24	32	5	27	13	0	13	18	0	18	16	0	16	16	0	16	13	0	13	15	0	15	10	0	10	22	7	15	17	5	12	21	1	20	14	4	10	17	3	14	24	7	17	23	0	23	20	10	10	16	8	8	19	0	19
NC_059185.1	9493096	9493097	*	17	0	17	20	7	13	13	1	12	13	0	13	19	1	18	16	0	16	16	4	12	18	0	18	17	0	17	27	0	27	29	0	29	27	0	27	17	0	17	26	0	26	27	1	26	22	0	22	20	0	20	23	0	23	28	2	26
NC_059185.1	10091432	10091433	*	16	0	16	15	8	7	10	0	10	17	0	17	23	0	23	22	0	22	17	0	17	10	0	10	17	0	17	18	0	18	16	11	5	17	1	16	12	0	12	17	0	17	21	0	21	31	0	31	17	0	17	19	0	19	20	0	20
NC_059185.1	10133127	10133128	*	13	0	13	17	6	11	10	0	10	17	0	17	10	0	10	10	0	10	12	6	6	13	0	13	15	4	11	15	0	15	12	2	10	11	4	7	15	4	11	10	0	10	18	5	13	18	6	12	10	1	9	10	0	10	22	10	12
NC_059185.1	10662525	10662526	*	29	0	29	28	12	16	20	0	20	20	0	20	21	0	21	17	1	16	16	0	16	17	0	17	18	0	18	22	0	22	23	1	22	34	0	34	28	0	28	26	0	26	28	0	28	20	0	20	27	1	26	22	0	22	29	1	28
NC_059185.1	10859206	10859207	*	15	0	15	18	3	15	14	0	14	14	1	13	14	0	14	20	0	20	19	0	19	18	1	17	14	0	14	22	0	22	20	0	20	34	0	34	21	1	20	12	0	12	25	0	25	21	1	20	16	0	16	17	0	17	24	0	24
NC_059185.1	12270136	12270137	*	14	0	14	19	6	13	19	0	19	13	0	13	10	0	10	15	1	14	15	0	15	20	9	11	11	1	10	13	0	13	14	7	7	19	0	19	14	10	4	21	0	21	21	0	21	14	6	8	10	1	9	11	2	9	12	0	12
NC_059185.1	12520946	12520947	*	34	2	32	40	24	16	29	1	28	28	6	22	44	0	44	34	1	33	35	2	33	19	0	19	37	0	37	35	16	19	45	1	44	12	2	10	29	5	24	28	0	28	47	2	45	59	0	59	52	4	48	35	1	34	47	3	44
NC_059185.1	12520948	12520949	*	34	2	32	39	12	27	29	0	29	27	1	26	43	0	43	34	0	34	35	0	35	19	0	19	37	0	37	35	13	22	45	0	45	12	0	12	28	5	23	28	0	28	47	1	46	57	0	57	52	3	49	35	0	35	46	3	43
NC_059185.1	12520965	12520966	*	31	2	29	38	15	23	25	0	25	26	4	22	41	0	41	32	0	32	31	2	29	19	0	19	35	1	34	32	14	18	44	0	44	12	1	11	27	5	22	27	0	27	47	1	46	54	0	54	52	4	48	33	0	33	41	3	38
NC_059185.1	12521013	12521014	*	27	0	27	29	7	22	19	0	19	21	1	20	30	0	30	25	0	25	23	0	23	17	0	17	28	0	28	27	3	24	40	0	40	10	0	10	20	0	20	23	0	23	41	1	40	38	0	38	42	0	42	23	0	23	36	0	36
NC_059185.1	13090913	13090914	*	28	1	27	38	5	33	31	0	31	13	1	12	22	0	22	42	0	42	25	2	23	24	0	24	26	2	24	31	0	31	10	3	7	38	1	37	35	4	31	44	0	44	41	3	38	45	0	45	45	1	44	26	0	26	43	4	39
NC_059185.1	13107377	13107378	*	26	2	24	10	4	6	40	9	31	23	0	23	40	18	22	38	3	35	18	3	15	21	8	13	28	5	23	12	0	12	55	15	40	33	14	19	35	14	21	26	0	26	34	8	26	32	10	22	36	14	22	41	21	20	28	10	18
NC_059185.1	13107611	13107612	*	21	0	21	15	4	11	34	7	27	26	0	26	37	8	29	46	4	42	33	6	27	13	1	12	24	2	22	12	0	12	49	6	43	38	6	32	44	6	38	20	0	20	49	14	35	47	3	44	29	1	28	53	3	50	18	11	7
NC_059185.1	13148850	13148851	*	37	0	37	49	7	42	45	0	45	47	0	47	61	0	61	39	0	39	49	0	49	41	0	41	32	0	32	61	0	61	69	1	68	86	0	86	62	0	62	63	1	62	65	0	65	61	0	61	52	2	50	51	0	51	95	0	95
NC_059185.1	13198282	13198283	*	27	0	27	26	8	18	21	0	21	17	8	9	22	0	22	34	0	34	19	0	19	14	1	13	11	0	11	25	0	25	18	9	9	21	1	20	22	15	7	20	0	20	31	0	31	24	0	24	23	0	23	10	0	10	30	0	30
NC_059186.1	238359	238360	*	23	0	23	24	23	1	23	11	12	19	18	1	28	26	2	20	16	4	23	10	13	20	19	1	13	7	6	24	11	13	36	35	1	24	23	1	29	11	18	26	13	13	41	40	1	26	26	0	25	23	2	13	13	0	33	16	17
NC_059186.1	238380	238381	*	18	0	18	19	19	0	21	11	10	19	18	1	29	28	1	17	12	5	23	10	13	19	19	0	16	8	8	27	13	14	31	29	2	24	24	0	30	14	16	27	13	14	39	36	3	22	22	0	26	25	1	14	14	0	28	13	15
NC_059186.1	238485	238486	*	12	0	12	13	3	10	17	11	6	12	0	12	17	11	6	12	0	12	13	0	13	15	7	8	12	6	6	13	12	1	14	6	8	12	5	7	24	24	0	21	9	12	27	0	27	24	0	24	22	0	22	15	0	15	27	0	27
NC_059186.1	321539	321540	*	27	0	27	19	10	9	22	0	22	24	0	24	29	0	29	14	0	14	15	0	15	19	4	15	15	0	15	20	3	17	24	1	23	27	0	27	16	0	16	23	0	23	26	2	24	26	0	26	22	0	22	15	0	15	36	1	35
NC_059186.1	321542	321543	*	27	0	27	19	9	10	21	0	21	24	0	24	29	0	29	14	0	14	15	0	15	19	6	13	14	0	14	20	4	16	23	1	22	27	0	27	17	0	17	22	0	22	26	4	22	27	0	27	22	0	22	15	0	15	36	2	34
NC_059186.1	321565	321566	*	26	2	24	17	13	4	19	9	10	18	0	18	29	6	23	14	4	10	16	1	15	19	11	8	11	6	5	20	6	14	20	12	8	26	8	18	16	1	15	21	2	19	27	6	21	23	5	18	21	7	14	16	2	14	37	4	33
NC_059186.1	329570	329571	*	34	1	33	27	4	23	23	3	20	22	0	22	25	3	22	28	0	28	17	1	16	26	5	21	23	4	19	30	5	25	38	7	31	26	0	26	28	0	28	19	1	18	47	10	37	21	5	16	28	6	22	19	0	19	49	3	46
NC_059186.1	6548202	6548203	*	16	0	16	20	3	17	15	3	12	17	0	17	13	0	13	13	5	8	14	1	13	17	1	16	13	1	12	10	0	10	11	2	9	23	0	23	18	4	14	15	0	15	17	0	17	17	0	17	12	0	12	19	3	16	16	0	16
NC_059186.1	6843650	6843651	*	19	0	19	32	11	21	12	0	12	15	0	15	17	0	17	14	0	14	15	8	7	18	0	18	24	0	24	22	0	22	23	0	23	14	0	14	22	0	22	21	0	21	26	0	26	25	0	25	26	0	26	22	0	22	27	0	27
NC_059186.1	7613227	7613228	*	16	0	16	16	6	10	22	1	21	17	9	8	26	2	24	25	16	9	15	7	8	12	11	1	13	1	12	18	11	7	15	0	15	20	8	12	18	11	7	16	9	7	26	13	13	30	0	30	22	7	15	23	8	15	26	0	26
NC_059186.1	7613265	7613266	*	20	1	19	13	8	5	26	0	26	16	7	9	27	1	26	22	15	7	17	10	7	16	13	3	20	0	20	24	11	13	26	0	26	31	12	19	22	15	7	14	7	7	35	20	15	32	0	32	20	0	20	22	12	10	32	0	32
NC_059186.1	7613269	7613270	*	21	0	21	13	8	5	26	0	26	15	8	7	27	1	26	24	16	8	16	9	7	17	15	2	20	0	20	25	11	14	26	0	26	31	11	20	22	15	7	14	8	6	35	19	16	31	0	31	20	8	12	21	11	10	32	0	32
NC_059186.1	7704528	7704529	*	16	0	16	30	5	25	13	2	11	13	4	9	18	1	17	20	7	13	17	6	11	14	4	10	13	6	7	19	4	15	19	10	9	24	7	17	19	7	12	16	5	11	25	23	2	15	4	11	19	8	11	19	7	12	29	6	23
NC_059186.1	7892703	7892704	*	22	0	22	33	5	28	15	1	14	14	0	14	18	10	8	29	6	23	15	1	14	10	1	9	11	0	11	24	1	23	16	0	16	26	3	23	22	3	19	25	7	18	31	9	22	23	0	23	30	2	28	19	0	19	27	2	25
NC_059186.1	8310807	8310808	*	12	0	12	19	5	14	14	5	9	14	5	9	15	0	15	18	10	8	20	13	7	24	2	22	21	10	11	11	2	9	18	1	17	22	13	9	14	1	13	22	2	20	17	9	8	23	1	22	22	4	18	17	0	17	26	16	10
NC_059186.1	8357580	8357581	*	22	1	21	27	10	17	13	1	12	13	2	11	12	0	12	14	2	12	20	12	8	15	7	8	11	2	9	12	4	8	17	9	8	28	9	19	17	3	14	18	0	18	27	4	23	21	2	19	29	9	20	20	1	19	28	4	24
NC_059186.1	8846784	8846785	*	18	0	18	21	4	17	18	8	10	12	0	12	12	5	7	22	0	22	16	16	0	16	8	8	10	3	7	12	3	9	20	0	20	19	12	7	22	7	15	21	0	21	25	9	16	16	11	5	15	15	0	22	0	22	11	11	0
NC_059186.1	8880046	8880047	*	29	2	27	35	5	30	18	0	18	19	7	12	30	0	30	28	0	28	26	0	26	23	3	20	19	0	19	33	1	32	37	1	36	46	22	24	31	3	28	28	2	26	35	19	16	26	1	25	42	1	41	20	0	20	41	2	39
NC_059186.1	9075055	9075056	*	12	1	11	20	10	10	20	19	1	12	12	0	17	14	3	19	6	13	16	7	9	21	5	16	12	9	3	15	0	15	11	7	4	17	0	17	23	12	11	25	2	23	21	13	8	13	1	12	16	12	4	14	0	14	31	21	10
NC_059186.1	10053316	10053317	*	15	1	14	24	12	12	22	0	22	15	6	9	18	0	18	27	0	27	18	8	10	18	6	12	21	0	21	30	0	30	23	0	23	29	13	16	24	0	24	30	11	19	33	0	33	24	0	24	25	0	25	16	0	16	40	22	18
NC_059186.1	10129114	10129115	*	17	0	17	19	16	3	16	15	1	10	7	3	11	3	8	13	10	3	11	6	5	15	11	4	18	6	12	20	8	12	11	7	4	23	0	23	21	12	9	11	4	7	24	20	4	17	11	6	18	16	2	16	11	5	21	3	18
NC_059186.1	11427422	11427423	*	18	0	18	31	14	17	12	0	12	13	4	9	22	0	22	22	0	22	11	6	5	16	0	16	10	0	10	25	0	25	30	12	18	18	7	11	21	12	9	20	12	8	23	0	23	22	0	22	24	0	24	13	0	13	38	11	27
NC_059186.1	12069991	12069992	*	13	0	13	18	7	11	15	0	15	16	10	6	15	0	15	19	0	19	11	0	11	10	0	10	11	8	3	18	0	18	11	0	11	14	6	8	17	15	2	16	0	16	11	10	1	17	10	7	20	0	20	15	0	15	18	0	18
NC_059186.1	12218057	12218058	*	17	0	17	19	9	10	19	0	19	11	0	11	20	0	20	17	0	17	21	0	21	11	0	11	16	0	16	23	0	23	10	0	10	12	0	12	14	0	14	18	0	18	21	0	21	25	0	25	17	0	17	15	0	15	31	0	31
NC_059186.1	12300996	12300997	*	19	0	19	20	10	10	15	7	8	12	12	0	14	14	0	21	21	0	22	0	22	15	12	3	12	4	8	20	19	1	21	9	12	24	23	1	19	18	1	10	4	6	40	40	0	26	26	0	23	15	8	16	10	6	21	9	12
NC_059186.1	12301007	12301008	*	15	0	15	21	11	10	15	7	8	13	13	0	14	14	0	21	19	2	22	0	22	15	14	1	13	4	9	20	20	0	19	11	8	22	22	0	21	19	2	12	6	6	41	39	2	27	26	1	21	13	8	14	9	5	22	8	14
NC_059187.1	241449	241450	*	25	0	25	22	6	16	20	0	20	19	0	19	16	0	16	19	0	19	16	0	16	14	1	13	16	0	16	15	0	15	24	7	17	27	0	27	21	0	21	19	1	18	24	0	24	29	0	29	22	0	22	14	0	14	32	0	32
NC_059187.1	673188	673189	*	13	0	13	27	5	22	12	0	12	19	1	18	14	0	14	15	0	15	17	0	17	10	0	10	11	0	11	16	1	15	17	1	16	30	0	30	18	2	16	21	0	21	14	0	14	22	0	22	17	0	17	19	0	19	18	0	18
NC_059187.1	1159498	1159499	*	21	0	21	23	4	19	24	1	23	13	1	12	24	0	24	19	1	18	16	4	12	18	5	13	14	1	13	20	2	18	28	2	26	26	0	26	18	1	17	15	0	15	35	1	34	23	1	22	20	1	19	17	0	17	17	1	16
NC_059187.1	1168243	1168244	*	26	0	26	19	3	16	18	5	13	16	0	16	15	8	7	21	8	13	14	0	14	19	13	6	22	0	22	16	0	16	18	10	8	34	0	34	23	4	19	22	1	21	28	0	28	27	0	27	12	12	0	17	6	11	25	2	23
NC_059187.1	1168264	1168265	*	23	0	23	17	4	13	19	6	13	14	2	12	13	8	5	22	8	14	12	0	12	20	14	6	22	1	21	16	0	16	19	0	19	35	0	35	25	12	13	25	1	24	23	0	23	26	0	26	11	4	7	14	0	14	25	0	25
NC_059187.1	1168285	1168286	*	24	0	24	17	5	12	20	8	12	13	2	11	13	7	6	22	9	13	14	0	14	19	11	8	20	1	19	15	1	14	19	10	9	35	0	35	24	11	13	28	5	23	24	1	23	27	0	27	11	10	1	13	7	6	24	2	22
NC_059187.1	1370825	1370826	*	25	0	25	25	5	20	20	1	19	15	0	15	18	3	15	17	0	17	19	0	19	14	3	11	15	0	15	18	0	18	15	3	12	27	1	26	19	0	19	17	1	16	25	2	23	19	2	17	28	1	27	28	0	28	34	2	32
NC_059187.1	1399111	1399112	*	19	0	19	24	16	8	24	10	14	12	7	5	16	0	16	20	11	9	16	5	11	16	0	16	24	0	24	20	0	20	21	0	21	26	12	14	13	1	12	24	0	24	31	13	18	23	1	22	18	0	18	20	10	10	34	0	34
NC_059187.1	1603770	1603771	*	18	1	17	16	5	11	17	10	7	16	11	5	16	9	7	14	13	1	14	2	12	12	10	2	16	15	1	14	6	8	15	15	0	27	12	15	14	8	6	11	0	11	21	14	7	29	28	1	11	7	4	18	17	1	20	2	18
NC_059187.1	1603773	1603774	*	18	1	17	17	5	12	17	10	7	17	10	7	15	8	7	14	7	7	14	2	12	13	12	1	16	14	2	14	7	7	16	15	1	26	11	15	15	8	7	12	0	12	22	17	5	27	27	0	12	7	5	18	17	1	22	1	21
NC_059187.1	1978710	1978711	*	22	0	22	21	9	12	18	0	18	22	7	15	26	17	9	21	17	4	12	0	12	16	7	9	20	13	7	21	4	17	21	16	5	22	17	5	21	10	11	17	5	12	21	0	21	22	6	16	17	12	5	17	12	5	19	9	10
NC_059187.1	2662975	2662976	*	19	0	19	15	5	10	13	0	13	14	6	8	19	1	18	13	6	7	19	2	17	19	0	19	10	0	10	14	2	12	20	5	15	35	1	34	11	5	6	13	5	8	10	1	9	26	17	9	28	14	14	15	2	13	31	3	28
NC_059187.1	2735468	2735469	*	19	1	18	18	3	15	20	1	19	17	1	16	13	1	12	17	3	14	11	0	11	13	1	12	18	0	18	16	2	14	22	1	21	19	1	18	17	3	14	20	3	17	30	9	21	26	2	24	19	7	12	24	5	19	19	1	18
NC_059187.1	2781829	2781830	*	15	1	14	12	12	0	12	2	10	16	14	2	11	0	11	11	2	9	10	0	10	13	12	1	12	5	7	18	7	11	12	2	10	23	11	12	13	10	3	13	0	13	21	0	21	16	0	16	13	12	1	18	7	11	22	11	11
NC_059187.1	3770289	3770290	*	15	0	15	20	7	13	18	8	10	22	4	18	14	5	9	16	9	7	14	13	1	23	9	14	10	1	9	20	18	2	14	14	0	27	1	26	18	15	3	19	9	10	27	11	16	20	13	7	18	4	14	11	0	11	29	6	23
NC_059187.1	4181705	4181706	*	24	0	24	20	7	13	31	0	31	19	0	19	11	1	10	11	0	11	15	0	15	27	0	27	34	0	34	19	0	19	18	0	18	33	0	33	30	0	30	27	1	26	33	4	29	20	0	20	30	0	30	49	0	49	41	0	41
NC_059187.1	4238200	4238201	*	17	0	17	19	17	2	24	21	3	19	16	3	12	5	7	21	17	4	10	8	2	15	13	2	16	13	3	22	9	13	17	1	16	20	6	14	10	4	6	21	16	5	23	20	3	15	0	15	22	10	12	29	29	0	26	24	2
NC_059187.1	6036905	6036906	*	19	0	19	17	15	2	10	0	10	17	17	0	17	0	17	19	11	8	19	19	0	12	0	12	13	13	0	18	8	10	13	0	13	16	15	1	17	7	10	24	24	0	19	11	8	19	1	18	24	12	12	30	0	30	20	19	1
NC_059187.1	7724185	7724186	*	11	0	11	21	3	18	13	0	13	10	0	10	16	0	16	11	1	10	16	1	15	18	1	17	14	0	14	14	1	13	17	0	17	18	0	18	12	0	12	17	0	17	26	0	26	23	0	23	17	0	17	15	2	13	25	0	25
NC_059187.1	7779258	7779259	*	11	2	9	17	3	14	13	0	13	16	0	16	11	1	10	17	0	17	16	1	15	12	2	10	12	2	10	23	1	22	22	0	22	24	0	24	16	0	16	19	0	19	18	1	17	20	2	18	19	0	19	11	1	10	22	0	22
NC_059187.1	8198959	8198960	*	24	0	24	22	3	19	15	2	13	17	6	11	17	1	16	18	0	18	14	1	13	19	6	13	12	0	12	30	3	27	13	0	13	27	0	27	23	0	23	20	0	20	24	0	24	26	1	25	14	0	14	15	0	15	22	3	19
NC_059187.1	8198975	8198976	*	25	1	24	24	8	16	14	4	10	18	8	10	19	1	18	18	0	18	12	2	10	17	8	9	13	3	10	30	6	24	14	0	14	29	1	28	21	5	16	20	1	19	23	7	16	28	4	24	13	1	12	12	1	11	20	5	15
NC_059187.1	8980581	8980582	*	15	0	15	12	5	7	21	0	21	18	0	18	19	3	16	18	0	18	11	0	11	18	0	18	14	0	14	17	0	17	19	0	19	24	0	24	21	1	20	25	0	25	34	2	32	31	0	31	26	3	23	18	0	18	17	3	14
NC_059187.1	8980592	8980593	*	15	0	15	11	4	7	19	0	19	18	0	18	19	0	19	17	0	17	10	0	10	18	0	18	14	0	14	18	0	18	18	0	18	25	0	25	20	0	20	26	0	26	34	0	34	32	0	32	27	0	27	20	0	20	18	0	18
NC_059187.1	9316769	9316770	*	14	1	13	22	4	18	12	4	8	19	0	19	21	8	13	22	0	22	12	0	12	14	8	6	13	0	13	27	0	27	26	3	23	25	0	25	23	22	1	14	0	14	36	18	18	29	26	3	26	10	16	12	3	9	15	7	8
NC_059187.1	9316797	9316798	*	13	0	13	18	8	10	13	5	8	15	0	15	21	8	13	22	0	22	10	1	9	13	7	6	14	0	14	27	3	24	26	13	13	21	0	21	21	19	2	13	0	13	28	18	10	27	26	1	24	12	12	13	5	8	14	6	8
NC_059187.1	9316807	9316808	*	13	0	13	19	10	9	12	4	8	15	0	15	20	9	11	22	0	22	11	1	10	15	9	6	13	0	13	26	1	25	25	14	11	18	0	18	19	17	2	11	0	11	28	18	10	25	25	0	22	12	10	12	6	6	15	6	9
NC_059187.1	9316826	9316827	*	12	0	12	16	10	6	13	4	9	16	0	16	20	15	5	24	0	24	14	0	14	13	8	5	12	0	12	25	9	16	21	11	10	18	0	18	17	16	1	12	0	12	26	20	6	24	24	0	20	10	10	14	6	8	12	6	6
NC_059187.1	9316845	9316846	*	11	0	11	19	13	6	11	2	9	13	0	13	19	18	1	26	1	25	14	3	11	11	9	2	15	5	10	22	10	12	18	8	10	17	1	16	19	18	1	14	2	12	22	16	6	24	23	1	22	14	8	16	8	8	11	7	4
NC_059187.1	9316880	9316881	*	12	1	11	20	16	4	10	5	5	12	4	8	17	17	0	24	7	17	14	10	4	16	14	2	14	11	3	23	16	7	20	17	3	18	7	11	16	15	1	12	7	5	21	18	3	26	26	0	20	18	2	18	10	8	11	6	5
NC_059187.1	9689258	9689259	*	20	0	20	15	7	8	21	17	4	16	0	16	11	6	5	16	0	16	11	8	3	10	10	0	13	0	13	15	8	7	13	0	13	17	0	17	12	11	1	13	0	13	25	17	8	17	15	2	21	12	9	20	9	11	17	17	0
NC_059187.1	9707684	9707685	*	21	0	21	18	3	15	14	0	14	13	0	13	23	0	23	19	0	19	19	0	19	12	0	12	17	0	17	21	1	20	12	2	10	19	0	19	12	0	12	19	0	19	25	2	23	23	0	23	27	0	27	15	0	15	27	0	27
NC_059187.1	9749238	9749239	*	21	0	21	19	3	16	21	7	14	10	0	10	13	1	12	26	0	26	22	3	19	14	9	5	21	4	17	19	2	17	25	13	12	22	1	21	12	0	12	18	1	17	32	10	22	20	1	19	27	3	24	12	0	12	33	0	33
NC_059187.1	10346263	10346264	*	21	0	21	20	9	11	18	0	18	27	25	2	15	0	15	22	20	2	12	0	12	16	0	16	13	0	13	16	8	8	17	13	4	18	9	9	22	0	22	15	10	5	28	12	16	15	0	15	29	0	29	24	0	24	23	0	23
NC_059187.1	10346266	10346267	*	20	0	20	19	10	9	18	0	18	27	27	0	14	0	14	21	21	0	11	0	11	16	0	16	12	0	12	16	9	7	17	13	4	17	10	7	21	0	21	15	11	4	28	13	15	15	0	15	27	0	27	23	1	22	21	0	21
NC_059187.1	10346280	10346281	*	20	0	20	19	10	9	19	0	19	28	27	1	16	0	16	21	21	0	11	0	11	18	0	18	12	0	12	17	9	8	18	14	4	19	10	9	22	1	21	15	8	7	29	13	16	15	0	15	27	0	27	25	0	25	21	0	21
NC_059187.1	10346302	10346303	*	18	1	17	19	9	10	17	0	17	27	26	1	15	1	14	22	22	0	11	0	11	18	0	18	15	0	15	20	11	9	18	13	5	19	9	10	20	0	20	15	9	6	29	10	19	15	0	15	25	0	25	24	0	24	24	0	24
NC_059187.1	10346313	10346314	*	18	1	17	20	9	11	17	0	17	26	24	2	15	0	15	22	22	0	11	0	11	19	0	19	15	0	15	20	13	7	17	12	5	21	10	11	21	0	21	15	10	5	30	13	17	16	0	16	24	1	23	24	0	24	24	0	24
NC_059187.1	10346332	10346333	*	18	1	17	19	8	11	17	0	17	24	21	3	15	0	15	22	21	1	12	0	12	17	0	17	16	0	16	21	12	9	18	10	8	21	10	11	20	1	19	16	10	6	30	14	16	20	0	20	24	0	24	22	0	22	26	0	26
NC_059188.1	213706	213707	*	14	0	14	12	6	6	12	0	12	24	5	19	15	0	15	26	7	19	25	0	25	17	2	15	10	0	10	28	0	28	16	1	15	16	6	10	14	0	14	28	0	28	24	9	15	22	0	22	14	2	12	13	0	13	29	0	29
NC_059188.1	601231	601232	*	13	0	13	20	8	12	15	3	12	19	7	12	12	0	12	19	8	11	16	0	16	12	0	12	15	15	0	22	0	22	17	0	17	25	1	24	17	0	17	19	0	19	25	23	2	26	10	16	22	0	22	12	4	8	29	0	29
NC_059188.1	601329	601330	*	17	0	17	23	5	18	14	0	14	23	0	23	15	0	15	22	0	22	16	0	16	14	0	14	19	6	13	23	0	23	16	0	16	35	1	34	19	0	19	20	0	20	26	4	22	23	0	23	25	0	25	10	0	10	31	1	30
NC_059188.1	802507	802508	*	24	0	24	23	21	2	13	11	2	11	10	1	16	12	4	20	15	5	11	2	9	15	8	7	13	10	3	11	4	7	14	10	4	21	11	10	19	17	2	17	5	12	17	14	3	29	27	2	23	13	10	21	20	1	19	9	10
NC_059188.1	990748	990749	*	24	0	24	33	15	18	19	0	19	14	0	14	19	0	19	25	0	25	10	1	9	15	1	14	14	0	14	25	0	25	22	0	22	24	0	24	14	0	14	24	0	24	25	1	24	27	1	26	11	0	11	27	1	26	30	0	30
NC_059188.1	990751	990752	*	24	0	24	31	15	16	18	0	18	14	0	14	19	1	18	24	0	24	10	1	9	15	0	15	14	0	14	25	0	25	20	0	20	24	0	24	14	1	13	24	0	24	24	0	24	27	0	27	13	0	13	27	0	27	31	0	31
NC_059188.1	990754	990755	*	23	0	23	30	14	16	18	0	18	14	1	13	19	0	19	25	0	25	10	1	9	17	1	16	14	0	14	25	0	25	21	0	21	24	0	24	14	1	13	25	1	24	24	0	24	26	1	25	14	0	14	28	0	28	32	0	32
NC_059188.1	1370258	1370259	*	17	0	17	18	3	15	17	0	17	20	0	20	12	0	12	17	0	17	16	0	16	10	0	10	12	0	12	14	0	14	12	0	12	22	0	22	13	0	13	18	0	18	18	0	18	22	0	22	14	0	14	23	0	23	28	0	28
NC_059188.1	2087445	2087446	*	23	1	22	21	5	16	10	7	3	15	1	14	12	3	9	17	4	13	19	0	19	14	2	12	18	0	18	14	12	2	15	0	15	16	9	7	10	0	10	16	0	16	21	1	20	16	4	12	16	3	13	10	1	9	16	1	15
NC_059188.1	2230732	2230733	*	18	1	17	20	9	11	10	0	10	12	4	8	21	13	8	22	0	22	12	1	11	17	9	8	14	0	14	20	9	11	13	0	13	15	9	6	16	0	16	22	0	22	28	1	27	19	14	5	17	9	8	17	4	13	28	0	28
NC_059188.1	3605588	3605589	*	11	0	11	16	7	9	19	0	19	21	1	20	11	10	1	18	7	11	14	13	1	12	0	12	12	4	8	14	5	9	11	0	11	25	13	12	24	0	24	15	1	14	19	6	13	20	1	19	10	7	3	19	0	19	18	0	18
NC_059188.1	3605590	3605591	*	11	0	11	16	7	9	19	0	19	21	1	20	10	10	0	18	7	11	14	14	0	12	1	11	12	4	8	14	5	9	11	0	11	26	12	14	23	0	23	15	1	14	19	7	12	19	1	18	10	7	3	19	0	19	18	0	18
NC_059188.1	3902111	3902112	*	17	0	17	21	4	17	10	2	8	11	0	11	19	1	18	16	0	16	24	0	24	15	0	15	12	3	9	20	6	14	18	3	15	27	0	27	19	1	18	20	0	20	29	6	23	21	0	21	13	4	9	21	0	21	27	0	27
NC_059188.1	4933290	4933291	*	15	0	15	20	6	14	15	0	15	20	0	20	12	2	10	16	4	12	17	6	11	12	5	7	12	4	8	13	3	10	10	2	8	20	0	20	21	9	12	13	7	6	13	1	12	22	3	19	18	1	17	25	0	25	21	0	21
NC_059188.1	8975404	8975405	*	36	0	36	46	7	39	22	0	22	32	1	31	31	0	31	19	6	13	11	0	11	19	5	14	20	0	20	32	0	32	15	0	15	35	0	35	12	0	12	39	0	39	17	2	15	26	0	26	27	0	27	26	0	26	27	3	24
NC_059188.1	8975424	8975425	*	32	1	31	41	5	36	20	0	20	35	1	34	28	0	28	21	6	15	11	0	11	18	7	11	19	0	19	29	0	29	13	0	13	28	0	28	12	0	12	40	1	39	16	3	13	28	0	28	25	0	25	27	0	27	21	2	19
NC_059188.1	10369471	10369472	*	23	2	21	18	6	12	12	3	9	22	2	20	15	2	13	16	0	16	19	9	10	16	2	14	16	6	10	19	2	17	30	14	16	33	3	30	19	0	19	24	0	24	21	4	17	28	12	16	27	5	22	22	8	14	31	0	31
NC_059188.1	11050936	11050937	*	23	0	23	17	6	11	19	0	19	13	3	10	17	9	8	17	13	4	12	7	5	11	10	1	18	13	5	22	6	16	10	10	0	15	0	15	13	11	2	25	23	2	23	21	2	29	10	19	17	7	10	17	9	8	21	18	3
NC_059188.1	11656067	11656068	*	18	0	18	22	3	19	21	0	21	13	0	13	15	0	15	20	0	20	21	1	20	15	3	12	17	0	17	18	0	18	15	0	15	31	0	31	25	3	22	12	0	12	16	0	16	23	1	22	19	0	19	17	0	17	19	0	19
NC_059188.1	11793289	11793290	*	15	0	15	15	4	11	14	0	14	17	0	17	14	0	14	20	8	12	17	0	17	14	0	14	10	0	10	21	1	20	12	3	9	19	3	16	15	0	15	23	0	23	19	0	19	22	0	22	11	0	11	16	7	9	25	0	25
NC_059188.1	12127716	12127717	*	20	0	20	26	4	22	20	9	11	22	6	16	22	2	20	22	0	22	24	3	21	17	1	16	13	8	5	23	6	17	19	2	17	40	0	40	15	2	13	21	6	15	28	2	26	21	0	21	25	0	25	27	1	26	24	0	24
NC_059188.1	12148512	12148513	*	25	0	25	18	14	4	17	5	12	19	9	10	12	12	0	26	20	6	14	4	10	14	13	1	15	12	3	19	0	19	19	17	2	21	5	16	16	9	7	14	13	1	22	9	13	17	12	5	24	20	4	12	5	7	22	0	22
NC_059188.1	12414746	12414747	*	12	0	12	20	5	15	17	0	17	18	0	18	10	0	10	11	1	10	19	6	13	13	0	13	11	0	11	12	0	12	19	0	19	17	0	17	16	0	16	17	0	17	21	0	21	27	0	27	16	0	16	18	0	18	18	0	18
NC_059188.1	12536055	12536056	*	14	0	14	21	18	3	14	12	2	11	7	4	18	8	10	28	19	9	19	14	5	15	4	11	13	0	13	30	13	17	26	21	5	36	33	3	28	26	2	13	3	10	25	0	25	21	10	11	15	2	13	10	4	6	26	10	16
NC_059188.1	12694822	12694823	*	21	0	21	14	3	11	14	1	13	12	0	12	14	0	14	19	2	17	14	3	11	14	2	12	11	0	11	18	7	11	14	3	11	19	0	19	23	2	21	17	0	17	21	3	18	30	1	29	24	1	23	27	12	15	21	2	19
NC_059188.1	12928399	12928400	*	14	0	14	27	9	18	19	0	19	17	0	17	15	7	8	22	10	12	17	8	9	20	11	9	13	0	13	14	0	14	18	8	10	28	0	28	20	12	8	26	0	26	30	14	16	21	9	12	21	0	21	13	6	7	30	0	30
NC_059188.1	13097858	13097859	*	15	0	15	24	5	19	12	0	12	16	0	16	19	0	19	26	0	26	16	8	8	14	0	14	10	0	10	23	0	23	13	0	13	23	0	23	20	1	19	17	0	17	28	1	27	19	0	19	29	17	12	24	0	24	26	0	26
NC_059188.1	13101798	13101799	*	12	0	12	17	5	12	16	9	7	11	1	10	10	0	10	14	8	6	15	4	11	16	5	11	11	0	11	15	0	15	10	0	10	10	0	10	16	9	7	20	1	19	16	0	16	22	11	11	14	4	10	12	4	8	16	0	16
NC_059188.1	13589630	13589631	*	17	0	17	15	6	9	13	0	13	17	0	17	13	0	13	15	5	10	11	6	5	15	0	15	12	0	12	16	0	16	14	0	14	12	0	12	13	0	13	10	0	10	15	0	15	27	0	27	12	4	8	14	0	14	24	0	24
NC_059189.1	39410	39411	*	20	2	18	30	13	17	22	3	19	26	1	25	22	7	15	32	0	32	22	4	18	29	13	16	21	7	14	22	1	21	32	1	31	34	13	21	20	5	15	20	4	16	28	3	25	20	4	16	15	6	9	22	9	13	34	3	31
NC_059189.1	705329	705330	*	16	0	16	12	4	8	20	8	12	26	10	16	17	0	17	34	17	17	15	2	13	20	0	20	21	19	2	17	0	17	26	0	26	17	7	10	16	7	9	16	6	10	20	18	2	26	0	26	22	0	22	16	14	2	22	0	22
NC_059189.1	837622	837623	*	16	0	16	25	19	6	16	1	15	19	12	7	26	13	13	14	4	10	22	20	2	21	9	12	19	10	9	17	0	17	26	0	26	29	13	16	20	1	19	21	1	20	35	4	31	24	22	2	24	13	11	18	11	7	22	10	12
NC_059189.1	837638	837639	*	18	0	18	26	13	13	17	0	17	18	7	11	25	11	14	15	4	11	21	16	5	23	8	15	18	9	9	16	0	16	25	0	25	31	15	16	20	0	20	21	0	21	35	0	35	23	18	5	21	7	14	22	7	15	21	7	14
NC_059189.1	837913	837914	*	13	0	13	33	5	28	19	0	19	21	1	20	12	0	12	18	0	18	19	3	16	18	1	17	19	1	18	17	1	16	19	0	19	29	1	28	17	0	17	18	0	18	23	0	23	25	4	21	26	0	26	22	3	19	27	0	27
NC_059189.1	1438257	1438258	*	17	1	16	26	9	17	20	0	20	13	0	13	14	0	14	29	0	29	19	0	19	19	0	19	18	0	18	24	9	15	15	0	15	27	0	27	17	0	17	23	0	23	24	0	24	19	0	19	13	0	13	24	0	24	30	2	28
NC_059189.1	1438311	1438312	*	17	0	17	29	11	18	19	0	19	12	0	12	14	0	14	30	0	30	25	0	25	17	0	17	18	0	18	27	12	15	13	0	13	28	0	28	16	0	16	24	0	24	23	0	23	24	0	24	16	0	16	21	0	21	32	1	31
NC_059189.1	1438335	1438336	*	15	0	15	25	10	15	19	0	19	13	0	13	10	0	10	30	0	30	23	0	23	18	0	18	16	0	16	26	11	15	13	0	13	26	0	26	16	0	16	21	0	21	22	0	22	24	0	24	16	0	16	19	0	19	34	1	33
NC_059189.1	1438345	1438346	*	16	0	16	23	6	17	19	0	19	13	0	13	10	0	10	30	0	30	24	0	24	18	0	18	15	0	15	25	10	15	10	0	10	25	0	25	18	0	18	21	1	20	22	0	22	24	0	24	16	1	15	17	0	17	33	1	32
NC_059189.1	1438353	1438354	*	16	0	16	23	8	15	19	0	19	13	0	13	10	0	10	30	0	30	26	0	26	18	0	18	15	0	15	24	9	15	10	0	10	25	0	25	17	0	17	21	0	21	23	0	23	23	0	23	14	0	14	17	0	17	34	1	33
NC_059189.1	2004716	2004717	*	20	1	19	18	3	15	19	0	19	18	1	17	22	0	22	11	0	11	13	0	13	14	0	14	19	0	19	18	0	18	14	1	13	25	1	24	22	1	21	18	0	18	25	1	24	18	1	17	20	0	20	14	0	14	39	0	39
NC_059189.1	3021381	3021382	*	11	0	11	15	8	7	13	0	13	14	1	13	22	0	22	26	0	26	19	0	19	17	4	13	15	12	3	14	0	14	15	6	9	16	5	11	18	0	18	14	1	13	13	4	9	19	13	6	12	3	9	22	0	22	12	4	8
NC_059189.1	3050772	3050773	*	19	0	19	22	10	12	11	1	10	11	0	11	16	0	16	25	0	25	21	0	21	25	13	12	12	3	9	23	0	23	18	4	14	30	1	29	23	0	23	24	11	13	30	0	30	22	12	10	18	0	18	12	0	12	18	0	18
NC_059189.1	3227837	3227838	*	15	0	15	19	5	14	21	0	21	13	0	13	17	0	17	24	0	24	13	0	13	14	0	14	15	0	15	24	0	24	20	2	18	18	0	18	21	0	21	22	0	22	21	0	21	17	1	16	19	0	19	19	0	19	25	1	24
NC_059189.1	3227853	3227854	*	17	0	17	23	7	16	23	0	23	11	0	11	16	0	16	23	0	23	15	0	15	16	2	14	14	1	13	21	0	21	20	3	17	17	0	17	20	0	20	21	0	21	19	0	19	16	1	15	19	0	19	19	1	18	22	0	22
NC_059189.1	3694757	3694758	*	15	0	15	16	7	9	15	14	1	18	0	18	14	0	14	16	6	10	18	8	10	15	8	7	16	12	4	23	13	10	11	4	7	21	11	10	20	6	14	16	10	6	26	18	8	15	14	1	19	19	0	18	0	18	25	24	1
NC_059189.1	4282369	4282370	*	13	0	13	17	15	2	12	1	11	11	0	11	18	0	18	13	0	13	21	0	21	15	0	15	14	7	7	14	1	13	19	12	7	20	0	20	18	0	18	16	0	16	23	0	23	20	0	20	19	0	19	16	0	16	20	11	9
NC_059189.1	4282414	4282415	*	15	0	15	23	22	1	13	1	12	20	0	20	20	0	20	17	0	17	26	0	26	16	0	16	16	8	8	15	0	15	22	14	8	25	1	24	20	0	20	22	1	21	27	0	27	23	0	23	23	0	23	21	0	21	23	13	10
NC_059189.1	4613432	4613433	*	17	0	17	16	11	5	17	11	6	31	0	31	12	0	12	16	5	11	10	5	5	15	4	11	13	7	6	12	0	12	13	8	5	13	9	4	13	0	13	18	0	18	25	10	15	25	19	6	12	7	5	16	3	13	22	14	8
NC_059189.1	8904993	8904994	*	10	0	10	18	6	12	15	14	1	13	6	7	12	8	4	18	17	1	14	7	7	14	13	1	14	0	14	17	17	0	12	3	9	13	8	5	21	13	8	13	6	7	14	5	9	20	0	20	19	7	12	20	0	20	17	0	17
NC_059189.1	9499760	9499761	*	19	0	19	21	5	16	13	0	13	16	1	15	22	0	22	12	5	7	19	8	11	20	6	14	11	0	11	15	4	11	18	3	15	23	0	23	18	0	18	16	0	16	21	4	17	17	8	9	17	0	17	19	0	19	37	19	18
NC_059189.1	9654000	9654001	*	28	0	28	24	3	21	12	0	12	23	0	23	18	0	18	18	0	18	13	0	13	22	2	20	13	0	13	19	1	18	26	1	25	13	0	13	28	1	27	17	0	17	22	0	22	18	1	17	21	0	21	17	0	17	27	2	25
NC_059189.1	10306181	10306182	*	25	0	25	13	8	5	16	9	7	25	9	16	26	5	21	21	11	10	14	6	8	21	0	21	19	0	19	32	11	21	18	13	5	28	0	28	19	5	14	24	2	22	24	2	22	18	3	15	17	6	11	22	14	8	33	14	19
NC_059189.1	10364531	10364532	*	18	0	18	24	4	20	22	0	22	14	0	14	15	0	15	21	0	21	20	0	20	16	0	16	18	0	18	26	0	26	20	0	20	32	0	32	15	0	15	26	1	25	39	0	39	19	0	19	23	1	22	24	0	24	37	0	37
NC_059189.1	10405965	10405966	*	35	0	35	31	8	23	15	0	15	17	0	17	22	0	22	26	0	26	28	0	28	17	0	17	21	0	21	23	0	23	22	0	22	33	0	33	31	0	31	22	0	22	39	0	39	39	0	39	17	0	17	25	0	25	31	0	31
NC_059189.1	10767502	10767503	*	22	1	21	31	6	25	16	3	13	20	2	18	17	1	16	17	1	16	22	3	19	14	2	12	23	3	20	10	2	8	16	1	15	24	1	23	13	1	12	16	1	15	16	4	12	27	4	23	29	3	26	23	1	22	10	3	7
NC_059189.1	10767554	10767555	*	22	2	20	28	5	23	19	4	15	22	3	19	21	7	14	20	1	19	22	3	19	16	6	10	24	4	20	19	4	15	22	4	18	27	4	23	13	2	11	18	3	15	17	4	13	24	6	18	32	4	28	29	4	25	20	8	12
NC_059189.1	10953253	10953254	*	36	0	36	52	8	44	52	8	44	46	3	43	40	11	29	41	0	41	32	0	32	49	8	41	38	1	37	58	7	51	30	0	30	63	0	63	43	5	38	76	1	75	76	10	66	83	2	81	55	3	52	29	10	19	41	4	37
NC_059189.1	10953280	10953281	*	36	1	35	40	11	29	43	7	36	41	6	35	32	11	21	39	4	35	31	5	26	45	12	33	36	2	34	51	11	40	25	0	25	49	1	48	38	6	32	67	2	65	58	11	47	80	6	74	47	8	39	25	9	16	36	5	31
NC_059190.1	1466226	1466227	*	13	0	13	16	4	12	13	0	13	11	0	11	12	0	12	12	1	11	15	2	13	14	0	14	16	0	16	16	0	16	21	4	17	23	3	20	13	0	13	19	1	18	21	0	21	20	1	19	16	0	16	15	0	15	18	0	18
NC_059190.1	1839379	1839380	*	28	2	26	25	5	20	17	0	17	17	0	17	30	0	30	17	11	6	13	1	12	16	1	15	19	0	19	25	9	16	15	0	15	25	15	10	23	7	16	16	0	16	24	0	24	23	0	23	21	0	21	17	0	17	33	0	33
NC_059190.1	1839398	1839399	*	30	0	30	25	5	20	16	0	16	15	0	15	30	0	30	15	4	11	12	0	12	21	0	21	20	0	20	27	1	26	15	0	15	28	3	25	24	0	24	14	0	14	23	1	22	23	0	23	22	0	22	17	0	17	35	0	35
NC_059190.1	1962407	1962408	*	17	0	17	22	3	19	22	0	22	13	0	13	16	0	16	14	0	14	10	0	10	18	0	18	13	0	13	14	0	14	12	0	12	11	1	10	13	0	13	17	0	17	23	0	23	16	0	16	17	0	17	16	0	16	30	0	30
NC_059190.1	2775877	2775878	*	14	0	14	19	10	9	11	10	1	14	8	6	14	0	14	22	14	8	15	0	15	15	8	7	16	9	7	16	14	2	11	5	6	17	17	0	13	3	10	13	13	0	20	0	20	15	13	2	26	13	13	14	5	9	21	7	14
NC_059190.1	2811199	2811200	*	13	1	12	14	10	4	17	9	8	10	6	4	18	0	18	15	6	9	22	7	15	16	8	8	16	8	8	21	8	13	10	5	5	25	20	5	17	7	10	11	5	6	22	0	22	21	21	0	14	13	1	14	13	1	22	8	14
NC_059190.1	2811359	2811360	*	11	0	11	17	5	12	14	0	14	16	0	16	15	0	15	16	0	16	18	0	18	14	0	14	13	0	13	14	0	14	14	0	14	26	1	25	12	0	12	17	1	16	21	0	21	23	0	23	17	0	17	18	0	18	20	1	19
NC_059190.1	3095790	3095791	*	20	0	20	16	8	8	16	8	8	12	0	12	18	1	17	21	5	16	15	1	14	10	2	8	10	6	4	22	5	17	20	7	13	17	1	16	19	13	6	14	2	12	24	10	14	27	12	15	22	3	19	19	7	12	19	1	18
NC_059190.1	3239611	3239612	*	21	0	21	20	7	13	26	10	16	17	3	14	13	6	7	20	7	13	12	3	9	11	0	11	19	2	17	16	6	10	21	0	21	26	7	19	21	12	9	23	0	23	27	11	16	21	0	21	14	6	8	15	3	12	21	5	16
NC_059190.1	3246093	3246094	*	18	0	18	21	5	16	14	0	14	25	0	25	19	0	19	15	2	13	12	0	12	24	0	24	19	0	19	16	1	15	32	14	18	38	4	34	25	9	16	31	2	29	35	0	35	29	1	28	17	0	17	32	0	32	26	0	26
NC_059190.1	3260890	3260891	*	16	0	16	26	14	12	21	0	21	23	0	23	12	0	12	21	6	15	18	0	18	20	6	14	16	7	9	18	9	9	17	10	7	38	0	38	18	0	18	13	7	6	30	14	16	32	17	15	19	11	8	16	6	10	22	12	10
NC_059190.1	3261002	3261003	*	22	0	22	24	21	3	18	0	18	17	0	17	18	8	10	24	10	14	13	0	13	14	7	7	21	12	9	16	15	1	18	1	17	35	0	35	17	9	8	19	7	12	32	14	18	18	0	18	21	2	19	18	12	6	25	0	25
NC_059190.1	3264297	3264298	*	26	1	25	30	9	21	21	0	21	16	0	16	24	0	24	16	1	15	15	4	11	19	0	19	23	1	22	23	13	10	27	17	10	27	0	27	20	0	20	15	0	15	30	15	15	14	0	14	20	1	19	21	21	0	38	1	37
NC_059190.1	3264318	3264319	*	25	0	25	29	11	18	21	0	21	15	0	15	24	0	24	16	0	16	14	4	10	19	0	19	24	0	24	22	12	10	27	17	10	25	0	25	22	0	22	15	0	15	34	19	15	13	0	13	23	0	23	19	19	0	39	0	39
NC_059190.1	3264339	3264340	*	24	0	24	28	11	17	19	0	19	18	0	18	24	0	24	19	0	19	13	2	11	18	0	18	23	0	23	19	0	19	29	18	11	24	1	23	22	0	22	16	0	16	34	15	19	13	0	13	21	0	21	17	13	4	38	1	37
NC_059190.1	3264357	3264358	*	23	0	23	28	10	18	20	0	20	16	0	16	23	0	23	18	0	18	14	0	14	17	0	17	19	0	19	17	0	17	28	19	9	22	0	22	22	0	22	15	0	15	33	15	18	11	0	11	19	0	19	17	9	8	38	0	38
NC_059190.1	3583345	3583346	*	11	2	9	15	8	7	10	4	6	15	0	15	17	7	10	20	0	20	10	7	3	13	8	5	13	0	13	10	0	10	10	0	10	21	0	21	13	0	13	16	0	16	27	0	27	23	11	12	14	0	14	15	0	15	16	0	16
NC_059190.1	3610262	3610263	*	14	0	14	26	10	16	13	0	13	18	0	18	11	0	11	22	6	16	19	5	14	14	7	7	21	12	9	24	6	18	10	4	6	26	21	5	19	5	14	15	8	7	19	4	15	35	7	28	21	0	21	17	0	17	30	11	19
NC_059190.1	4997554	4997555	*	27	0	27	14	4	10	17	8	9	19	1	18	30	12	18	20	4	16	30	11	19	12	1	11	25	9	16	31	9	22	22	4	18	17	1	16	17	4	13	29	2	27	35	0	35	14	0	14	20	12	8	13	5	8	26	1	25
NC_059190.1	4997618	4997619	*	28	1	27	13	3	10	18	11	7	19	8	11	31	21	10	21	7	14	36	18	18	14	7	7	33	20	13	35	9	26	37	5	32	11	1	10	18	0	18	27	4	23	29	2	27	11	0	11	22	14	8	18	11	7	23	3	20
NC_059190.1	7303733	7303734	*	26	0	26	24	4	20	24	0	24	12	0	12	16	0	16	19	1	18	14	0	14	11	0	11	11	0	11	22	0	22	19	0	19	21	0	21	15	0	15	17	0	17	28	0	28	18	0	18	30	0	30	18	0	18	31	0	31
NC_059190.1	7396440	7396441	*	10	0	10	16	7	9	19	5	14	19	1	18	13	0	13	17	8	9	15	6	9	11	8	3	14	1	13	14	0	14	11	2	9	22	12	10	14	0	14	13	4	9	23	15	8	20	10	10	15	4	11	20	0	20	19	14	5
NC_059190.1	7396454	7396455	*	11	0	11	16	9	7	18	4	14	18	4	14	10	0	10	17	12	5	15	8	7	10	9	1	13	4	9	13	0	13	11	4	7	22	17	5	14	0	14	13	7	6	25	21	4	21	14	7	15	5	10	17	0	17	19	16	3
NC_059190.1	10163014	10163015	*	15	0	15	20	17	3	17	9	8	22	20	2	15	15	0	15	14	1	16	15	1	17	10	7	23	20	3	10	9	1	17	16	1	20	19	1	23	22	1	14	4	10	18	17	1	22	8	14	10	10	0	19	18	1	21	18	3
NC_059191.1	477029	477030	*	33	0	33	21	3	18	15	0	15	18	2	16	20	0	20	19	0	19	14	0	14	24	2	22	15	1	14	18	2	16	21	2	19	24	1	23	17	0	17	18	0	18	22	1	21	20	1	19	27	0	27	19	0	19	27	0	27
NC_059191.1	1920989	1920990	*	19	0	19	26	12	14	19	1	18	18	1	17	20	0	20	23	0	23	18	0	18	14	2	12	15	0	15	17	0	17	16	6	10	25	1	24	18	1	17	16	0	16	35	5	30	12	0	12	17	0	17	19	0	19	31	0	31
NC_059191.1	1921007	1921008	*	18	0	18	26	10	16	23	1	22	20	1	19	20	0	20	24	0	24	17	0	17	16	1	15	16	0	16	17	0	17	17	6	11	29	1	28	19	2	17	20	0	20	36	6	30	12	0	12	17	0	17	21	0	21	32	0	32
NC_059191.1	1921010	1921011	*	18	0	18	27	7	20	23	0	23	20	0	20	20	0	20	24	0	24	19	0	19	16	0	16	16	0	16	17	0	17	18	3	15	30	1	29	18	1	17	20	0	20	37	3	34	12	0	12	17	0	17	20	0	20	31	0	31
NC_059191.1	2307721	2307722	*	24	0	24	22	12	10	20	2	18	18	0	18	14	0	14	23	6	17	15	1	14	14	2	12	14	0	14	19	2	17	10	4	6	15	1	14	18	0	18	16	0	16	28	0	28	16	2	14	22	5	17	21	0	21	26	2	24
NC_059191.1	2426273	2426274	*	16	0	16	22	12	10	20	1	19	10	0	10	18	1	17	17	0	17	19	0	19	12	3	9	13	0	13	19	0	19	19	0	19	28	0	28	20	0	20	17	5	12	24	0	24	22	0	22	12	0	12	17	0	17	25	0	25
NC_059191.1	3642955	3642956	*	10	0	10	10	6	4	19	6	13	10	3	7	10	0	10	16	1	15	10	4	6	11	0	11	10	4	6	10	4	6	11	3	8	15	0	15	12	0	12	16	11	5	17	7	10	16	9	7	16	7	9	11	1	10	18	0	18
NC_059191.1	3642992	3642993	*	10	0	10	10	4	6	20	0	20	10	3	7	10	0	10	18	0	18	11	3	8	12	0	12	10	4	6	12	4	8	11	3	8	15	0	15	11	1	10	16	8	8	22	2	20	17	8	9	17	5	12	14	0	14	21	1	20
NC_059191.1	3708231	3708232	*	17	0	17	17	3	14	28	0	28	21	0	21	11	0	11	27	0	27	14	0	14	16	0	16	18	0	18	17	0	17	11	0	11	22	0	22	21	0	21	17	0	17	29	0	29	23	0	23	25	0	25	15	0	15	32	0	32
NC_059191.1	4603437	4603438	*	23	0	23	19	7	12	29	8	21	19	10	9	19	3	16	26	5	21	10	2	8	13	1	12	15	0	15	21	6	15	25	14	11	22	7	15	24	2	22	22	1	21	30	8	22	17	0	17	15	0	15	28	3	25	18	11	7
NC_059191.1	6942042	6942043	*	11	0	11	22	10	12	12	0	12	17	0	17	10	0	10	14	0	14	13	0	13	12	0	12	17	0	17	11	0	11	20	0	20	20	1	19	27	0	27	23	0	23	12	0	12	25	0	25	18	0	18	18	0	18	27	2	25
NC_059191.1	8649933	8649934	*	32	0	32	25	8	17	21	0	21	18	12	6	18	0	18	21	11	10	19	6	13	13	2	11	20	3	17	21	5	16	33	4	29	36	15	21	28	11	17	17	0	17	24	16	8	19	12	7	23	4	19	23	3	20	22	2	20
NC_059191.1	8845354	8845355	*	16	2	14	26	10	16	11	0	11	14	0	14	15	0	15	11	0	11	17	0	17	16	0	16	16	0	16	26	7	19	19	11	8	18	0	18	16	6	10	26	0	26	29	1	28	30	0	30	26	0	26	16	6	10	38	14	24
NC_059191.1	8845414	8845415	*	19	0	19	23	5	18	11	0	11	16	0	16	18	0	18	13	0	13	18	0	18	15	0	15	15	0	15	27	0	27	21	0	21	17	1	16	21	1	20	26	0	26	25	0	25	30	0	30	30	0	30	15	0	15	38	0	38
NC_059191.1	8978105	8978106	*	19	0	19	20	4	16	14	0	14	15	1	14	14	0	14	16	2	14	15	3	12	11	0	11	18	1	17	15	1	14	10	0	10	20	2	18	15	1	14	16	0	16	25	5	20	20	1	19	21	3	18	13	0	13	30	3	27
NC_059191.1	9180858	9180859	*	13	0	13	16	11	5	19	0	19	13	0	13	16	0	16	26	0	26	10	0	10	16	0	16	12	0	12	11	0	11	16	0	16	18	0	18	21	0	21	18	8	10	17	0	17	14	0	14	20	0	20	21	0	21	25	0	25
NC_059191.1	9180879	9180880	*	14	0	14	19	13	6	20	0	20	12	0	12	14	0	14	24	0	24	10	0	10	15	1	14	12	0	12	11	0	11	17	0	17	20	0	20	20	4	16	18	7	11	17	1	16	15	0	15	21	1	20	26	0	26	27	0	27
NC_059191.1	9180892	9180893	*	14	1	13	17	11	6	19	0	19	12	0	12	14	0	14	23	0	23	14	0	14	15	2	13	11	0	11	11	0	11	18	2	16	22	1	21	20	6	14	18	9	9	17	0	17	17	1	16	20	0	20	27	0	27	29	1	28
NC_059191.1	9351575	9351576	*	11	0	11	22	4	18	14	0	14	11	0	11	15	0	15	20	0	20	12	0	12	13	0	13	10	0	10	15	0	15	14	0	14	18	0	18	16	0	16	17	0	17	24	0	24	16	0	16	19	0	19	19	0	19	31	0	31
NC_059191.1	9385647	9385648	*	21	0	21	13	8	5	15	0	15	24	0	24	12	0	12	14	0	14	18	0	18	17	2	15	10	0	10	27	0	27	25	0	25	24	0	24	21	0	21	29	1	28	28	0	28	22	0	22	25	0	25	20	0	20	25	0	25
NC_059191.1	9385673	9385674	*	19	0	19	21	11	10	17	0	17	23	0	23	13	0	13	19	0	19	18	0	18	17	6	11	17	0	17	28	0	28	25	0	25	24	0	24	20	0	20	30	1	29	29	0	29	25	0	25	25	0	25	26	0	26	29	0	29
NC_059191.1	9401295	9401296	*	18	1	17	16	3	13	17	2	15	17	9	8	21	1	20	17	8	9	14	6	8	12	0	12	13	0	13	24	2	22	22	1	21	21	0	21	17	2	15	24	0	24	30	6	24	17	2	15	19	0	19	18	0	18	27	2	25
NC_059191.1	9580127	9580128	*	19	1	18	26	9	17	16	1	15	19	0	19	22	1	21	15	3	12	20	4	16	14	6	8	15	3	12	34	10	24	20	1	19	22	0	22	19	12	7	27	7	20	27	10	17	23	1	22	19	7	12	21	5	16	19	15	4
NW_025533125.1	103725	103726	*	42	2	40	42	7	35	23	0	23	44	0	44	28	4	24	66	11	55	68	4	64	26	4	22	24	2	22	60	0	60	33	7	26	37	7	30	29	2	27	29	5	24	47	16	31	49	4	45	30	0	30	14	0	14	68	10	58
NW_025533127.1	279540	279541	*	14	0	14	15	3	12	12	1	11	13	0	13	20	0	20	12	0	12	14	0	14	21	2	19	17	0	17	18	0	18	22	0	22	24	0	24	20	1	19	13	0	13	25	1	24	26	2	24	21	0	21	18	0	18	22	1	21
NW_025533136.1	18058	18059	*	48	1	47	38	11	27	14	0	14	31	0	31	22	0	22	24	1	23	29	1	28	22	0	22	47	9	38	24	0	24	26	0	26	36	0	36	38	5	33	27	0	27	38	9	29	35	0	35	55	4	51	21	0	21	44	1	43
NW_025533136.1	23232	23233	*	43	0	43	31	6	25	12	0	12	19	0	19	20	4	16	21	0	21	34	0	34	17	0	17	28	3	25	39	0	39	17	1	16	14	1	13	25	0	25	32	0	32	39	2	37	38	0	38	36	6	30	35	0	35	27	0	27
NW_025533143.1	118782	118783	*	19	0	19	11	3	8	18	2	16	20	1	19	25	0	25	45	0	45	12	0	12	12	1	11	15	0	15	11	0	11	29	0	29	50	0	50	12	0	12	48	5	43	34	4	30	28	0	28	18	0	18	18	0	18	25	0	25
NW_025533143.1	118788	118789	*	19	0	19	13	4	9	16	1	15	20	0	20	24	0	24	43	0	43	12	0	12	12	1	11	15	0	15	11	0	11	27	0	27	50	0	50	12	0	12	48	5	43	31	4	27	28	0	28	18	0	18	16	0	16	26	0	26
NW_025533143.1	118791	118792	*	19	0	19	13	4	9	16	1	15	20	1	19	23	0	23	44	0	44	12	0	12	11	1	10	15	0	15	11	1	10	27	0	27	49	0	49	12	0	12	47	3	44	31	2	29	28	0	28	17	0	17	16	0	16	26	0	26
NW_025533143.1	118797	118798	*	19	0	19	12	4	8	16	1	15	20	0	20	23	0	23	46	0	46	12	0	12	10	1	9	16	0	16	11	1	10	25	1	24	46	0	46	12	0	12	47	5	42	30	4	26	28	0	28	17	0	17	15	0	15	26	0	26
NW_025533146.1	82744	82745	*	71	0	71	15	3	12	27	0	27	21	0	21	15	0	15	25	0	25	31	0	31	22	2	20	22	1	21	18	3	15	65	1	64	15	2	13	27	0	27	37	7	30	50	14	36	27	0	27	10	1	9	19	1	18	16	0	16
NW_025533168.1	63638	63639	*	28	0	28	45	8	37	19	0	19	26	0	26	31	0	31	41	1	40	49	6	43	27	0	27	29	0	29	54	1	53	44	5	39	46	8	38	32	0	32	34	0	34	55	4	51	39	2	37	33	3	30	27	0	27	46	9	37
NW_025533169.1	75979	75980	*	66	4	62	52	4	48	37	3	34	18	0	18	56	5	51	26	4	22	44	1	43	22	0	22	19	0	19	61	4	57	41	0	41	45	2	43	19	0	19	41	1	40	52	1	51	37	6	31	38	0	38	31	5	26	44	2	42
NW_025533169.1	92325	92326	*	11	0	11	19	5	14	28	1	27	17	0	17	15	0	15	27	0	27	24	0	24	25	0	25	16	0	16	12	0	12	12	0	12	28	0	28	11	0	11	25	0	25	41	0	41	27	0	27	29	0	29	20	0	20	33	0	33
NW_025533182.1	14144	14145	*	33	0	33	39	4	35	42	0	42	22	0	22	83	0	83	63	5	58	39	0	39	37	0	37	44	0	44	15	0	15	20	2	18	28	0	28	33	0	33	28	3	25	49	0	49	71	0	71	29	0	29	24	0	24	47	4	43
NW_025533332.1	9427	9428	*	46	0	46	24	4	20	38	0	38	15	0	15	41	0	41	29	8	21	35	6	29	26	0	26	21	0	21	31	0	31	44	2	42	43	0	43	30	0	30	32	4	28	48	2	46	36	0	36	22	0	22	22	8	14	39	0	39
NW_025533332.1	10973	10974	*	35	1	34	20	3	17	34	0	34	23	0	23	49	19	30	24	0	24	20	1	19	18	0	18	24	11	13	27	10	17	35	8	27	29	0	29	23	0	23	34	0	34	47	2	45	30	0	30	28	0	28	20	6	14	40	0	40
NW_025533332.1	11059	11060	*	24	0	24	22	7	15	33	0	33	22	6	16	55	22	33	16	12	4	25	9	16	16	0	16	23	13	10	33	11	22	35	11	24	28	0	28	25	1	24	26	14	12	40	0	40	32	11	21	29	0	29	17	9	8	34	0	34
NW_025533332.1	11145	11146	*	18	0	18	28	4	24	27	0	27	11	2	9	53	21	32	15	0	15	20	1	19	16	0	16	17	7	10	27	6	21	26	5	21	18	0	18	16	0	16	20	7	13	38	0	38	28	7	21	25	0	25	17	7	10	32	0	32
NW_025533332.1	11208	11209	*	15	0	15	25	8	17	31	0	31	14	5	9	48	22	26	19	8	11	22	5	17	17	0	17	17	6	11	26	7	19	22	3	19	19	0	19	16	0	16	23	10	13	34	0	34	24	8	16	25	1	24	12	7	5	38	0	38
NW_025533332.1	11230	11231	*	16	0	16	23	7	16	30	1	29	14	2	12	35	11	24	19	7	12	23	5	18	17	0	17	18	8	10	21	7	14	20	2	18	21	0	21	18	0	18	25	9	16	39	0	39	28	7	21	19	0	19	12	6	6	37	0	37
NW_025533332.1	11380	11381	*	22	0	22	28	10	18	26	6	20	17	3	14	37	16	21	28	12	16	21	7	14	17	0	17	28	12	16	25	11	14	21	4	17	28	0	28	25	0	25	25	6	19	59	0	59	27	10	17	25	0	25	12	1	11	29	0	29
NW_025533332.1	11402	11403	*	21	0	21	22	11	11	21	8	13	15	4	11	38	16	22	27	10	17	22	9	13	18	0	18	23	6	17	24	10	14	21	3	18	27	0	27	24	0	24	22	4	18	55	0	55	24	9	15	24	0	24	12	3	9	27	0	27
NW_025533332.1	11552	11553	*	24	0	24	14	7	7	32	0	32	13	2	11	38	13	25	18	8	10	26	8	18	17	0	17	17	7	10	17	5	12	29	7	22	22	0	22	19	0	19	16	6	10	38	1	37	17	9	8	19	0	19	23	0	23	27	0	27
NW_025533332.1	11574	11575	*	24	0	24	14	8	6	31	0	31	12	0	12	32	13	19	15	6	9	25	9	16	13	0	13	15	6	9	18	8	10	28	8	20	22	0	22	18	0	18	15	8	7	33	0	33	17	9	8	20	1	19	25	6	19	27	0	27
NW_025533332.1	11745	11746	*	22	0	22	15	7	8	23	0	23	14	6	8	27	9	18	18	7	11	21	4	17	16	0	16	13	2	11	16	5	11	16	5	11	16	0	16	16	0	16	23	7	16	24	0	24	14	5	9	23	0	23	19	0	19	23	0	23
NW_025533332.1	11831	11832	*	20	0	20	18	4	14	20	0	20	11	5	6	27	8	19	14	0	14	14	0	14	13	0	13	11	6	5	17	8	9	13	0	13	19	0	19	18	1	17	17	3	14	27	0	27	16	3	13	19	0	19	25	8	17	27	0	27
NW_025533332.1	12221	12222	*	46	1	45	28	4	24	37	0	37	29	1	28	53	0	53	25	0	25	18	0	18	22	0	22	15	0	15	32	0	32	47	3	44	32	1	31	33	0	33	28	1	27	46	7	39	25	1	24	19	1	18	27	0	27	44	3	41
NW_025533332.1	12243	12244	*	46	2	44	25	4	21	38	0	38	32	2	30	49	0	49	26	0	26	18	3	15	23	0	23	16	0	16	35	0	35	49	4	45	27	0	27	36	0	36	31	0	31	48	7	41	24	1	23	16	1	15	29	0	29	41	3	38
NW_025533332.1	29588	29589	*	54	0	54	51	9	42	39	0	39	24	1	23	41	6	35	39	5	34	33	4	29	39	0	39	24	0	24	58	7	51	46	0	46	55	0	55	38	0	38	43	7	36	50	0	50	48	8	40	46	1	45	36	7	29	76	0	76
NW_025533362.1	25625	25626	*	44	0	44	48	7	41	43	0	43	26	0	26	33	0	33	41	8	33	30	0	30	29	0	29	44	5	39	42	0	42	68	19	49	85	31	54	52	9	43	35	6	29	75	21	54	53	13	40	32	12	20	22	7	15	87	13	74
NW_025533362.1	25656	25657	*	41	0	41	52	5	47	48	0	48	31	1	30	33	0	33	36	8	28	32	0	32	32	0	32	45	6	39	43	0	43	66	19	47	85	33	52	50	9	41	44	11	33	71	31	40	54	11	43	36	16	20	26	5	21	90	8	82
NC_059182.1	1846211	1846212	*	27	0	27	22	1	21	19	4	15	14	1	13	17	0	17	25	6	19	14	0	14	10	0	10	17	0	17	24	0	24	26	0	26	31	0	31	17	0	17	21	2	19	35	3	32	28	0	28	17	0	17	17	0	17	31	0	31
NC_059182.1	2974834	2974835	*	21	1	20	14	0	14	25	5	20	11	3	8	15	0	15	19	1	18	22	2	20	13	0	13	15	2	13	17	2	15	22	0	22	31	1	30	21	0	21	16	1	15	26	0	26	15	1	14	22	0	22	23	1	22	34	14	20
NC_059182.1	5717460	5717461	*	13	0	13	21	0	21	14	8	6	15	0	15	16	6	10	21	0	21	14	8	6	12	11	1	15	15	0	20	13	7	12	1	11	29	10	19	13	5	8	13	9	4	19	0	19	29	0	29	19	0	19	11	6	5	22	0	22
NC_059182.1	5717484	5717485	*	11	0	11	23	0	23	14	8	6	15	0	15	16	6	10	20	0	20	18	10	8	14	13	1	14	14	0	19	12	7	15	1	14	27	11	16	13	7	6	14	11	3	26	0	26	29	0	29	17	0	17	12	5	7	22	0	22
NC_059182.1	5717503	5717504	*	13	0	13	25	1	24	13	9	4	16	0	16	16	7	9	20	0	20	17	10	7	16	16	0	13	13	0	22	13	9	16	2	14	28	9	19	16	8	8	15	10	5	27	1	26	31	0	31	14	0	14	13	5	8	23	0	23
NC_059182.1	5717511	5717512	*	12	0	12	25	2	23	13	10	3	17	0	17	18	9	9	19	0	19	17	9	8	15	14	1	13	13	0	23	15	8	16	1	15	28	9	19	16	8	8	15	11	4	26	1	25	33	0	33	14	0	14	12	4	8	24	0	24
NC_059182.1	5734253	5734254	*	17	0	17	15	0	15	16	7	9	11	0	11	13	0	13	16	0	16	11	0	11	16	0	16	12	0	12	14	0	14	11	0	11	23	0	23	22	8	14	20	0	20	22	0	22	17	0	17	20	0	20	20	0	20	30	0	30
NC_059182.1	5734277	5734278	*	17	0	17	14	0	14	19	9	10	10	0	10	15	0	15	17	0	17	10	0	10	16	0	16	12	0	12	14	0	14	11	0	11	25	0	25	27	11	16	21	0	21	26	0	26	19	0	19	18	0	18	18	0	18	31	0	31
NC_059182.1	8328943	8328944	*	51	3	48	62	1	61	47	4	43	26	1	25	64	4	60	46	4	42	31	1	30	23	1	22	39	1	38	39	0	39	59	4	55	72	1	71	32	2	30	84	8	76	91	4	87	26	1	25	30	0	30	29	0	29	75	5	70
NC_059182.1	8329199	8329200	*	49	2	47	38	1	37	29	4	25	12	2	10	60	2	58	23	7	16	22	2	20	20	2	18	27	2	25	26	0	26	40	1	39	24	4	20	27	2	25	50	2	48	51	4	47	22	0	22	14	0	14	12	1	11	39	4	35
NC_059182.1	11366636	11366637	*	23	0	23	20	0	20	26	10	16	18	9	9	24	0	24	12	1	11	31	0	31	15	8	7	18	0	18	25	0	25	34	0	34	25	0	25	23	0	23	23	0	23	26	0	26	54	0	54	17	0	17	18	0	18	27	0	27
NC_059182.1	11366658	11366659	*	27	0	27	22	0	22	29	11	18	19	8	11	27	1	26	14	3	11	28	1	27	14	4	10	19	0	19	22	1	21	36	0	36	25	0	25	25	0	25	23	0	23	26	0	26	54	0	54	16	0	16	17	0	17	27	0	27
NC_059182.1	15036205	15036206	*	12	0	12	14	0	14	15	4	11	19	0	19	16	0	16	23	0	23	15	0	15	10	0	10	15	0	15	16	0	16	14	0	14	20	0	20	13	0	13	12	0	12	21	0	21	20	0	20	18	0	18	18	0	18	29	0	29
NC_059183.1	4307685	4307686	*	14	0	14	20	0	20	16	6	10	13	0	13	10	5	5	15	0	15	16	0	16	18	0	18	15	0	15	16	0	16	14	0	14	23	0	23	18	15	3	19	0	19	19	0	19	21	1	20	19	9	10	11	0	11	26	13	13
NC_059183.1	6929421	6929422	*	12	0	12	17	0	17	16	9	7	12	0	12	13	4	9	15	0	15	12	6	6	14	13	1	10	7	3	16	6	10	12	11	1	26	14	12	13	0	13	20	9	11	16	9	7	18	0	18	10	5	5	21	11	10	27	13	14
NC_059183.1	7609411	7609412	*	21	0	21	21	0	21	23	3	20	17	0	17	20	0	20	23	0	23	16	0	16	19	0	19	10	0	10	29	0	29	28	0	28	24	0	24	19	1	18	27	0	27	26	1	25	19	0	19	30	0	30	19	0	19	37	0	37
NC_059183.1	7611271	7611272	*	16	1	15	23	0	23	11	6	5	13	0	13	15	0	15	16	0	16	22	0	22	11	0	11	12	0	12	11	0	11	22	1	21	21	0	21	13	0	13	18	0	18	25	0	25	26	13	13	20	0	20	13	0	13	25	0	25
NC_059183.1	8364525	8364526	*	28	1	27	36	1	35	24	5	19	27	0	27	21	0	21	14	0	14	16	1	15	23	0	23	25	0	25	33	2	31	21	0	21	30	1	29	28	0	28	18	0	18	42	0	42	43	0	43	25	1	24	32	0	32	43	0	43
NC_059183.1	8588272	8588273	*	13	0	13	14	0	14	19	7	12	15	0	15	10	3	7	12	0	12	18	0	18	18	0	18	14	0	14	16	0	16	12	0	12	22	0	22	19	0	19	19	0	19	22	0	22	25	0	25	21	0	21	23	0	23	25	0	25
NC_059183.1	12422256	12422257	*	53	0	53	19	0	19	30	4	26	21	0	21	22	0	22	26	0	26	19	0	19	37	0	37	25	0	25	27	6	21	32	0	32	26	1	25	32	0	32	25	0	25	54	1	53	27	0	27	17	0	17	24	0	24	31	0	31
NC_059183.1	13221333	13221334	*	31	0	31	20	0	20	17	9	8	12	6	6	23	19	4	25	6	19	20	0	20	16	6	10	17	0	17	15	4	11	22	7	15	21	18	3	22	8	14	25	12	13	35	0	35	25	22	3	21	7	14	23	21	2	29	15	14
NC_059183.1	13398529	13398530	*	10	0	10	26	0	26	18	3	15	37	0	37	22	0	22	13	0	13	12	0	12	22	13	9	19	0	19	22	0	22	19	0	19	23	0	23	27	0	27	24	0	24	21	0	21	26	1	25	13	0	13	21	0	21	17	0	17
NC_059183.1	13961458	13961459	*	21	0	21	17	0	17	15	3	12	14	0	14	26	1	25	25	0	25	17	0	17	16	1	15	14	0	14	15	0	15	33	0	33	38	0	38	16	0	16	19	0	19	29	0	29	15	0	15	19	1	18	31	1	30	41	0	41
NC_059183.1	15672534	15672535	*	26	0	26	14	0	14	29	4	25	21	0	21	35	8	27	20	0	20	24	0	24	34	20	14	23	0	23	35	12	23	19	2	17	31	0	31	41	3	38	29	2	27	27	2	25	24	1	23	28	0	28	21	0	21	38	0	38
NC_059183.1	16482531	16482532	*	17	1	16	15	0	15	16	3	13	15	1	14	18	0	18	23	1	22	22	4	18	13	0	13	14	1	13	13	0	13	16	4	12	18	0	18	16	3	13	18	2	16	24	0	24	24	1	23	13	1	12	19	1	18	29	0	29
NC_059183.1	17942173	17942174	*	15	0	15	25	0	25	34	7	27	15	0	15	35	6	29	23	0	23	20	0	20	24	0	24	16	0	16	23	1	22	18	0	18	47	0	47	38	1	37	23	1	22	39	0	39	30	0	30	29	0	29	17	2	15	77	0	77
NC_059183.1	17943015	17943016	*	16	0	16	25	1	24	32	12	20	20	0	20	27	0	27	15	0	15	36	0	36	17	6	11	11	0	11	18	0	18	15	0	15	37	0	37	22	0	22	22	0	22	29	0	29	26	0	26	46	14	32	32	0	32	49	0	49
NC_059183.1	17943027	17943028	*	16	0	16	25	1	24	32	10	22	20	1	19	27	0	27	12	1	11	37	0	37	18	6	12	11	0	11	19	0	19	15	0	15	36	0	36	23	0	23	22	0	22	29	0	29	25	0	25	47	14	33	32	0	32	48	0	48
NC_059184.1	800632	800633	*	22	0	22	23	0	23	16	9	7	16	0	16	19	0	19	20	0	20	13	0	13	11	0	11	10	0	10	17	0	17	12	0	12	23	1	22	15	0	15	13	0	13	21	0	21	19	0	19	13	0	13	14	0	14	18	0	18
NC_059184.1	800721	800722	*	24	1	23	26	0	26	18	8	10	23	0	23	16	7	9	23	1	22	20	9	11	11	5	6	13	0	13	18	0	18	19	0	19	30	2	28	21	0	21	14	0	14	34	1	33	18	0	18	28	0	28	18	0	18	35	0	35
NC_059184.1	800742	800743	*	22	0	22	26	0	26	17	8	9	22	0	22	16	8	8	22	1	21	21	8	13	14	6	8	14	0	14	22	0	22	19	0	19	28	1	27	20	0	20	14	0	14	36	0	36	18	0	18	25	0	25	17	0	17	35	0	35
NC_059184.1	800752	800753	*	22	0	22	25	0	25	17	7	10	24	0	24	16	9	7	21	1	20	22	9	13	14	6	8	16	0	16	21	0	21	20	0	20	29	1	28	20	0	20	14	0	14	37	0	37	17	0	17	26	0	26	17	0	17	37	0	37
NC_059184.1	800770	800771	*	23	0	23	23	0	23	17	8	9	25	1	24	18	9	9	19	1	18	20	6	14	14	5	9	16	0	16	20	0	20	20	1	19	32	2	30	20	0	20	16	0	16	39	0	39	16	0	16	25	0	25	16	1	15	37	0	37
NC_059184.1	800787	800788	*	28	0	28	24	0	24	19	10	9	24	0	24	17	9	8	17	0	17	19	5	14	14	4	10	17	0	17	19	0	19	24	0	24	33	1	32	23	0	23	17	0	17	39	0	39	16	0	16	23	0	23	17	3	14	38	0	38
NC_059184.1	800799	800800	*	27	0	27	24	0	24	19	10	9	24	0	24	15	6	9	17	0	17	19	5	14	13	4	9	17	0	17	19	0	19	23	0	23	34	1	33	22	3	19	18	0	18	35	1	34	16	0	16	21	0	21	18	7	11	41	1	40
NC_059184.1	800813	800814	*	26	0	26	24	0	24	17	8	9	21	0	21	16	8	8	18	0	18	19	6	13	12	3	9	17	0	17	19	0	19	27	0	27	32	1	31	21	5	16	17	1	16	34	2	32	18	0	18	22	1	21	20	12	8	40	10	30
NC_059184.1	800826	800827	*	27	0	27	24	2	22	16	9	7	21	0	21	15	8	7	17	0	17	20	9	11	12	3	9	17	0	17	19	2	17	28	1	27	32	2	30	19	9	10	20	0	20	33	7	26	18	0	18	21	0	21	20	12	8	38	8	30
NC_059184.1	800844	800845	*	28	0	28	25	0	25	14	7	7	22	1	21	15	9	6	18	1	17	19	10	9	13	4	9	17	4	13	19	8	11	29	1	28	32	2	30	22	11	11	18	3	15	28	9	19	18	1	17	20	3	17	17	10	7	38	10	28
NC_059184.1	805891	805892	*	21	0	21	20	0	20	11	5	6	16	1	15	12	1	11	18	3	15	14	6	8	13	1	12	17	0	17	24	4	20	12	3	9	32	3	29	14	0	14	15	0	15	20	9	11	16	6	10	19	0	19	15	1	14	21	0	21
NC_059184.1	805911	805912	*	22	0	22	21	0	21	13	7	6	18	0	18	12	0	12	19	3	16	12	5	7	15	3	12	17	0	17	30	2	28	14	0	14	33	0	33	15	0	15	17	0	17	18	7	11	15	6	9	21	0	21	17	0	17	22	1	21
NC_059184.1	805931	805932	*	16	0	16	21	0	21	14	8	6	21	0	21	15	0	15	20	1	19	10	4	6	19	1	18	16	0	16	33	0	33	17	0	17	32	0	32	15	0	15	18	0	18	19	4	15	17	6	11	23	0	23	16	0	16	23	0	23
NC_059184.1	805944	805945	*	17	0	17	22	0	22	14	6	8	22	0	22	16	0	16	20	0	20	11	5	6	19	0	19	18	0	18	29	0	29	18	0	18	33	0	33	14	0	14	19	0	19	19	0	19	17	6	11	23	0	23	17	1	16	26	0	26
NC_059184.1	805958	805959	*	21	0	21	22	0	22	14	5	9	23	0	23	15	0	15	20	0	20	10	3	7	18	1	17	18	0	18	30	0	30	19	1	18	35	0	35	12	0	12	21	0	21	17	2	15	15	4	11	24	2	22	19	0	19	25	1	24
NC_059184.1	1306505	1306506	*	12	0	12	16	0	16	15	6	9	10	0	10	17	0	17	27	0	27	21	0	21	16	0	16	11	3	8	17	0	17	16	0	16	26	1	25	19	4	15	14	0	14	23	0	23	16	0	16	26	0	26	22	0	22	21	0	21
NC_059184.1	1306511	1306512	*	13	0	13	17	0	17	16	7	9	10	1	9	18	0	18	25	0	25	22	0	22	16	0	16	11	0	11	18	0	18	16	0	16	25	0	25	19	0	19	14	0	14	23	0	23	19	1	18	25	0	25	24	0	24	22	0	22
NC_059184.1	1893100	1893101	*	14	0	14	15	0	15	17	8	9	12	0	12	15	0	15	14	0	14	11	0	11	10	0	10	12	0	12	12	0	12	12	0	12	17	0	17	11	0	11	17	0	17	21	0	21	32	0	32	11	0	11	10	0	10	28	0	28
NC_059184.1	2827286	2827287	*	17	0	17	13	0	13	11	4	7	11	0	11	13	0	13	14	0	14	15	0	15	14	1	13	13	0	13	20	0	20	34	0	34	22	0	22	17	0	17	15	8	7	19	0	19	22	0	22	17	0	17	15	1	14	26	0	26
NC_059184.1	5871106	5871107	*	16	0	16	14	0	14	20	10	10	14	0	14	17	0	17	21	0	21	15	0	15	18	1	17	16	0	16	21	0	21	24	0	24	30	0	30	17	0	17	23	0	23	27	0	27	35	1	34	19	0	19	16	0	16	27	0	27
NC_059184.1	5871116	5871117	*	16	0	16	14	0	14	20	10	10	14	0	14	16	0	16	20	0	20	15	0	15	18	1	17	16	0	16	21	2	19	24	1	23	31	0	31	19	0	19	23	0	23	26	0	26	34	0	34	19	0	19	17	1	16	26	0	26
NC_059184.1	5871128	5871129	*	17	0	17	14	1	13	20	10	10	14	0	14	15	0	15	20	3	17	13	1	12	18	1	17	15	0	15	22	4	18	25	1	24	31	1	30	20	2	18	24	2	22	26	2	24	33	3	30	18	1	17	18	0	18	27	0	27
NC_059184.1	10271672	10271673	*	11	0	11	11	0	11	19	6	13	20	0	20	17	0	17	13	0	13	15	0	15	10	0	10	15	2	13	20	0	20	16	0	16	25	0	25	13	0	13	20	0	20	27	1	26	22	0	22	27	0	27	14	0	14	28	0	28
NC_059184.1	10271720	10271721	*	18	0	18	16	0	16	17	10	7	21	0	21	20	0	20	15	0	15	14	0	14	17	0	17	13	0	13	21	0	21	16	0	16	22	0	22	17	0	17	24	1	23	35	0	35	23	1	22	29	0	29	12	0	12	28	0	28
NC_059184.1	10271734	10271735	*	20	0	20	16	0	16	16	9	7	22	0	22	22	0	22	13	0	13	14	0	14	17	0	17	14	0	14	25	0	25	15	0	15	22	0	22	16	0	16	23	0	23	34	0	34	23	0	23	28	0	28	13	0	13	28	0	28
NC_059184.1	10271756	10271757	*	20	0	20	18	0	18	16	10	6	21	0	21	24	0	24	13	0	13	14	0	14	19	0	19	14	0	14	25	0	25	16	0	16	21	0	21	17	0	17	22	0	22	36	0	36	25	0	25	29	0	29	12	0	12	24	0	24
NC_059184.1	10271802	10271803	*	21	0	21	17	0	17	10	5	5	21	0	21	20	0	20	14	0	14	10	0	10	18	0	18	17	0	17	22	0	22	14	0	14	18	0	18	16	0	16	18	0	18	32	0	32	21	0	21	27	0	27	10	0	10	24	1	23
NC_059184.1	10271808	10271809	*	21	0	21	17	0	17	11	5	6	21	0	21	21	0	21	14	0	14	10	0	10	20	0	20	18	0	18	21	0	21	13	0	13	17	0	17	15	0	15	18	0	18	31	0	31	21	0	21	27	0	27	10	0	10	25	0	25
NC_059184.1	10271817	10271818	*	21	0	21	17	0	17	10	7	3	22	0	22	21	0	21	14	0	14	10	0	10	22	0	22	15	0	15	22	0	22	14	0	14	18	0	18	15	0	15	17	0	17	32	0	32	21	0	21	25	0	25	10	0	10	26	0	26
NC_059184.1	11141638	11141639	*	27	0	27	22	0	22	12	5	7	15	0	15	10	0	10	19	0	19	15	0	15	13	0	13	10	0	10	17	0	17	22	0	22	24	0	24	13	0	13	16	0	16	22	0	22	26	0	26	16	0	16	14	0	14	27	0	27
NC_059184.1	11141659	11141660	*	32	0	32	23	0	23	13	6	7	13	0	13	13	0	13	19	0	19	15	0	15	14	4	10	12	0	12	18	0	18	23	0	23	23	0	23	14	0	14	17	1	16	22	0	22	25	1	24	17	0	17	13	1	12	28	1	27
NC_059184.1	11806834	11806835	*	16	0	16	20	2	18	22	5	17	30	0	30	14	1	13	13	0	13	24	0	24	22	2	20	20	0	20	27	1	26	15	0	15	26	0	26	12	1	11	24	0	24	26	1	25	42	0	42	32	0	32	10	0	10	28	1	27
NC_059184.1	11806838	11806839	*	15	0	15	19	0	19	23	4	19	29	0	29	13	0	13	14	0	14	24	0	24	22	1	21	20	0	20	27	0	27	15	0	15	26	0	26	12	1	11	24	0	24	27	0	27	40	0	40	32	0	32	10	0	10	29	0	29
NC_059184.1	12256735	12256736	*	15	0	15	20	0	20	13	4	9	15	0	15	20	11	9	23	0	23	15	0	15	16	0	16	11	1	10	20	1	19	14	0	14	24	1	23	20	0	20	14	1	13	16	2	14	17	8	9	22	1	21	18	0	18	24	1	23
NC_059185.1	187931	187932	*	11	0	11	18	0	18	10	6	4	16	0	16	14	10	4	11	0	11	14	8	6	10	0	10	10	0	10	13	9	4	16	10	6	24	15	9	10	0	10	18	9	9	24	13	11	23	0	23	17	0	17	22	15	7	18	0	18
NC_059185.1	1475938	1475939	*	18	0	18	26	1	25	19	12	7	13	0	13	22	14	8	11	1	10	23	0	23	15	0	15	14	0	14	21	12	9	18	7	11	26	13	13	18	0	18	24	0	24	31	5	26	16	0	16	14	0	14	19	0	19	27	1	26
NC_059185.1	1724932	1724933	*	17	0	17	21	0	21	17	8	9	17	0	17	10	0	10	14	0	14	11	0	11	15	0	15	15	0	15	14	0	14	11	0	11	18	0	18	16	0	16	16	0	16	22	1	21	19	0	19	21	0	21	14	0	14	25	1	24
NC_059185.1	1724971	1724972	*	20	0	20	19	0	19	13	6	7	11	0	11	15	0	15	15	0	15	14	0	14	15	0	15	17	0	17	21	0	21	17	0	17	16	0	16	15	1	14	12	0	12	22	0	22	19	0	19	21	0	21	14	0	14	23	0	23
NC_059185.1	4095522	4095523	*	19	0	19	17	0	17	11	4	7	13	0	13	12	0	12	10	0	10	17	0	17	14	0	14	12	0	12	16	0	16	20	0	20	20	0	20	20	0	20	14	0	14	18	0	18	15	0	15	12	1	11	13	0	13	24	0	24
NC_059185.1	4302277	4302278	*	20	0	20	20	0	20	14	8	6	12	0	12	15	0	15	20	0	20	15	0	15	15	0	15	15	0	15	15	0	15	15	0	15	19	0	19	17	0	17	13	0	13	21	0	21	28	0	28	25	0	25	15	0	15	19	0	19
NC_059185.1	4302295	4302296	*	21	1	20	16	0	16	12	6	6	13	0	13	15	0	15	20	0	20	14	0	14	11	0	11	15	0	15	11	0	11	17	0	17	18	0	18	12	0	12	12	0	12	19	0	19	25	0	25	17	0	17	13	0	13	20	0	20
NC_059185.1	10662243	10662244	*	11	0	11	21	0	21	14	6	8	12	0	12	17	0	17	15	0	15	14	0	14	16	7	9	12	0	12	10	0	10	12	0	12	24	13	11	18	0	18	16	0	16	18	0	18	17	0	17	21	0	21	16	8	8	20	0	20
NC_059185.1	11159209	11159210	*	10	1	9	12	0	12	19	8	11	12	0	12	17	0	17	19	0	19	12	0	12	11	0	11	11	0	11	19	0	19	16	0	16	16	0	16	11	0	11	19	0	19	15	0	15	26	0	26	15	0	15	22	0	22	19	0	19
NC_059185.1	11179979	11179980	*	15	0	15	12	0	12	11	3	8	11	1	10	17	0	17	19	0	19	15	0	15	10	0	10	23	2	21	13	0	13	11	1	10	23	1	22	17	0	17	10	0	10	20	8	12	22	0	22	18	0	18	18	0	18	21	0	21
NC_059185.1	11653619	11653620	*	30	0	30	12	0	12	22	5	17	13	13	0	11	0	11	25	12	13	15	0	15	19	9	10	14	0	14	22	0	22	21	11	10	23	0	23	15	8	7	20	12	8	26	0	26	26	13	13	36	16	20	19	0	19	37	36	1
NC_059186.1	179249	179250	*	13	0	13	18	0	18	14	7	7	20	0	20	20	0	20	22	0	22	17	0	17	17	0	17	24	0	24	21	0	21	16	0	16	24	0	24	16	0	16	14	0	14	28	1	27	28	0	28	19	1	18	26	14	12	28	0	28
NC_059186.1	367632	367633	*	11	0	11	14	0	14	16	9	7	26	0	26	16	0	16	26	0	26	12	0	12	15	0	15	15	0	15	25	0	25	21	0	21	18	0	18	22	13	9	20	0	20	21	1	20	13	0	13	19	0	19	14	0	14	29	1	28
NC_059186.1	367667	367668	*	11	0	11	16	0	16	17	10	7	28	0	28	15	0	15	24	0	24	12	0	12	12	0	12	17	1	16	24	0	24	26	0	26	21	0	21	25	16	9	21	0	21	25	0	25	20	0	20	22	0	22	12	0	12	25	0	25
NC_059186.1	367677	367678	*	11	0	11	17	0	17	17	10	7	28	0	28	16	0	16	29	0	29	11	1	10	10	0	10	17	0	17	22	0	22	26	0	26	22	0	22	25	16	9	20	0	20	26	0	26	22	1	21	22	0	22	13	0	13	30	0	30
NC_059186.1	2883570	2883571	*	18	0	18	19	2	17	10	4	6	20	4	16	21	3	18	12	0	12	23	4	19	21	8	13	14	4	10	20	5	15	18	0	18	34	4	30	22	5	17	25	1	24	24	6	18	29	6	23	28	7	21	25	0	25	36	3	33
NC_059186.1	4005582	4005583	*	17	1	16	13	0	13	56	11	45	30	5	25	51	9	42	34	3	31	37	9	28	32	0	32	27	9	18	41	12	29	46	1	45	66	15	51	22	0	22	44	14	30	24	0	24	10	0	10	46	10	36	16	4	12	22	1	21
NC_059186.1	4197070	4197071	*	27	0	27	23	0	23	20	4	16	18	0	18	48	0	48	21	0	21	13	0	13	33	0	33	16	0	16	13	0	13	23	0	23	16	0	16	37	1	36	29	0	29	22	0	22	13	0	13	20	0	20	26	0	26	25	0	25
NC_059186.1	6548200	6548201	*	16	1	15	20	1	19	15	3	12	17	0	17	13	0	13	13	4	9	14	0	14	17	0	17	13	0	13	10	0	10	11	1	10	23	0	23	17	0	17	15	0	15	17	0	17	17	0	17	12	0	12	19	1	18	16	1	15
NC_059186.1	8310801	8310802	*	11	0	11	19	0	19	14	5	9	14	5	9	12	0	12	17	10	7	20	12	8	22	1	21	20	6	14	11	0	11	17	0	17	22	13	9	14	0	14	22	0	22	16	9	7	24	0	24	21	0	21	16	0	16	27	17	10
NC_059186.1	8310813	8310814	*	13	0	13	20	2	18	14	5	9	14	5	9	15	0	15	19	9	10	21	14	7	24	1	23	20	9	11	11	1	10	19	0	19	22	14	8	15	1	14	21	3	18	19	10	9	26	1	25	22	3	19	17	0	17	25	16	9
NC_059186.1	8350269	8350270	*	17	0	17	24	1	23	19	3	16	16	0	16	10	0	10	18	2	16	14	0	14	21	2	19	15	0	15	16	1	15	11	0	11	18	1	17	17	0	17	21	1	20	24	1	23	20	4	16	16	1	15	24	0	24	24	0	24
NC_059186.1	8350289	8350290	*	19	1	18	22	1	21	18	4	14	13	0	13	11	0	11	15	0	15	14	1	13	23	3	20	14	0	14	21	0	21	13	1	12	20	1	19	19	2	17	21	0	21	26	2	24	19	3	16	18	0	18	23	1	22	27	0	27
NC_059186.1	8622098	8622099	*	24	1	23	22	0	22	17	7	10	10	1	9	16	0	16	17	6	11	15	8	7	16	7	9	10	6	4	12	0	12	17	0	17	23	0	23	32	8	24	19	1	18	21	13	8	14	7	7	27	26	1	26	0	26	23	22	1
NC_059186.1	8963755	8963756	*	18	0	18	17	0	17	16	9	7	18	8	10	17	0	17	16	1	15	16	7	9	22	0	22	10	5	5	24	0	24	19	0	19	36	0	36	28	14	14	24	0	24	26	12	14	25	9	16	23	22	1	22	0	22	33	30	3
NC_059186.1	8963788	8963789	*	21	0	21	19	0	19	17	9	8	21	18	3	19	0	19	18	1	17	19	9	10	23	1	22	15	8	7	24	1	23	22	10	12	33	0	33	27	15	12	24	0	24	30	14	16	25	11	14	27	26	1	24	1	23	36	35	1
NC_059186.1	9605177	9605178	*	17	2	15	33	0	33	18	6	12	19	0	19	18	0	18	20	0	20	18	0	18	19	9	10	13	0	13	21	0	21	29	1	28	30	0	30	25	0	25	19	0	19	37	0	37	18	6	12	23	0	23	16	6	10	28	0	28
NC_059186.1	10803077	10803078	*	19	0	19	17	0	17	12	6	6	13	13	0	15	15	0	14	5	9	24	0	24	15	0	15	19	8	11	14	3	11	10	7	3	19	0	19	13	5	8	13	8	5	23	10	13	16	15	1	14	13	1	15	5	10	27	0	27
NC_059186.1	11648147	11648148	*	12	0	12	13	0	13	14	5	9	10	0	10	14	1	13	18	0	18	13	0	13	15	0	15	14	0	14	10	0	10	10	0	10	25	0	25	14	0	14	16	1	15	15	0	15	18	0	18	10	0	10	15	0	15	29	0	29
NC_059187.1	275782	275783	*	27	0	27	20	0	20	21	11	10	15	0	15	17	0	17	28	0	28	21	14	7	15	0	15	19	6	13	14	0	14	15	0	15	21	0	21	10	0	10	23	11	12	17	0	17	26	1	25	14	7	7	18	0	18	19	0	19
NC_059187.1	769872	769873	*	12	1	11	13	0	13	15	8	7	17	0	17	20	10	10	12	11	1	22	0	22	18	2	16	10	6	4	15	4	11	14	0	14	21	13	8	16	5	11	19	9	10	15	0	15	10	8	2	17	1	16	18	9	9	21	0	21
NC_059187.1	879412	879413	*	24	0	24	19	0	19	23	11	12	15	0	15	18	0	18	16	0	16	14	6	8	14	3	11	16	0	16	18	0	18	17	1	16	19	0	19	14	1	13	22	5	17	24	0	24	18	0	18	21	7	14	25	13	12	30	0	30
NC_059187.1	1102036	1102037	*	20	0	20	27	0	27	15	3	12	16	0	16	15	0	15	20	0	20	16	0	16	18	0	18	15	0	15	22	0	22	11	0	11	27	0	27	17	0	17	23	0	23	25	0	25	21	0	21	29	0	29	25	0	25	32	0	32
NC_059187.1	1168190	1168191	*	22	0	22	16	0	16	16	4	12	23	1	22	17	0	17	22	11	11	15	0	15	19	0	19	23	0	23	17	0	17	17	0	17	38	0	38	24	0	24	19	1	18	24	0	24	24	0	24	15	3	12	19	0	19	30	1	29
NC_059187.1	1168193	1168194	*	23	0	23	16	0	16	16	4	12	21	0	21	17	0	17	22	10	12	16	0	16	19	0	19	22	0	22	17	0	17	17	0	17	38	0	38	25	0	25	19	0	19	23	0	23	26	0	26	16	4	12	19	0	19	30	0	30
NC_059187.1	1168208	1168209	*	23	0	23	17	1	16	19	6	13	21	0	21	18	0	18	22	10	12	14	0	14	19	4	15	23	0	23	19	0	19	17	0	17	35	0	35	26	0	26	20	1	19	26	0	26	27	0	27	16	6	10	18	0	18	29	0	29
NC_059187.1	2565954	2565955	*	22	0	22	18	0	18	15	7	8	25	1	24	20	0	20	19	0	19	21	0	21	21	0	21	13	0	13	18	6	12	19	2	17	20	1	19	23	2	21	22	0	22	24	0	24	18	0	18	22	0	22	14	0	14	19	0	19
NC_059187.1	2711243	2711244	*	10	0	10	10	0	10	15	5	10	16	0	16	12	3	9	17	4	13	19	0	19	13	10	3	20	6	14	27	0	27	10	0	10	22	0	22	19	0	19	16	1	15	26	2	24	25	0	25	16	0	16	21	0	21	18	0	18
NC_059187.1	2711245	2711246	*	10	0	10	11	0	11	15	5	10	16	0	16	11	6	5	17	5	12	18	0	18	14	11	3	20	7	13	27	0	27	10	0	10	22	0	22	20	0	20	16	0	16	26	2	24	26	1	25	16	0	16	22	0	22	18	0	18
NC_059187.1	2711269	2711270	*	13	0	13	12	0	12	16	5	11	15	0	15	10	6	4	15	4	11	19	1	18	12	10	2	20	6	14	27	0	27	10	0	10	23	0	23	17	2	15	18	0	18	30	1	29	28	0	28	17	0	17	24	0	24	20	1	19
NC_059187.1	2741690	2741691	*	15	0	15	13	0	13	16	6	10	14	1	13	17	0	17	24	0	24	13	0	13	12	0	12	15	0	15	16	0	16	16	0	16	17	0	17	18	0	18	11	0	11	16	0	16	19	0	19	23	0	23	19	0	19	17	0	17
NC_059187.1	2949333	2949334	*	16	0	16	20	0	20	14	8	6	19	0	19	14	9	5	17	0	17	13	0	13	19	0	19	12	0	12	17	0	17	18	0	18	29	0	29	14	1	13	24	1	23	25	0	25	16	0	16	22	0	22	16	0	16	17	0	17
NC_059187.1	2949347	2949348	*	17	0	17	21	0	21	16	10	6	21	1	20	15	10	5	18	0	18	14	0	14	19	0	19	12	0	12	19	1	18	19	1	18	32	0	32	15	0	15	27	0	27	26	0	26	13	0	13	22	0	22	16	0	16	18	0	18
NC_059187.1	2949352	2949353	*	17	0	17	21	0	21	16	6	10	20	2	18	14	10	4	18	0	18	14	0	14	19	0	19	12	0	12	19	0	19	18	0	18	32	0	32	15	0	15	28	0	28	26	0	26	14	0	14	22	0	22	16	0	16	17	0	17
NC_059187.1	2949372	2949373	*	19	0	19	21	0	21	17	10	7	22	8	14	15	10	5	16	0	16	14	1	13	15	0	15	12	0	12	17	1	16	17	0	17	32	0	32	12	0	12	26	0	26	26	2	24	18	0	18	22	0	22	15	0	15	18	0	18
NC_059187.1	2949433	2949434	*	13	0	13	15	1	14	17	14	3	22	10	12	18	9	9	15	7	8	11	4	7	11	1	10	12	0	12	17	5	12	15	0	15	33	0	33	12	0	12	22	0	22	17	5	12	18	0	18	19	0	19	13	0	13	21	0	21
NC_059187.1	2949443	2949444	*	14	0	14	16	1	15	18	15	3	22	8	14	18	8	10	15	6	9	11	4	7	11	1	10	13	0	13	18	5	13	16	0	16	32	0	32	15	0	15	23	0	23	16	2	14	23	0	23	19	0	19	17	0	17	21	0	21
NC_059187.1	3770294	3770295	*	15	1	14	20	1	19	18	6	12	22	2	20	14	4	10	16	4	12	15	14	1	22	6	16	10	0	10	19	16	3	14	13	1	27	0	27	17	9	8	18	6	12	26	9	17	19	9	10	16	2	14	10	2	8	29	4	25
NC_059187.1	5872881	5872882	*	22	0	22	47	0	47	27	8	19	17	0	17	29	0	29	20	0	20	15	1	14	16	0	16	22	7	15	27	0	27	28	0	28	41	0	41	18	0	18	15	0	15	36	0	36	21	0	21	22	0	22	21	0	21	39	0	39
NC_059187.1	6619864	6619865	*	31	0	31	21	0	21	19	7	12	17	0	17	21	0	21	16	0	16	22	0	22	18	0	18	24	0	24	29	0	29	24	0	24	19	0	19	21	0	21	13	0	13	26	9	17	17	0	17	22	0	22	11	0	11	33	0	33
NC_059187.1	9316660	9316661	*	18	0	18	19	0	19	14	7	7	17	11	6	14	13	1	14	0	14	12	0	12	17	3	14	14	0	14	26	1	25	18	8	10	20	4	16	22	22	0	14	0	14	42	24	18	24	22	2	23	12	11	21	8	13	26	15	11
NC_059187.1	9316720	9316721	*	17	0	17	21	0	21	10	6	4	23	0	23	21	7	14	21	0	21	12	0	12	20	9	11	14	0	14	26	1	25	21	0	21	26	0	26	23	22	1	14	0	14	43	23	20	27	27	0	29	11	18	16	4	12	24	13	11
NC_059187.1	9316722	9316723	*	17	0	17	22	0	22	10	6	4	23	0	23	22	8	14	21	0	21	12	0	12	20	11	9	14	0	14	25	0	25	21	0	21	27	0	27	23	22	1	14	1	13	43	24	19	27	27	0	29	10	19	16	4	12	24	13	11
NC_059187.1	9316733	9316734	*	17	0	17	21	0	21	10	4	6	20	0	20	22	7	15	22	0	22	13	0	13	21	10	11	14	0	14	27	0	27	23	0	23	25	0	25	24	23	1	13	0	13	45	24	21	26	26	0	29	10	19	16	4	12	23	13	10
NC_059187.1	9316759	9316760	*	15	0	15	21	2	19	12	4	8	19	0	19	21	8	13	23	0	23	13	0	13	16	9	7	13	0	13	25	0	25	25	1	24	24	0	24	22	21	1	14	0	14	37	19	18	27	26	1	28	11	17	15	4	11	15	8	7
NC_059187.1	9325679	9325680	*	11	0	11	22	0	22	13	6	7	14	3	11	14	12	2	17	5	12	18	2	16	17	12	5	24	1	23	25	10	15	19	9	10	20	0	20	21	2	19	18	0	18	19	10	9	13	5	8	14	8	6	10	3	7	25	11	14
NC_059187.1	9749259	9749260	*	19	0	19	16	2	14	17	10	7	10	0	10	13	1	12	22	0	22	19	1	18	12	9	3	19	2	17	17	0	17	20	7	13	20	1	19	12	1	11	13	0	13	32	14	18	14	0	14	23	2	21	10	0	10	29	0	29
NC_059187.1	9749273	9749274	*	17	0	17	13	0	13	18	4	14	12	0	12	12	0	12	21	0	21	17	0	17	11	8	3	17	1	16	16	0	16	15	3	12	19	0	19	11	0	11	12	0	12	33	3	30	17	0	17	23	0	23	10	0	10	30	0	30
NC_059187.1	9910834	9910835	*	22	0	22	19	0	19	26	20	6	13	0	13	25	20	5	18	0	18	10	2	8	18	6	12	19	9	10	26	0	26	18	0	18	18	0	18	17	0	17	20	0	20	21	7	14	15	5	10	19	8	11	12	3	9	28	10	18
NC_059187.1	9910913	9910914	*	24	0	24	19	1	18	23	7	16	16	0	16	27	11	16	22	0	22	11	0	11	12	0	12	19	7	12	27	1	26	24	0	24	19	0	19	18	0	18	18	0	18	22	0	22	21	8	13	20	0	20	10	0	10	23	0	23
NC_059188.1	340862	340863	*	11	0	11	16	0	16	16	8	8	12	12	0	19	9	10	21	13	8	14	11	3	18	0	18	17	9	8	12	0	12	12	9	3	15	0	15	12	12	0	12	8	4	20	10	10	26	11	15	22	9	13	13	4	9	18	16	2
NC_059188.1	918537	918538	*	23	0	23	20	0	20	21	6	15	23	1	22	19	6	13	31	0	31	21	16	5	15	5	10	10	0	10	24	10	14	24	10	14	36	2	34	26	1	25	21	12	9	35	1	34	26	0	26	27	1	26	26	0	26	41	18	23
NC_059188.1	928937	928938	*	22	1	21	30	0	30	19	5	14	14	0	14	20	0	20	23	2	21	24	1	23	24	10	14	14	0	14	31	1	30	17	1	16	36	4	32	29	15	14	25	1	24	30	0	30	29	2	27	28	3	25	21	0	21	33	1	32
NC_059188.1	1373353	1373354	*	15	0	15	14	0	14	15	7	8	13	5	8	14	0	14	10	9	1	15	0	15	11	8	3	12	0	12	13	8	5	15	6	9	19	8	11	11	5	6	12	0	12	21	16	5	18	12	6	12	5	7	12	12	0	19	11	8
NC_059188.1	1919826	1919827	*	19	0	19	21	0	21	15	4	11	25	0	25	31	0	31	13	0	13	16	0	16	34	0	34	12	0	12	29	0	29	14	0	14	33	0	33	31	0	31	22	1	21	35	0	35	20	0	20	18	0	18	11	0	11	31	1	30
NC_059188.1	1998636	1998637	*	19	0	19	18	0	18	13	5	8	12	4	8	10	0	10	25	0	25	12	5	7	12	0	12	11	0	11	17	0	17	14	0	14	21	0	21	23	0	23	16	0	16	18	0	18	23	0	23	15	0	15	20	0	20	26	1	25
NC_059188.1	1998648	1998649	*	19	0	19	18	0	18	13	5	8	12	4	8	10	0	10	26	0	26	11	5	6	13	0	13	12	0	12	16	0	16	13	0	13	21	0	21	24	0	24	16	0	16	18	0	18	22	0	22	15	0	15	21	0	21	25	0	25
NC_059188.1	2160162	2160163	*	15	0	15	29	0	29	17	11	6	20	0	20	19	0	19	13	0	13	14	0	14	20	0	20	15	0	15	33	0	33	14	0	14	27	0	27	23	0	23	22	1	21	30	0	30	20	0	20	14	0	14	21	0	21	34	0	34
NC_059188.1	2200710	2200711	*	15	0	15	21	0	21	11	3	8	16	0	16	12	0	12	12	0	12	10	6	4	17	0	17	12	0	12	17	7	10	13	13	0	15	4	11	14	0	14	12	0	12	20	12	8	14	0	14	18	0	18	17	14	3	24	15	9
NC_059188.1	7708745	7708746	*	13	0	13	18	0	18	22	5	17	14	2	12	16	0	16	21	3	18	15	0	15	10	5	5	17	1	16	28	4	24	24	3	21	20	0	20	15	0	15	13	1	12	29	1	28	25	1	24	27	3	24	29	0	29	41	0	41
NC_059188.1	8835078	8835079	*	12	0	12	20	0	20	10	7	3	12	0	12	12	0	12	21	0	21	16	0	16	12	0	12	13	0	13	12	0	12	10	0	10	21	0	21	11	1	10	16	0	16	28	0	28	16	0	16	23	0	23	12	0	12	28	0	28
NC_059188.1	12127730	12127731	*	20	0	20	24	1	23	20	11	9	23	0	23	20	1	19	23	0	23	22	0	22	19	1	18	13	8	5	23	2	21	16	0	16	44	0	44	15	0	15	19	0	19	28	0	28	22	0	22	25	0	25	29	0	29	30	0	30
NC_059188.1	12127740	12127741	*	21	0	21	24	0	24	20	11	9	23	0	23	20	1	19	23	0	23	20	0	20	19	0	19	13	0	13	23	0	23	15	0	15	44	0	44	15	0	15	19	0	19	29	0	29	19	0	19	25	0	25	29	0	29	31	0	31
NC_059188.1	12614725	12614726	*	24	0	24	14	0	14	16	7	9	16	0	16	23	0	23	18	0	18	16	0	16	24	0	24	19	0	19	25	0	25	15	0	15	26	1	25	24	0	24	25	0	25	23	0	23	28	0	28	16	0	16	20	0	20	24	0	24
NC_059188.1	13395419	13395420	*	23	0	23	20	0	20	30	10	20	16	0	16	16	0	16	22	0	22	19	0	19	16	0	16	16	0	16	29	1	28	27	0	27	31	0	31	20	7	13	18	0	18	22	0	22	23	1	22	20	0	20	24	0	24	33	0	33
NC_059188.1	13452579	13452580	*	17	0	17	19	0	19	16	5	11	16	0	16	14	0	14	18	0	18	19	0	19	14	9	5	11	0	11	17	6	11	21	0	21	26	12	14	17	6	11	22	1	21	19	1	18	19	1	18	13	0	13	21	9	12	26	0	26
NC_059189.1	154628	154629	*	23	0	23	25	0	25	16	5	11	26	0	26	22	0	22	22	0	22	24	0	24	20	0	20	20	0	20	14	0	14	13	0	13	20	0	20	17	0	17	23	3	20	32	8	24	24	0	24	22	0	22	15	0	15	34	0	34
NC_059189.1	154639	154640	*	22	0	22	28	0	28	18	4	14	28	0	28	22	0	22	22	0	22	25	0	25	21	0	21	21	0	21	14	0	14	13	0	13	23	0	23	17	0	17	23	3	20	31	6	25	26	0	26	21	0	21	16	0	16	34	0	34
NC_059189.1	154644	154645	*	22	0	22	29	0	29	18	5	13	28	0	28	23	2	21	22	0	22	26	0	26	23	0	23	21	1	20	13	0	13	13	0	13	23	0	23	16	0	16	23	3	20	31	7	24	25	0	25	22	0	22	17	0	17	33	0	33
NC_059189.1	1544716	1544717	*	29	0	29	27	0	27	25	6	19	27	1	26	25	0	25	30	0	30	17	0	17	18	2	16	12	0	12	32	0	32	26	1	25	29	6	23	24	0	24	32	0	32	38	2	36	30	0	30	33	7	26	18	1	17	35	8	27
NC_059189.1	3799318	3799319	*	10	0	10	22	0	22	14	3	11	14	0	14	17	0	17	13	0	13	18	0	18	16	0	16	10	0	10	19	0	19	13	0	13	21	8	13	17	0	17	16	0	16	23	0	23	25	0	25	15	0	15	11	0	11	20	0	20
NC_059189.1	7541369	7541370	*	23	0	23	19	0	19	23	4	19	20	0	20	24	0	24	17	0	17	22	0	22	20	0	20	17	0	17	24	0	24	17	0	17	25	0	25	28	0	28	12	0	12	36	0	36	35	1	34	22	0	22	22	0	22	45	0	45
NC_059189.1	7541541	7541542	*	30	0	30	23	0	23	25	7	18	36	0	36	33	1	32	32	0	32	24	0	24	18	0	18	20	0	20	37	0	37	25	0	25	30	0	30	19	0	19	12	0	12	37	0	37	34	0	34	26	0	26	26	2	24	29	0	29
NC_059189.1	7541563	7541564	*	32	1	31	24	0	24	26	10	16	36	0	36	32	0	32	30	0	30	26	0	26	19	0	19	19	0	19	38	0	38	26	0	26	36	0	36	18	0	18	15	0	15	34	1	33	32	0	32	29	0	29	28	1	27	28	0	28
NC_059189.1	9151389	9151390	*	12	0	12	17	0	17	17	8	9	13	3	10	21	0	21	26	1	25	17	0	17	13	7	6	15	0	15	35	13	22	26	0	26	31	3	28	17	4	13	15	0	15	39	14	25	19	0	19	25	0	25	24	0	24	41	0	41
NC_059189.1	9151496	9151497	*	19	0	19	21	0	21	17	8	9	17	0	17	23	0	23	28	16	12	19	0	19	21	18	3	19	0	19	30	0	30	21	0	21	26	0	26	15	10	5	18	6	12	38	17	21	14	0	14	20	9	11	11	0	11	47	0	47
NC_059189.1	9151561	9151562	*	23	0	23	30	1	29	21	12	9	22	0	22	19	0	19	18	0	18	18	0	18	20	19	1	17	0	17	33	20	13	23	0	23	35	0	35	18	9	9	19	7	12	35	14	21	15	0	15	30	11	19	10	0	10	50	0	50
NC_059189.1	10953124	10953125	*	31	0	31	56	0	56	49	12	37	51	0	51	38	2	36	55	0	55	27	6	21	51	2	49	30	0	30	51	0	51	30	0	30	67	1	66	53	0	53	73	0	73	60	1	59	77	1	76	56	5	51	34	0	34	50	7	43
NC_059190.1	1393364	1393365	*	24	0	24	20	0	20	16	4	12	16	0	16	16	0	16	25	0	25	22	0	22	25	0	25	13	0	13	24	0	24	30	0	30	36	0	36	18	0	18	17	0	17	31	0	31	25	1	24	27	0	27	16	0	16	29	1	28
NC_059190.1	1596334	1596335	*	16	0	16	22	0	22	23	8	15	10	0	10	22	0	22	29	0	29	29	0	29	35	0	35	22	0	22	13	0	13	16	0	16	12	1	11	16	1	15	21	0	21	23	0	23	32	0	32	34	0	34	28	0	28	27	0	27
NC_059190.1	1858697	1858698	*	20	0	20	14	0	14	15	9	6	10	4	6	12	0	12	16	8	8	17	0	17	15	8	7	24	0	24	20	0	20	12	4	8	32	11	21	15	7	8	11	4	7	18	9	9	19	12	7	25	0	25	13	6	7	26	6	20
NC_059190.1	2520167	2520168	*	18	0	18	22	0	22	11	7	4	17	0	17	16	0	16	20	0	20	15	0	15	18	0	18	13	0	13	14	0	14	21	0	21	33	0	33	22	0	22	24	0	24	27	0	27	16	0	16	24	0	24	15	1	14	30	0	30
NC_059190.1	3147629	3147630	*	29	0	29	24	1	23	12	5	7	12	5	7	13	0	13	22	10	12	16	3	13	16	9	7	20	0	20	20	7	13	19	0	19	18	0	18	24	11	13	18	0	18	26	0	26	23	0	23	26	13	13	18	0	18	30	0	30
NC_059190.1	3147633	3147634	*	29	0	29	24	1	23	12	5	7	11	5	6	13	0	13	22	9	13	16	3	13	16	11	5	21	0	21	20	7	13	20	0	20	18	0	18	24	11	13	18	0	18	26	0	26	22	0	22	26	13	13	18	0	18	27	0	27
NC_059190.1	3310472	3310473	*	13	0	13	19	0	19	14	6	8	11	0	11	13	0	13	18	0	18	15	0	15	21	0	21	10	3	7	14	6	8	19	11	8	19	1	18	17	0	17	14	7	7	24	7	17	19	0	19	20	0	20	13	0	13	18	5	13
NC_059190.1	4172594	4172595	*	21	0	21	15	0	15	13	11	2	12	5	7	21	21	0	23	23	0	18	6	12	12	1	11	16	11	5	24	10	14	18	0	18	14	1	13	20	18	2	15	0	15	15	0	15	18	0	18	11	5	6	21	8	13	24	1	23
NC_059190.1	4711558	4711559	*	47	0	47	30	1	29	35	5	30	24	0	24	42	1	41	24	0	24	20	0	20	36	0	36	10	0	10	26	0	26	40	1	39	27	1	26	24	0	24	29	0	29	47	0	47	16	0	16	18	0	18	28	1	27	30	0	30
NC_059190.1	5038240	5038241	*	30	0	30	26	0	26	24	4	20	19	0	19	30	0	30	23	1	22	32	0	32	18	0	18	18	2	16	21	0	21	31	0	31	24	0	24	29	2	27	32	1	31	42	15	27	28	1	27	19	7	12	15	0	15	35	1	34
NC_059191.1	1760319	1760320	*	14	0	14	20	0	20	19	8	11	19	8	11	12	6	6	12	0	12	19	9	10	10	0	10	11	0	11	17	0	17	27	14	13	25	21	4	15	0	15	12	6	6	32	14	18	17	0	17	13	7	6	17	9	8	25	0	25
NC_059191.1	1860160	1860161	*	39	0	39	23	0	23	27	11	16	20	0	20	16	0	16	29	0	29	23	0	23	14	0	14	20	0	20	24	0	24	25	0	25	30	0	30	28	0	28	21	12	9	24	13	11	30	0	30	34	0	34	18	0	18	26	0	26
NC_059191.1	4226630	4226631	*	39	1	38	22	0	22	14	5	9	21	0	21	30	7	23	19	4	15	37	3	34	15	0	15	44	8	36	25	0	25	16	0	16	10	7	3	22	8	14	12	0	12	11	0	11	23	0	23	20	10	10	17	8	9	22	0	22
NC_059191.1	5462627	5462628	*	28	0	28	18	1	17	17	4	13	12	0	12	24	1	23	23	1	22	18	0	18	11	0	11	18	0	18	26	0	26	19	0	19	25	0	25	23	0	23	34	0	34	27	0	27	17	0	17	16	0	16	12	1	11	31	0	31
NW_025533121.1	47766	47767	*	23	0	23	26	2	24	15	3	12	37	1	36	22	0	22	23	0	23	22	0	22	18	0	18	26	0	26	29	0	29	25	6	19	26	0	26	21	0	21	38	1	37	26	0	26	22	1	21	31	0	31	11	0	11	53	0	53
NW_025533130.1	190703	190704	*	30	2	28	24	1	23	31	4	27	17	1	16	26	6	20	27	7	20	32	0	32	18	3	15	27	1	26	18	4	14	13	0	13	26	9	17	22	0	22	23	4	19	29	3	26	35	0	35	23	0	23	21	1	20	34	8	26
NW_025533130.1	190723	190724	*	30	2	28	24	2	22	31	4	27	17	1	16	26	6	20	27	7	20	32	0	32	18	3	15	27	1	26	18	4	14	13	0	13	26	9	17	22	0	22	23	7	16	29	3	26	35	4	31	23	1	22	21	0	21	34	9	25
NW_025533130.1	221387	221388	*	34	3	31	17	2	15	20	3	17	28	2	26	31	4	27	25	5	20	17	3	14	22	4	18	30	0	30	34	3	31	23	1	22	28	5	23	16	5	11	33	3	30	37	5	32	24	2	22	31	2	29	16	7	9	42	3	39
NW_025533136.1	30739	30740	*	38	2	36	18	0	18	14	3	11	14	0	14	14	0	14	24	0	24	24	0	24	19	0	19	18	0	18	10	0	10	12	0	12	24	1	23	24	0	24	23	4	19	47	4	43	24	0	24	15	0	15	12	0	12	30	1	29
NW_025533149.1	30776	30777	*	34	2	32	23	1	22	21	5	16	26	3	23	23	1	22	27	3	24	19	4	15	20	1	19	10	3	7	27	2	25	42	3	39	17	1	16	21	1	20	29	2	27	28	0	28	30	0	30	30	1	29	33	1	32	29	2	27
NW_025533175.1	34706	34707	*	51	3	48	23	1	22	32	4	28	27	3	24	64	3	61	21	2	19	23	1	22	23	0	23	26	2	24	44	9	35	54	3	51	28	3	25	29	1	28	30	0	30	49	15	34	33	2	31	29	1	28	21	6	15	31	1	30
NW_025533218.1	39596	39597	*	49	1	48	41	0	41	15	8	7	14	0	14	21	0	21	33	0	33	37	0	37	23	0	23	24	0	24	38	0	38	54	0	54	44	4	40	48	0	48	44	3	41	58	0	58	43	0	43	30	0	30	15	0	15	50	0	50
NW_025533264.1	17090	17091	*	50	1	49	56	0	56	16	3	13	11	0	11	71	0	71	11	0	11	28	0	28	17	0	17	23	0	23	68	0	68	70	1	69	30	0	30	20	0	20	41	0	41	62	0	62	48	0	48	19	0	19	31	0	31	33	0	33
NW_025533332.1	29050	29051	*	62	4	58	35	2	33	38	4	34	32	4	28	45	10	35	21	4	17	31	3	28	41	0	41	32	2	30	50	7	43	64	6	58	45	2	43	30	0	30	43	7	36	70	0	70	28	1	27	43	0	43	24	3	21	69	3	66
NW_025533362.1	27278	27279	*	39	2	37	31	1	30	37	8	29	15	0	15	30	0	30	27	6	21	22	0	22	27	0	27	35	7	28	43	1	42	34	8	26	44	0	44	31	1	30	20	0	20	23	1	22	60	6	54	30	3	27	33	3	30	58	4	54
NW_025533412.1	4730	4731	*	18	0	18	38	0	38	20	3	17	21	0	21	20	2	18	31	0	31	20	0	20	29	0	29	18	0	18	16	0	16	20	0	20	22	0	22	22	0	22	23	0	23	19	0	19	23	0	23	27	7	20	23	0	23	33	0	33
NC_059182.1	415393	415394	*	16	0	16	19	0	19	18	2	16	13	4	9	22	0	22	21	0	21	14	0	14	14	0	14	12	0	12	19	1	18	20	1	19	20	0	20	21	0	21	16	0	16	19	2	17	25	0	25	13	8	5	19	8	11	22	0	22
NC_059182.1	760459	760460	*	25	0	25	26	0	26	16	0	16	18	6	12	28	0	28	26	4	22	16	1	15	18	0	18	29	0	29	27	0	27	38	0	38	31	0	31	32	0	32	35	0	35	20	0	20	35	1	34	14	0	14	39	0	39	49	0	49
NC_059182.1	993163	993164	*	12	0	12	15	0	15	21	0	21	17	8	9	14	0	14	14	0	14	10	0	10	15	1	14	11	0	11	21	0	21	11	0	11	21	0	21	10	0	10	21	0	21	25	1	24	24	0	24	11	0	11	14	0	14	18	0	18
NC_059182.1	993174	993175	*	12	0	12	15	0	15	20	0	20	17	7	10	14	0	14	14	0	14	11	0	11	14	1	13	11	0	11	19	0	19	12	0	12	19	0	19	10	0	10	21	0	21	26	0	26	24	0	24	11	0	11	14	0	14	18	0	18
NC_059182.1	2751722	2751723	*	15	0	15	24	0	24	11	0	11	19	7	12	17	0	17	17	0	17	13	8	5	15	0	15	18	0	18	18	0	18	23	1	22	25	1	24	24	0	24	17	0	17	20	1	19	15	1	14	12	0	12	27	0	27	35	0	35
NC_059182.1	3944519	3944520	*	12	0	12	21	0	21	15	0	15	14	6	8	15	0	15	18	9	9	17	5	12	16	0	16	13	0	13	12	0	12	11	0	11	27	0	27	12	0	12	13	0	13	20	6	14	16	0	16	15	0	15	16	0	16	24	0	24
NC_059182.1	3944531	3944532	*	13	0	13	18	0	18	17	0	17	15	6	9	16	0	16	16	10	6	17	7	10	16	0	16	11	0	11	12	0	12	11	0	11	26	0	26	11	0	11	12	0	12	23	10	13	16	0	16	15	0	15	16	0	16	24	0	24
NC_059182.1	3944564	3944565	*	12	0	12	20	0	20	19	0	19	19	7	12	18	0	18	13	8	5	12	5	7	19	0	19	11	0	11	14	0	14	14	0	14	30	0	30	12	0	12	13	0	13	29	10	19	19	0	19	17	0	17	15	0	15	24	0	24
NC_059182.1	3944607	3944608	*	13	0	13	27	0	27	17	0	17	19	8	11	18	0	18	13	7	6	10	3	7	22	0	22	11	0	11	15	0	15	15	0	15	31	0	31	13	0	13	12	1	11	27	9	18	18	0	18	14	0	14	15	0	15	22	0	22
NC_059182.1	8329285	8329286	*	47	1	46	44	1	43	31	0	31	16	3	13	59	5	54	26	4	22	20	1	19	31	4	27	34	0	34	21	0	21	51	2	49	32	2	30	29	2	27	43	4	39	70	2	68	20	0	20	20	0	20	11	2	9	49	1	48
NC_059182.1	11381615	11381616	*	27	0	27	25	0	25	15	0	15	23	6	17	27	0	27	26	1	25	22	0	22	21	0	21	11	4	7	28	10	18	19	0	19	20	2	18	14	0	14	23	0	23	27	0	27	34	0	34	26	0	26	17	0	17	23	0	23
NC_059182.1	14214991	14214992	*	20	0	20	30	0	30	18	0	18	17	8	9	19	0	19	22	0	22	15	0	15	19	0	19	14	3	11	22	0	22	18	0	18	23	10	13	27	0	27	23	0	23	29	0	29	17	0	17	24	0	24	20	0	20	35	20	15
NC_059182.1	18967166	18967167	*	16	0	16	12	0	12	15	0	15	26	13	13	14	0	14	14	7	7	17	5	12	24	11	13	13	9	4	16	0	16	13	1	12	23	8	15	19	6	13	20	0	20	23	1	22	21	10	11	18	9	9	20	9	11	29	0	29
NC_059183.1	3350604	3350605	*	11	0	11	10	0	10	15	0	15	19	12	7	14	0	14	14	0	14	12	0	12	12	0	12	16	0	16	14	0	14	15	0	15	20	0	20	12	5	7	21	0	21	25	0	25	23	0	23	16	0	16	13	0	13	25	0	25
NC_059183.1	7397227	7397228	*	19	0	19	22	0	22	16	0	16	20	16	4	16	0	16	20	0	20	14	0	14	13	0	13	16	0	16	14	1	13	14	0	14	26	0	26	13	0	13	13	0	13	26	0	26	17	2	15	17	0	17	22	1	21	22	0	22
NC_059183.1	13487621	13487622	*	19	0	19	26	0	26	17	0	17	16	3	13	20	0	20	20	0	20	19	0	19	18	0	18	18	0	18	30	0	30	16	0	16	35	0	35	19	1	18	21	0	21	33	0	33	21	0	21	26	0	26	14	0	14	28	0	28
NC_059184.1	3020470	3020471	*	21	1	20	19	0	19	11	0	11	15	10	5	11	0	11	21	8	13	15	2	13	19	0	19	12	0	12	13	0	13	13	0	13	14	1	13	13	13	0	27	1	26	21	1	20	19	0	19	15	9	6	12	0	12	20	9	11
NC_059184.1	5582136	5582137	*	29	0	29	25	0	25	15	0	15	21	11	10	13	0	13	13	0	13	18	0	18	18	8	10	12	0	12	14	0	14	16	0	16	27	0	27	19	0	19	22	0	22	23	0	23	15	0	15	12	4	8	14	0	14	20	1	19
NC_059184.1	6936774	6936775	*	23	0	23	18	0	18	11	0	11	15	7	8	11	0	11	20	20	0	10	0	10	22	6	16	10	0	10	10	6	4	10	6	4	19	0	19	20	0	20	22	0	22	26	10	16	12	1	11	14	5	9	20	0	20	26	1	25
NC_059184.1	7008235	7008236	*	24	0	24	26	3	23	15	0	15	18	15	3	26	11	15	20	8	12	19	9	10	22	1	21	19	0	19	17	9	8	22	0	22	31	0	31	23	11	12	21	0	21	28	12	16	26	6	20	33	1	32	16	8	8	26	2	24
NC_059184.1	7008273	7008274	*	22	0	22	22	1	21	15	0	15	15	13	2	23	0	23	15	2	13	20	8	12	17	0	17	15	0	15	21	6	15	29	1	28	29	1	28	22	0	22	17	0	17	30	15	15	26	4	22	27	1	26	13	6	7	27	0	27
NC_059184.1	7667067	7667068	*	27	0	27	24	0	24	18	0	18	20	3	17	23	0	23	22	0	22	24	0	24	22	0	22	17	0	17	31	4	27	27	0	27	40	0	40	24	0	24	36	0	36	41	0	41	45	0	45	25	0	25	24	0	24	38	0	38
NC_059184.1	8501725	8501726	*	25	0	25	20	0	20	20	0	20	22	3	19	20	0	20	21	0	21	17	0	17	17	0	17	12	0	12	30	1	29	25	0	25	34	1	33	22	0	22	19	0	19	28	0	28	20	0	20	31	0	31	17	0	17	27	0	27
NC_059185.1	131798	131799	*	17	0	17	15	0	15	14	0	14	16	5	11	16	0	16	25	9	16	17	0	17	20	0	20	20	0	20	13	0	13	15	0	15	19	0	19	19	0	19	23	0	23	24	0	24	22	0	22	20	0	20	16	0	16	25	0	25
NC_059185.1	960239	960240	*	18	0	18	19	0	19	21	1	20	16	5	11	13	4	9	11	5	6	16	0	16	10	10	0	14	0	14	14	0	14	25	1	24	27	11	16	13	0	13	17	6	11	23	0	23	18	0	18	15	0	15	17	0	17	25	0	25
NC_059185.1	1167411	1167412	*	13	0	13	24	0	24	15	0	15	19	8	11	16	6	10	21	0	21	20	0	20	15	0	15	17	1	16	15	0	15	19	0	19	20	0	20	12	1	11	21	0	21	20	2	18	25	2	23	20	0	20	19	1	18	19	0	19
NC_059185.1	1167416	1167417	*	12	0	12	22	0	22	14	0	14	19	6	13	16	0	16	20	0	20	19	0	19	15	0	15	17	0	17	15	2	13	20	0	20	19	0	19	13	0	13	20	0	20	20	0	20	28	0	28	19	0	19	19	0	19	18	0	18
NC_059185.1	1568519	1568520	*	19	0	19	25	0	25	11	0	11	15	9	6	14	0	14	17	0	17	23	0	23	18	0	18	18	0	18	14	0	14	23	0	23	24	9	15	17	0	17	15	0	15	15	0	15	17	0	17	18	0	18	18	12	6	27	0	27
NC_059185.1	11589339	11589340	*	22	0	22	18	0	18	23	0	23	14	4	10	22	9	13	24	8	16	17	8	9	16	1	15	19	0	19	16	0	16	15	0	15	29	11	18	12	5	7	14	0	14	38	0	38	24	13	11	25	10	15	18	18	0	30	0	30
NC_059185.1	11589352	11589353	*	22	0	22	18	0	18	23	0	23	16	6	10	22	10	12	22	6	16	16	15	1	18	1	17	19	0	19	20	0	20	17	0	17	28	16	12	12	4	8	14	0	14	41	0	41	21	12	9	25	10	15	17	16	1	30	1	29
NC_059185.1	13125902	13125903	*	25	1	24	17	0	17	27	2	25	21	3	18	37	6	31	40	8	32	25	7	18	23	4	19	37	13	24	16	0	16	41	2	39	41	8	33	28	7	21	23	3	20	59	10	49	19	3	16	29	4	25	39	13	26	25	0	25
NC_059185.1	13125940	13125941	*	22	1	21	20	0	20	32	0	32	28	5	23	40	1	39	42	4	38	29	2	27	28	1	27	41	4	37	15	0	15	49	0	49	48	9	39	35	7	28	22	4	18	67	1	66	21	3	18	31	4	27	46	0	46	23	0	23
NC_059185.1	13125962	13125963	*	24	1	23	17	0	17	31	0	31	29	7	22	42	0	42	44	8	36	31	0	31	28	0	28	41	1	40	15	0	15	36	0	36	49	10	39	30	8	22	23	4	19	69	0	69	21	6	15	35	6	29	40	0	40	24	0	24
NC_059185.1	13125980	13125981	*	22	2	20	14	0	14	26	0	26	33	8	25	41	0	41	43	8	35	28	0	28	29	0	29	40	0	40	15	0	15	49	1	48	44	9	35	37	8	29	20	4	16	65	0	65	28	3	25	32	4	28	47	0	47	28	0	28
NC_059186.1	248785	248786	*	14	0	14	14	1	13	11	1	10	12	3	9	13	2	11	15	0	15	14	1	13	10	4	6	15	2	13	14	1	13	11	0	11	13	4	9	11	0	11	14	0	14	22	6	16	28	5	23	25	1	24	19	0	19	35	1	34
NC_059186.1	2229969	2229970	*	13	0	13	16	0	16	15	0	15	24	7	17	19	0	19	20	0	20	19	0	19	25	0	25	15	0	15	20	0	20	16	0	16	30	0	30	19	0	19	17	0	17	29	0	29	20	1	19	11	0	11	12	0	12	39	0	39
NC_059186.1	2703871	2703872	*	13	0	13	15	0	15	17	0	17	17	7	10	12	0	12	22	11	11	14	0	14	14	0	14	13	0	13	22	0	22	17	0	17	16	0	16	12	6	6	18	13	5	15	10	5	14	0	14	12	0	12	16	0	16	22	0	22
NC_059186.1	2703894	2703895	*	12	0	12	14	0	14	16	0	16	19	9	10	11	0	11	20	7	13	14	0	14	13	0	13	13	0	13	19	0	19	20	1	19	18	1	17	13	7	6	18	13	5	15	9	6	15	0	15	10	1	9	16	0	16	23	0	23
NC_059186.1	6075933	6075934	*	41	0	41	40	1	39	21	0	21	31	4	27	22	2	20	22	0	22	22	5	17	25	6	19	17	0	17	26	0	26	15	0	15	37	0	37	24	1	23	38	4	34	43	6	37	27	1	26	22	0	22	22	1	21	42	0	42
NC_059186.1	6864871	6864872	*	16	0	16	27	0	27	16	0	16	23	8	15	14	0	14	17	5	12	20	0	20	15	0	15	10	0	10	20	0	20	16	0	16	29	0	29	21	10	11	27	25	2	21	12	9	29	0	29	22	0	22	18	0	18	29	0	29
NC_059186.1	8050693	8050694	*	20	0	20	18	0	18	21	0	21	17	8	9	14	1	13	21	3	18	16	2	14	17	0	17	11	0	11	22	9	13	21	0	21	28	2	26	18	0	18	13	0	13	29	0	29	27	0	27	26	0	26	15	0	15	32	1	31
NC_059186.1	8879991	8879992	*	33	0	33	27	0	27	18	0	18	20	8	12	25	0	25	31	0	31	25	0	25	20	0	20	16	0	16	31	0	31	34	0	34	37	16	21	36	0	36	21	0	21	35	9	26	27	0	27	43	1	42	17	0	17	34	0	34
NC_059186.1	8880009	8880010	*	31	0	31	31	2	29	17	0	17	19	7	12	30	0	30	33	0	33	26	0	26	25	0	25	19	0	19	35	0	35	33	0	33	43	19	24	32	0	32	21	0	21	34	16	18	27	0	27	42	0	42	21	0	21	40	0	40
NC_059186.1	8880030	8880031	*	30	0	30	36	3	33	14	0	14	19	8	11	31	0	31	34	0	34	27	0	27	26	2	24	18	1	17	32	1	31	35	0	35	45	21	24	31	0	31	26	0	26	37	21	16	25	0	25	43	1	42	22	0	22	39	0	39
NC_059186.1	9074978	9074979	*	11	0	11	22	0	22	21	1	20	13	3	10	15	0	15	23	0	23	13	0	13	20	0	20	15	0	15	20	0	20	13	0	13	17	0	17	20	9	11	23	0	23	23	0	23	18	0	18	23	5	18	12	2	10	29	15	14
NC_059186.1	9074981	9074982	*	11	0	11	22	0	22	20	1	19	13	3	10	15	0	15	23	0	23	14	0	14	20	0	20	14	0	14	20	0	20	13	0	13	17	0	17	20	10	10	23	0	23	21	0	21	18	0	18	23	5	18	12	0	12	29	15	14
NC_059186.1	9074999	9075000	*	12	0	12	21	0	21	20	0	20	15	5	10	17	0	17	21	0	21	14	0	14	22	0	22	12	0	12	21	0	21	15	0	15	18	0	18	23	12	11	24	0	24	23	0	23	18	0	18	22	4	18	13	0	13	30	17	13
NC_059186.1	9075002	9075003	*	12	0	12	21	0	21	20	0	20	15	5	10	17	0	17	20	0	20	14	0	14	22	0	22	12	0	12	21	0	21	15	0	15	18	1	17	25	9	16	25	0	25	24	0	24	16	0	16	22	5	17	13	0	13	28	17	11
NC_059186.1	9075019	9075020	*	12	0	12	20	0	20	20	2	18	14	7	7	16	0	16	21	0	21	13	1	12	22	0	22	12	1	11	20	0	20	14	2	12	20	0	20	23	11	12	25	0	25	22	0	22	15	0	15	20	8	12	13	0	13	28	16	12
NC_059186.1	9114907	9114908	*	16	0	16	23	2	21	14	0	14	20	4	16	14	0	14	14	0	14	21	0	21	16	5	11	18	0	18	11	1	10	15	0	15	31	1	30	22	1	21	16	0	16	25	0	25	20	1	19	17	1	16	20	0	20	25	0	25
NC_059187.1	2360306	2360307	*	14	1	13	15	2	13	14	1	13	15	4	11	11	2	9	22	6	16	18	8	10	18	8	10	15	3	12	21	1	20	17	0	17	21	1	20	14	6	8	13	6	7	18	5	13	18	0	18	10	1	9	21	4	17	13	2	11
NC_059187.1	7990475	7990476	*	19	0	19	18	2	16	12	1	11	22	4	18	11	3	8	22	7	15	16	4	12	13	3	10	18	0	18	27	1	26	23	1	22	33	13	20	19	8	11	14	6	8	23	1	22	23	2	21	23	10	13	30	2	28	19	11	8
NC_059187.1	8286101	8286102	*	14	0	14	12	0	12	10	0	10	14	9	5	14	0	14	13	0	13	21	0	21	18	0	18	14	0	14	24	0	24	21	1	20	28	0	28	17	0	17	18	0	18	35	0	35	19	0	19	26	0	26	17	0	17	36	0	36
NC_059187.1	10346376	10346377	*	14	0	14	17	0	17	13	1	12	18	5	13	14	0	14	18	7	11	10	0	10	14	0	14	14	0	14	20	1	19	16	6	10	21	9	12	15	0	15	14	0	14	26	12	14	23	0	23	22	0	22	18	0	18	28	0	28
NC_059188.1	453348	453349	*	11	0	11	37	0	37	15	0	15	19	8	11	28	6	22	22	4	18	15	0	15	10	0	10	18	0	18	21	0	21	16	0	16	26	0	26	14	10	4	23	0	23	32	0	32	19	1	18	13	4	9	28	0	28	44	0	44
NC_059188.1	514352	514353	*	21	0	21	23	0	23	19	0	19	18	8	10	18	0	18	22	0	22	24	0	24	11	0	11	13	0	13	28	0	28	16	0	16	30	0	30	22	0	22	19	0	19	31	3	28	33	0	33	24	2	22	15	0	15	34	0	34
NC_059188.1	10302148	10302149	*	21	0	21	27	0	27	15	0	15	14	8	6	18	0	18	21	0	21	19	6	13	16	0	16	22	0	22	28	0	28	19	0	19	32	0	32	29	0	29	29	0	29	28	0	28	27	0	27	20	2	18	22	0	22	24	0	24
NC_059188.1	12007868	12007869	*	18	0	18	17	0	17	17	0	17	15	6	9	10	4	6	16	0	16	23	12	11	15	0	15	12	0	12	15	0	15	15	2	13	19	11	8	16	1	15	19	0	19	23	1	22	22	0	22	20	0	20	13	0	13	31	18	13
NC_059188.1	12910683	12910684	*	14	0	14	21	0	21	17	1	16	23	4	19	21	0	21	22	0	22	13	0	13	10	0	10	21	0	21	20	0	20	18	0	18	22	0	22	20	0	20	23	0	23	14	0	14	23	0	23	27	2	25	17	0	17	30	0	30
NC_059188.1	12929134	12929135	*	26	0	26	12	0	12	10	0	10	10	3	7	19	0	19	13	0	13	10	0	10	12	0	12	13	0	13	17	8	9	12	0	12	21	0	21	14	0	14	18	3	15	15	1	14	18	1	17	17	1	16	16	0	16	20	1	19
NC_059188.1	13450699	13450700	*	11	0	11	18	0	18	11	0	11	17	3	14	17	0	17	12	0	12	15	0	15	11	0	11	10	0	10	10	0	10	14	0	14	14	0	14	20	0	20	16	0	16	16	0	16	23	0	23	21	0	21	13	0	13	27	0	27
NC_059189.1	837571	837572	*	17	0	17	19	1	18	13	0	13	17	3	14	22	0	22	16	1	15	19	1	18	19	0	19	16	6	10	14	0	14	22	0	22	24	1	23	22	2	20	27	0	27	38	3	35	19	0	19	19	0	19	17	5	12	27	0	27
NC_059189.1	970828	970829	*	16	0	16	14	0	14	22	0	22	12	5	7	10	0	10	22	7	15	11	0	11	25	6	19	13	0	13	18	3	15	15	3	12	23	0	23	21	0	21	15	1	14	25	0	25	25	8	17	22	1	21	14	0	14	21	0	21
NC_059189.1	1413433	1413434	*	21	0	21	21	0	21	23	0	23	16	7	9	28	4	24	21	0	21	21	7	14	18	0	18	18	0	18	22	3	19	20	0	20	18	0	18	22	3	19	19	3	16	21	1	20	20	0	20	25	1	24	18	1	17	29	0	29
NC_059189.1	2097933	2097934	*	12	0	12	16	0	16	12	0	12	16	8	8	21	11	10	22	11	11	23	8	15	14	5	9	13	9	4	23	0	23	27	0	27	21	0	21	23	0	23	22	0	22	30	1	29	21	0	21	27	0	27	24	0	24	34	0	34
NC_059189.1	2318652	2318653	*	20	1	19	19	0	19	10	0	10	12	6	6	11	0	11	20	0	20	15	0	15	10	0	10	13	0	13	17	3	14	12	4	8	21	0	21	17	0	17	14	6	8	17	0	17	26	0	26	15	0	15	23	7	16	17	0	17
NC_059189.1	2818443	2818444	*	15	1	14	26	0	26	13	0	13	13	5	8	12	0	12	22	0	22	19	0	19	16	0	16	19	0	19	31	0	31	17	0	17	24	0	24	19	0	19	25	0	25	26	0	26	17	0	17	29	1	28	17	0	17	42	0	42
NC_059189.1	4065562	4065563	*	21	0	21	36	0	36	18	0	18	13	3	10	21	0	21	21	0	21	19	0	19	20	0	20	14	0	14	23	0	23	14	0	14	23	0	23	17	0	17	27	0	27	51	0	51	21	1	20	27	0	27	10	0	10	31	0	31
NC_059189.1	10320123	10320124	*	16	0	16	17	0	17	14	1	13	10	9	1	16	0	16	15	0	15	13	0	13	17	1	16	17	0	17	14	0	14	19	0	19	28	11	17	18	0	18	26	0	26	22	0	22	27	0	27	17	0	17	23	0	23	26	1	25
NC_059189.1	10351682	10351683	*	16	0	16	14	0	14	15	0	15	22	11	11	15	0	15	13	1	12	14	4	10	17	1	16	16	0	16	24	0	24	18	0	18	28	0	28	20	2	18	21	0	21	27	0	27	20	0	20	23	2	21	16	1	15	22	0	22
NC_059189.1	10953299	10953300	*	35	0	35	36	0	36	44	0	44	43	5	38	33	7	26	38	0	38	30	0	30	49	1	48	34	0	34	49	1	48	24	0	24	42	1	41	35	1	34	59	0	59	56	10	46	78	0	78	41	5	36	27	0	27	34	0	34
NC_059190.1	602877	602878	*	21	0	21	21	0	21	19	0	19	12	5	7	18	0	18	13	2	11	17	8	9	10	0	10	10	0	10	19	0	19	18	0	18	21	0	21	17	0	17	17	10	7	19	0	19	21	0	21	15	1	14	18	1	17	28	0	28
NC_059190.1	2793222	2793223	*	12	0	12	19	0	19	12	0	12	21	11	10	14	0	14	16	6	10	13	1	12	16	1	15	13	1	12	24	0	24	14	0	14	24	0	24	11	1	10	18	0	18	13	0	13	22	1	21	17	1	16	14	0	14	25	0	25
NC_059190.1	2930789	2930790	*	11	0	11	24	0	24	12	0	12	15	5	10	15	0	15	21	0	21	14	0	14	18	0	18	14	0	14	15	0	15	14	0	14	16	0	16	12	0	12	15	0	15	13	0	13	17	0	17	14	0	14	18	0	18	18	0	18
NC_059190.1	3097540	3097541	*	16	0	16	30	0	30	23	0	23	17	10	7	17	0	17	28	9	19	11	0	11	17	0	17	10	0	10	26	0	26	17	0	17	22	0	22	11	5	6	26	0	26	33	1	32	22	0	22	18	7	11	15	0	15	20	0	20
NC_059190.1	3267175	3267176	*	19	0	19	29	0	29	18	0	18	18	8	10	25	1	24	30	0	30	22	0	22	17	1	16	15	7	8	23	13	10	17	6	11	36	22	14	16	0	16	28	14	14	23	0	23	22	9	13	14	0	14	20	13	7	28	12	16
NC_059190.1	3310775	3310776	*	23	0	23	29	0	29	14	0	14	24	5	19	16	0	16	20	0	20	21	0	21	16	0	16	15	0	15	23	0	23	23	0	23	31	0	31	23	0	23	23	0	23	33	0	33	27	0	27	18	0	18	16	0	16	33	0	33
NC_059190.1	4204940	4204941	*	13	0	13	13	2	11	12	1	11	15	6	9	12	0	12	14	3	11	12	1	11	14	4	10	19	1	18	15	1	14	12	0	12	18	0	18	17	0	17	16	0	16	13	1	12	11	0	11	12	4	8	10	0	10	25	2	23
NC_059190.1	9313493	9313494	*	64	0	64	36	1	35	30	0	30	23	3	20	43	0	43	22	3	19	27	0	27	36	0	36	18	0	18	37	0	37	41	0	41	41	0	41	17	3	14	44	1	43	70	0	70	26	0	26	15	0	15	25	0	25	51	0	51
NC_059191.1	1648794	1648795	*	27	1	26	22	0	22	18	0	18	17	7	10	19	6	13	14	0	14	16	0	16	22	0	22	12	0	12	14	0	14	22	0	22	30	0	30	16	0	16	20	1	19	33	0	33	26	1	25	27	0	27	16	0	16	32	0	32
NC_059191.1	4253994	4253995	*	56	0	56	24	0	24	15	0	15	24	18	6	51	1	50	11	6	5	33	0	33	26	0	26	44	0	44	30	6	24	54	5	49	19	4	15	38	4	34	33	17	16	45	14	31	41	0	41	26	1	25	29	5	24	44	12	32
NC_059191.1	4254016	4254017	*	56	2	54	26	3	23	17	0	17	22	11	11	52	0	52	11	7	4	33	8	25	28	0	28	47	13	34	27	9	18	60	8	52	18	3	15	45	4	41	31	14	17	49	14	35	42	2	40	28	7	21	34	7	27	52	11	41
NC_059191.1	8649880	8649881	*	40	1	39	26	0	26	23	0	23	21	14	7	19	0	19	17	7	10	19	0	19	15	0	15	20	0	20	23	2	21	36	1	35	37	11	26	27	3	24	17	0	17	25	0	25	21	10	11	26	0	26	26	0	26	27	1	26
NC_059191.1	8649908	8649909	*	33	1	32	25	0	25	23	0	23	22	15	7	19	0	19	19	9	10	20	0	20	14	0	14	21	0	21	23	1	22	36	1	35	35	11	24	28	0	28	18	0	18	24	2	22	23	11	12	25	1	24	26	0	26	23	1	22
NC_059191.1	8649910	8649911	*	34	0	34	25	0	25	23	0	23	22	15	7	18	0	18	19	9	10	20	0	20	14	0	14	21	0	21	21	2	19	36	0	36	35	10	25	28	0	28	18	0	18	24	2	22	23	11	12	24	0	24	25	1	24	23	0	23
NC_059191.1	9401312	9401313	*	22	0	22	18	0	18	18	0	18	15	6	9	21	0	21	16	8	8	16	0	16	17	0	17	15	0	15	26	1	25	18	0	18	15	0	15	15	0	15	22	0	22	29	0	29	20	0	20	20	0	20	18	0	18	28	0	28
NC_059191.1	9401328	9401329	*	20	0	20	16	0	16	18	0	18	15	6	9	21	0	21	16	7	9	12	0	12	16	0	16	15	0	15	26	0	26	16	0	16	16	0	16	15	1	14	20	0	20	29	0	29	23	0	23	19	0	19	17	0	17	24	1	23
NC_059191.1	9401334	9401335	*	20	0	20	15	0	15	17	0	17	12	3	9	21	0	21	12	6	6	12	0	12	17	0	17	15	0	15	25	0	25	16	0	16	17	0	17	15	0	15	21	0	21	28	0	28	24	0	24	18	0	18	17	0	17	24	0	24
NW_025533124.1	152463	152464	*	19	1	18	21	2	19	26	0	26	22	5	17	21	0	21	23	0	23	14	0	14	16	0	16	12	0	12	19	1	18	16	0	16	32	1	31	19	0	19	17	0	17	24	0	24	23	0	23	21	0	21	13	0	13	37	0	37
NW_025533168.1	64581	64582	*	37	2	35	19	0	19	24	2	22	21	4	17	37	0	37	14	1	13	18	3	15	23	0	23	19	0	19	38	8	30	44	1	43	29	2	27	28	0	28	28	0	28	35	1	34	42	2	40	27	1	26	42	4	38	43	7	36
NW_025533169.1	73514	73515	*	69	0	69	36	0	36	43	0	43	19	4	15	65	0	65	29	1	28	37	0	37	37	0	37	21	0	21	62	0	62	77	0	77	37	0	37	38	0	38	36	0	36	45	1	44	79	0	79	54	2	52	42	0	42	26	0	26
NW_025533169.1	88745	88746	*	67	1	66	22	1	21	22	1	21	16	5	11	38	3	35	20	3	17	39	1	38	13	0	13	20	0	20	44	0	44	34	0	34	37	0	37	16	0	16	23	2	21	44	0	44	39	2	37	24	0	24	36	5	31	41	7	34
NW_025533169.1	88831	88832	*	57	0	57	15	0	15	29	0	29	22	5	17	30	0	30	23	5	18	37	1	36	19	0	19	18	0	18	31	0	31	37	1	36	40	0	40	14	0	14	20	0	20	32	0	32	34	0	34	22	0	22	25	1	24	36	13	23
NW_025533169.1	88853	88854	*	58	0	58	14	0	14	30	0	30	21	4	17	30	0	30	23	5	18	41	13	28	25	0	25	16	3	13	29	7	22	38	0	38	43	12	31	16	0	16	22	0	22	32	0	32	35	9	26	22	0	22	27	4	23	39	24	15
NW_025533169.1	89518	89519	*	76	2	74	58	2	56	22	1	21	33	13	20	59	4	55	29	10	19	44	0	44	18	2	16	42	6	36	47	2	45	52	1	51	42	1	41	24	3	21	39	3	36	62	0	62	33	1	32	46	7	39	46	1	45	44	15	29
NW_025533169.1	89604	89605	*	66	0	66	43	0	43	22	0	22	17	10	7	35	0	35	21	8	13	36	0	36	16	0	16	24	0	24	36	0	36	35	0	35	28	0	28	22	0	22	29	0	29	51	0	51	19	0	19	39	0	39	34	2	32	36	13	23
NW_025533169.1	89690	89691	*	48	0	48	33	1	32	18	0	18	16	5	11	30	2	28	24	12	12	25	0	25	15	0	15	22	2	20	23	0	23	25	0	25	28	0	28	25	2	23	19	0	19	39	1	38	18	0	18	23	2	21	22	2	20	26	9	17
NW_025533169.1	90031	90032	*	33	0	33	24	0	24	16	0	16	22	14	8	26	0	26	20	5	15	21	0	21	12	0	12	27	0	27	28	0	28	28	0	28	29	0	29	19	0	19	28	0	28	37	1	36	18	0	18	24	0	24	16	0	16	30	8	22
NW_025533169.1	90116	90117	*	32	0	32	30	0	30	21	0	21	22	7	15	27	0	27	19	5	14	22	0	22	16	0	16	21	0	21	22	1	21	31	0	31	41	0	41	25	0	25	24	0	24	30	0	30	29	0	29	18	0	18	21	0	21	29	13	16
NW_025533169.1	90138	90139	*	32	0	32	28	0	28	20	0	20	20	6	14	28	0	28	20	7	13	19	0	19	16	0	16	19	0	19	19	2	17	30	0	30	38	0	38	24	0	24	23	0	23	26	0	26	26	0	26	17	0	17	21	0	21	30	12	18
NW_025533215.1	21790	21791	*	57	3	54	21	2	19	27	0	27	44	9	35	77	6	71	42	0	42	49	14	35	17	0	17	40	0	40	56	10	46	41	10	31	28	0	28	23	0	23	59	5	54	40	8	32	34	1	33	28	4	24	60	10	50	25	0	25
NW_025533215.1	22132	22133	*	12	1	11	13	1	12	28	0	28	16	4	12	27	0	27	15	1	14	15	0	15	10	0	10	20	3	17	11	0	11	29	3	26	22	0	22	16	3	13	28	0	28	20	1	19	25	1	24	21	3	18	25	1	24	18	1	17
NW_025533280.1	15398	15399	*	21	0	21	44	0	44	31	0	31	44	4	40	36	1	35	34	0	34	29	1	28	30	0	30	37	0	37	44	0	44	34	1	33	38	0	38	49	0	49	32	0	32	36	0	36	64	1	63	29	0	29	39	1	38	52	1	51
NW_025533280.1	17393	17394	*	19	0	19	27	0	27	39	0	39	49	4	45	24	0	24	40	0	40	35	0	35	25	0	25	34	0	34	33	0	33	14	0	14	44	0	44	25	0	25	29	0	29	43	0	43	51	0	51	32	0	32	38	0	38	61	0	61
NW_025533332.1	10716	10717	*	31	0	31	21	0	21	36	0	36	18	3	15	38	17	21	29	9	20	15	3	12	15	0	15	20	10	10	27	7	20	24	3	21	32	0	32	19	0	19	28	6	22	33	0	33	21	0	21	32	0	32	16	8	8	41	0	41
NW_025533332.1	29072	29073	*	56	1	55	34	2	32	32	2	30	22	4	18	39	6	33	20	3	17	24	3	21	41	0	41	25	0	25	44	4	40	55	3	52	38	1	37	34	0	34	40	5	35	63	1	62	27	3	24	34	0	34	19	5	14	67	1	66
NC_059182.1	61872	61873	*	18	2	16	11	0	11	15	1	14	10	0	10	13	3	10	24	0	24	11	3	8	12	0	12	15	0	15	14	3	11	14	5	9	22	0	22	18	3	15	20	1	19	15	0	15	15	0	15	18	3	15	14	9	5	19	7	12
NC_059182.1	701836	701837	*	14	0	14	20	0	20	14	0	14	16	0	16	17	4	13	10	0	10	22	0	22	16	0	16	18	0	18	18	0	18	18	0	18	32	0	32	14	0	14	22	0	22	18	0	18	25	0	25	16	0	16	11	0	11	29	0	29
NC_059182.1	882223	882224	*	17	0	17	30	0	30	15	0	15	25	3	22	23	9	14	25	5	20	15	3	12	27	0	27	13	0	13	14	0	14	20	0	20	40	7	33	13	0	13	13	0	13	23	0	23	19	1	18	14	5	9	24	0	24	43	0	43
NC_059182.1	882260	882261	*	16	0	16	32	0	32	18	0	18	30	0	30	27	4	23	30	0	30	16	1	15	24	0	24	16	0	16	13	1	12	24	0	24	48	0	48	15	0	15	17	0	17	26	0	26	23	0	23	19	7	12	28	0	28	47	0	47
NC_059182.1	1997485	1997486	*	16	0	16	14	0	14	18	0	18	13	0	13	16	4	12	15	2	13	16	5	11	16	0	16	15	4	11	15	0	15	10	0	10	20	0	20	15	0	15	10	0	10	14	0	14	14	0	14	22	0	22	15	1	14	26	0	26
NC_059182.1	1997498	1997499	*	16	1	15	15	0	15	19	0	19	14	0	14	18	12	6	16	9	7	16	5	11	16	0	16	16	4	12	16	0	16	10	0	10	21	0	21	17	0	17	10	0	10	17	0	17	15	1	14	23	0	23	15	5	10	28	0	28
NC_059182.1	2864492	2864493	*	21	2	19	33	0	33	18	1	17	22	1	21	24	6	18	23	0	23	17	0	17	18	1	17	26	0	26	29	1	28	34	3	31	36	1	35	31	1	30	15	0	15	40	0	40	18	10	8	27	1	26	24	0	24	34	15	19
NC_059182.1	6742159	6742160	*	16	0	16	16	0	16	10	0	10	15	0	15	10	6	4	25	0	25	20	0	20	10	0	10	18	0	18	14	1	13	25	0	25	24	0	24	17	0	17	16	0	16	24	11	13	25	0	25	19	0	19	12	0	12	25	0	25
NC_059182.1	12825700	12825701	*	17	0	17	22	0	22	19	0	19	12	0	12	10	5	5	14	0	14	19	0	19	16	0	16	15	0	15	17	0	17	16	0	16	21	0	21	11	0	11	17	0	17	23	0	23	20	0	20	16	0	16	23	1	22	34	0	34
NC_059182.1	14407609	14407610	*	23	0	23	17	0	17	26	0	26	21	2	19	21	13	8	20	0	20	12	0	12	15	1	14	16	0	16	19	0	19	19	1	18	16	0	16	18	0	18	15	1	14	32	0	32	26	0	26	19	0	19	18	7	11	32	0	32
NC_059182.1	14407633	14407634	*	21	0	21	13	1	12	27	2	25	21	0	21	19	15	4	21	0	21	10	0	10	13	0	13	15	0	15	20	0	20	16	2	14	15	1	14	18	1	17	14	1	13	32	0	32	22	0	22	20	1	19	15	8	7	30	1	29
NC_059182.1	17019348	17019349	*	18	0	18	17	0	17	18	0	18	18	1	17	17	7	10	25	1	24	14	0	14	12	0	12	11	0	11	21	0	21	12	1	11	22	0	22	24	0	24	18	9	9	24	0	24	17	1	16	27	0	27	15	0	15	20	0	20
NC_059182.1	17019376	17019377	*	17	0	17	13	1	12	15	0	15	13	0	13	16	7	9	22	0	22	14	0	14	11	0	11	11	0	11	18	0	18	11	0	11	21	1	20	22	0	22	18	9	9	23	0	23	17	0	17	26	1	25	13	0	13	16	0	16
NC_059182.1	17024206	17024207	*	15	0	15	16	0	16	12	0	12	10	0	10	13	5	8	17	0	17	10	0	10	14	0	14	15	0	15	21	0	21	14	0	14	17	0	17	11	0	11	12	0	12	26	0	26	20	1	19	12	0	12	19	0	19	21	0	21
NC_059182.1	18733796	18733797	*	10	0	10	16	1	15	21	0	21	17	0	17	21	9	12	17	0	17	16	0	16	19	0	19	17	0	17	30	14	16	13	0	13	28	0	28	19	0	19	15	0	15	24	0	24	24	0	24	18	0	18	15	0	15	21	0	21
NC_059182.1	19026748	19026749	*	19	0	19	20	0	20	17	0	17	19	0	19	17	16	1	16	0	16	19	0	19	20	1	19	16	0	16	14	8	6	22	0	22	21	2	19	14	0	14	16	0	16	30	0	30	21	0	21	18	0	18	11	4	7	24	0	24
NC_059183.1	3066625	3066626	*	51	0	51	44	1	43	26	0	26	42	0	42	55	4	51	49	0	49	40	0	40	21	0	21	30	1	29	52	1	51	48	8	40	59	4	55	42	0	42	64	0	64	75	5	70	47	1	46	33	1	32	34	3	31	85	7	78
NC_059183.1	3067396	3067397	*	49	3	46	10	0	10	13	1	12	27	3	24	23	3	20	20	0	20	17	1	16	18	1	17	28	1	27	16	1	15	22	3	19	25	0	25	24	4	20	19	0	19	31	2	29	20	2	18	21	0	21	33	0	33	25	1	24
NC_059183.1	4519176	4519177	*	15	1	14	11	0	11	12	0	12	10	0	10	12	5	7	13	0	13	12	0	12	17	0	17	11	0	11	19	0	19	17	1	16	21	0	21	15	1	14	23	0	23	21	9	12	17	0	17	18	0	18	14	0	14	21	0	21
NC_059183.1	5489288	5489289	*	38	0	38	32	0	32	33	0	33	27	0	27	31	4	27	37	0	37	22	0	22	35	0	35	22	0	22	41	0	41	27	0	27	35	0	35	26	1	25	29	0	29	24	0	24	55	0	55	38	1	37	14	0	14	41	0	41
NC_059183.1	9017821	9017822	*	36	0	36	25	0	25	24	0	24	26	0	26	20	11	9	27	0	27	18	0	18	12	0	12	19	0	19	21	0	21	30	0	30	39	0	39	26	0	26	16	1	15	40	0	40	20	0	20	31	1	30	16	0	16	34	0	34
NC_059183.1	11448981	11448982	*	18	0	18	21	0	21	23	0	23	20	0	20	17	7	10	19	0	19	13	0	13	22	0	22	13	0	13	16	0	16	12	0	12	24	0	24	21	0	21	24	0	24	33	0	33	32	0	32	19	1	18	14	0	14	31	0	31
NC_059183.1	12236704	12236705	*	29	3	26	28	3	25	14	0	14	24	0	24	23	5	18	24	1	23	10	0	10	28	10	18	17	1	16	19	1	18	25	3	22	14	0	14	44	3	41	21	0	21	24	0	24	17	0	17	10	0	10	25	2	23	25	7	18
NC_059183.1	15672523	15672524	*	26	1	25	13	1	12	31	3	28	21	0	21	35	9	26	21	0	21	24	0	24	36	20	16	25	0	25	35	12	23	21	3	18	31	1	30	42	3	39	30	0	30	27	1	26	27	0	27	32	1	31	24	0	24	40	0	40
NC_059183.1	16051925	16051926	*	14	0	14	26	0	26	19	0	19	16	0	16	16	10	6	20	0	20	19	0	19	18	0	18	12	0	12	17	0	17	15	0	15	26	0	26	18	0	18	21	0	21	23	0	23	29	0	29	20	3	17	21	0	21	16	0	16
NC_059183.1	17942051	17942052	*	14	0	14	26	0	26	29	0	29	15	0	15	24	6	18	25	0	25	26	0	26	22	0	22	14	0	14	22	1	21	14	0	14	46	0	46	31	0	31	19	1	18	31	0	31	33	0	33	35	0	35	19	0	19	78	1	77
NC_059183.1	17942102	17942103	*	17	0	17	26	0	26	33	0	33	15	0	15	34	8	26	27	0	27	26	0	26	24	0	24	14	1	13	23	2	21	18	0	18	44	0	44	36	0	36	23	1	22	36	0	36	35	1	34	33	0	33	19	8	11	72	16	56
NC_059183.1	17942129	17942130	*	15	1	14	26	1	25	30	0	30	15	0	15	34	8	26	28	0	28	26	0	26	25	0	25	15	1	14	23	1	22	19	0	19	46	0	46	35	0	35	24	1	23	39	0	39	34	2	32	31	0	31	19	8	11	71	16	55
NC_059184.1	792909	792910	*	17	0	17	17	0	17	15	0	15	18	0	18	12	7	5	21	0	21	14	5	9	16	7	9	16	0	16	26	16	10	15	0	15	31	30	1	22	8	14	20	8	12	20	10	10	18	18	0	16	15	1	11	7	4	34	15	19
NC_059184.1	1374578	1374579	*	16	0	16	12	0	12	17	0	17	14	0	14	13	5	8	15	0	15	15	6	9	12	3	9	12	0	12	15	6	9	10	0	10	18	18	0	19	8	11	15	14	1	16	7	9	22	21	1	15	14	1	17	7	10	21	9	12
NC_059184.1	3976409	3976410	*	10	0	10	20	0	20	17	0	17	23	0	23	12	6	6	23	1	22	19	0	19	23	0	23	15	0	15	24	0	24	11	0	11	23	0	23	19	0	19	27	0	27	29	0	29	31	0	31	24	0	24	31	0	31	29	0	29
NC_059184.1	4321437	4321438	*	19	0	19	17	0	17	15	0	15	12	0	12	19	9	10	10	0	10	16	0	16	19	0	19	10	0	10	17	1	16	12	0	12	19	0	19	10	0	10	18	0	18	21	1	20	15	0	15	19	0	19	14	0	14	18	0	18
NC_059184.1	7008455	7008456	*	17	0	17	24	0	24	11	0	11	14	1	13	12	5	7	16	0	16	15	0	15	16	0	16	13	0	13	19	0	19	18	0	18	20	1	19	14	0	14	18	0	18	27	0	27	29	0	29	16	0	16	12	1	11	22	0	22
NC_059184.1	7948802	7948803	*	35	0	35	54	0	54	38	0	38	45	0	45	34	11	23	49	0	49	41	0	41	22	0	22	34	0	34	47	0	47	34	0	34	77	0	77	30	0	30	51	1	50	45	0	45	66	0	66	74	1	73	38	2	36	64	0	64
NC_059184.1	7948860	7948861	*	34	0	34	50	1	49	37	0	37	45	0	45	43	7	36	47	0	47	40	0	40	15	0	15	32	0	32	46	1	45	36	0	36	77	0	77	23	0	23	43	0	43	51	0	51	65	0	65	72	1	71	40	1	39	57	0	57
NC_059184.1	7948877	7948878	*	35	0	35	53	0	53	36	0	36	47	0	47	45	10	35	47	0	47	42	0	42	15	0	15	30	0	30	50	0	50	34	0	34	73	0	73	24	0	24	47	0	47	53	0	53	67	0	67	74	0	74	38	1	37	53	0	53
NC_059184.1	12256805	12256806	*	12	1	11	17	0	17	15	0	15	16	0	16	14	7	7	26	0	26	15	0	15	17	0	17	12	0	12	17	0	17	16	0	16	20	0	20	26	0	26	16	0	16	18	0	18	21	0	21	32	0	32	18	0	18	30	0	30
NC_059184.1	13831697	13831698	*	19	0	19	24	1	23	20	0	20	13	0	13	14	5	9	14	0	14	14	0	14	19	7	12	13	5	8	16	0	16	15	0	15	24	1	23	12	0	12	11	0	11	19	4	15	18	1	17	20	1	19	13	0	13	24	0	24
NC_059184.1	13831746	13831747	*	19	0	19	22	2	20	20	0	20	12	0	12	13	8	5	12	0	12	11	0	11	17	1	16	16	0	16	23	3	20	15	0	15	21	0	21	10	0	10	15	0	15	21	5	16	17	0	17	27	0	27	11	0	11	24	1	23
NC_059184.1	13831760	13831761	*	19	0	19	23	0	23	19	0	19	14	0	14	13	5	8	14	0	14	14	0	14	18	0	18	17	0	17	21	0	21	17	0	17	29	0	29	11	0	11	17	0	17	22	0	22	18	0	18	27	0	27	10	0	10	26	0	26
NC_059185.1	1220462	1220463	*	20	0	20	11	0	11	14	0	14	18	0	18	13	6	7	22	0	22	15	0	15	15	0	15	14	0	14	15	0	15	10	0	10	17	6	11	18	0	18	18	0	18	16	0	16	21	11	10	24	0	24	16	0	16	16	1	15
NC_059185.1	1475897	1475898	*	22	0	22	27	0	27	19	0	19	16	0	16	21	6	15	15	0	15	23	0	23	15	0	15	15	0	15	26	0	26	18	0	18	24	0	24	20	0	20	26	0	26	35	2	33	17	0	17	16	0	16	21	0	21	29	1	28
NC_059185.1	2426632	2426633	*	13	0	13	16	0	16	16	0	16	11	0	11	14	7	7	15	4	11	10	0	10	13	0	13	14	0	14	17	0	17	14	0	14	18	0	18	19	9	10	18	12	6	22	15	7	19	0	19	16	0	16	19	0	19	32	14	18
NC_059185.1	4612773	4612774	*	15	0	15	24	0	24	11	0	11	21	0	21	20	18	2	11	0	11	14	0	14	17	0	17	13	0	13	18	0	18	11	0	11	23	1	22	15	0	15	24	0	24	28	0	28	13	0	13	24	0	24	18	8	10	20	1	19
NC_059186.1	9705109	9705110	*	40	0	40	43	0	43	37	1	36	39	1	38	61	10	51	44	0	44	32	0	32	26	0	26	31	0	31	31	0	31	34	0	34	62	0	62	44	0	44	49	1	48	57	0	57	65	0	65	49	1	48	36	0	36	61	0	61
NC_059186.1	11665511	11665512	*	25	0	25	24	1	23	17	0	17	23	0	23	16	4	12	16	0	16	18	0	18	12	0	12	21	0	21	16	0	16	13	0	13	32	2	30	16	0	16	18	0	18	32	0	32	15	1	14	17	1	16	18	1	17	37	1	36
NC_059186.1	11665538	11665539	*	26	0	26	22	0	22	17	0	17	21	1	20	18	3	15	17	2	15	17	1	16	12	0	12	19	0	19	18	3	15	14	1	13	30	2	28	21	1	20	19	0	19	33	5	28	10	0	10	19	3	16	21	0	21	35	2	33
NC_059186.1	12244410	12244411	*	17	0	17	26	0	26	20	0	20	23	0	23	20	4	16	20	0	20	20	0	20	23	0	23	14	0	14	16	0	16	29	0	29	22	0	22	12	0	12	16	1	15	27	0	27	22	1	21	25	0	25	15	0	15	38	1	37
NC_059186.1	12458934	12458935	*	17	1	16	21	0	21	19	0	19	13	0	13	23	5	18	14	0	14	10	0	10	18	11	7	13	0	13	13	6	7	16	0	16	31	1	30	22	0	22	18	0	18	26	0	26	24	0	24	13	0	13	17	7	10	32	0	32
NC_059186.1	12458946	12458947	*	16	1	15	22	0	22	19	0	19	14	0	14	23	6	17	14	0	14	11	0	11	20	10	10	13	0	13	13	6	7	16	0	16	33	0	33	22	0	22	16	0	16	26	0	26	24	0	24	14	0	14	18	6	12	34	1	33
NC_059186.1	12459096	12459097	*	25	1	24	17	0	17	20	0	20	17	0	17	32	6	26	25	0	25	23	0	23	24	0	24	20	0	20	12	0	12	23	0	23	32	0	32	24	0	24	22	1	21	27	0	27	28	0	28	22	0	22	22	0	22	37	0	37
NC_059186.1	12459121	12459122	*	23	0	23	20	0	20	20	0	20	18	0	18	29	8	21	22	0	22	25	0	25	23	0	23	21	0	21	18	0	18	26	0	26	31	0	31	24	0	24	21	0	21	26	1	25	28	0	28	24	0	24	23	0	23	37	0	37
NC_059187.1	531896	531897	*	28	2	26	11	1	10	17	2	15	16	0	16	24	11	13	10	2	8	21	6	15	16	14	2	15	6	9	19	1	18	19	5	14	20	9	11	20	13	7	19	17	2	26	18	8	16	9	7	17	7	10	13	3	10	19	1	18
NC_059187.1	3349018	3349019	*	20	0	20	16	0	16	19	0	19	16	1	15	23	11	12	23	0	23	18	1	17	12	4	8	26	1	25	27	1	26	20	0	20	35	0	35	27	0	27	27	0	27	35	26	9	28	0	28	17	1	16	20	0	20	26	1	25
NC_059187.1	4239711	4239712	*	17	0	17	14	0	14	25	0	25	14	0	14	17	9	8	10	0	10	11	0	11	15	0	15	18	11	7	21	0	21	22	0	22	18	0	18	22	0	22	18	0	18	19	12	7	26	0	26	25	0	25	14	6	8	28	13	15
NC_059187.1	5609577	5609578	*	21	0	21	17	1	16	15	0	15	11	0	11	16	9	7	12	7	5	24	10	14	10	0	10	16	8	8	22	1	21	19	0	19	20	9	11	19	2	17	18	9	9	20	10	10	28	0	28	21	0	21	21	0	21	23	0	23
NC_059187.1	5609592	5609593	*	22	0	22	17	1	16	17	0	17	10	0	10	18	10	8	13	7	6	25	10	15	11	0	11	16	9	7	23	1	22	21	0	21	21	10	11	20	4	16	19	9	10	20	10	10	31	0	31	18	0	18	23	0	23	23	0	23
NC_059187.1	5609602	5609603	*	23	0	23	17	0	17	16	0	16	10	0	10	18	11	7	12	6	6	26	10	16	11	0	11	16	9	7	23	0	23	21	0	21	21	9	12	20	5	15	18	7	11	19	9	10	30	0	30	18	0	18	20	0	20	22	0	22
NC_059187.1	6526467	6526468	*	28	0	28	26	0	26	19	0	19	14	0	14	15	3	12	13	0	13	21	0	21	17	0	17	14	0	14	29	1	28	16	0	16	28	1	27	17	0	17	24	0	24	35	0	35	24	0	24	17	0	17	11	0	11	29	0	29
NC_059187.1	9975749	9975750	*	25	0	25	28	0	28	18	0	18	16	0	16	11	3	8	19	0	19	18	0	18	19	0	19	15	0	15	23	0	23	19	0	19	34	0	34	24	5	19	26	0	26	23	0	23	22	5	17	11	3	8	18	0	18	27	11	16
NC_059187.1	10098117	10098118	*	18	0	18	25	0	25	15	0	15	18	0	18	11	6	5	15	0	15	16	0	16	17	7	10	20	0	20	18	9	9	15	9	6	29	15	14	26	12	14	23	0	23	22	0	22	12	6	6	20	7	13	21	21	0	43	20	23
NC_059187.1	10187939	10187940	*	17	0	17	15	0	15	10	0	10	18	0	18	15	6	9	18	0	18	18	0	18	17	4	13	15	0	15	20	0	20	18	0	18	23	0	23	19	1	18	15	0	15	27	0	27	25	0	25	15	0	15	14	0	14	28	0	28
NC_059188.1	666267	666268	*	19	0	19	19	0	19	14	1	13	17	1	16	19	4	15	18	0	18	15	6	9	19	8	11	13	0	13	26	0	26	25	0	25	33	12	21	17	0	17	22	0	22	26	0	26	25	0	25	19	1	18	13	0	13	29	0	29
NC_059188.1	858968	858969	*	18	0	18	30	0	30	23	0	23	12	0	12	16	3	13	17	0	17	21	0	21	19	0	19	18	0	18	23	0	23	18	0	18	22	0	22	19	0	19	27	1	26	35	0	35	22	0	22	24	0	24	15	0	15	30	0	30
NC_059188.1	2159959	2159960	*	26	0	26	32	0	32	26	0	26	18	0	18	31	30	1	22	10	12	23	0	23	20	0	20	20	0	20	34	0	34	30	0	30	34	17	17	29	17	12	22	12	10	35	1	34	20	7	13	24	11	13	18	0	18	32	0	32
NC_059188.1	5920854	5920855	*	30	0	30	28	0	28	25	0	25	22	0	22	38	15	23	21	1	20	21	0	21	23	0	23	20	0	20	48	0	48	35	0	35	31	1	30	28	0	28	24	0	24	42	0	42	38	0	38	33	0	33	18	0	18	38	0	38
NC_059188.1	10191676	10191677	*	20	0	20	11	0	11	22	0	22	20	0	20	13	4	9	12	0	12	15	3	12	16	0	16	12	1	11	17	0	17	12	0	12	25	0	25	15	5	10	22	0	22	37	1	36	17	1	16	18	1	17	20	0	20	37	2	35
NC_059188.1	10794588	10794589	*	19	0	19	29	0	29	14	0	14	19	0	19	26	13	13	18	10	8	14	0	14	19	1	18	16	0	16	29	9	20	18	14	4	31	0	31	15	0	15	20	0	20	41	0	41	26	10	16	29	0	29	19	0	19	39	19	20
NC_059188.1	13423162	13423163	*	22	0	22	10	2	8	12	0	12	14	0	14	16	4	12	11	2	9	16	2	14	11	1	10	13	0	13	22	0	22	16	0	16	15	1	14	10	0	10	12	0	12	25	0	25	21	1	20	14	0	14	18	0	18	23	0	23
NC_059189.1	39472	39473	*	17	2	15	31	3	28	23	0	23	29	2	27	20	7	13	34	0	34	34	5	29	37	9	28	29	10	19	24	0	24	36	11	25	33	1	32	25	1	24	21	2	19	24	4	20	22	2	20	18	2	16	21	8	13	39	0	39
NC_059189.1	39478	39479	*	14	0	14	25	0	25	20	0	20	27	0	27	17	5	12	31	1	30	34	0	34	34	10	24	29	11	18	23	0	23	37	8	29	32	0	32	23	1	22	17	0	17	22	0	22	22	2	20	18	0	18	19	6	13	36	0	36
NC_059189.1	620530	620531	*	22	0	22	22	0	22	21	0	21	19	0	19	12	7	5	29	0	29	17	0	17	17	0	17	15	0	15	13	0	13	21	0	21	33	14	19	16	0	16	21	13	8	22	0	22	29	9	20	21	0	21	16	0	16	26	0	26
NC_059189.1	4073125	4073126	*	11	0	11	23	0	23	17	0	17	22	1	21	17	9	8	14	0	14	13	2	11	18	0	18	10	0	10	20	0	20	19	0	19	28	0	28	15	0	15	28	1	27	25	1	24	19	0	19	15	0	15	20	0	20	27	0	27
NC_059189.1	5992382	5992383	*	37	0	37	61	0	61	44	0	44	22	0	22	65	6	59	41	1	40	33	0	33	22	0	22	26	0	26	37	0	37	42	0	42	49	1	48	24	0	24	35	0	35	54	0	54	30	0	30	39	0	39	27	0	27	46	0	46
NC_059189.1	6073173	6073174	*	29	0	29	54	2	52	37	0	37	52	0	52	24	6	18	26	3	23	52	3	49	23	0	23	21	0	21	31	0	31	39	1	38	50	0	50	11	0	11	30	0	30	53	1	52	66	1	65	38	1	37	36	4	32	86	0	86
NC_059189.1	6226673	6226674	*	20	0	20	18	0	18	23	0	23	12	0	12	27	10	17	18	0	18	19	0	19	13	0	13	12	0	12	18	0	18	19	0	19	17	0	17	11	0	11	20	0	20	24	0	24	30	0	30	25	0	25	30	0	30	23	0	23
NC_059189.1	6784626	6784627	*	18	0	18	16	0	16	22	0	22	16	0	16	13	3	10	25	1	24	13	0	13	14	0	14	10	1	9	23	0	23	11	0	11	15	2	13	18	0	18	18	0	18	28	0	28	17	0	17	16	0	16	16	0	16	19	0	19
NC_059189.1	7439262	7439263	*	28	1	27	33	0	33	29	2	27	29	0	29	23	6	17	19	0	19	16	0	16	37	0	37	52	2	50	39	1	38	30	0	30	41	1	40	36	0	36	39	1	38	61	0	61	48	3	45	49	0	49	31	1	30	58	2	56
NC_059189.1	7537483	7537484	*	66	1	65	34	3	31	26	0	26	30	0	30	31	4	27	28	0	28	33	0	33	20	0	20	32	0	32	35	1	34	47	1	46	33	1	32	29	2	27	33	2	31	37	1	36	38	1	37	21	0	21	50	0	50	41	2	39
NC_059189.1	7542397	7542398	*	25	0	25	15	0	15	23	0	23	19	0	19	18	4	14	17	4	13	17	6	11	11	0	11	14	0	14	22	0	22	15	0	15	26	0	26	15	0	15	16	0	16	22	0	22	26	0	26	14	0	14	19	0	19	22	0	22
NC_059189.1	7542419	7542420	*	24	0	24	13	0	13	24	0	24	18	0	18	16	3	13	15	5	10	14	5	9	12	0	12	13	0	13	22	0	22	13	0	13	28	0	28	16	0	16	22	0	22	21	0	21	29	0	29	16	0	16	18	0	18	23	0	23
NC_059189.1	7962240	7962241	*	19	0	19	23	0	23	19	0	19	20	0	20	16	8	8	23	0	23	15	0	15	13	0	13	18	1	17	26	13	13	15	0	15	19	0	19	13	0	13	10	0	10	24	0	24	24	0	24	15	0	15	22	0	22	22	0	22
NC_059189.1	7962281	7962282	*	21	0	21	23	0	23	22	0	22	19	0	19	17	8	9	21	0	21	18	0	18	13	0	13	16	0	16	28	0	28	21	0	21	24	0	24	16	0	16	11	0	11	29	0	29	23	0	23	19	0	19	24	0	24	22	0	22
NC_059189.1	7962301	7962302	*	20	0	20	24	0	24	23	0	23	22	0	22	17	8	9	22	0	22	18	0	18	13	0	13	15	0	15	27	0	27	23	0	23	24	0	24	17	0	17	12	0	12	28	1	27	25	0	25	19	0	19	27	0	27	24	0	24
NC_059189.1	7962317	7962318	*	20	0	20	21	0	21	23	0	23	20	0	20	18	10	8	19	0	19	18	0	18	12	0	12	16	1	15	26	1	25	22	0	22	24	0	24	18	0	18	10	1	9	27	0	27	26	0	26	18	2	16	24	1	23	25	1	24
NC_059189.1	9396327	9396328	*	19	0	19	37	1	36	17	0	17	26	0	26	21	7	14	24	0	24	18	0	18	24	1	23	16	0	16	31	0	31	27	0	27	35	0	35	19	0	19	18	0	18	22	0	22	33	0	33	19	0	19	14	0	14	24	0	24
NC_059189.1	10281811	10281812	*	18	0	18	26	0	26	18	0	18	14	0	14	20	4	16	20	0	20	21	0	21	21	0	21	17	0	17	23	1	22	17	0	17	28	0	28	15	0	15	18	0	18	29	0	29	18	0	18	21	0	21	18	0	18	27	0	27
NC_059189.1	10767593	10767594	*	21	0	21	25	0	25	17	0	17	19	0	19	19	5	14	20	0	20	25	0	25	13	0	13	22	4	18	16	0	16	21	0	21	23	0	23	11	0	11	13	0	13	17	0	17	27	4	23	28	1	27	27	4	23	21	0	21
NC_059190.1	612704	612705	*	20	0	20	19	0	19	20	0	20	21	0	21	17	15	2	20	0	20	15	0	15	25	0	25	11	0	11	28	0	28	20	10	10	25	0	25	19	8	11	16	0	16	25	0	25	32	0	32	19	9	10	25	1	24	19	8	11
NC_059190.1	2926076	2926077	*	18	0	18	24	0	24	11	0	11	22	0	22	13	5	8	23	0	23	13	7	6	17	0	17	20	0	20	17	0	17	14	0	14	21	0	21	22	0	22	21	0	21	21	3	18	34	0	34	23	0	23	15	0	15	39	1	38
NC_059190.1	3010165	3010166	*	11	0	11	16	0	16	14	0	14	12	0	12	25	12	13	20	0	20	16	0	16	20	0	20	23	0	23	27	0	27	24	0	24	19	0	19	16	0	16	11	0	11	22	0	22	25	0	25	29	0	29	21	0	21	29	0	29
NC_059190.1	3010177	3010178	*	12	0	12	16	1	15	15	0	15	13	0	13	27	14	13	19	0	19	17	0	17	21	0	21	23	0	23	27	0	27	29	1	28	21	0	21	16	0	16	13	0	13	22	0	22	27	0	27	29	0	29	22	0	22	31	0	31
NC_059190.1	4071772	4071773	*	19	0	19	26	0	26	15	0	15	18	0	18	19	10	9	17	0	17	12	0	12	14	0	14	17	0	17	13	0	13	15	1	14	23	0	23	28	0	28	20	0	20	23	0	23	23	0	23	30	0	30	21	0	21	22	1	21
NC_059190.1	4071802	4071803	*	18	0	18	25	0	25	19	0	19	15	0	15	17	10	7	16	0	16	12	0	12	17	0	17	17	0	17	15	0	15	13	1	12	24	0	24	25	0	25	20	0	20	20	0	20	23	0	23	33	0	33	25	0	25	24	0	24
NC_059190.1	4071814	4071815	*	16	0	16	25	1	24	18	0	18	20	0	20	17	9	8	17	0	17	12	0	12	16	0	16	17	0	17	17	0	17	13	0	13	25	1	24	27	0	27	22	0	22	17	0	17	22	0	22	33	0	33	26	0	26	24	0	24
NC_059190.1	4071823	4071824	*	16	0	16	25	1	24	17	1	16	20	0	20	15	8	7	17	1	16	12	0	12	15	0	15	17	0	17	18	0	18	13	1	12	24	0	24	28	1	27	21	1	20	17	0	17	23	0	23	33	0	33	26	0	26	23	0	23
NC_059190.1	4172820	4172821	*	21	0	21	18	0	18	10	0	10	13	0	13	15	7	8	24	0	24	11	1	10	24	0	24	11	5	6	20	2	18	11	0	11	17	0	17	11	5	6	16	0	16	18	0	18	18	0	18	14	1	13	12	0	12	25	0	25
NC_059190.1	4172945	4172946	*	22	0	22	19	0	19	12	0	12	13	0	13	16	7	9	20	0	20	10	0	10	22	0	22	12	0	12	17	0	17	12	0	12	22	0	22	13	1	12	20	0	20	29	0	29	16	1	15	15	0	15	16	0	16	28	0	28
NC_059191.1	4226652	4226653	*	41	2	39	25	0	25	19	1	18	21	0	21	34	8	26	22	2	20	40	4	36	18	0	18	50	9	41	29	1	28	17	0	17	14	9	5	23	9	14	17	0	17	12	0	12	22	0	22	24	12	12	12	6	6	30	0	30
NC_059191.1	4227048	4227049	*	67	0	67	41	2	39	48	0	48	30	0	30	69	5	64	34	0	34	55	7	48	21	0	21	56	0	56	62	6	56	46	0	46	48	0	48	47	0	47	43	1	42	26	0	26	61	0	61	44	0	44	52	2	50	56	0	56
NC_059191.1	7179605	7179606	*	16	0	16	17	0	17	20	0	20	14	0	14	15	4	11	16	0	16	18	0	18	18	0	18	19	5	14	18	1	17	29	2	27	29	1	28	19	0	19	24	0	24	24	3	21	18	0	18	23	0	23	18	0	18	20	0	20
NC_059191.1	7436427	7436428	*	14	0	14	18	0	18	13	0	13	16	0	16	13	12	1	20	0	20	16	0	16	26	0	26	10	0	10	17	1	16	21	10	11	20	0	20	23	12	11	21	0	21	19	0	19	25	12	13	21	10	11	10	0	10	33	0	33
NC_059191.1	7436437	7436438	*	16	0	16	20	0	20	13	0	13	14	0	14	12	11	1	20	0	20	15	0	15	25	0	25	12	0	12	17	1	16	22	11	11	21	0	21	23	12	11	23	0	23	20	0	20	25	11	14	20	11	9	16	0	16	33	0	33
NC_059191.1	7436448	7436449	*	15	0	15	19	1	18	13	0	13	13	0	13	11	10	1	20	0	20	14	0	14	24	0	24	11	1	10	17	0	17	21	10	11	23	0	23	22	11	11	22	0	22	22	0	22	24	11	13	20	11	9	13	0	13	34	0	34
NC_059191.1	9260810	9260811	*	15	0	15	19	1	18	18	0	18	13	0	13	28	15	13	15	0	15	13	0	13	21	0	21	13	0	13	21	0	21	14	0	14	27	0	27	16	0	16	21	0	21	26	0	26	26	0	26	18	0	18	14	0	14	14	0	14
NC_059191.1	9630599	9630600	*	12	0	12	23	1	22	15	1	14	13	0	13	15	4	11	13	0	13	22	0	22	14	0	14	13	1	12	16	1	15	13	3	10	23	0	23	17	0	17	19	0	19	19	0	19	15	0	15	22	0	22	22	0	22	20	4	16
NC_059191.1	9637967	9637968	*	27	0	27	23	0	23	18	1	17	12	0	12	22	5	17	27	0	27	11	0	11	16	0	16	18	0	18	17	0	17	19	0	19	32	0	32	30	0	30	27	1	26	26	0	26	27	0	27	29	1	28	19	0	19	26	0	26
NW_025533118.1	1010595	1010596	*	20	0	20	19	0	19	23	0	23	37	0	37	23	3	20	33	0	33	26	0	26	14	0	14	21	0	21	38	1	37	13	0	13	33	1	32	20	0	20	24	0	24	34	1	33	31	0	31	31	0	31	28	0	28	28	0	28
NW_025533118.1	1010612	1010613	*	19	0	19	17	0	17	28	0	28	41	0	41	24	4	20	34	1	33	30	0	30	16	0	16	22	0	22	37	0	37	16	0	16	34	0	34	25	0	25	25	0	25	38	0	38	32	0	32	31	0	31	34	1	33	32	0	32
NW_025533120.1	190304	190305	*	41	0	41	48	0	48	46	0	46	12	0	12	73	10	63	29	0	29	46	0	46	27	0	27	24	3	21	31	0	31	35	11	24	40	8	32	49	0	49	25	0	25	75	1	74	43	0	43	19	0	19	12	0	12	39	0	39
NW_025533136.1	19225	19226	*	62	1	61	21	1	20	26	0	26	29	0	29	26	7	19	23	3	20	25	2	23	16	1	15	36	2	34	29	1	28	40	0	40	45	0	45	38	2	36	31	1	30	38	3	35	36	3	33	47	3	44	19	2	17	38	0	38
NW_025533146.1	70978	70979	*	38	1	37	33	0	33	25	0	25	28	0	28	36	6	30	23	4	19	42	1	41	28	0	28	28	3	25	16	0	16	59	4	55	14	0	14	13	1	12	32	4	28	68	6	62	47	0	47	45	2	43	12	0	12	41	0	41
NW_025533169.1	73963	73964	*	52	1	51	29	0	29	29	0	29	17	0	17	36	4	32	14	0	14	32	0	32	36	1	35	13	0	13	42	0	42	55	13	42	28	1	27	25	0	25	17	1	16	34	0	34	62	0	62	33	0	33	34	1	33	33	0	33
NW_025533169.1	78124	78125	*	38	0	38	13	0	13	20	0	20	24	0	24	27	7	20	32	0	32	21	0	21	18	0	18	22	0	22	16	0	16	29	1	28	30	0	30	22	0	22	32	0	32	38	1	37	32	1	31	18	1	17	15	0	15	30	0	30
NW_025533175.1	36547	36548	*	59	1	58	30	0	30	33	0	33	18	0	18	31	4	27	21	0	21	28	0	28	34	0	34	18	0	18	53	0	53	62	0	62	30	0	30	30	0	30	28	0	28	49	0	49	34	0	34	45	0	45	41	0	41	53	0	53
NW_025533332.1	10631	10632	*	31	0	31	21	0	21	29	0	29	21	0	21	35	12	23	27	1	26	24	0	24	24	0	24	23	0	23	31	0	31	26	0	26	35	0	35	21	0	21	31	0	31	33	0	33	13	3	10	28	0	28	19	6	13	40	0	40
NW_025533332.1	10694	10695	*	30	0	30	23	0	23	36	0	36	15	2	13	35	14	21	28	10	18	18	5	13	18	0	18	20	9	11	27	8	19	28	0	28	34	0	34	18	0	18	30	7	23	31	1	30	16	0	16	32	0	32	13	6	7	39	0	39
NW_025533332.1	10887	10888	*	33	0	33	22	0	22	34	1	33	23	0	23	44	8	36	22	12	10	21	9	12	20	0	20	19	6	13	21	0	21	28	0	28	29	2	27	18	0	18	33	1	32	49	0	49	26	0	26	31	0	31	17	0	17	40	1	39
NW_025533332.1	12050	12051	*	22	0	22	24	0	24	24	0	24	15	0	15	46	19	27	25	0	25	21	7	14	22	0	22	17	2	15	24	0	24	32	0	32	24	0	24	18	0	18	27	9	18	40	0	40	35	0	35	21	0	21	11	4	7	41	0	41
NW_025533332.1	12072	12073	*	21	0	21	20	1	19	24	0	24	16	0	16	48	20	28	27	11	16	20	8	12	21	0	21	17	4	13	22	1	21	34	0	34	26	0	26	17	0	17	28	15	13	36	0	36	31	0	31	21	0	21	13	5	8	40	1	39
NW_025533332.1	12136	12137	*	22	2	20	19	1	18	29	0	29	25	1	24	58	21	37	29	12	17	20	6	14	23	0	23	17	4	13	23	1	22	42	1	41	27	0	27	22	0	22	26	13	13	40	5	35	31	0	31	21	0	21	16	4	12	45	0	45
NW_025533332.1	12158	12159	*	27	3	24	21	1	20	26	0	26	28	0	28	53	16	37	30	10	20	19	5	14	23	0	23	16	3	13	25	2	23	41	0	41	27	0	27	26	0	26	29	12	17	40	3	37	29	0	29	18	0	18	20	4	16	43	1	42
NW_025533332.1	12329	12330	*	42	0	42	32	1	31	36	0	36	29	1	28	34	5	29	21	0	21	21	3	18	31	0	31	18	6	12	43	1	42	45	2	43	27	1	26	26	0	26	24	5	19	47	3	44	19	5	14	19	1	18	32	8	24	38	3	35
NW_025533332.1	12394	12395	*	40	0	40	29	1	28	38	0	38	28	0	28	34	6	28	19	0	19	24	2	22	35	0	35	12	3	9	35	1	34	49	0	49	32	1	31	23	0	23	30	0	30	41	3	38	32	9	23	22	0	22	27	9	18	41	3	38
NW_025533332.1	28644	28645	*	42	0	42	39	0	39	38	0	38	23	0	23	35	5	30	37	0	37	32	0	32	34	0	34	23	0	23	45	0	45	56	2	54	35	0	35	39	1	38	29	1	28	66	2	64	38	6	32	49	0	49	28	2	26	64	0	64
NW_025533332.1	29158	29159	*	64	4	60	51	0	51	43	0	43	31	2	29	57	10	47	26	1	25	38	0	38	50	0	50	31	2	29	58	5	53	81	11	70	50	2	48	42	0	42	48	8	40	58	0	58	43	8	35	40	2	38	25	5	20	90	1	89
NC_059182.1	347993	347994	*	17	0	17	21	0	21	15	0	15	16	0	16	23	0	23	15	7	8	16	0	16	16	6	10	14	8	6	19	1	18	20	17	3	22	0	22	25	10	15	16	15	1	27	14	13	21	19	2	17	7	10	15	13	2	30	0	30
NC_059182.1	1914641	1914642	*	29	0	29	28	0	28	13	0	13	21	0	21	23	0	23	18	4	14	12	0	12	14	0	14	19	2	17	18	0	18	27	1	26	30	0	30	25	0	25	22	0	22	42	1	41	29	2	27	35	0	35	35	0	35	28	0	28
NC_059182.1	1956872	1956873	*	16	0	16	26	0	26	15	0	15	13	0	13	12	0	12	21	7	14	21	0	21	15	0	15	11	0	11	25	1	24	23	0	23	23	0	23	20	0	20	14	0	14	13	0	13	22	0	22	16	0	16	17	0	17	25	0	25
NC_059182.1	10931621	10931622	*	16	0	16	12	0	12	17	0	17	17	0	17	14	0	14	16	4	12	14	8	6	18	0	18	17	0	17	15	0	15	16	0	16	18	0	18	13	0	13	25	0	25	16	0	16	13	0	13	12	0	12	10	0	10	28	0	28
NC_059182.1	12513238	12513239	*	15	0	15	17	1	16	13	0	13	14	0	14	14	1	13	23	5	18	12	0	12	22	4	18	13	1	12	19	1	18	18	1	17	18	4	14	17	0	17	14	1	13	23	0	23	18	0	18	10	3	7	20	0	20	15	0	15
NC_059182.1	12799118	12799119	*	18	0	18	12	0	12	15	2	13	10	0	10	13	0	13	19	4	15	12	0	12	11	4	7	11	2	9	11	0	11	10	0	10	15	0	15	10	1	9	13	1	12	12	0	12	19	0	19	11	1	10	13	1	12	21	1	20
NC_059182.1	12856913	12856914	*	29	0	29	24	0	24	22	0	22	18	0	18	23	0	23	24	18	6	15	4	11	12	6	6	16	0	16	25	0	25	19	12	7	24	0	24	15	9	6	19	0	19	37	20	17	14	8	6	24	13	11	20	8	12	32	0	32
NC_059182.1	15273061	15273062	*	15	0	15	30	0	30	16	0	16	23	0	23	15	0	15	18	3	15	23	0	23	11	0	11	16	0	16	20	0	20	10	0	10	21	0	21	24	0	24	14	2	12	19	0	19	17	0	17	12	0	12	18	0	18	22	0	22
NC_059182.1	17037590	17037591	*	20	0	20	12	0	12	21	0	21	18	1	17	25	2	23	18	4	14	14	0	14	12	0	12	18	1	17	15	0	15	24	0	24	24	0	24	14	0	14	26	1	25	24	0	24	25	0	25	21	0	21	12	0	12	35	1	34
NC_059183.1	2035814	2035815	*	20	0	20	22	0	22	22	0	22	19	0	19	12	1	11	32	7	25	13	0	13	21	0	21	17	0	17	17	0	17	15	0	15	23	0	23	23	0	23	22	1	21	21	0	21	36	0	36	38	0	38	18	0	18	43	0	43
NC_059183.1	3066711	3066712	*	69	0	69	62	1	61	33	1	32	51	3	48	49	3	46	54	12	42	52	1	51	31	0	31	33	2	31	56	0	56	78	12	66	76	15	61	53	2	51	88	10	78	103	9	94	73	5	68	51	1	50	42	3	39	105	10	95
NC_059183.1	9484919	9484920	*	16	0	16	44	2	42	28	0	28	34	3	31	26	0	26	46	7	39	34	0	34	25	0	25	12	0	12	41	0	41	17	1	16	44	0	44	31	3	28	36	8	28	62	6	56	41	0	41	37	3	34	28	1	27	60	0	60
NC_059183.1	12499864	12499865	*	16	0	16	19	0	19	10	0	10	20	1	19	18	0	18	23	17	6	10	0	10	12	0	12	12	0	12	23	1	22	25	13	12	24	0	24	10	0	10	24	1	23	23	9	14	23	11	12	19	0	19	20	0	20	28	1	27
NC_059183.1	16075023	16075024	*	19	0	19	15	0	15	16	0	16	14	0	14	14	1	13	17	5	12	14	0	14	13	0	13	15	0	15	14	0	14	12	1	11	19	0	19	18	1	17	13	0	13	14	0	14	12	0	12	13	0	13	23	0	23	10	0	10
NC_059183.1	18099567	18099568	*	20	0	20	20	0	20	18	0	18	22	0	22	12	0	12	12	4	8	16	0	16	15	0	15	15	0	15	25	1	24	38	18	20	27	0	27	22	0	22	28	24	4	38	0	38	20	14	6	17	0	17	28	10	18	21	0	21
NC_059183.1	18386556	18386557	*	20	0	20	14	0	14	15	0	15	15	0	15	15	0	15	17	3	14	10	0	10	18	0	18	13	0	13	11	0	11	12	0	12	25	0	25	14	0	14	19	0	19	12	0	12	24	0	24	21	0	21	16	0	16	31	0	31
NC_059183.1	18441626	18441627	*	22	0	22	14	0	14	14	0	14	14	0	14	21	0	21	17	3	14	17	0	17	23	11	12	19	0	19	16	0	16	18	1	17	15	5	10	14	0	14	19	0	19	23	0	23	20	0	20	15	0	15	18	0	18	27	0	27
NC_059184.1	102366	102367	*	19	0	19	17	0	17	15	0	15	15	0	15	19	0	19	19	6	13	10	0	10	15	0	15	11	0	11	31	0	31	28	0	28	35	0	35	16	0	16	18	0	18	30	0	30	15	0	15	22	0	22	15	0	15	26	0	26
NC_059184.1	4160469	4160470	*	34	0	34	37	0	37	25	0	25	22	0	22	14	0	14	44	6	38	35	1	34	18	0	18	27	0	27	17	4	13	27	0	27	16	0	16	21	0	21	21	0	21	37	0	37	20	0	20	18	0	18	20	0	20	47	1	46
NC_059184.1	12325362	12325363	*	16	1	15	15	2	13	13	1	12	14	1	13	14	0	14	18	3	15	13	3	10	10	1	9	14	1	13	21	2	19	15	3	12	25	4	21	15	2	13	15	1	14	14	8	6	18	1	17	15	2	13	14	0	14	24	1	23
NC_059184.1	12325476	12325477	*	17	1	16	18	0	18	18	0	18	19	0	19	20	0	20	16	7	9	19	1	18	17	0	17	13	0	13	24	0	24	22	2	20	23	0	23	20	0	20	22	1	21	15	0	15	28	0	28	20	0	20	12	0	12	22	0	22
NC_059184.1	12325481	12325482	*	16	0	16	20	0	20	17	0	17	19	0	19	20	0	20	16	11	5	19	1	18	17	0	17	13	0	13	24	0	24	20	0	20	22	0	22	20	0	20	22	0	22	15	0	15	29	0	29	21	1	20	12	0	12	20	0	20
NC_059185.1	856204	856205	*	19	0	19	14	0	14	14	0	14	13	0	13	12	0	12	18	9	9	13	0	13	19	0	19	10	0	10	19	0	19	11	0	11	19	0	19	19	0	19	15	1	14	25	0	25	19	0	19	20	0	20	18	0	18	25	0	25
NC_059185.1	1042984	1042985	*	25	0	25	25	0	25	10	0	10	16	0	16	18	0	18	21	9	12	12	0	12	10	0	10	17	0	17	17	9	8	24	1	23	26	0	26	18	0	18	22	0	22	23	2	21	20	0	20	29	0	29	24	0	24	34	0	34
NC_059185.1	1475361	1475362	*	21	0	21	18	0	18	14	0	14	10	0	10	15	0	15	16	4	12	19	0	19	14	0	14	13	0	13	20	0	20	16	0	16	21	0	21	14	0	14	20	0	20	24	0	24	23	1	22	15	0	15	19	0	19	20	0	20
NC_059185.1	3695424	3695425	*	16	0	16	23	0	23	16	0	16	12	0	12	13	0	13	17	3	14	16	0	16	15	0	15	13	0	13	23	1	22	18	0	18	27	0	27	13	0	13	23	0	23	20	0	20	24	0	24	32	0	32	17	0	17	22	0	22
NC_059185.1	3969231	3969232	*	18	0	18	19	0	19	12	0	12	18	0	18	22	0	22	15	7	8	10	0	10	21	0	21	11	0	11	17	9	8	21	0	21	26	0	26	16	6	10	22	0	22	27	0	27	15	3	12	19	0	19	12	0	12	20	9	11
NC_059185.1	8576348	8576349	*	19	0	19	13	0	13	19	0	19	17	0	17	21	0	21	20	3	17	24	0	24	12	0	12	24	0	24	24	0	24	17	0	17	32	0	32	23	0	23	17	1	16	21	0	21	26	0	26	27	0	27	25	0	25	38	0	38
NC_059185.1	10912739	10912740	*	15	0	15	17	0	17	14	1	13	14	0	14	13	2	11	15	11	4	14	0	14	15	3	12	13	1	12	14	0	14	18	11	7	24	3	21	24	1	23	16	0	16	29	11	18	13	7	6	19	2	17	17	13	4	21	0	21
NC_059186.1	4192838	4192839	*	20	0	20	19	0	19	15	0	15	47	3	44	27	0	27	52	5	47	22	0	22	13	0	13	17	0	17	47	11	36	42	0	42	17	0	17	58	7	51	67	8	59	64	11	53	31	0	31	51	0	51	22	0	22	20	0	20
NC_059186.1	8992712	8992713	*	17	0	17	16	0	16	11	0	11	14	0	14	14	0	14	17	7	10	10	0	10	13	0	13	12	0	12	21	0	21	19	0	19	24	0	24	16	0	16	23	0	23	25	0	25	14	0	14	13	0	13	25	0	25	25	0	25
NC_059186.1	11649382	11649383	*	17	0	17	24	0	24	12	0	12	11	0	11	10	0	10	22	10	12	21	1	20	14	10	4	11	0	11	18	0	18	10	0	10	28	0	28	20	1	19	16	0	16	21	0	21	18	6	12	16	0	16	21	1	20	27	0	27
NC_059186.1	11649396	11649397	*	18	0	18	23	1	22	12	0	12	13	1	12	10	0	10	21	11	10	21	1	20	14	10	4	13	0	13	18	0	18	10	0	10	27	0	27	19	1	18	16	0	16	19	0	19	18	6	12	14	0	14	20	1	19	29	3	26
NC_059186.1	11834144	11834145	*	19	0	19	21	0	21	12	0	12	15	0	15	18	0	18	22	9	13	18	0	18	16	0	16	14	0	14	33	0	33	26	0	26	42	21	21	25	2	23	28	0	28	25	0	25	41	13	28	21	0	21	15	8	7	33	0	33
NC_059186.1	11834169	11834170	*	16	0	16	18	0	18	12	0	12	15	0	15	17	0	17	21	9	12	17	0	17	17	1	16	13	0	13	33	0	33	24	0	24	42	19	23	23	0	23	25	1	24	25	0	25	38	0	38	20	0	20	15	9	6	30	0	30
NC_059187.1	1756954	1756955	*	19	0	19	19	1	18	23	0	23	14	0	14	16	1	15	14	8	6	23	2	21	14	5	9	13	0	13	22	0	22	18	0	18	28	1	27	23	0	23	20	0	20	23	0	23	17	0	17	18	0	18	15	0	15	16	0	16
NC_059187.1	1978400	1978401	*	20	0	20	16	0	16	25	0	25	14	0	14	18	0	18	25	4	21	18	0	18	23	0	23	12	0	12	26	0	26	19	0	19	20	0	20	17	0	17	15	0	15	27	0	27	15	0	15	16	0	16	14	0	14	27	0	27
NC_059187.1	3115850	3115851	*	30	0	30	23	0	23	11	0	11	22	0	22	23	0	23	26	11	15	23	5	18	17	10	7	10	0	10	22	0	22	13	0	13	34	0	34	20	0	20	24	1	23	25	0	25	18	0	18	21	0	21	22	1	21	26	0	26
NC_059187.1	4238245	4238246	*	13	0	13	21	2	19	22	2	20	15	1	14	12	0	12	21	4	17	11	4	7	13	2	11	17	1	16	18	10	8	16	2	14	18	1	17	12	0	12	16	0	16	21	16	5	15	0	15	19	2	17	25	2	23	26	0	26
NC_059187.1	5609713	5609714	*	24	0	24	30	0	30	20	0	20	17	0	17	20	1	19	17	7	10	19	8	11	10	0	10	20	0	20	29	0	29	31	0	31	29	0	29	18	0	18	18	10	8	33	14	19	26	1	25	28	2	26	29	0	29	26	2	24
NC_059187.1	5609757	5609758	*	19	0	19	26	0	26	20	0	20	19	0	19	15	0	15	17	3	14	20	0	20	10	0	10	21	0	21	30	1	29	35	0	35	36	0	36	16	0	16	22	0	22	34	0	34	28	0	28	25	0	25	26	0	26	31	0	31
NC_059187.1	7990429	7990430	*	20	0	20	19	0	19	11	0	11	23	0	23	10	0	10	15	4	11	16	0	16	13	0	13	17	0	17	24	0	24	18	1	17	24	12	12	12	3	9	15	6	9	21	0	21	21	0	21	20	7	13	32	0	32	18	13	5
NC_059187.1	7990442	7990443	*	18	0	18	18	0	18	11	0	11	21	0	21	10	0	10	16	4	12	16	0	16	13	0	13	16	0	16	23	0	23	20	0	20	26	12	14	13	3	10	15	6	9	22	0	22	21	0	21	18	6	12	30	0	30	18	13	5
NC_059188.1	641133	641134	*	10	0	10	24	0	24	15	0	15	17	0	17	13	0	13	20	10	10	15	0	15	11	0	11	14	0	14	21	0	21	16	0	16	11	1	10	17	0	17	23	0	23	36	0	36	19	0	19	12	0	12	14	0	14	26	0	26
NC_059188.1	7619732	7619733	*	22	0	22	25	0	25	12	0	12	10	0	10	33	0	33	18	3	15	11	0	11	19	0	19	16	0	16	22	0	22	17	0	17	22	0	22	14	0	14	23	0	23	30	0	30	14	0	14	20	0	20	14	0	14	22	0	22
NC_059188.1	12614839	12614840	*	20	0	20	24	0	24	28	0	28	16	0	16	18	2	16	23	10	13	15	0	15	23	0	23	15	0	15	20	13	7	21	7	14	25	17	8	21	3	18	21	0	21	25	0	25	22	5	17	16	0	16	18	0	18	26	19	7
NC_059188.1	12694675	12694676	*	13	0	13	18	0	18	18	0	18	17	0	17	13	0	13	19	3	16	14	0	14	18	0	18	17	0	17	19	0	19	10	0	10	22	0	22	20	0	20	17	0	17	17	1	16	27	0	27	27	0	27	17	0	17	23	0	23
NC_059189.1	352893	352894	*	13	1	12	17	0	17	14	0	14	15	0	15	13	0	13	11	6	5	10	0	10	17	8	9	17	0	17	11	0	11	14	7	7	21	0	21	14	0	14	10	0	10	28	0	28	22	0	22	18	0	18	17	0	17	23	0	23
NC_059189.1	487654	487655	*	13	0	13	19	0	19	13	1	12	11	0	11	12	0	12	29	15	14	13	0	13	21	0	21	19	0	19	24	16	8	22	0	22	28	0	28	13	6	7	15	0	15	20	0	20	25	0	25	23	11	12	13	0	13	21	7	14
NC_059189.1	1420439	1420440	*	13	0	13	17	1	16	19	0	19	19	0	19	16	0	16	15	4	11	19	1	18	20	2	18	10	4	6	17	0	17	22	11	11	30	0	30	25	10	15	20	0	20	29	0	29	16	5	11	26	1	25	16	0	16	31	0	31
NC_059189.1	1551884	1551885	*	18	0	18	25	0	25	22	0	22	16	0	16	14	0	14	20	3	17	15	3	12	23	0	23	16	0	16	14	0	14	14	0	14	27	0	27	13	0	13	17	0	17	23	2	21	19	0	19	12	0	12	17	0	17	29	3	26
NC_059189.1	2027868	2027869	*	22	0	22	29	0	29	22	0	22	17	2	15	11	1	10	23	3	20	24	8	16	13	1	12	12	1	11	18	0	18	18	0	18	27	1	26	21	1	20	16	2	14	32	1	31	22	1	21	19	0	19	19	0	19	28	3	25
NC_059189.1	3694778	3694779	*	15	0	15	15	0	15	13	0	13	18	0	18	16	0	16	16	4	12	15	0	15	15	0	15	15	10	5	27	0	27	11	0	11	20	0	20	19	0	19	18	0	18	29	1	28	15	2	13	22	0	22	22	0	22	25	0	25
NC_059189.1	5720742	5720743	*	20	0	20	18	0	18	12	0	12	10	0	10	18	1	17	19	7	12	15	6	9	17	0	17	14	0	14	22	14	8	19	0	19	18	0	18	13	0	13	18	0	18	20	0	20	17	0	17	25	0	25	17	0	17	23	0	23
NC_059189.1	6538158	6538159	*	36	0	36	35	1	34	17	0	17	15	0	15	23	0	23	32	4	28	15	0	15	28	0	28	25	0	25	26	0	26	28	0	28	34	2	32	30	13	17	26	1	25	41	2	39	30	0	30	27	0	27	21	0	21	38	0	38
NC_059189.1	7540343	7540344	*	40	0	40	18	0	18	20	0	20	21	0	21	31	1	30	33	7	26	22	0	22	14	0	14	29	0	29	23	0	23	20	0	20	18	0	18	18	0	18	32	0	32	35	1	34	32	0	32	24	0	24	10	0	10	46	0	46
NC_059190.1	1445894	1445895	*	16	1	15	21	1	20	14	2	12	12	1	11	11	0	11	22	3	19	11	0	11	11	5	6	15	1	14	17	2	15	18	4	14	15	2	13	16	3	13	14	0	14	20	5	15	25	5	20	21	2	19	17	3	14	17	1	16
NC_059190.1	4608111	4608112	*	23	0	23	27	0	27	25	0	25	32	1	31	25	0	25	38	4	34	13	0	13	33	4	29	23	0	23	26	1	25	10	0	10	38	0	38	17	0	17	38	0	38	37	1	36	35	0	35	46	1	45	24	0	24	32	1	31
NC_059191.1	4226736	4226737	*	54	3	51	17	0	17	24	0	24	30	0	30	39	0	39	30	9	21	50	0	50	23	0	23	41	4	37	35	3	32	23	0	23	27	0	27	25	0	25	18	1	17	15	0	15	30	0	30	29	8	21	17	0	17	41	1	40
NC_059191.1	5464231	5464232	*	30	0	30	19	0	19	20	0	20	14	0	14	21	0	21	17	5	12	15	0	15	23	16	7	17	0	17	39	1	38	31	0	31	26	0	26	21	0	21	19	8	11	25	0	25	18	0	18	20	0	20	19	0	19	44	0	44
NC_059191.1	7174689	7174690	*	22	0	22	10	1	9	10	2	8	18	1	17	12	0	12	19	3	16	18	1	17	16	2	14	16	0	16	23	2	21	15	3	12	26	6	20	10	1	9	16	0	16	19	0	19	25	2	23	21	0	21	14	1	13	23	4	19
NC_059191.1	7799851	7799852	*	14	0	14	14	0	14	13	0	13	18	0	18	19	0	19	26	8	18	12	0	12	10	1	9	10	0	10	16	1	15	15	0	15	24	0	24	16	0	16	12	0	12	22	2	20	23	0	23	12	0	12	16	0	16	17	0	17
NC_059191.1	9191102	9191103	*	20	1	19	24	2	22	14	0	14	10	0	10	21	0	21	22	12	10	18	4	14	17	1	16	11	1	10	17	0	17	19	1	18	37	0	37	20	1	19	27	0	27	19	9	10	20	0	20	24	1	23	23	0	23	21	0	21
NC_059191.1	9191109	9191110	*	21	0	21	26	1	25	14	0	14	10	0	10	20	0	20	21	12	9	19	1	18	18	1	17	11	0	11	18	0	18	18	1	17	38	0	38	21	1	20	25	0	25	20	9	11	18	0	18	24	0	24	24	0	24	21	0	21
NW_025533130.1	224946	224947	*	23	0	23	20	0	20	16	0	16	24	0	24	37	0	37	23	5	18	22	0	22	21	0	21	14	0	14	25	0	25	17	0	17	25	0	25	16	0	16	24	0	24	39	0	39	20	0	20	27	0	27	15	1	14	35	0	35
NW_025533132.1	80599	80600	*	56	1	55	30	0	30	31	1	30	26	3	23	59	1	58	29	5	24	27	0	27	34	0	34	18	0	18	62	4	58	61	5	56	27	4	23	28	0	28	38	1	37	31	0	31	30	4	26	30	5	25	25	3	22	60	10	50
NW_025533175.1	29592	29593	*	27	1	26	29	1	28	15	0	15	11	0	11	29	3	26	34	9	25	41	5	36	24	0	24	13	0	13	35	0	35	25	0	25	40	3	37	16	0	16	15	1	14	23	0	23	21	0	21	21	1	20	21	0	21	48	0	48
NW_025533175.1	29656	29657	*	24	0	24	27	1	26	14	0	14	10	0	10	26	3	23	33	6	27	39	3	36	20	0	20	13	0	13	33	0	33	23	0	23	37	3	34	16	0	16	14	0	14	22	0	22	21	0	21	23	0	23	18	0	18	46	1	45
NW_025533332.1	29566	29567	*	57	0	57	50	3	47	45	0	45	22	0	22	41	1	40	42	8	34	36	4	32	36	0	36	24	0	24	60	0	60	47	0	47	56	1	55	40	0	40	46	6	40	53	0	53	49	9	40	48	1	47	36	6	30	79	0	79
NC_059182.1	1294337	1294338	*	13	0	13	17	0	17	18	0	18	12	0	12	23	1	22	20	0	20	15	5	10	19	0	19	15	0	15	19	0	19	13	0	13	19	0	19	18	0	18	22	1	21	27	0	27	17	0	17	20	0	20	13	1	12	28	0	28
NC_059182.1	1533023	1533024	*	16	1	15	15	0	15	13	0	13	12	0	12	12	0	12	10	0	10	12	10	2	16	7	9	10	0	10	19	0	19	11	3	8	24	2	22	23	18	5	15	9	6	29	21	8	19	11	8	12	8	4	20	12	8	19	2	17
NC_059182.1	1533043	1533044	*	15	0	15	14	0	14	13	0	13	12	0	12	13	0	13	11	0	11	10	8	2	15	0	15	12	0	12	20	0	20	11	3	8	23	0	23	25	9	16	15	7	8	29	13	16	20	9	11	15	9	6	20	9	11	21	0	21
NC_059182.1	1956903	1956904	*	15	0	15	25	2	23	16	0	16	11	0	11	12	0	12	20	0	20	20	3	17	15	0	15	11	0	11	23	1	22	23	0	23	21	0	21	16	1	15	15	0	15	13	0	13	20	0	20	19	0	19	19	0	19	24	1	23
NC_059182.1	5757575	5757576	*	11	0	11	25	0	25	19	0	19	17	0	17	20	0	20	15	0	15	19	9	10	15	0	15	12	0	12	13	0	13	14	1	13	29	1	28	15	0	15	22	0	22	30	0	30	22	1	21	20	0	20	17	0	17	23	0	23
NC_059182.1	11370576	11370577	*	21	0	21	21	0	21	10	0	10	15	0	15	30	0	30	23	0	23	14	5	9	12	0	12	21	0	21	19	0	19	20	1	19	17	0	17	19	0	19	27	0	27	27	0	27	60	0	60	19	0	19	13	0	13	33	0	33
NC_059182.1	12856735	12856736	*	18	0	18	21	0	21	28	0	28	11	0	11	13	0	13	20	0	20	14	4	10	14	0	14	13	0	13	16	0	16	12	1	11	12	0	12	15	2	13	14	0	14	19	2	17	15	1	14	19	0	19	23	0	23	26	0	26
NC_059182.1	13466040	13466041	*	13	0	13	14	0	14	11	0	11	12	0	12	10	0	10	22	0	22	16	5	11	14	0	14	14	0	14	22	0	22	13	9	4	28	0	28	14	0	14	20	0	20	21	0	21	15	0	15	16	0	16	12	0	12	22	0	22
NC_059182.1	13466064	13466065	*	15	0	15	15	0	15	10	0	10	13	0	13	11	0	11	21	0	21	15	3	12	15	0	15	17	0	17	24	0	24	14	8	6	28	0	28	17	0	17	21	0	21	23	0	23	21	0	21	16	0	16	11	0	11	22	0	22
NC_059183.1	2563371	2563372	*	11	0	11	14	1	13	11	0	11	13	0	13	17	2	15	13	0	13	16	10	6	15	2	13	19	1	18	17	3	14	15	2	13	18	1	17	14	0	14	18	0	18	20	1	19	29	4	25	18	0	18	13	1	12	15	1	14
NC_059183.1	3067053	3067054	*	45	0	45	31	0	31	27	1	26	24	0	24	38	0	38	38	1	37	28	4	24	18	0	18	15	0	15	26	0	26	63	4	59	36	1	35	30	1	29	32	0	32	54	2	52	37	1	36	36	0	36	24	3	21	56	1	55
NC_059183.1	3067092	3067093	*	55	0	55	35	0	35	31	0	31	26	0	26	48	0	48	44	0	44	34	5	29	19	0	19	14	0	14	29	0	29	76	3	73	37	1	36	28	0	28	42	0	42	66	10	56	38	0	38	40	0	40	25	0	25	63	1	62
NC_059183.1	11230322	11230323	*	27	1	26	24	0	24	13	0	13	16	0	16	15	0	15	25	0	25	12	6	6	11	0	11	16	0	16	17	0	17	22	1	21	26	0	26	14	1	13	16	8	8	21	0	21	11	0	11	26	0	26	14	0	14	22	0	22
NC_059183.1	11230364	11230365	*	22	0	22	23	0	23	13	0	13	16	0	16	16	0	16	23	0	23	13	5	8	10	0	10	14	0	14	17	0	17	24	0	24	28	0	28	19	0	19	16	8	8	18	0	18	11	0	11	22	0	22	17	0	17	24	1	23
NC_059183.1	17527576	17527577	*	20	0	20	18	0	18	14	0	14	17	0	17	12	0	12	16	0	16	12	3	9	21	0	21	17	0	17	16	0	16	11	0	11	20	0	20	11	0	11	11	0	11	26	0	26	29	0	29	14	0	14	20	0	20	24	0	24
NC_059184.1	805988	805989	*	21	0	21	22	0	22	15	1	14	24	0	24	16	0	16	20	0	20	10	4	6	19	0	19	17	0	17	26	0	26	18	0	18	29	0	29	11	0	11	21	0	21	16	0	16	17	0	17	22	0	22	15	0	15	29	0	29
NC_059184.1	805999	806000	*	24	0	24	23	0	23	15	0	15	26	0	26	18	0	18	19	0	19	10	4	6	18	0	18	18	0	18	25	0	25	21	0	21	29	0	29	12	0	12	22	0	22	16	0	16	17	0	17	25	0	25	16	0	16	33	0	33
NC_059184.1	806016	806017	*	22	0	22	22	0	22	16	0	16	24	0	24	17	0	17	18	0	18	11	5	6	16	0	16	18	0	18	25	0	25	22	0	22	28	0	28	13	0	13	23	1	22	14	0	14	16	0	16	27	0	27	15	0	15	34	0	34
NC_059184.1	806103	806104	*	19	0	19	15	0	15	16	0	16	24	0	24	18	0	18	14	0	14	15	9	6	15	7	8	13	0	13	18	0	18	20	1	19	25	0	25	17	0	17	21	0	21	24	0	24	16	0	16	34	0	34	17	0	17	30	0	30
NC_059184.1	806133	806134	*	21	0	21	15	0	15	12	0	12	23	2	21	17	0	17	15	0	15	14	9	5	18	5	13	11	0	11	17	0	17	25	0	25	24	0	24	18	0	18	20	1	19	25	2	23	14	0	14	31	0	31	14	0	14	28	1	27
NC_059184.1	806170	806171	*	18	0	18	17	0	17	12	0	12	18	0	18	11	0	11	14	0	14	14	10	4	18	1	17	10	0	10	14	0	14	26	2	24	27	1	26	16	0	16	22	0	22	26	0	26	13	0	13	30	0	30	16	1	15	23	1	22
NC_059184.1	806176	806177	*	17	0	17	20	0	20	12	0	12	19	0	19	10	0	10	14	0	14	14	9	5	18	0	18	10	0	10	14	0	14	26	0	26	26	0	26	16	0	16	21	0	21	26	0	26	13	0	13	30	0	30	15	0	15	23	0	23
NC_059184.1	807781	807782	*	18	1	17	16	0	16	10	0	10	13	0	13	12	0	12	17	0	17	16	6	10	11	0	11	14	0	14	18	0	18	13	0	13	18	0	18	19	1	18	16	0	16	26	0	26	28	0	28	12	0	12	13	0	13	23	0	23
NC_059184.1	807792	807793	*	17	0	17	17	0	17	12	0	12	13	0	13	12	0	12	18	0	18	16	6	10	13	0	13	13	0	13	17	0	17	13	0	13	20	0	20	19	0	19	18	0	18	25	0	25	30	0	30	14	0	14	14	0	14	23	0	23
NC_059184.1	2265396	2265397	*	20	0	20	14	0	14	10	0	10	17	0	17	16	0	16	22	0	22	13	3	10	14	1	13	11	0	11	18	1	17	16	0	16	22	10	12	13	5	8	12	11	1	19	10	9	27	13	14	17	14	3	16	11	5	27	12	15
NC_059184.1	2811603	2811604	*	19	0	19	20	0	20	14	0	14	18	0	18	20	0	20	16	0	16	19	5	14	17	0	17	13	1	12	19	0	19	23	0	23	30	0	30	20	0	20	19	1	18	22	0	22	23	0	23	28	0	28	11	0	11	34	0	34
NC_059184.1	3793785	3793786	*	18	1	17	17	0	17	21	0	21	16	0	16	20	0	20	16	0	16	20	3	17	18	5	13	11	0	11	18	0	18	30	0	30	25	0	25	18	2	16	16	0	16	22	4	18	25	0	25	29	0	29	19	0	19	23	0	23
NC_059184.1	4594261	4594262	*	13	0	13	24	0	24	14	0	14	17	0	17	11	0	11	17	0	17	17	5	12	16	0	16	16	0	16	15	0	15	14	0	14	23	16	7	19	7	12	19	7	12	20	6	14	29	10	19	17	5	12	18	0	18	23	11	12
NC_059184.1	4594317	4594318	*	14	0	14	28	0	28	17	0	17	16	0	16	13	0	13	19	0	19	19	7	12	17	0	17	20	0	20	14	0	14	17	0	17	29	21	8	23	12	11	22	12	10	18	7	11	24	1	23	22	8	14	16	0	16	27	11	16
NC_059184.1	6749772	6749773	*	16	0	16	20	0	20	13	0	13	13	0	13	13	0	13	27	0	27	14	6	8	16	0	16	10	0	10	16	0	16	17	0	17	20	0	20	26	0	26	18	0	18	21	0	21	14	1	13	11	0	11	13	0	13	25	0	25
NC_059185.1	1214631	1214632	*	20	0	20	18	0	18	17	0	17	10	0	10	14	0	14	13	0	13	22	8	14	14	0	14	10	0	10	13	1	12	11	0	11	21	0	21	23	0	23	16	1	15	28	0	28	23	11	12	16	13	3	22	0	22	22	0	22
NC_059185.1	1908006	1908007	*	28	0	28	25	0	25	17	0	17	14	0	14	16	0	16	15	0	15	28	5	23	21	0	21	20	0	20	16	0	16	13	0	13	32	0	32	17	0	17	25	1	24	35	0	35	21	0	21	20	0	20	15	0	15	35	0	35
NC_059185.1	4728780	4728781	*	26	0	26	28	0	28	25	0	25	21	0	21	19	0	19	34	0	34	33	10	23	19	0	19	27	0	27	21	0	21	21	0	21	32	1	31	28	0	28	21	0	21	36	1	35	30	0	30	27	0	27	24	0	24	26	0	26
NC_059185.1	12212130	12212131	*	14	0	14	18	0	18	10	0	10	12	0	12	19	1	18	15	0	15	18	5	13	14	0	14	14	0	14	17	0	17	17	0	17	23	0	23	12	0	12	17	0	17	20	0	20	24	1	23	16	0	16	16	0	16	24	0	24
NC_059185.1	13091293	13091294	*	51	0	51	53	0	53	18	0	18	20	0	20	21	0	21	35	0	35	25	6	19	18	0	18	26	0	26	56	0	56	32	0	32	63	0	63	49	0	49	50	0	50	43	8	35	27	1	26	39	0	39	29	1	28	92	0	92
NC_059186.1	8664923	8664924	*	13	0	13	13	0	13	15	0	15	10	0	10	18	0	18	15	0	15	18	7	11	15	0	15	16	0	16	16	0	16	15	0	15	15	0	15	18	0	18	19	0	19	16	0	16	16	0	16	16	0	16	15	0	15	21	1	20
NC_059186.1	8824026	8824027	*	20	1	19	16	1	15	13	1	12	18	0	18	15	1	14	21	1	20	19	7	12	14	0	14	13	0	13	16	0	16	12	3	9	31	11	20	27	1	26	13	1	12	22	17	5	26	2	24	22	0	22	18	0	18	19	2	17
NC_059187.1	302524	302525	*	22	2	20	18	0	18	20	1	19	18	1	17	13	0	13	20	1	19	21	3	18	23	2	21	14	0	14	18	1	17	13	3	10	10	3	7	15	1	14	14	2	12	15	2	13	19	3	16	23	1	22	13	3	10	26	7	19
NC_059187.1	1159481	1159482	*	21	1	20	20	2	18	26	1	25	13	0	13	25	1	24	20	0	20	15	3	12	19	3	16	15	0	15	24	2	22	28	2	26	27	0	27	20	1	19	15	0	15	36	1	35	27	1	26	22	1	21	17	0	17	19	0	19
NC_059187.1	1755192	1755193	*	19	0	19	17	1	16	20	0	20	13	0	13	14	0	14	25	0	25	15	5	10	17	0	17	16	1	15	12	0	12	21	0	21	24	1	23	15	1	14	17	1	16	25	0	25	24	0	24	19	2	17	19	0	19	25	4	21
NC_059187.1	1934469	1934470	*	10	0	10	18	0	18	10	0	10	12	0	12	13	0	13	25	0	25	17	3	14	14	0	14	12	0	12	18	0	18	13	0	13	22	0	22	17	0	17	22	0	22	27	0	27	22	0	22	24	0	24	18	0	18	20	0	20
NC_059187.1	2379137	2379138	*	17	0	17	21	0	21	10	0	10	18	0	18	15	0	15	13	0	13	20	14	6	13	0	13	14	0	14	23	0	23	22	0	22	16	0	16	25	0	25	17	0	17	20	0	20	20	0	20	13	0	13	12	0	12	13	0	13
NC_059187.1	2668027	2668028	*	19	0	19	18	0	18	12	2	10	10	0	10	18	0	18	12	0	12	15	4	11	12	6	6	15	0	15	13	0	13	13	0	13	28	0	28	11	0	11	18	0	18	21	0	21	31	0	31	17	0	17	17	0	17	39	16	23
NC_059187.1	3770251	3770252	*	15	0	15	24	0	24	18	0	18	21	0	21	14	0	14	16	0	16	18	17	1	29	1	28	11	0	11	24	13	11	20	8	12	28	0	28	19	8	11	21	3	18	30	2	28	24	11	13	18	2	16	13	0	13	32	2	30
NC_059187.1	3770262	3770263	*	15	0	15	24	0	24	18	0	18	21	0	21	14	0	14	16	2	14	16	15	1	27	4	23	11	2	9	21	12	9	19	11	8	28	0	28	19	10	9	21	5	16	31	8	23	23	12	11	18	3	15	13	1	12	32	4	28
NC_059187.1	8156178	8156179	*	14	0	14	21	1	20	23	0	23	16	2	14	22	1	21	32	1	31	17	5	12	15	1	14	16	0	16	29	0	29	27	4	23	29	0	29	26	8	18	20	1	19	27	0	27	26	0	26	23	5	18	15	0	15	28	0	28
NC_059187.1	8327277	8327278	*	14	2	12	27	1	26	22	1	21	19	0	19	20	0	20	20	0	20	19	6	13	15	7	8	12	0	12	30	0	30	26	1	25	22	10	12	18	0	18	14	12	2	27	8	19	19	1	18	25	0	25	26	0	26	39	1	38
NC_059187.1	10095339	10095340	*	18	0	18	27	0	27	11	0	11	24	0	24	20	0	20	16	0	16	24	10	14	17	0	17	23	0	23	27	0	27	28	0	28	32	0	32	20	0	20	29	0	29	36	0	36	25	0	25	23	0	23	28	0	28	39	0	39
NC_059188.1	283591	283592	*	14	0	14	18	0	18	23	0	23	28	0	28	18	0	18	16	0	16	17	5	12	20	0	20	14	0	14	21	8	13	15	5	10	28	0	28	18	0	18	22	4	18	20	0	20	26	0	26	18	0	18	15	2	13	24	6	18
NC_059188.1	554819	554820	*	16	0	16	17	1	16	18	0	18	18	0	18	18	0	18	27	0	27	19	3	16	11	1	10	16	0	16	19	1	18	19	1	18	27	0	27	18	0	18	10	0	10	17	0	17	18	0	18	20	1	19	18	3	15	25	0	25
NC_059188.1	924223	924224	*	17	0	17	13	0	13	18	0	18	15	0	15	10	0	10	25	1	24	12	4	8	14	0	14	15	0	15	15	0	15	22	0	22	25	0	25	22	0	22	19	14	5	18	0	18	18	0	18	14	0	14	20	0	20	31	15	16
NC_059188.1	2165192	2165193	*	19	0	19	30	0	30	15	1	14	18	0	18	16	0	16	15	0	15	12	5	7	20	0	20	15	0	15	24	0	24	13	0	13	21	0	21	25	0	25	31	0	31	16	0	16	23	0	23	24	0	24	19	0	19	26	0	26
NC_059188.1	10424496	10424497	*	13	0	13	13	0	13	28	0	28	27	0	27	21	0	21	15	0	15	17	3	14	16	0	16	20	0	20	18	0	18	20	0	20	18	0	18	22	0	22	23	0	23	29	11	18	21	0	21	22	8	14	18	0	18	25	0	25
NC_059188.1	10424619	10424620	*	18	0	18	16	0	16	20	0	20	18	0	18	24	0	24	17	0	17	17	7	10	15	0	15	18	0	18	31	0	31	21	0	21	23	2	21	18	0	18	18	0	18	19	0	19	18	0	18	23	0	23	17	0	17	30	0	30
NC_059188.1	10778364	10778365	*	16	0	16	16	0	16	17	0	17	11	0	11	22	0	22	18	0	18	10	4	6	16	0	16	12	0	12	17	1	16	17	0	17	15	0	15	12	0	12	18	0	18	29	1	28	13	0	13	18	4	14	15	1	14	30	0	30
NC_059189.1	747764	747765	*	11	0	11	15	1	14	18	1	17	12	0	12	14	2	12	15	0	15	15	3	12	19	16	3	10	0	10	12	0	12	14	11	3	16	10	6	12	4	8	18	9	9	18	0	18	15	3	12	13	0	13	15	0	15	15	0	15
NC_059189.1	1413456	1413457	*	24	0	24	19	0	19	21	0	21	15	2	13	27	0	27	19	0	19	20	7	13	18	0	18	17	0	17	23	1	22	19	0	19	18	1	17	22	0	22	19	0	19	21	0	21	20	1	19	28	0	28	18	0	18	27	0	27
NC_059189.1	1577896	1577897	*	18	2	16	20	2	18	10	1	9	20	1	19	16	0	16	22	2	20	18	3	15	19	0	19	13	1	12	30	3	27	14	5	9	37	0	37	22	2	20	16	0	16	18	0	18	14	0	14	16	1	15	14	0	14	34	7	27
NC_059189.1	5855847	5855848	*	21	0	21	27	2	25	17	0	17	17	0	17	20	0	20	35	0	35	24	9	15	15	0	15	16	0	16	23	0	23	27	1	26	27	0	27	29	0	29	27	1	26	38	2	36	25	1	24	36	0	36	19	0	19	27	0	27
NC_059189.1	10364591	10364592	*	16	0	16	19	0	19	23	0	23	16	0	16	15	0	15	24	0	24	20	5	15	16	0	16	19	0	19	28	1	27	18	0	18	29	0	29	14	0	14	24	1	23	33	0	33	19	0	19	15	0	15	16	0	16	33	0	33
NC_059189.1	10694526	10694527	*	21	0	21	11	0	11	21	1	20	15	0	15	12	0	12	23	0	23	25	12	13	14	0	14	13	1	12	24	0	24	18	2	16	20	0	20	22	0	22	19	0	19	22	3	19	25	2	23	27	5	22	27	15	12	41	0	41
NC_059189.1	10694545	10694546	*	21	0	21	10	0	10	22	0	22	11	0	11	11	0	11	21	0	21	24	12	12	13	0	13	13	0	13	20	0	20	17	0	17	18	0	18	18	0	18	18	0	18	21	1	20	22	0	22	28	0	28	22	12	10	40	0	40
NC_059190.1	2029800	2029801	*	20	0	20	29	0	29	19	0	19	16	0	16	19	0	19	19	0	19	15	6	9	22	0	22	12	0	12	28	1	27	11	4	7	23	0	23	14	0	14	17	0	17	20	0	20	21	0	21	32	19	13	15	7	8	30	0	30
NC_059190.1	4763891	4763892	*	15	0	15	12	0	12	17	0	17	10	0	10	12	0	12	21	0	21	17	5	12	13	0	13	16	0	16	18	0	18	13	0	13	17	0	17	13	0	13	12	0	12	14	0	14	22	0	22	15	1	14	10	0	10	20	0	20
NC_059191.1	771836	771837	*	13	0	13	16	0	16	16	0	16	26	0	26	14	0	14	20	0	20	17	3	14	18	0	18	11	0	11	16	0	16	19	1	18	22	0	22	21	0	21	22	0	22	26	0	26	30	0	30	13	0	13	12	0	12	27	0	27
NC_059191.1	1456775	1456776	*	14	0	14	20	1	19	10	2	8	21	0	21	16	0	16	18	2	16	19	3	16	23	3	20	13	2	11	19	2	17	16	0	16	28	1	27	13	1	12	11	5	6	16	3	13	20	0	20	25	0	25	18	0	18	20	1	19
NC_059191.1	2041458	2041459	*	30	0	30	23	0	23	27	0	27	17	0	17	12	1	11	15	0	15	14	3	11	26	0	26	17	0	17	40	0	40	24	0	24	28	0	28	21	0	21	28	0	28	22	0	22	19	0	19	29	1	28	18	0	18	25	0	25
NC_059191.1	3944901	3944902	*	17	0	17	44	0	44	12	0	12	57	1	56	38	0	38	56	3	53	68	5	63	20	1	19	30	1	29	60	10	50	47	1	46	50	0	50	34	0	34	79	5	74	81	0	81	91	1	90	46	1	45	33	1	32	78	0	78
NC_059191.1	8366850	8366851	*	13	0	13	11	0	11	18	0	18	15	0	15	16	0	16	15	0	15	14	6	8	14	0	14	11	0	11	16	0	16	13	0	13	25	0	25	10	0	10	23	0	23	19	0	19	18	0	18	19	0	19	19	0	19	18	0	18
NW_025533136.1	18572	18573	*	30	0	30	26	1	25	15	0	15	18	1	17	28	0	28	28	0	28	15	6	9	18	0	18	51	6	45	16	0	16	22	0	22	25	0	25	33	4	29	27	0	27	41	0	41	27	1	26	47	0	47	18	0	18	47	0	47
NW_025533136.1	29119	29120	*	50	2	48	43	2	41	27	0	27	27	1	26	46	2	44	64	4	60	55	7	48	32	1	31	29	5	24	31	0	31	46	1	45	37	0	37	32	4	28	72	8	64	85	4	81	52	6	46	36	1	35	20	3	17	61	7	54
NW_025533143.1	164813	164814	*	21	2	19	13	2	11	15	0	15	20	1	19	15	1	14	21	0	21	17	3	14	11	4	7	18	1	17	16	2	14	25	2	23	32	7	25	11	1	10	29	0	29	31	4	27	26	7	19	14	2	12	21	3	18	30	9	21
NW_025533168.1	64731	64732	*	26	0	26	25	0	25	15	0	15	15	1	14	32	3	29	24	0	24	16	7	9	14	0	14	19	0	19	24	1	23	30	0	30	17	0	17	18	1	17	18	0	18	30	2	28	28	3	25	23	0	23	22	0	22	31	0	31
NW_025533215.1	21701	21702	*	34	0	34	16	0	16	17	1	16	33	1	32	61	1	60	27	0	27	34	7	27	11	0	11	19	0	19	27	1	26	24	2	22	17	0	17	14	0	14	39	4	35	30	1	29	16	0	16	15	3	12	29	2	27	18	0	18
NW_025533332.1	9263	9264	*	20	1	19	28	3	25	22	1	21	16	1	15	27	1	26	28	3	25	34	4	30	21	1	20	17	2	15	26	4	22	21	4	17	26	0	26	22	0	22	29	0	29	42	0	42	15	1	14	27	0	27	29	1	28	44	1	43
NC_059182.1	1346551	1346552	*	20	0	20	24	0	24	26	0	26	15	0	15	22	0	22	23	0	23	18	0	18	12	3	9	10	0	10	11	0	11	16	0	16	23	0	23	24	0	24	11	0	11	26	0	26	17	0	17	21	0	21	16	0	16	13	0	13
NC_059182.1	7682091	7682092	*	28	0	28	22	0	22	17	0	17	12	0	12	19	0	19	20	0	20	14	0	14	20	11	9	14	1	13	25	0	25	17	1	16	27	0	27	19	0	19	16	0	16	33	0	33	28	0	28	18	0	18	20	0	20	25	0	25
NC_059182.1	11881060	11881061	*	10	2	8	26	1	25	22	0	22	24	1	23	24	0	24	14	2	12	18	0	18	13	3	10	28	0	28	22	1	21	22	0	22	23	2	21	23	1	22	24	11	13	31	2	29	20	0	20	27	1	26	22	0	22	31	0	31
NC_059182.1	12167674	12167675	*	12	1	11	12	0	12	12	0	12	12	0	12	13	0	13	15	0	15	12	0	12	19	11	8	11	0	11	17	0	17	17	0	17	15	0	15	16	0	16	17	0	17	18	0	18	17	0	17	16	0	16	16	0	16	24	0	24
NC_059182.1	12167686	12167687	*	13	0	13	12	0	12	12	0	12	12	1	11	11	0	11	15	1	14	11	0	11	19	4	15	10	0	10	18	0	18	17	0	17	16	0	16	17	0	17	17	0	17	17	0	17	19	0	19	16	1	15	16	0	16	24	0	24
NC_059182.1	12799113	12799114	*	17	0	17	12	1	11	15	0	15	10	0	10	13	0	13	20	1	19	12	0	12	11	4	7	11	0	11	12	0	12	10	0	10	15	1	14	11	0	11	13	1	12	11	0	11	20	0	20	12	0	12	12	0	12	22	0	22
NC_059182.1	12863997	12863998	*	14	0	14	13	0	13	19	0	19	20	0	20	14	0	14	24	0	24	13	0	13	12	6	6	16	0	16	18	11	7	16	0	16	22	0	22	19	0	19	22	1	21	18	0	18	15	0	15	23	0	23	16	0	16	29	0	29
NC_059182.1	12864002	12864003	*	14	0	14	12	0	12	19	0	19	19	0	19	14	0	14	23	0	23	13	1	12	12	5	7	16	0	16	18	10	8	15	0	15	21	0	21	20	0	20	23	0	23	17	0	17	15	0	15	23	0	23	17	0	17	27	0	27
NC_059182.1	12864025	12864026	*	14	0	14	13	0	13	19	1	18	14	0	14	12	0	12	18	1	17	12	0	12	14	6	8	13	0	13	17	10	7	16	0	16	17	0	17	17	0	17	23	0	23	16	0	16	16	0	16	21	0	21	17	0	17	26	0	26
NC_059182.1	12864032	12864033	*	15	0	15	13	0	13	19	0	19	14	0	14	12	0	12	16	0	16	12	0	12	14	6	8	13	0	13	18	10	8	16	1	15	17	0	17	17	0	17	23	0	23	16	0	16	16	0	16	21	0	21	17	0	17	26	0	26
NC_059182.1	12864043	12864044	*	16	0	16	11	0	11	17	2	15	15	1	14	12	0	12	17	0	17	13	0	13	14	6	8	13	0	13	18	10	8	15	1	14	18	0	18	17	0	17	25	1	24	15	0	15	16	0	16	23	0	23	17	1	16	26	0	26
NC_059182.1	12873400	12873401	*	29	0	29	19	0	19	16	0	16	20	0	20	15	0	15	21	0	21	20	0	20	15	3	12	18	0	18	24	0	24	21	0	21	31	0	31	29	0	29	15	0	15	29	0	29	29	1	28	10	0	10	27	0	27	26	1	25
NC_059182.1	12873404	12873405	*	28	0	28	18	0	18	16	0	16	18	0	18	15	0	15	21	0	21	21	0	21	15	4	11	18	0	18	25	0	25	21	1	20	32	0	32	29	0	29	15	0	15	30	0	30	29	0	29	11	0	11	26	1	25	28	0	28
NC_059182.1	12889966	12889967	*	19	0	19	19	0	19	11	0	11	21	0	21	13	0	13	15	0	15	16	1	15	16	3	13	14	6	8	13	0	13	16	0	16	26	12	14	12	0	12	15	0	15	21	0	21	26	0	26	17	0	17	16	0	16	21	6	15
NC_059182.1	15558128	15558129	*	10	0	10	20	2	18	10	0	10	14	0	14	13	0	13	13	0	13	14	0	14	11	4	7	13	0	13	19	2	17	10	1	9	16	0	16	14	0	14	20	0	20	23	0	23	19	11	8	15	0	15	16	0	16	18	0	18
NC_059182.1	16028932	16028933	*	19	2	17	24	2	22	23	1	22	10	0	10	23	0	23	26	0	26	12	0	12	14	3	11	24	1	23	13	0	13	22	0	22	33	1	32	27	0	27	19	1	18	35	13	22	27	1	26	26	0	26	14	0	14	22	0	22
NC_059182.1	16256992	16256993	*	15	0	15	11	0	11	14	0	14	10	1	9	12	0	12	18	0	18	15	0	15	13	8	5	14	0	14	15	4	11	13	0	13	16	0	16	10	0	10	17	1	16	18	0	18	19	0	19	14	0	14	16	1	15	14	0	14
NC_059182.1	18839803	18839804	*	14	0	14	20	0	20	23	0	23	17	0	17	24	0	24	29	0	29	12	0	12	19	11	8	18	1	17	20	0	20	18	0	18	29	1	28	16	0	16	14	0	14	33	1	32	29	0	29	19	0	19	11	0	11	29	0	29
NC_059183.1	467870	467871	*	16	0	16	20	0	20	10	0	10	23	0	23	19	0	19	12	0	12	16	0	16	22	4	18	12	0	12	30	0	30	27	0	27	30	0	30	21	0	21	19	0	19	38	0	38	26	0	26	20	0	20	23	0	23	29	0	29
NC_059183.1	1660870	1660871	*	18	0	18	28	2	26	10	0	10	17	0	17	14	0	14	21	0	21	21	1	20	26	5	21	24	2	22	25	1	24	23	1	22	33	1	32	21	4	17	20	2	18	21	0	21	25	1	24	24	1	23	16	0	16	23	0	23
NC_059183.1	3252517	3252518	*	19	0	19	26	0	26	15	0	15	15	0	15	12	0	12	16	0	16	13	0	13	16	4	12	13	0	13	18	0	18	18	0	18	20	0	20	23	0	23	17	0	17	26	1	25	20	0	20	17	0	17	12	0	12	20	0	20
NC_059183.1	6929558	6929559	*	16	0	16	17	0	17	14	0	14	10	0	10	10	0	10	23	1	22	10	0	10	15	9	6	12	0	12	15	0	15	13	0	13	24	0	24	21	0	21	21	0	21	21	0	21	27	0	27	15	0	15	18	1	17	20	0	20
NC_059183.1	7399546	7399547	*	23	0	23	26	0	26	15	0	15	14	0	14	23	0	23	27	0	27	24	0	24	18	7	11	24	0	24	21	0	21	33	0	33	39	0	39	14	0	14	29	0	29	29	0	29	26	0	26	22	0	22	25	0	25	26	0	26
NC_059183.1	7399600	7399601	*	25	0	25	25	0	25	15	0	15	15	0	15	23	0	23	25	1	24	25	0	25	18	9	9	22	0	22	21	0	21	40	0	40	34	0	34	12	0	12	27	0	27	28	0	28	28	0	28	23	0	23	22	1	21	32	0	32
NC_059183.1	7399608	7399609	*	23	0	23	25	0	25	16	0	16	15	0	15	23	0	23	24	0	24	24	1	23	19	10	9	20	0	20	21	0	21	40	1	39	35	0	35	11	0	11	28	0	28	28	0	28	28	0	28	23	0	23	22	0	22	31	0	31
NC_059183.1	7399647	7399648	*	24	1	23	19	0	19	18	0	18	12	0	12	21	0	21	23	0	23	23	0	23	16	10	6	17	0	17	21	0	21	36	0	36	30	0	30	11	0	11	27	0	27	27	0	27	30	0	30	24	1	23	19	0	19	32	0	32
NC_059183.1	7399658	7399659	*	24	1	23	17	0	17	18	0	18	11	0	11	22	0	22	22	0	22	22	2	20	15	9	6	16	0	16	21	0	21	35	0	35	29	0	29	11	0	11	27	0	27	26	0	26	27	0	27	21	0	21	16	0	16	29	1	28
NC_059183.1	7494514	7494515	*	13	0	13	15	0	15	12	0	12	14	0	14	11	0	11	16	0	16	17	0	17	17	4	13	11	0	11	23	0	23	15	0	15	23	0	23	18	0	18	16	3	13	21	0	21	20	0	20	14	0	14	11	0	11	21	0	21
NC_059183.1	8418151	8418152	*	20	0	20	11	0	11	13	0	13	10	2	8	17	0	17	15	0	15	12	0	12	16	13	3	10	2	8	20	0	20	13	0	13	16	0	16	18	0	18	12	3	9	23	2	21	24	0	24	15	0	15	17	0	17	28	0	28
NC_059183.1	8418153	8418154	*	20	0	20	11	0	11	13	0	13	10	2	8	17	0	17	15	0	15	12	0	12	17	14	3	10	2	8	19	0	19	12	0	12	16	0	16	17	0	17	12	3	9	23	1	22	25	0	25	15	0	15	17	0	17	27	0	27
NC_059183.1	8418187	8418188	*	21	0	21	11	0	11	10	0	10	12	0	12	16	1	15	14	0	14	10	0	10	15	13	2	13	1	12	17	0	17	11	0	11	21	3	18	14	0	14	11	5	6	22	0	22	22	0	22	14	0	14	17	0	17	28	0	28
NC_059183.1	11894732	11894733	*	18	0	18	18	0	18	18	1	17	18	0	18	12	0	12	20	0	20	16	0	16	16	3	13	11	0	11	20	0	20	20	1	19	27	0	27	12	2	10	15	1	14	25	2	23	24	2	22	14	0	14	20	0	20	25	0	25
NC_059183.1	12502367	12502368	*	18	0	18	18	0	18	21	0	21	17	0	17	23	0	23	27	0	27	14	0	14	17	10	7	18	0	18	22	0	22	18	0	18	28	0	28	17	0	17	21	0	21	29	0	29	27	0	27	24	7	17	20	0	20	34	17	17
NC_059183.1	12502391	12502392	*	15	0	15	17	0	17	22	0	22	17	0	17	23	0	23	27	0	27	16	0	16	12	6	6	17	0	17	24	0	24	14	0	14	27	0	27	19	0	19	23	0	23	32	0	32	27	0	27	23	5	18	18	0	18	31	15	16
NC_059183.1	14018566	14018567	*	12	0	12	22	0	22	16	0	16	12	0	12	15	0	15	15	0	15	12	0	12	13	5	8	11	0	11	13	0	13	15	0	15	26	0	26	12	1	11	18	0	18	21	1	20	24	0	24	20	0	20	16	4	12	27	0	27
NC_059183.1	15547935	15547936	*	18	0	18	25	0	25	16	0	16	10	0	10	14	0	14	16	0	16	16	0	16	11	3	8	13	0	13	14	0	14	16	0	16	28	0	28	20	0	20	13	0	13	28	0	28	27	0	27	23	0	23	22	0	22	24	0	24
NC_059183.1	15547949	15547950	*	18	0	18	23	0	23	15	0	15	11	0	11	13	0	13	16	0	16	18	0	18	10	3	7	14	0	14	14	0	14	16	0	16	26	0	26	20	0	20	15	0	15	28	0	28	25	0	25	22	0	22	20	0	20	24	0	24
NC_059183.1	15547952	15547953	*	18	0	18	22	0	22	15	0	15	11	0	11	13	0	13	15	0	15	18	0	18	10	3	7	14	0	14	14	0	14	16	0	16	26	0	26	20	0	20	15	0	15	28	0	28	25	0	25	22	0	22	20	0	20	23	0	23
NC_059183.1	15547954	15547955	*	18	0	18	22	0	22	17	0	17	11	0	11	13	0	13	16	0	16	20	0	20	10	3	7	14	0	14	14	0	14	16	0	16	25	0	25	20	0	20	15	0	15	28	0	28	25	0	25	22	0	22	20	0	20	23	0	23
NC_059183.1	15672499	15672500	*	28	0	28	19	0	19	34	1	33	24	0	24	34	1	33	23	0	23	27	0	27	40	5	35	21	0	21	40	4	36	25	2	23	37	0	37	47	1	46	32	0	32	32	0	32	30	0	30	35	0	35	27	0	27	49	0	49
NC_059184.1	2544488	2544489	*	15	0	15	18	0	18	12	1	11	17	0	17	11	0	11	13	0	13	13	1	12	15	7	8	10	0	10	16	0	16	14	0	14	26	0	26	13	0	13	10	1	9	18	0	18	25	0	25	15	1	14	22	0	22	20	0	20
NC_059184.1	2819131	2819132	*	10	0	10	12	1	11	10	2	8	15	0	15	16	1	15	11	0	11	15	0	15	13	5	8	12	0	12	15	0	15	10	0	10	16	1	15	16	0	16	12	0	12	20	2	18	15	1	14	12	6	6	17	0	17	23	1	22
NC_059184.1	2854662	2854663	*	16	1	15	12	1	11	11	0	11	10	1	9	15	0	15	15	0	15	15	0	15	15	5	10	13	0	13	14	7	7	18	1	17	14	1	13	17	1	16	20	9	11	20	1	19	23	1	22	12	4	8	12	0	12	21	1	20
NC_059184.1	9717219	9717220	*	20	0	20	34	0	34	15	0	15	20	0	20	15	0	15	21	0	21	24	0	24	15	4	11	15	0	15	18	1	17	14	0	14	36	0	36	23	0	23	24	1	23	27	4	23	26	0	26	25	0	25	27	0	27	27	0	27
NC_059184.1	12278319	12278320	*	20	0	20	25	0	25	18	0	18	12	0	12	14	0	14	22	0	22	15	0	15	18	4	14	13	0	13	33	0	33	11	0	11	24	0	24	18	0	18	15	0	15	26	0	26	22	0	22	25	0	25	18	0	18	28	0	28
NC_059184.1	13608878	13608879	*	26	1	25	19	0	19	18	0	18	16	0	16	17	0	17	15	0	15	13	0	13	18	7	11	16	0	16	24	0	24	27	0	27	26	0	26	24	0	24	25	0	25	22	0	22	17	0	17	19	0	19	15	0	15	32	0	32
NC_059185.1	1748794	1748795	*	11	0	11	15	0	15	14	0	14	10	0	10	12	0	12	19	0	19	10	0	10	10	3	7	14	0	14	17	0	17	13	0	13	19	0	19	13	0	13	15	0	15	19	0	19	16	0	16	20	0	20	10	0	10	26	0	26
NC_059185.1	2442307	2442308	*	10	0	10	14	0	14	11	0	11	13	0	13	12	0	12	13	0	13	11	0	11	19	9	10	15	0	15	13	5	8	17	4	13	18	0	18	12	2	10	22	0	22	11	0	11	31	13	18	18	1	17	18	0	18	27	0	27
NC_059185.1	3177452	3177453	*	14	0	14	21	0	21	14	0	14	23	0	23	20	0	20	21	0	21	11	0	11	12	6	6	13	0	13	16	0	16	13	0	13	19	0	19	12	0	12	13	1	12	23	0	23	20	0	20	10	0	10	13	0	13	25	0	25
NC_059185.1	4314529	4314530	*	22	0	22	20	0	20	17	0	17	14	0	14	14	1	13	15	0	15	20	0	20	13	6	7	15	0	15	25	0	25	23	1	22	21	0	21	13	0	13	18	0	18	21	0	21	20	0	20	23	0	23	11	0	11	35	1	34
NC_059185.1	4508268	4508269	*	18	0	18	14	0	14	24	1	23	11	0	11	18	0	18	13	0	13	20	0	20	19	6	13	10	0	10	19	0	19	29	0	29	23	0	23	17	0	17	16	0	16	25	1	24	19	3	16	17	0	17	12	0	12	24	0	24
NC_059185.1	9641047	9641048	*	11	0	11	18	0	18	13	0	13	18	1	17	20	0	20	17	0	17	19	0	19	12	8	4	10	0	10	13	0	13	11	0	11	21	0	21	18	0	18	16	1	15	17	0	17	20	0	20	18	0	18	18	0	18	22	0	22
NC_059185.1	10239863	10239864	*	18	0	18	19	0	19	21	0	21	16	0	16	24	0	24	21	0	21	17	0	17	20	4	16	16	0	16	14	0	14	31	1	30	29	0	29	17	0	17	26	0	26	26	0	26	24	2	22	21	0	21	13	0	13	27	1	26
NC_059186.1	254478	254479	*	22	0	22	34	0	34	21	0	21	25	0	25	32	0	32	24	0	24	24	0	24	16	6	10	25	0	25	32	2	30	41	0	41	43	0	43	25	0	25	29	0	29	41	1	40	28	10	18	41	2	39	33	0	33	35	0	35
NC_059186.1	329590	329591	*	33	0	33	28	2	26	23	0	23	18	0	18	26	1	25	25	0	25	18	0	18	24	3	21	24	0	24	31	2	29	42	0	42	32	0	32	26	0	26	18	0	18	47	3	44	18	1	17	29	2	27	20	0	20	48	3	45
NC_059186.1	2883537	2883538	*	24	0	24	22	0	22	13	2	11	21	0	21	22	0	22	13	0	13	19	0	19	18	3	15	14	0	14	19	0	19	19	0	19	39	0	39	25	4	21	23	0	23	23	0	23	27	2	25	28	0	28	26	0	26	37	0	37
NC_059186.1	2918008	2918009	*	40	0	40	14	0	14	34	0	34	15	0	15	18	0	18	27	0	27	17	0	17	29	6	23	23	0	23	17	0	17	33	0	33	28	0	28	31	0	31	42	0	42	63	0	63	45	0	45	20	0	20	27	0	27	21	1	20
NC_059186.1	9074945	9074946	*	16	0	16	19	0	19	20	0	20	13	0	13	13	0	13	20	1	19	12	0	12	18	7	11	14	0	14	20	0	20	10	0	10	14	0	14	14	2	12	21	0	21	27	0	27	18	0	18	23	0	23	11	0	11	29	9	20
NC_059186.1	9263565	9263566	*	22	0	22	21	0	21	18	0	18	12	0	12	13	0	13	14	0	14	19	1	18	11	3	8	15	0	15	12	0	12	14	0	14	21	0	21	23	0	23	21	0	21	22	1	21	19	0	19	24	3	21	21	0	21	27	0	27
NC_059186.1	12458950	12458951	*	16	1	15	24	1	23	19	0	19	14	0	14	23	0	23	16	0	16	11	0	11	20	12	8	14	0	14	14	7	7	16	1	15	32	0	32	22	0	22	16	0	16	28	1	27	25	0	25	14	0	14	20	0	20	33	0	33
NC_059187.1	531860	531861	*	28	0	28	13	0	13	13	0	13	18	0	18	24	0	24	10	0	10	23	1	22	16	8	8	14	0	14	19	0	19	19	0	19	23	0	23	17	0	17	20	10	10	27	0	27	18	0	18	15	0	15	16	0	16	24	0	24
NC_059187.1	1422115	1422116	*	23	1	22	19	0	19	13	0	13	11	0	11	14	1	13	18	0	18	13	1	12	13	3	10	18	2	16	20	2	18	17	0	17	21	1	20	15	0	15	20	0	20	25	2	23	18	1	17	21	1	20	23	0	23	40	2	38
NC_059187.1	2711322	2711323	*	15	0	15	13	0	13	17	0	17	19	0	19	16	1	15	17	0	17	19	0	19	17	3	14	26	0	26	28	0	28	12	0	12	23	0	23	22	0	22	21	0	21	36	0	36	26	0	26	17	0	17	28	0	28	24	1	23
NC_059187.1	2836137	2836138	*	12	0	12	15	0	15	11	1	10	15	0	15	17	0	17	15	0	15	15	0	15	15	7	8	12	0	12	16	0	16	16	0	16	24	0	24	19	0	19	25	0	25	19	0	19	18	0	18	23	0	23	16	0	16	25	0	25
NC_059187.1	2993433	2993434	*	12	0	12	20	0	20	18	0	18	16	0	16	29	0	29	23	0	23	16	0	16	23	7	16	16	0	16	16	1	15	16	0	16	27	0	27	17	0	17	31	0	31	18	0	18	21	0	21	21	0	21	14	0	14	39	0	39
NC_059187.1	3414096	3414097	*	24	0	24	15	0	15	19	1	18	14	0	14	15	0	15	22	0	22	15	0	15	13	7	6	18	0	18	27	1	26	16	1	15	25	0	25	22	0	22	20	0	20	28	0	28	15	0	15	28	0	28	13	0	13	31	0	31
NC_059187.1	3414115	3414116	*	23	0	23	16	0	16	18	0	18	15	0	15	16	0	16	23	0	23	15	0	15	11	7	4	19	0	19	26	2	24	17	1	16	29	1	28	24	0	24	19	1	18	30	0	30	19	0	19	29	0	29	12	1	11	32	0	32
NC_059187.1	3414130	3414131	*	20	0	20	17	0	17	19	0	19	16	0	16	15	0	15	24	0	24	10	0	10	11	7	4	19	0	19	25	2	23	17	0	17	31	0	31	25	0	25	20	0	20	27	0	27	18	0	18	28	0	28	12	0	12	31	0	31
NC_059187.1	3867824	3867825	*	32	0	32	20	1	19	17	0	17	10	0	10	23	0	23	19	0	19	17	0	17	16	3	13	25	0	25	35	1	34	35	4	31	33	1	32	15	0	15	16	0	16	41	1	40	15	1	14	14	1	13	17	0	17	29	0	29
NC_059187.1	7301562	7301563	*	25	0	25	29	0	29	21	0	21	14	0	14	36	0	36	20	0	20	20	0	20	16	3	13	13	0	13	22	0	22	26	1	25	25	0	25	30	0	30	24	0	24	43	0	43	19	0	19	23	0	23	20	0	20	37	0	37
NC_059187.1	7727032	7727033	*	16	1	15	20	1	19	12	1	11	14	0	14	15	0	15	14	0	14	15	1	14	11	11	0	12	0	12	11	1	10	13	0	13	18	0	18	24	6	18	17	0	17	26	1	25	16	0	16	17	1	16	16	0	16	21	0	21
NC_059187.1	9206963	9206964	*	12	0	12	19	0	19	12	0	12	18	0	18	17	0	17	12	0	12	11	0	11	13	6	7	12	0	12	13	0	13	13	0	13	15	0	15	10	0	10	20	0	20	28	0	28	15	0	15	22	0	22	15	0	15	24	0	24
NC_059187.1	9345997	9345998	*	15	1	14	15	0	15	17	0	17	19	0	19	15	0	15	11	0	11	16	0	16	21	4	17	12	0	12	22	0	22	17	0	17	18	1	17	20	0	20	20	1	19	17	3	14	31	0	31	22	0	22	16	0	16	24	1	23
NC_059187.1	9749283	9749284	*	16	0	16	12	0	12	17	2	15	11	0	11	12	0	12	18	0	18	17	0	17	10	6	4	16	1	15	17	0	17	13	1	12	17	0	17	10	0	10	12	1	11	31	2	29	18	0	18	23	0	23	11	0	11	30	0	30
NC_059187.1	9749292	9749293	*	18	0	18	12	0	12	18	1	17	12	0	12	11	0	11	16	1	15	17	0	17	10	6	4	17	0	17	16	0	16	16	0	16	18	0	18	12	0	12	11	0	11	32	1	31	16	0	16	21	0	21	11	0	11	31	0	31
NC_059187.1	9749295	9749296	*	19	0	19	12	0	12	18	0	18	13	0	13	11	0	11	16	0	16	17	0	17	11	7	4	17	0	17	17	1	16	17	2	15	20	0	20	12	0	12	11	0	11	32	0	32	16	1	15	20	0	20	11	0	11	30	0	30
NC_059187.1	9749308	9749309	*	20	0	20	12	0	12	19	0	19	15	0	15	12	0	12	16	0	16	17	0	17	11	6	5	17	0	17	16	0	16	17	1	16	25	0	25	14	0	14	12	0	12	32	1	31	18	0	18	19	0	19	15	0	15	28	0	28
NC_059187.1	9855946	9855947	*	11	1	10	24	0	24	14	0	14	15	0	15	19	0	19	14	0	14	14	0	14	17	9	8	10	0	10	16	0	16	12	0	12	23	0	23	13	0	13	20	0	20	18	0	18	13	0	13	16	0	16	13	0	13	18	0	18
NC_059187.1	9855949	9855950	*	11	0	11	24	0	24	14	0	14	14	0	14	19	0	19	13	0	13	14	0	14	18	10	8	10	0	10	15	0	15	12	0	12	22	0	22	13	0	13	20	0	20	18	0	18	13	0	13	16	0	16	13	0	13	18	0	18
NC_059187.1	9855972	9855973	*	13	0	13	25	1	24	15	0	15	13	0	13	20	0	20	15	0	15	16	0	16	18	10	8	10	0	10	17	0	17	10	0	10	24	0	24	12	0	12	21	0	21	20	0	20	12	0	12	15	0	15	13	0	13	17	0	17
NC_059188.1	424835	424836	*	15	0	15	25	0	25	16	0	16	16	0	16	15	0	15	14	0	14	15	0	15	17	12	5	19	0	19	21	0	21	21	0	21	22	0	22	23	0	23	20	0	20	31	0	31	25	0	25	21	0	21	16	0	16	39	0	39
NC_059188.1	1918143	1918144	*	18	0	18	18	0	18	19	0	19	14	0	14	16	0	16	29	0	29	17	0	17	19	4	15	15	0	15	29	0	29	26	0	26	22	0	22	28	2	26	23	1	22	27	0	27	23	0	23	26	0	26	24	6	18	31	0	31
NC_059188.1	10082697	10082698	*	19	0	19	15	1	14	10	2	8	14	0	14	10	0	10	13	0	13	13	1	12	11	4	7	14	0	14	15	0	15	11	1	10	19	1	18	17	0	17	15	0	15	29	16	13	22	0	22	13	0	13	10	1	9	26	0	26
NC_059188.1	11251533	11251534	*	21	0	21	19	0	19	12	0	12	13	0	13	12	0	12	19	0	19	13	0	13	19	9	10	22	0	22	26	0	26	11	0	11	21	0	21	21	0	21	17	0	17	28	0	28	22	0	22	14	0	14	19	0	19	24	0	24
NC_059188.1	11926629	11926630	*	15	0	15	23	2	21	16	0	16	18	0	18	16	0	16	15	1	14	10	2	8	21	6	15	21	0	21	18	0	18	18	1	17	22	3	19	20	0	20	22	0	22	17	3	14	20	1	19	19	1	18	16	1	15	22	5	17
NC_059188.1	12148452	12148453	*	23	0	23	20	0	20	17	0	17	19	0	19	19	0	19	20	0	20	11	0	11	11	4	7	12	0	12	12	0	12	13	6	7	15	0	15	10	0	10	21	15	6	23	12	11	15	0	15	24	9	15	10	0	10	20	0	20
NC_059188.1	12707080	12707081	*	19	0	19	26	1	25	17	0	17	17	0	17	12	0	12	23	0	23	19	0	19	13	3	10	14	0	14	18	0	18	11	0	11	26	0	26	17	0	17	18	0	18	20	0	20	26	0	26	28	2	26	23	0	23	36	1	35
NC_059188.1	12707101	12707102	*	22	0	22	23	2	21	17	0	17	18	0	18	11	0	11	24	0	24	18	0	18	11	4	7	15	0	15	15	1	14	14	1	13	27	0	27	19	0	19	18	0	18	20	0	20	25	1	24	29	4	25	23	0	23	38	1	37
NC_059188.1	13306940	13306941	*	21	0	21	14	0	14	27	0	27	22	0	22	15	0	15	18	0	18	19	0	19	24	5	19	13	0	13	17	0	17	19	0	19	27	0	27	23	0	23	23	0	23	28	0	28	16	0	16	36	0	36	18	1	17	25	1	24
NC_059188.1	13637071	13637072	*	16	0	16	20	2	18	17	0	17	14	0	14	19	0	19	22	1	21	16	1	15	16	3	13	19	0	19	31	0	31	19	1	18	37	1	36	20	2	18	28	0	28	30	2	28	37	2	35	23	0	23	18	0	18	21	2	19
NC_059188.1	13637073	13637074	*	16	0	16	20	0	20	17	0	17	14	0	14	19	0	19	22	0	22	16	0	16	16	3	13	19	0	19	31	0	31	20	0	20	34	0	34	20	0	20	27	0	27	30	0	30	38	0	38	23	0	23	18	0	18	21	1	20
NC_059188.1	13637098	13637099	*	14	0	14	19	0	19	16	0	16	17	0	17	18	0	18	20	0	20	14	0	14	14	3	11	18	0	18	27	0	27	24	0	24	33	0	33	18	1	17	24	0	24	37	0	37	36	0	36	20	0	20	17	0	17	21	1	20
NC_059189.1	6082036	6082037	*	17	0	17	21	2	19	11	0	11	25	1	24	16	2	14	21	1	20	13	0	13	15	4	11	20	0	20	15	1	14	33	8	25	35	0	35	14	0	14	13	5	8	32	1	31	41	7	34	18	0	18	21	0	21	60	0	60
NC_059189.1	7512424	7512425	*	16	0	16	13	0	13	15	0	15	12	0	12	14	0	14	36	2	34	15	0	15	17	4	13	15	0	15	18	0	18	23	0	23	28	1	27	22	0	22	26	1	25	28	0	28	20	0	20	26	0	26	23	0	23	19	1	18
NC_059189.1	7537738	7537739	*	26	0	26	19	0	19	13	0	13	20	0	20	13	0	13	25	0	25	14	0	14	19	6	13	20	0	20	15	0	15	19	0	19	26	0	26	11	0	11	12	0	12	32	0	32	23	0	23	19	0	19	14	0	14	19	1	18
NC_059189.1	10705029	10705030	*	14	1	13	22	1	21	22	0	22	12	0	12	18	0	18	17	0	17	22	0	22	13	5	8	20	0	20	23	0	23	17	1	16	19	0	19	21	0	21	19	1	18	24	0	24	19	0	19	21	4	17	20	0	20	30	5	25
NC_059190.1	93602	93603	*	12	0	12	16	0	16	13	0	13	14	1	13	14	0	14	10	0	10	16	0	16	13	4	9	13	0	13	13	0	13	19	12	7	18	1	17	12	8	4	15	0	15	13	0	13	20	0	20	20	6	14	14	0	14	13	4	9
NC_059190.1	3310743	3310744	*	20	0	20	31	0	31	18	0	18	24	0	24	15	0	15	20	0	20	19	0	19	15	4	11	18	0	18	26	0	26	19	1	18	34	0	34	24	0	24	19	0	19	34	1	33	31	0	31	18	0	18	16	0	16	39	0	39
NC_059190.1	3634145	3634146	*	16	1	15	17	2	15	11	2	9	13	1	12	11	1	10	23	1	22	15	0	15	18	5	13	14	1	13	14	0	14	13	1	12	16	0	16	14	3	11	16	0	16	17	5	12	23	2	21	12	0	12	11	0	11	19	0	19
NC_059191.1	577205	577206	*	23	0	23	19	1	18	18	0	18	19	0	19	13	0	13	15	2	13	16	0	16	14	4	10	10	0	10	12	0	12	24	0	24	31	1	30	20	1	19	20	0	20	29	2	27	26	8	18	29	0	29	19	0	19	23	0	23
NC_059191.1	2529563	2529564	*	22	0	22	28	0	28	20	0	20	15	0	15	17	0	17	17	0	17	14	0	14	23	22	1	16	0	16	17	0	17	12	0	12	26	0	26	19	0	19	18	1	17	25	13	12	25	0	25	28	0	28	15	0	15	30	0	30
NC_059191.1	8552999	8553000	*	15	0	15	21	0	21	11	0	11	21	1	20	11	0	11	25	0	25	17	0	17	13	6	7	15	0	15	10	0	10	11	0	11	17	0	17	19	0	19	16	0	16	19	0	19	19	0	19	15	0	15	16	0	16	24	0	24
NC_059191.1	9638158	9638159	*	24	1	23	25	0	25	17	0	17	21	0	21	20	1	19	19	0	19	14	1	13	20	3	17	20	1	19	18	0	18	24	3	21	24	0	24	24	0	24	23	1	22	38	1	37	23	2	21	22	2	20	18	0	18	34	0	34
NW_025533120.1	190451	190452	*	39	0	39	25	0	25	36	0	36	11	0	11	49	0	49	30	0	30	30	0	30	20	9	11	12	0	12	33	0	33	20	0	20	30	1	29	37	0	37	28	0	28	44	0	44	37	0	37	12	0	12	19	0	19	28	0	28
NW_025533121.1	47742	47743	*	29	0	29	38	2	36	19	0	19	45	0	45	33	0	33	27	1	26	33	0	33	20	4	16	30	1	29	38	0	38	32	7	25	39	0	39	28	0	28	45	1	44	30	0	30	26	0	26	40	0	40	12	0	12	75	0	75
NW_025533136.1	36926	36927	*	26	0	26	18	0	18	17	0	17	19	0	19	19	0	19	25	0	25	24	2	22	19	4	15	27	0	27	29	0	29	21	2	19	26	2	24	38	1	37	29	0	29	34	0	34	29	1	28	24	0	24	21	0	21	32	0	32
NW_025533175.1	35821	35822	*	23	0	23	23	0	23	14	0	14	16	0	16	21	0	21	24	0	24	14	0	14	23	9	14	18	0	18	34	0	34	29	6	23	14	0	14	25	0	25	26	0	26	42	0	42	15	0	15	24	0	24	11	0	11	28	1	27
NC_059182.1	4115081	4115082	*	12	0	12	10	0	10	19	0	19	16	0	16	11	0	11	18	0	18	23	0	23	11	0	11	14	4	10	24	0	24	16	8	8	21	1	20	22	0	22	19	0	19	20	0	20	27	0	27	13	1	12	16	0	16	32	6	26
NC_059182.1	4120674	4120675	*	23	0	23	18	0	18	21	0	21	15	1	14	21	0	21	11	0	11	19	0	19	17	0	17	10	6	4	14	0	14	17	0	17	18	0	18	15	0	15	16	0	16	15	0	15	23	0	23	17	0	17	19	0	19	16	0	16
NC_059182.1	4284400	4284401	*	19	0	19	15	0	15	21	0	21	11	0	11	10	0	10	22	0	22	19	0	19	15	0	15	17	7	10	21	7	14	10	4	6	17	11	6	17	17	0	17	1	16	27	0	27	29	10	19	15	9	6	15	0	15	19	16	3
NC_059182.1	4284406	4284407	*	20	0	20	15	0	15	20	0	20	10	0	10	10	0	10	21	0	21	17	0	17	15	0	15	17	7	10	20	6	14	10	0	10	16	11	5	17	5	12	17	1	16	24	0	24	28	0	28	15	0	15	14	0	14	20	12	8
NC_059182.1	7216398	7216399	*	12	0	12	17	0	17	13	0	13	21	0	21	11	0	11	16	0	16	18	0	18	10	0	10	12	3	9	11	0	11	10	0	10	22	0	22	19	0	19	18	0	18	12	0	12	20	0	20	15	0	15	21	0	21	20	0	20
NC_059182.1	12004241	12004242	*	15	0	15	22	0	22	15	0	15	10	0	10	15	0	15	10	0	10	22	0	22	12	0	12	12	7	5	25	0	25	25	0	25	29	0	29	17	5	12	12	0	12	24	0	24	28	0	28	17	6	11	17	0	17	17	0	17
NC_059182.1	12889902	12889903	*	16	0	16	14	0	14	15	0	15	20	0	20	11	0	11	17	0	17	13	0	13	17	1	16	13	7	6	10	0	10	16	0	16	22	9	13	11	0	11	15	0	15	20	0	20	26	2	24	18	0	18	23	0	23	14	4	10
NC_059182.1	12889919	12889920	*	19	0	19	17	0	17	14	0	14	20	0	20	11	0	11	17	0	17	17	0	17	17	1	16	13	6	7	15	0	15	15	0	15	23	9	14	13	0	13	16	1	15	21	0	21	30	0	30	19	0	19	23	0	23	13	3	10
NC_059182.1	12889945	12889946	*	20	0	20	19	0	19	12	0	12	22	0	22	12	0	12	17	0	17	18	0	18	17	0	17	14	6	8	15	0	15	16	0	16	25	11	14	15	0	15	17	0	17	22	0	22	27	0	27	17	0	17	18	0	18	15	3	12
NC_059182.1	14113094	14113095	*	14	0	14	16	0	16	15	0	15	15	0	15	15	0	15	26	0	26	12	0	12	11	0	11	17	7	10	17	0	17	13	6	7	14	5	9	15	5	10	13	0	13	18	0	18	20	0	20	16	2	14	14	0	14	18	0	18
NC_059182.1	18187032	18187033	*	26	0	26	32	1	31	21	0	21	17	0	17	25	0	25	26	0	26	18	0	18	17	0	17	17	12	5	33	0	33	31	0	31	35	0	35	23	1	22	25	1	24	19	0	19	21	0	21	27	0	27	20	0	20	22	0	22
NC_059183.1	3284973	3284974	*	23	0	23	14	0	14	10	0	10	20	0	20	23	0	23	22	0	22	21	0	21	12	1	11	19	4	15	17	0	17	14	0	14	21	0	21	23	1	22	20	0	20	19	0	19	18	0	18	17	0	17	13	0	13	20	0	20
NC_059183.1	14159673	14159674	*	15	0	15	10	2	8	21	0	21	15	0	15	14	0	14	13	0	13	19	0	19	16	0	16	17	8	9	21	0	21	20	9	11	21	0	21	14	0	14	21	8	13	26	0	26	21	10	11	18	0	18	21	0	21	28	0	28
NC_059183.1	14184806	14184807	*	17	0	17	36	0	36	17	0	17	21	0	21	16	0	16	17	0	17	20	0	20	11	0	11	19	5	14	24	0	24	29	0	29	27	1	26	18	0	18	19	0	19	29	0	29	21	0	21	22	0	22	16	0	16	29	0	29
NC_059183.1	15881086	15881087	*	17	0	17	13	0	13	14	0	14	13	0	13	11	0	11	15	0	15	20	0	20	11	0	11	12	5	7	15	0	15	15	0	15	25	0	25	16	0	16	20	0	20	20	1	19	20	0	20	20	0	20	17	0	17	23	0	23
NC_059184.1	117471	117472	*	18	0	18	20	0	20	12	0	12	15	0	15	14	0	14	20	0	20	18	0	18	12	0	12	16	7	9	22	1	21	16	9	7	17	0	17	14	0	14	14	0	14	15	8	7	26	1	25	17	0	17	14	1	13	26	0	26
NC_059184.1	435245	435246	*	23	0	23	29	0	29	18	0	18	24	0	24	20	0	20	33	0	33	15	0	15	22	0	22	17	8	9	11	0	11	27	0	27	33	1	32	29	0	29	13	1	12	34	1	33	26	0	26	24	0	24	19	0	19	33	0	33
NC_059184.1	7667197	7667198	*	24	0	24	29	0	29	17	0	17	21	0	21	21	0	21	25	0	25	21	0	21	15	0	15	12	3	9	18	0	18	23	0	23	24	0	24	16	0	16	35	0	35	40	0	40	26	0	26	24	0	24	17	0	17	28	0	28
NC_059184.1	13022613	13022614	*	18	2	16	17	0	17	10	1	9	20	1	19	17	2	15	26	0	26	15	0	15	13	0	13	10	5	5	22	0	22	25	0	25	35	2	33	13	7	6	20	1	19	23	2	21	20	1	19	17	0	17	19	5	14	32	0	32
NC_059185.1	400662	400663	*	46	0	46	37	0	37	29	0	29	41	0	41	27	0	27	42	0	42	41	0	41	52	0	52	39	7	32	30	0	30	46	1	45	28	0	28	53	0	53	45	0	45	50	0	50	57	0	57	46	0	46	45	0	45	63	0	63
NC_059186.1	47755	47756	*	29	0	29	19	0	19	12	0	12	16	0	16	14	0	14	18	0	18	19	0	19	16	0	16	14	4	10	23	0	23	23	0	23	22	0	22	24	0	24	17	0	17	21	0	21	18	0	18	13	0	13	17	0	17	41	1	40
NC_059186.1	4192929	4192930	*	29	0	29	27	0	27	16	0	16	46	0	46	22	0	22	54	0	54	17	0	17	20	0	20	15	3	12	52	11	41	51	0	51	18	0	18	69	8	61	72	10	62	70	0	70	20	0	20	47	1	46	18	0	18	28	0	28
NC_059186.1	4192954	4192955	*	28	0	28	24	0	24	15	0	15	39	0	39	18	0	18	48	0	48	14	0	14	16	0	16	14	4	10	45	11	34	44	0	44	13	1	12	58	0	58	61	3	58	56	0	56	18	0	18	41	0	41	14	0	14	27	1	26
NC_059186.1	7568125	7568126	*	16	0	16	17	0	17	17	0	17	21	0	21	26	0	26	27	0	27	19	0	19	18	0	18	18	8	10	17	0	17	18	0	18	30	0	30	10	0	10	14	0	14	26	1	25	15	0	15	16	0	16	14	0	14	31	0	31
NC_059186.1	12032950	12032951	*	14	0	14	23	0	23	15	0	15	12	0	12	15	0	15	10	0	10	16	0	16	17	0	17	18	11	7	14	0	14	16	0	16	30	1	29	23	0	23	23	1	22	18	0	18	22	0	22	14	0	14	17	0	17	20	0	20
NC_059186.1	12090411	12090412	*	22	0	22	17	0	17	18	0	18	10	0	10	14	0	14	22	0	22	13	0	13	19	0	19	13	5	8	14	0	14	16	2	14	25	0	25	23	0	23	20	6	14	21	0	21	25	1	24	24	0	24	28	0	28	23	1	22
NC_059186.1	12330405	12330406	*	15	0	15	13	0	13	17	0	17	15	0	15	16	0	16	11	0	11	14	0	14	19	1	18	21	11	10	17	0	17	13	0	13	20	1	19	26	0	26	10	3	7	18	9	9	15	0	15	20	0	20	12	0	12	13	0	13
NC_059186.1	12330411	12330412	*	17	1	16	13	0	13	16	0	16	15	0	15	16	0	16	11	0	11	14	0	14	18	1	17	19	10	9	16	0	16	13	0	13	18	0	18	25	0	25	10	5	5	16	9	7	15	0	15	19	0	19	12	1	11	13	0	13
NC_059187.1	1930571	1930572	*	11	0	11	18	0	18	14	0	14	22	0	22	11	0	11	13	0	13	23	0	23	22	0	22	11	3	8	15	0	15	22	0	22	24	0	24	17	0	17	10	0	10	33	0	33	20	0	20	12	0	12	16	0	16	17	0	17
NC_059187.1	2353568	2353569	*	18	0	18	13	0	13	15	0	15	13	0	13	12	0	12	20	0	20	20	0	20	18	0	18	17	13	4	15	0	15	17	0	17	16	0	16	18	0	18	18	0	18	15	0	15	22	0	22	18	1	17	21	0	21	32	0	32
NC_059187.1	2792025	2792026	*	29	0	29	21	0	21	17	0	17	19	0	19	18	0	18	15	1	14	16	0	16	10	0	10	21	3	18	27	0	27	19	0	19	18	0	18	17	0	17	23	0	23	31	0	31	34	0	34	22	0	22	13	0	13	31	0	31
NC_059187.1	6620703	6620704	*	35	0	35	21	0	21	22	0	22	12	0	12	31	0	31	25	0	25	23	0	23	19	1	18	15	3	12	20	0	20	38	0	38	22	0	22	18	0	18	23	0	23	24	0	24	32	0	32	23	0	23	17	0	17	33	0	33
NC_059187.1	8660130	8660131	*	10	0	10	21	0	21	20	0	20	13	0	13	16	0	16	15	0	15	11	0	11	16	0	16	10	5	5	20	0	20	17	0	17	15	0	15	16	0	16	14	0	14	18	0	18	20	0	20	16	0	16	17	1	16	22	0	22
NC_059187.1	9425811	9425812	*	42	0	42	22	0	22	27	0	27	31	0	31	21	1	20	28	0	28	27	0	27	36	0	36	17	3	14	13	0	13	13	0	13	33	0	33	28	2	26	29	2	27	37	0	37	41	1	40	24	1	23	20	0	20	35	0	35
NC_059187.1	10203117	10203118	*	24	0	24	22	0	22	11	0	11	14	0	14	14	0	14	18	0	18	21	0	21	14	0	14	18	8	10	27	0	27	13	0	13	28	0	28	17	0	17	17	0	17	21	0	21	13	0	13	19	0	19	13	1	12	28	0	28
NC_059187.1	10203126	10203127	*	23	0	23	21	0	21	11	0	11	15	0	15	14	0	14	18	0	18	21	0	21	14	0	14	17	8	9	26	0	26	12	0	12	28	0	28	16	0	16	16	0	16	22	1	21	14	0	14	19	1	18	15	0	15	28	0	28
NC_059188.1	705430	705431	*	15	0	15	28	0	28	15	0	15	12	0	12	20	0	20	24	0	24	12	0	12	16	0	16	13	4	9	20	0	20	17	0	17	21	0	21	19	0	19	22	0	22	18	0	18	33	0	33	17	0	17	16	0	16	18	0	18
NC_059188.1	4124567	4124568	*	13	0	13	15	0	15	18	1	17	12	0	12	13	0	13	11	0	11	15	0	15	11	0	11	10	7	3	21	0	21	10	0	10	17	0	17	16	0	16	20	0	20	17	0	17	19	0	19	18	0	18	10	0	10	25	0	25
NC_059189.1	1271425	1271426	*	16	0	16	16	0	16	12	0	12	15	0	15	15	0	15	17	0	17	15	0	15	16	0	16	13	4	9	13	0	13	12	0	12	11	0	11	14	0	14	11	0	11	16	0	16	19	0	19	17	0	17	12	0	12	20	0	20
NC_059189.1	4282458	4282459	*	16	0	16	29	0	29	15	0	15	20	0	20	20	0	20	25	0	25	29	0	29	23	0	23	20	8	12	17	0	17	24	14	10	31	0	31	24	0	24	22	0	22	28	0	28	20	0	20	24	0	24	24	1	23	25	14	11
NC_059189.1	7439007	7439008	*	29	0	29	30	0	30	19	0	19	19	1	18	11	0	11	16	0	16	12	0	12	14	0	14	20	7	13	19	0	19	12	0	12	31	0	31	18	0	18	23	0	23	34	0	34	28	1	27	25	1	24	24	0	24	39	1	38
NC_059190.1	1849599	1849600	*	22	0	22	13	0	13	12	0	12	21	0	21	30	1	29	17	0	17	20	2	18	14	0	14	14	5	9	18	8	10	25	5	20	24	0	24	18	0	18	18	0	18	28	1	27	17	0	17	25	0	25	13	0	13	20	6	14
NC_059190.1	1876868	1876869	*	14	0	14	26	0	26	16	0	16	17	0	17	11	0	11	13	0	13	14	0	14	16	0	16	16	4	12	19	0	19	12	0	12	25	1	24	21	1	20	19	0	19	30	0	30	22	0	22	20	0	20	17	0	17	26	0	26
NC_059191.1	432972	432973	*	14	0	14	24	0	24	22	0	22	17	0	17	15	0	15	11	0	11	13	0	13	18	0	18	16	7	9	18	0	18	14	0	14	26	0	26	17	0	17	21	0	21	27	0	27	20	0	20	23	0	23	18	0	18	22	0	22
NC_059191.1	7542126	7542127	*	22	0	22	26	0	26	22	0	22	15	0	15	24	0	24	25	0	25	23	0	23	14	0	14	23	9	14	23	0	23	16	0	16	23	0	23	27	0	27	17	0	17	27	0	27	32	0	32	17	0	17	21	0	21	24	0	24
NC_059191.1	9590815	9590816	*	15	0	15	17	1	16	10	1	9	12	1	11	22	0	22	15	0	15	11	0	11	14	1	13	10	3	7	22	1	21	18	0	18	24	0	24	14	1	13	23	0	23	25	3	22	20	1	19	17	0	17	19	0	19	29	1	28
NW_025533125.1	109410	109411	*	25	0	25	33	0	33	11	2	9	17	0	17	17	0	17	29	0	29	24	0	24	20	0	20	28	5	23	53	8	45	34	0	34	24	3	21	31	0	31	45	0	45	38	0	38	21	3	18	31	0	31	19	5	14	51	0	51
NW_025533130.1	107002	107003	*	51	1	50	16	1	15	33	0	33	22	0	22	47	0	47	43	2	41	24	2	22	33	0	33	28	4	24	30	0	30	29	0	29	14	0	14	32	5	27	23	5	18	37	3	34	25	0	25	18	0	18	20	0	20	24	0	24
NW_025533136.1	19053	19054	*	52	0	52	27	0	27	19	0	19	28	0	28	29	0	29	29	0	29	32	0	32	16	0	16	51	5	46	20	0	20	37	0	37	38	0	38	33	0	33	30	1	29	59	1	58	39	1	38	40	1	39	11	1	10	44	0	44
NW_025533136.1	19075	19076	*	48	0	48	22	0	22	18	0	18	27	0	27	26	3	23	25	0	25	23	0	23	14	0	14	46	4	42	16	0	16	33	0	33	34	1	33	36	2	34	26	0	26	57	1	56	39	0	39	36	0	36	12	1	11	40	0	40
NW_025533136.1	19330	19331	*	53	0	53	25	0	25	26	0	26	23	0	23	14	0	14	20	0	20	21	0	21	11	0	11	40	4	36	24	0	24	22	0	22	35	0	35	30	0	30	34	0	34	40	0	40	16	0	16	36	0	36	11	0	11	32	0	32
NW_025533136.1	19391	19392	*	48	0	48	29	0	29	24	0	24	23	0	23	19	1	18	18	0	18	29	0	29	17	0	17	45	9	36	17	0	17	22	1	21	31	8	23	33	1	32	33	0	33	40	2	38	25	0	25	29	2	27	18	0	18	35	13	22
NW_025533136.1	29097	29098	*	66	1	65	52	2	50	37	0	37	36	0	36	61	0	61	75	4	71	67	3	64	37	2	35	36	7	29	39	0	39	53	1	52	48	1	47	36	4	32	82	7	75	100	0	100	68	6	62	46	2	44	26	4	22	79	9	70
NW_025533169.1	92066	92067	*	74	0	74	38	0	38	50	0	50	39	0	39	45	0	45	36	0	36	41	0	41	32	0	32	42	7	35	32	0	32	27	0	27	39	0	39	18	0	18	34	0	34	57	1	56	42	0	42	37	9	28	33	1	32	49	0	49
NW_025533169.1	94211	94212	*	22	0	22	20	0	20	18	0	18	19	0	19	17	0	17	22	0	22	24	0	24	16	0	16	26	5	21	25	0	25	16	0	16	14	0	14	18	0	18	23	0	23	35	0	35	31	0	31	20	0	20	25	0	25	21	0	21
NW_025533175.1	28451	28452	*	25	1	24	23	0	23	28	0	28	21	0	21	34	0	34	25	0	25	21	0	21	18	0	18	27	8	19	22	5	17	50	0	50	42	8	34	23	0	23	16	0	16	32	0	32	26	9	17	23	0	23	20	0	20	31	7	24
NW_025533362.1	25188	25189	*	54	0	54	38	3	35	40	0	40	28	0	28	24	0	24	27	0	27	48	0	48	34	0	34	37	4	33	42	8	34	44	4	40	59	9	50	47	5	42	51	0	51	35	2	33	50	25	25	29	3	26	50	2	48	62	0	62
NC_059182.1	339939	339940	*	27	1	26	23	0	23	32	0	32	16	0	16	28	0	28	19	0	19	28	0	28	25	1	24	17	0	17	31	4	27	28	0	28	36	0	36	34	0	34	11	2	9	24	2	22	19	2	17	15	1	14	47	0	47	37	0	37
NC_059182.1	2051749	2051750	*	19	0	19	21	1	20	17	0	17	18	0	18	11	0	11	12	0	12	18	0	18	18	0	18	13	0	13	20	9	11	19	0	19	24	0	24	16	0	16	21	0	21	27	0	27	21	0	21	13	0	13	20	0	20	31	0	31
NC_059182.1	2051755	2051756	*	19	0	19	20	1	19	17	1	16	18	0	18	10	0	10	11	0	11	18	1	17	17	0	17	13	0	13	18	11	7	19	0	19	21	0	21	17	0	17	21	0	21	28	0	28	21	0	21	12	0	12	19	0	19	31	0	31
NC_059182.1	2051793	2051794	*	20	0	20	21	2	19	16	0	16	17	0	17	14	0	14	14	0	14	16	0	16	17	0	17	14	0	14	17	7	10	20	0	20	25	0	25	18	0	18	15	0	15	23	2	21	18	0	18	14	0	14	19	0	19	25	0	25
NC_059182.1	3007065	3007066	*	13	0	13	19	0	19	16	0	16	12	0	12	21	0	21	19	0	19	11	0	11	20	0	20	13	0	13	16	7	9	14	0	14	19	5	14	11	0	11	19	1	18	18	0	18	22	0	22	15	0	15	13	0	13	19	0	19
NC_059182.1	7101606	7101607	*	20	0	20	20	0	20	10	0	10	15	0	15	12	0	12	17	0	17	13	0	13	14	0	14	10	0	10	33	4	29	20	0	20	25	1	24	14	0	14	16	0	16	12	1	11	13	0	13	19	0	19	23	0	23	27	0	27
NC_059182.1	13846686	13846687	*	25	0	25	17	0	17	16	0	16	24	0	24	28	0	28	28	0	28	23	0	23	10	0	10	17	1	16	16	3	13	22	0	22	30	0	30	28	0	28	17	0	17	35	0	35	26	0	26	20	0	20	25	0	25	33	0	33
NC_059182.1	15910374	15910375	*	21	0	21	22	0	22	16	0	16	14	0	14	12	0	12	20	0	20	19	0	19	16	0	16	16	0	16	21	3	18	26	0	26	30	0	30	17	0	17	15	0	15	20	0	20	25	0	25	24	0	24	18	0	18	37	0	37
NC_059182.1	16298574	16298575	*	14	0	14	16	0	16	10	0	10	16	0	16	11	0	11	17	0	17	14	0	14	11	1	10	11	0	11	14	3	11	11	0	11	18	0	18	17	0	17	12	0	12	18	2	16	20	0	20	16	0	16	12	0	12	25	0	25
NC_059182.1	16307594	16307595	*	12	0	12	13	0	13	15	0	15	17	0	17	12	0	12	19	0	19	18	0	18	18	0	18	14	0	14	15	8	7	16	0	16	16	0	16	12	0	12	20	9	11	21	0	21	31	0	31	12	0	12	16	0	16	18	0	18
NC_059182.1	16627273	16627274	*	12	0	12	14	0	14	15	0	15	18	0	18	11	0	11	20	0	20	18	0	18	11	0	11	10	0	10	21	8	13	14	0	14	15	0	15	20	1	19	14	0	14	16	0	16	17	0	17	22	0	22	14	0	14	21	0	21
NC_059182.1	17510316	17510317	*	12	0	12	11	0	11	10	0	10	14	0	14	13	0	13	10	0	10	12	1	11	15	0	15	18	0	18	14	6	8	13	0	13	24	0	24	15	1	14	11	0	11	19	0	19	23	0	23	15	0	15	19	0	19	23	0	23
NC_059183.1	9121208	9121209	*	20	0	20	23	0	23	16	0	16	16	0	16	16	0	16	22	0	22	23	0	23	11	0	11	12	0	12	19	3	16	18	0	18	25	0	25	16	0	16	17	0	17	26	0	26	19	0	19	10	0	10	15	0	15	37	0	37
NC_059183.1	12957141	12957142	*	14	0	14	18	0	18	16	0	16	10	0	10	15	0	15	13	0	13	15	0	15	12	0	12	13	1	12	13	6	7	12	1	11	12	0	12	12	0	12	11	0	11	16	0	16	17	0	17	15	1	14	10	0	10	22	0	22
NC_059183.1	17021920	17021921	*	26	0	26	33	1	32	17	0	17	20	0	20	19	0	19	15	0	15	13	0	13	16	0	16	10	0	10	24	3	21	13	1	12	24	0	24	13	0	13	20	0	20	21	0	21	20	0	20	21	0	21	19	0	19	24	0	24
NC_059183.1	18328358	18328359	*	12	0	12	16	0	16	24	0	24	15	0	15	12	0	12	15	0	15	14	0	14	19	0	19	17	1	16	22	5	17	16	0	16	30	0	30	22	0	22	18	0	18	20	0	20	19	0	19	13	0	13	15	0	15	28	0	28
NC_059183.1	18328364	18328365	*	12	0	12	16	0	16	22	0	22	16	0	16	12	0	12	16	1	15	14	1	13	19	0	19	17	0	17	22	8	14	16	1	15	30	0	30	22	0	22	19	0	19	21	0	21	21	1	20	13	0	13	15	1	14	28	0	28
NC_059184.1	322605	322606	*	12	0	12	31	1	30	15	0	15	19	0	19	21	1	20	19	0	19	18	0	18	14	1	13	11	0	11	22	3	19	25	1	24	19	0	19	22	6	16	23	1	22	19	0	19	25	0	25	23	1	22	16	1	15	29	0	29
NC_059184.1	1182392	1182393	*	12	0	12	21	1	20	15	0	15	20	0	20	16	0	16	19	0	19	23	0	23	18	0	18	15	0	15	23	4	19	24	0	24	28	13	15	17	0	17	18	0	18	32	0	32	27	11	16	23	10	13	16	0	16	24	0	24
NC_059184.1	2265483	2265484	*	18	0	18	24	0	24	16	0	16	18	0	18	18	0	18	22	0	22	19	0	19	13	0	13	12	0	12	17	3	14	12	0	12	25	0	25	13	1	12	13	0	13	17	3	14	24	0	24	16	1	15	17	0	17	23	0	23
NC_059184.1	2842419	2842420	*	20	0	20	22	0	22	15	0	15	12	1	11	15	0	15	15	0	15	17	1	16	15	1	14	15	0	15	23	10	13	19	17	2	21	0	21	20	10	10	17	2	15	23	0	23	25	0	25	13	0	13	13	0	13	25	0	25
NC_059184.1	2842440	2842441	*	21	0	21	27	0	27	15	0	15	15	0	15	16	1	15	20	0	20	22	0	22	16	0	16	15	0	15	23	9	14	23	21	2	25	0	25	17	0	17	15	1	14	25	1	24	29	0	29	21	0	21	16	0	16	28	0	28
NC_059184.1	2854641	2854642	*	16	0	16	15	0	15	10	0	10	10	0	10	16	0	16	15	0	15	15	0	15	17	1	16	15	0	15	15	7	8	18	0	18	13	0	13	17	0	17	21	11	10	21	2	19	26	1	25	13	5	8	14	0	14	21	0	21
NC_059184.1	4329125	4329126	*	25	0	25	17	0	17	20	0	20	14	0	14	18	0	18	19	0	19	21	0	21	10	0	10	19	0	19	14	9	5	21	0	21	29	0	29	14	0	14	30	0	30	20	0	20	24	0	24	17	0	17	10	0	10	33	0	33
NC_059184.1	5486523	5486524	*	19	0	19	14	0	14	10	1	9	11	0	11	13	0	13	14	0	14	16	0	16	14	0	14	18	0	18	27	6	21	13	0	13	33	1	32	10	0	10	20	1	19	38	8	30	23	0	23	11	0	11	20	0	20	25	0	25
NC_059184.1	5486544	5486545	*	17	0	17	13	0	13	10	0	10	11	0	11	12	0	12	13	0	13	11	0	11	16	0	16	20	0	20	29	6	23	17	0	17	31	1	30	11	0	11	16	0	16	36	7	29	22	0	22	10	0	10	20	0	20	22	0	22
NC_059184.1	7151422	7151423	*	40	0	40	22	0	22	25	0	25	24	0	24	37	0	37	22	0	22	20	0	20	21	0	21	24	0	24	23	3	20	12	0	12	39	0	39	21	0	21	51	0	51	48	0	48	33	0	33	30	0	30	22	0	22	16	0	16
NC_059184.1	12032650	12032651	*	31	1	30	26	1	25	12	0	12	37	0	37	11	0	11	40	0	40	52	0	52	22	0	22	36	0	36	28	4	24	19	0	19	36	0	36	30	6	24	21	0	21	24	0	24	36	2	34	43	0	43	36	0	36	42	3	39
NC_059184.1	13015673	13015674	*	19	0	19	12	0	12	23	0	23	17	0	17	15	0	15	16	0	16	13	0	13	24	0	24	12	0	12	20	7	13	12	0	12	26	0	26	15	0	15	23	0	23	30	0	30	23	0	23	22	0	22	14	0	14	28	0	28
NC_059185.1	212486	212487	*	24	0	24	27	1	26	26	3	23	19	0	19	25	3	22	23	1	22	11	0	11	24	2	22	12	0	12	20	4	16	12	4	8	19	0	19	35	0	35	18	0	18	30	5	25	43	0	43	24	0	24	34	2	32	42	0	42
NC_059185.1	264159	264160	*	16	0	16	17	0	17	10	0	10	15	0	15	10	0	10	24	0	24	14	0	14	13	0	13	21	0	21	24	3	21	17	0	17	29	0	29	20	0	20	18	0	18	19	0	19	23	0	23	23	0	23	18	0	18	29	0	29
NC_059185.1	336659	336660	*	24	0	24	19	0	19	23	0	23	12	0	12	17	0	17	16	0	16	15	1	14	12	0	12	14	0	14	24	3	21	26	0	26	22	0	22	18	0	18	24	0	24	22	0	22	24	0	24	22	0	22	13	0	13	23	1	22
NC_059185.1	1121956	1121957	*	18	0	18	25	0	25	22	0	22	18	0	18	31	0	31	22	0	22	19	0	19	17	0	17	14	0	14	16	3	13	34	0	34	47	0	47	31	0	31	19	0	19	45	0	45	23	0	23	30	0	30	30	0	30	34	1	33
NC_059185.1	1187438	1187439	*	19	0	19	24	0	24	21	0	21	22	0	22	22	0	22	20	0	20	15	0	15	16	0	16	11	0	11	24	3	21	24	0	24	28	1	27	17	0	17	24	0	24	46	0	46	24	0	24	24	0	24	26	0	26	26	0	26
NC_059185.1	3017050	3017051	*	23	0	23	23	1	22	20	0	20	17	0	17	10	0	10	19	0	19	14	0	14	21	1	20	18	0	18	16	9	7	19	0	19	20	0	20	19	0	19	21	0	21	28	1	27	23	0	23	18	1	17	15	0	15	31	0	31
NC_059185.1	3159343	3159344	*	19	0	19	15	0	15	12	0	12	18	0	18	16	0	16	18	0	18	20	0	20	19	0	19	16	0	16	23	3	20	19	0	19	29	0	29	19	0	19	20	0	20	27	0	27	29	0	29	21	0	21	19	1	18	28	0	28
NC_059185.1	3999528	3999529	*	12	0	12	15	0	15	15	0	15	17	0	17	22	0	22	31	0	31	17	0	17	19	0	19	16	0	16	24	3	21	21	0	21	38	0	38	16	0	16	13	0	13	28	1	27	25	0	25	20	0	20	21	0	21	30	0	30
NC_059186.1	652824	652825	*	12	0	12	16	0	16	12	0	12	25	0	25	12	0	12	20	0	20	12	0	12	17	0	17	18	0	18	24	3	21	12	0	12	34	0	34	11	0	11	21	0	21	26	0	26	27	0	27	14	0	14	20	0	20	19	0	19
NC_059186.1	3166674	3166675	*	21	0	21	23	0	23	25	0	25	28	0	28	70	2	68	23	0	23	31	0	31	18	0	18	21	1	20	44	7	37	51	0	51	31	0	31	23	0	23	37	0	37	61	2	59	41	0	41	39	0	39	33	0	33	34	0	34
NC_059186.1	8050662	8050663	*	19	0	19	21	0	21	21	0	21	12	0	12	13	0	13	18	0	18	14	0	14	18	0	18	10	0	10	21	7	14	24	0	24	31	2	29	14	0	14	13	0	13	30	0	30	29	0	29	26	0	26	19	0	19	34	1	33
NC_059186.1	8303135	8303136	*	21	0	21	19	0	19	15	0	15	18	0	18	19	0	19	17	0	17	17	0	17	13	0	13	13	0	13	24	3	21	33	0	33	25	0	25	21	0	21	25	0	25	26	0	26	26	0	26	31	0	31	12	0	12	29	0	29
NC_059186.1	11181125	11181126	*	22	0	22	17	0	17	15	0	15	15	0	15	18	0	18	24	0	24	23	0	23	16	0	16	16	1	15	20	9	11	27	0	27	21	0	21	23	0	23	23	0	23	22	0	22	25	0	25	23	0	23	21	1	20	37	0	37
NC_059186.1	11181132	11181133	*	22	0	22	18	0	18	15	0	15	15	0	15	18	0	18	22	0	22	22	0	22	16	0	16	17	0	17	20	8	12	28	0	28	20	0	20	23	0	23	24	0	24	21	0	21	26	0	26	23	0	23	21	0	21	36	0	36
NC_059187.1	88173	88174	*	18	0	18	25	0	25	20	0	20	16	0	16	15	0	15	11	0	11	16	0	16	24	0	24	14	0	14	23	3	20	25	0	25	29	0	29	24	0	24	18	0	18	30	0	30	19	0	19	32	0	32	23	0	23	26	0	26
NC_059187.1	3705409	3705410	*	17	0	17	17	0	17	17	0	17	18	0	18	22	0	22	20	0	20	12	0	12	15	0	15	17	0	17	23	3	20	23	0	23	15	0	15	26	0	26	21	0	21	34	0	34	26	0	26	19	0	19	11	0	11	34	1	33
NC_059187.1	6018334	6018335	*	22	0	22	16	0	16	13	0	13	11	0	11	12	0	12	15	2	13	16	0	16	17	0	17	15	0	15	15	4	11	17	0	17	25	5	20	11	4	7	19	7	12	24	2	22	21	12	9	17	0	17	14	1	13	20	0	20
NC_059187.1	10145194	10145195	*	20	0	20	24	1	23	16	1	15	18	0	18	13	0	13	19	0	19	16	0	16	14	0	14	11	2	9	15	4	11	10	0	10	21	0	21	12	0	12	11	0	11	26	3	23	23	1	22	21	0	21	14	0	14	19	0	19
NC_059187.1	10145215	10145216	*	20	0	20	24	0	24	15	0	15	19	0	19	16	0	16	21	0	21	16	0	16	14	0	14	13	0	13	15	4	11	12	0	12	27	1	26	11	0	11	10	0	10	27	0	27	24	0	24	22	0	22	16	0	16	20	0	20
NC_059188.1	273608	273609	*	13	0	13	15	0	15	14	0	14	21	0	21	16	0	16	16	0	16	20	0	20	19	0	19	10	0	10	20	6	14	14	0	14	26	0	26	29	25	4	21	0	21	29	0	29	23	5	18	14	2	12	16	0	16	21	0	21
NC_059188.1	273626	273627	*	13	0	13	17	0	17	13	0	13	21	1	20	15	0	15	17	0	17	21	0	21	18	0	18	10	0	10	19	6	13	14	0	14	26	0	26	31	28	3	25	1	24	27	0	27	26	11	15	12	4	8	17	0	17	25	1	24
NC_059188.1	273648	273649	*	14	0	14	19	0	19	15	0	15	21	0	21	11	0	11	16	0	16	23	0	23	16	0	16	12	0	12	20	8	12	11	0	11	26	0	26	24	23	1	26	0	26	24	0	24	26	11	15	13	4	9	13	0	13	26	0	26
NC_059188.1	2033029	2033030	*	21	0	21	22	2	20	16	0	16	18	0	18	19	0	19	22	1	21	10	0	10	17	1	16	10	1	9	25	4	21	20	1	19	28	0	28	16	1	15	26	0	26	31	9	22	19	2	17	25	2	23	14	0	14	34	2	32
NC_059188.1	3329451	3329452	*	12	0	12	13	0	13	12	1	11	14	0	14	22	0	22	17	0	17	15	0	15	10	0	10	14	0	14	16	3	13	23	0	23	19	0	19	16	1	15	14	0	14	17	0	17	12	0	12	10	0	10	10	0	10	26	0	26
NC_059188.1	3945224	3945225	*	15	0	15	16	0	16	14	0	14	15	0	15	14	0	14	18	0	18	23	0	23	19	0	19	17	0	17	24	3	21	18	0	18	30	0	30	23	0	23	24	1	23	26	0	26	18	0	18	16	1	15	18	1	17	25	0	25
NC_059188.1	4201271	4201272	*	16	0	16	13	0	13	17	0	17	19	0	19	11	0	11	13	0	13	12	0	12	12	0	12	17	0	17	17	5	12	12	1	11	17	0	17	13	0	13	16	0	16	29	0	29	22	0	22	10	0	10	10	0	10	12	0	12
NC_059188.1	4933723	4933724	*	25	0	25	21	0	21	17	0	17	10	0	10	14	0	14	21	0	21	18	1	17	10	0	10	16	0	16	19	12	7	13	0	13	19	0	19	23	0	23	19	0	19	19	0	19	25	0	25	21	0	21	17	0	17	31	0	31
NC_059189.1	245789	245790	*	18	0	18	26	0	26	15	0	15	19	0	19	17	0	17	19	0	19	11	0	11	11	0	11	12	0	12	23	3	20	20	1	19	27	0	27	12	0	12	19	0	19	29	1	28	21	0	21	21	0	21	12	0	12	18	0	18
NC_059189.1	877004	877005	*	24	0	24	27	0	27	25	0	25	17	0	17	34	0	34	23	0	23	15	0	15	17	0	17	15	0	15	29	14	15	36	0	36	23	1	22	26	0	26	26	0	26	33	0	33	18	0	18	27	0	27	19	0	19	31	0	31
NC_059189.1	2034336	2034337	*	14	0	14	12	1	11	11	0	11	18	0	18	10	0	10	14	0	14	16	0	16	11	0	11	19	1	18	17	6	11	15	7	8	19	0	19	13	0	13	10	0	10	20	1	19	27	1	26	12	0	12	13	0	13	21	0	21
NC_059189.1	2034371	2034372	*	12	0	12	14	1	13	14	0	14	18	1	17	11	0	11	13	0	13	13	0	13	14	0	14	19	0	19	18	6	12	16	5	11	22	0	22	15	0	15	10	1	9	20	1	19	26	2	24	13	0	13	18	0	18	21	0	21
NC_059189.1	2034375	2034376	*	11	0	11	14	1	13	14	0	14	18	1	17	11	0	11	13	0	13	13	0	13	14	0	14	19	0	19	18	6	12	16	5	11	22	0	22	15	1	14	10	0	10	20	0	20	26	1	25	13	0	13	18	0	18	20	0	20
NC_059189.1	5206333	5206334	*	11	0	11	22	0	22	18	0	18	11	0	11	10	0	10	17	0	17	16	0	16	16	0	16	12	0	12	17	10	7	12	0	12	20	0	20	16	1	15	14	0	14	21	0	21	27	0	27	17	0	17	17	0	17	24	0	24
NC_059189.1	5787930	5787931	*	17	0	17	14	0	14	17	0	17	11	0	11	17	0	17	22	0	22	18	1	17	15	0	15	14	0	14	17	3	14	12	0	12	19	0	19	12	0	12	20	0	20	30	0	30	11	0	11	23	0	23	12	0	12	23	0	23
NC_059189.1	7510743	7510744	*	43	1	42	35	0	35	19	0	19	31	0	31	46	0	46	39	0	39	26	0	26	19	0	19	17	0	17	39	8	31	65	0	65	38	1	37	36	0	36	42	1	41	39	0	39	25	0	25	33	1	32	33	1	32	45	0	45
NC_059189.1	7758898	7758899	*	12	0	12	20	0	20	11	0	11	23	0	23	12	0	12	14	0	14	13	0	13	17	0	17	10	0	10	24	3	21	14	0	14	18	0	18	20	0	20	14	1	13	20	0	20	18	0	18	14	0	14	15	0	15	14	0	14
NC_059189.1	9373799	9373800	*	23	0	23	13	0	13	15	0	15	14	0	14	17	0	17	23	0	23	13	0	13	19	0	19	15	0	15	17	3	14	20	0	20	20	0	20	18	0	18	19	0	19	25	0	25	29	0	29	22	0	22	17	0	17	27	0	27
NC_059189.1	9397983	9397984	*	17	0	17	16	0	16	22	0	22	18	0	18	15	0	15	16	0	16	19	0	19	17	0	17	15	0	15	16	3	13	11	0	11	27	0	27	10	0	10	16	0	16	19	0	19	20	0	20	24	0	24	10	0	10	22	0	22
NC_059190.1	2650300	2650301	*	18	0	18	21	0	21	23	0	23	14	0	14	12	0	12	17	0	17	21	0	21	21	0	21	14	0	14	15	5	10	17	0	17	24	0	24	19	0	19	15	0	15	32	0	32	18	0	18	20	0	20	15	0	15	24	1	23
NC_059190.1	3264266	3264267	*	21	0	21	27	1	26	19	0	19	18	0	18	20	0	20	15	0	15	11	2	9	17	0	17	23	0	23	23	13	10	25	15	10	25	0	25	19	0	19	15	0	15	27	15	12	13	0	13	20	1	19	19	19	0	35	0	35
NC_059190.1	3920276	3920277	*	23	0	23	42	0	42	32	0	32	28	0	28	37	0	37	29	0	29	35	0	35	22	0	22	29	0	29	22	3	19	17	0	17	43	1	42	24	0	24	26	0	26	45	0	45	18	0	18	47	0	47	23	0	23	45	0	45
NC_059190.1	6025962	6025963	*	36	0	36	24	0	24	30	0	30	19	0	19	14	0	14	22	0	22	13	0	13	13	0	13	19	0	19	23	6	17	27	0	27	23	0	23	21	0	21	45	0	45	40	0	40	23	0	23	30	0	30	15	0	15	38	1	37
NC_059191.1	5168537	5168538	*	21	0	21	20	0	20	16	0	16	21	0	21	15	0	15	15	0	15	15	1	14	13	0	13	19	0	19	21	3	18	19	0	19	23	0	23	21	0	21	22	0	22	27	0	27	15	0	15	28	0	28	24	0	24	36	0	36
NC_059191.1	5464144	5464145	*	26	0	26	24	1	23	19	0	19	17	0	17	27	0	27	17	0	17	14	0	14	24	0	24	14	0	14	34	11	23	28	1	27	23	0	23	27	0	27	23	0	23	23	0	23	23	1	22	17	0	17	23	1	22	37	0	37
NC_059191.1	8793254	8793255	*	11	0	11	21	0	21	21	0	21	21	0	21	13	0	13	21	0	21	15	0	15	28	0	28	13	0	13	30	14	16	19	0	19	33	0	33	19	0	19	13	0	13	27	0	27	23	0	23	28	0	28	13	0	13	25	0	25
NC_059191.1	8793266	8793267	*	11	0	11	19	0	19	20	0	20	21	0	21	13	0	13	21	0	21	15	0	15	29	0	29	13	0	13	29	14	15	19	0	19	34	0	34	19	0	19	13	0	13	28	0	28	24	0	24	28	1	27	11	0	11	27	0	27
NW_025533126.1	218671	218672	*	27	3	24	18	2	16	13	2	11	18	0	18	10	0	10	15	0	15	14	1	13	11	0	11	10	0	10	21	3	18	15	1	14	21	2	19	15	2	13	18	1	17	34	6	28	19	1	18	23	0	23	12	1	11	18	2	16
NW_025533169.1	80736	80737	*	26	0	26	25	0	25	29	0	29	22	0	22	15	0	15	26	0	26	32	0	32	21	0	21	20	0	20	26	5	21	19	0	19	23	0	23	22	1	21	21	0	21	27	0	27	26	0	26	22	0	22	16	0	16	42	0	42
NW_025533244.1	15046	15047	*	23	0	23	19	1	18	22	0	22	40	0	40	22	0	22	34	0	34	22	0	22	25	0	25	20	0	20	29	4	25	10	1	9	27	4	23	36	0	36	38	0	38	33	2	31	22	0	22	36	2	34	25	0	25	30	0	30
NW_025533332.1	30274	30275	*	43	1	42	37	1	36	32	1	31	22	1	21	47	2	45	33	0	33	15	0	15	20	0	20	26	0	26	31	4	27	50	1	49	31	1	30	24	0	24	44	0	44	57	0	57	43	0	43	43	1	42	17	0	17	42	0	42
NC_059182.1	120969	120970	*	13	0	13	27	0	27	18	0	18	15	0	15	15	0	15	31	0	31	16	0	16	24	1	23	12	0	12	13	0	13	17	6	11	26	0	26	30	0	30	20	0	20	31	0	31	22	0	22	26	0	26	22	0	22	22	0	22
NC_059182.1	753778	753779	*	18	0	18	35	0	35	16	1	15	30	0	30	23	0	23	37	0	37	31	0	31	26	0	26	20	0	20	22	0	22	24	3	21	41	0	41	31	0	31	47	0	47	21	0	21	39	0	39	33	0	33	27	0	27	40	0	40
NC_059182.1	1984687	1984688	*	14	0	14	19	1	18	14	0	14	11	0	11	15	0	15	20	0	20	17	0	17	10	0	10	11	2	9	16	0	16	15	5	10	27	0	27	17	0	17	17	0	17	28	0	28	16	0	16	22	0	22	13	0	13	19	0	19
NC_059182.1	2974804	2974805	*	21	0	21	16	0	16	24	0	24	16	0	16	17	0	17	19	1	18	19	0	19	11	0	11	16	0	16	20	0	20	24	3	21	30	0	30	21	0	21	15	0	15	23	1	22	16	6	10	21	0	21	24	0	24	36	0	36
NC_059182.1	3129074	3129075	*	26	0	26	22	0	22	12	0	12	16	0	16	25	0	25	15	0	15	16	0	16	18	0	18	17	0	17	24	0	24	19	3	16	28	0	28	16	0	16	33	0	33	44	0	44	24	0	24	16	0	16	16	0	16	33	0	33
NC_059182.1	4115089	4115090	*	12	0	12	10	0	10	19	0	19	17	0	17	11	0	11	17	1	16	22	0	22	15	0	15	13	0	13	24	0	24	16	6	10	21	0	21	23	0	23	20	0	20	20	0	20	26	0	26	13	1	12	17	0	17	32	5	27
NC_059182.1	4115132	4115133	*	16	0	16	11	0	11	20	0	20	15	0	15	10	0	10	19	0	19	23	0	23	20	0	20	13	0	13	18	0	18	17	8	9	22	0	22	24	0	24	21	0	21	22	0	22	25	0	25	14	3	11	20	0	20	33	9	24
NC_059182.1	4115143	4115144	*	18	0	18	12	0	12	21	0	21	15	0	15	11	0	11	18	1	17	24	0	24	20	1	19	12	0	12	19	0	19	16	8	8	25	0	25	22	1	21	21	0	21	21	0	21	24	0	24	12	3	9	19	0	19	31	11	20
NC_059182.1	4115152	4115153	*	18	0	18	11	0	11	19	0	19	15	1	14	12	0	12	15	1	14	23	0	23	20	0	20	12	0	12	17	0	17	16	8	8	25	0	25	20	0	20	21	0	21	20	0	20	25	0	25	12	3	9	18	0	18	31	10	21
NC_059182.1	4115157	4115158	*	17	0	17	11	1	10	19	0	19	16	1	15	13	0	13	15	1	14	22	1	21	20	0	20	13	0	13	16	0	16	14	7	7	25	0	25	19	0	19	20	0	20	20	1	19	25	1	24	12	3	9	18	0	18	30	9	21
NC_059182.1	4115169	4115170	*	19	0	19	11	0	11	19	0	19	15	1	14	13	0	13	12	1	11	22	0	22	20	0	20	13	0	13	18	0	18	15	8	7	24	0	24	19	1	18	20	0	20	18	0	18	27	1	26	12	3	9	18	0	18	29	8	21
NC_059182.1	4115171	4115172	*	18	0	18	11	1	10	19	0	19	15	2	13	13	0	13	12	1	11	22	0	22	20	0	20	13	0	13	18	0	18	15	7	8	24	0	24	18	1	17	21	0	21	16	1	15	27	1	26	12	3	9	17	0	17	29	8	21
NC_059182.1	6247364	6247365	*	17	0	17	15	1	14	16	0	16	10	0	10	12	0	12	18	0	18	11	0	11	13	0	13	12	0	12	10	0	10	14	11	3	18	7	11	15	0	15	16	0	16	23	0	23	15	0	15	12	0	12	17	1	16	22	0	22
NC_059182.1	6247381	6247382	*	13	0	13	13	0	13	17	0	17	11	0	11	12	0	12	17	0	17	11	0	11	14	0	14	11	0	11	10	1	9	16	12	4	16	6	10	14	7	7	17	0	17	23	0	23	15	0	15	12	0	12	14	0	14	20	0	20
NC_059182.1	9751729	9751730	*	15	0	15	23	0	23	13	0	13	14	0	14	19	0	19	17	0	17	14	0	14	17	2	15	11	0	11	12	0	12	11	3	8	23	0	23	11	0	11	20	0	20	22	1	21	19	1	18	10	0	10	13	0	13	17	3	14
NC_059182.1	11271767	11271768	*	23	0	23	19	0	19	15	0	15	12	0	12	24	0	24	18	1	17	21	0	21	16	0	16	16	0	16	10	0	10	23	9	14	17	0	17	15	0	15	24	5	19	24	12	12	73	0	73	19	5	14	10	0	10	41	17	24
NC_059182.1	12040104	12040105	*	24	0	24	20	0	20	21	0	21	12	0	12	15	0	15	16	0	16	16	0	16	23	0	23	13	0	13	23	0	23	31	4	27	30	0	30	19	0	19	21	0	21	21	0	21	22	0	22	17	0	17	25	0	25	34	0	34
NC_059182.1	12151859	12151860	*	28	0	28	23	0	23	17	0	17	17	0	17	20	1	19	17	0	17	19	0	19	25	0	25	14	0	14	14	0	14	20	3	17	25	0	25	11	0	11	21	1	20	26	0	26	21	0	21	28	0	28	11	0	11	36	0	36
NC_059182.1	12272775	12272776	*	17	0	17	20	0	20	13	0	13	24	0	24	17	0	17	13	0	13	15	0	15	14	0	14	16	0	16	15	0	15	12	5	7	33	8	25	23	0	23	31	12	19	11	0	11	21	1	20	23	18	5	27	9	18	19	10	9
NC_059182.1	12856990	12856991	*	34	0	34	26	0	26	20	0	20	17	0	17	21	0	21	19	0	19	21	0	21	20	0	20	25	0	25	26	0	26	20	15	5	31	0	31	15	6	9	22	0	22	42	1	41	21	9	12	27	0	27	23	1	22	30	0	30
NC_059182.1	14052655	14052656	*	17	0	17	20	0	20	14	0	14	15	0	15	17	0	17	23	0	23	17	0	17	15	0	15	14	1	13	27	0	27	30	19	11	27	17	10	17	6	11	24	0	24	37	1	36	28	0	28	20	0	20	18	0	18	24	0	24
NC_059182.1	14052665	14052666	*	15	0	15	19	0	19	16	0	16	15	1	14	18	0	18	25	1	24	17	0	17	14	0	14	12	0	12	26	0	26	30	18	12	23	12	11	18	7	11	25	0	25	36	1	35	27	0	27	21	0	21	19	0	19	24	1	23
NC_059182.1	15375255	15375256	*	13	0	13	21	0	21	16	0	16	15	0	15	16	0	16	14	0	14	10	0	10	16	0	16	11	0	11	12	0	12	17	3	14	19	0	19	12	0	12	15	0	15	18	0	18	26	0	26	16	1	15	16	0	16	21	0	21
NC_059182.1	17044354	17044355	*	19	0	19	15	0	15	12	0	12	22	1	21	15	0	15	14	1	13	13	0	13	21	0	21	15	0	15	19	1	18	13	3	10	25	0	25	22	0	22	17	0	17	31	0	31	21	0	21	21	0	21	25	0	25	22	0	22
NC_059182.1	18834717	18834718	*	17	0	17	18	0	18	29	0	29	14	0	14	17	0	17	11	0	11	18	0	18	13	0	13	13	1	12	19	1	18	19	3	16	19	0	19	23	0	23	19	1	18	21	0	21	17	0	17	13	0	13	14	0	14	40	0	40
NC_059183.1	3066797	3066798	*	51	0	51	45	1	44	26	0	26	42	0	42	39	0	39	44	0	44	50	0	50	37	0	37	26	1	25	46	0	46	78	9	69	61	10	51	37	0	37	62	0	62	83	5	78	54	4	50	47	0	47	34	0	34	80	10	70
NC_059183.1	4944536	4944537	*	12	0	12	15	0	15	15	0	15	12	0	12	14	0	14	19	0	19	13	0	13	17	0	17	13	0	13	21	0	21	23	3	20	19	0	19	20	0	20	16	0	16	15	0	15	15	0	15	15	0	15	16	0	16	24	0	24
NC_059183.1	4944562	4944563	*	13	0	13	16	0	16	16	0	16	11	0	11	15	0	15	21	0	21	14	0	14	16	0	16	16	0	16	28	0	28	24	3	21	20	0	20	20	0	20	16	0	16	17	0	17	14	0	14	16	0	16	16	0	16	21	0	21
NC_059183.1	4944635	4944636	*	11	0	11	13	0	13	17	0	17	14	0	14	13	0	13	22	0	22	19	0	19	11	0	11	13	0	13	21	0	21	19	3	16	20	0	20	15	0	15	16	0	16	16	0	16	11	0	11	16	0	16	11	0	11	21	0	21
NC_059183.1	6929345	6929346	*	13	0	13	14	0	14	12	0	12	13	0	13	12	0	12	14	0	14	13	0	13	13	1	12	11	0	11	15	0	15	11	7	4	19	0	19	11	0	11	13	0	13	13	0	13	15	0	15	15	0	15	16	0	16	19	0	19
NC_059183.1	8590219	8590220	*	20	0	20	12	0	12	22	0	22	14	0	14	13	0	13	21	0	21	15	0	15	12	0	12	13	0	13	17	0	17	19	3	16	19	0	19	19	0	19	17	0	17	25	0	25	27	0	27	17	0	17	25	0	25	25	0	25
NC_059183.1	14972240	14972241	*	13	0	13	19	0	19	23	0	23	15	0	15	11	0	11	12	0	12	14	0	14	15	0	15	14	0	14	16	0	16	11	3	8	21	0	21	20	0	20	12	0	12	19	0	19	16	0	16	13	0	13	14	0	14	20	0	20
NC_059183.1	17014888	17014889	*	14	0	14	25	0	25	25	0	25	13	0	13	14	0	14	13	0	13	16	0	16	17	0	17	14	0	14	23	0	23	21	3	18	22	0	22	18	0	18	17	0	17	30	0	30	24	0	24	24	0	24	18	0	18	30	0	30
NC_059183.1	17184934	17184935	*	17	0	17	18	0	18	19	0	19	14	0	14	20	0	20	18	0	18	18	0	18	13	0	13	16	0	16	25	0	25	21	3	18	24	0	24	26	0	26	28	0	28	28	0	28	28	0	28	19	0	19	19	0	19	34	0	34
NC_059183.1	17713352	17713353	*	20	0	20	31	0	31	24	0	24	24	0	24	26	1	25	18	0	18	19	0	19	14	0	14	18	0	18	18	0	18	18	6	12	24	0	24	17	0	17	25	0	25	24	1	23	18	0	18	22	0	22	11	0	11	27	0	27
NC_059183.1	18790628	18790629	*	17	0	17	18	0	18	22	0	22	21	0	21	18	0	18	19	0	19	15	0	15	15	0	15	11	0	11	20	0	20	22	3	19	28	0	28	22	0	22	14	0	14	27	1	26	30	0	30	16	0	16	19	0	19	30	0	30
NC_059183.1	18960738	18960739	*	15	0	15	15	0	15	16	0	16	15	0	15	12	0	12	20	0	20	11	0	11	15	0	15	10	0	10	17	0	17	12	5	7	19	0	19	15	0	15	14	0	14	14	0	14	20	0	20	20	0	20	14	0	14	16	0	16
NC_059184.1	507607	507608	*	28	0	28	30	0	30	15	0	15	14	0	14	17	1	16	20	0	20	19	0	19	14	0	14	19	0	19	19	0	19	21	10	11	24	0	24	15	0	15	30	0	30	20	0	20	26	0	26	19	10	9	20	0	20	27	0	27
NC_059184.1	1271789	1271790	*	18	0	18	22	0	22	13	0	13	15	0	15	18	0	18	23	0	23	17	0	17	14	0	14	14	0	14	30	0	30	22	3	19	17	0	17	17	0	17	21	0	21	28	0	28	21	0	21	18	0	18	10	0	10	30	0	30
NC_059184.1	6902164	6902165	*	14	0	14	22	1	21	13	0	13	22	0	22	13	0	13	19	0	19	10	0	10	13	0	13	11	0	11	15	0	15	17	3	14	18	0	18	20	0	20	17	0	17	17	0	17	20	0	20	19	0	19	16	1	15	16	0	16
NC_059184.1	9134437	9134438	*	18	1	17	18	0	18	18	0	18	11	0	11	18	0	18	16	0	16	12	0	12	17	0	17	17	0	17	14	0	14	24	3	21	22	1	21	16	1	15	12	0	12	20	0	20	13	0	13	11	0	11	10	0	10	14	0	14
NC_059184.1	11838957	11838958	*	22	0	22	41	0	41	44	1	43	41	0	41	26	0	26	25	2	23	45	0	45	46	0	46	31	0	31	48	0	48	16	4	12	43	2	41	15	1	14	27	0	27	22	0	22	54	0	54	54	0	54	31	0	31	71	4	67
NC_059184.1	13433431	13433432	*	13	0	13	23	0	23	32	0	32	12	0	12	22	0	22	17	0	17	15	0	15	13	0	13	19	0	19	21	0	21	24	5	19	17	0	17	20	1	19	29	11	18	21	0	21	45	16	29	30	7	23	29	0	29	44	25	19
NC_059184.1	13558373	13558374	*	22	1	21	32	0	32	17	0	17	14	0	14	25	0	25	22	0	22	14	0	14	25	0	25	18	0	18	28	1	27	35	11	24	27	0	27	15	5	10	23	2	21	42	6	36	18	0	18	25	0	25	18	0	18	22	0	22
NC_059185.1	335381	335382	*	28	0	28	28	0	28	17	0	17	23	1	22	23	1	22	20	0	20	12	0	12	16	0	16	15	0	15	26	0	26	22	3	19	26	0	26	25	0	25	24	0	24	33	0	33	23	1	22	30	0	30	16	0	16	33	1	32
NC_059185.1	1912922	1912923	*	16	0	16	31	0	31	21	0	21	17	0	17	18	0	18	15	1	14	21	0	21	19	0	19	12	0	12	28	2	26	34	4	30	29	0	29	17	0	17	23	1	22	26	0	26	18	0	18	20	0	20	25	0	25	26	1	25
NC_059185.1	1913040	1913041	*	19	0	19	28	0	28	19	0	19	23	0	23	25	0	25	24	0	24	25	0	25	18	0	18	15	0	15	27	0	27	41	5	36	35	0	35	21	0	21	24	0	24	26	0	26	19	0	19	19	0	19	16	0	16	25	0	25
NC_059185.1	2434019	2434020	*	13	0	13	21	0	21	11	0	11	10	0	10	16	0	16	18	0	18	17	0	17	12	0	12	15	0	15	16	0	16	17	8	9	16	0	16	12	0	12	10	3	7	21	0	21	21	11	10	17	9	8	16	0	16	21	0	21
NC_059185.1	2605688	2605689	*	14	0	14	18	0	18	18	0	18	20	0	20	24	1	23	18	0	18	15	0	15	18	0	18	16	0	16	20	0	20	18	3	15	25	0	25	12	0	12	17	0	17	29	0	29	18	0	18	29	0	29	15	0	15	22	0	22
NC_059185.1	2612712	2612713	*	10	0	10	19	0	19	17	0	17	20	0	20	14	0	14	19	0	19	16	0	16	10	0	10	14	0	14	24	1	23	17	6	11	20	0	20	22	0	22	19	0	19	18	1	17	20	0	20	20	1	19	18	1	17	22	0	22
NC_059185.1	2682879	2682880	*	16	0	16	23	0	23	23	0	23	23	0	23	20	0	20	16	0	16	16	0	16	23	0	23	19	0	19	21	0	21	17	3	14	19	1	18	25	0	25	15	0	15	28	0	28	31	0	31	17	0	17	14	0	14	43	0	43
NC_059185.1	2841476	2841477	*	18	0	18	26	0	26	11	0	11	16	0	16	18	0	18	22	0	22	17	0	17	17	0	17	14	1	13	20	0	20	19	3	16	26	0	26	15	0	15	20	0	20	34	0	34	22	0	22	19	0	19	15	0	15	20	1	19
NC_059185.1	3815744	3815745	*	20	0	20	20	0	20	11	0	11	23	0	23	27	0	27	22	0	22	17	1	16	17	0	17	22	0	22	19	0	19	21	3	18	24	0	24	16	0	16	13	0	13	28	0	28	20	0	20	18	0	18	12	0	12	25	0	25
NC_059185.1	6087409	6087410	*	23	0	23	22	0	22	18	0	18	27	0	27	23	0	23	24	0	24	11	0	11	23	0	23	13	0	13	30	0	30	24	3	21	28	0	28	15	0	15	21	0	21	32	0	32	19	0	19	27	0	27	21	0	21	21	0	21
NC_059185.1	6223891	6223892	*	10	0	10	23	0	23	23	0	23	17	0	17	20	0	20	21	0	21	11	0	11	18	0	18	16	0	16	21	0	21	21	3	18	23	0	23	20	0	20	16	0	16	25	0	25	16	0	16	17	0	17	17	1	16	25	0	25
NC_059185.1	8316437	8316438	*	27	0	27	27	0	27	27	0	27	18	0	18	20	0	20	21	0	21	19	0	19	12	0	12	14	0	14	35	0	35	24	3	21	29	0	29	22	0	22	21	1	20	30	0	30	19	0	19	17	0	17	17	0	17	36	0	36
NC_059185.1	11201074	11201075	*	13	0	13	16	0	16	16	0	16	13	0	13	20	0	20	17	0	17	11	0	11	12	0	12	13	0	13	16	0	16	21	3	18	16	0	16	10	0	10	21	1	20	35	1	34	19	0	19	15	0	15	15	0	15	30	0	30
NC_059185.1	11313756	11313757	*	15	0	15	20	0	20	19	0	19	10	0	10	18	0	18	15	0	15	15	0	15	20	0	20	15	2	13	17	0	17	23	3	20	22	1	21	17	0	17	22	0	22	30	0	30	29	0	29	24	0	24	22	0	22	30	0	30
NC_059185.1	12288543	12288544	*	21	0	21	25	0	25	13	0	13	19	1	18	24	0	24	28	0	28	18	0	18	13	0	13	24	0	24	32	0	32	32	4	28	26	0	26	31	1	30	20	0	20	34	1	33	32	0	32	28	0	28	13	0	13	36	0	36
NC_059185.1	12330240	12330241	*	17	0	17	15	0	15	17	0	17	14	0	14	14	0	14	17	0	17	14	0	14	11	0	11	12	0	12	15	1	14	12	7	5	11	0	11	15	0	15	11	0	11	16	0	16	11	0	11	24	0	24	14	0	14	18	0	18
NC_059185.1	13091355	13091356	*	55	0	55	59	0	59	18	0	18	18	0	18	20	0	20	31	0	31	29	0	29	16	0	16	25	0	25	53	0	53	32	5	27	66	0	66	43	0	43	48	0	48	49	6	43	24	0	24	38	0	38	30	1	29	96	0	96
NC_059186.1	73718	73719	*	14	0	14	13	0	13	19	0	19	15	0	15	15	0	15	19	0	19	18	0	18	12	0	12	10	0	10	13	0	13	11	3	8	15	9	6	10	4	6	20	10	10	28	0	28	20	0	20	25	0	25	11	0	11	29	13	16
NC_059186.1	738532	738533	*	14	0	14	26	0	26	19	0	19	15	0	15	17	0	17	13	0	13	13	0	13	22	0	22	15	0	15	34	0	34	13	3	10	26	0	26	18	0	18	16	0	16	32	0	32	24	0	24	15	0	15	11	0	11	19	0	19
NC_059186.1	738560	738561	*	10	0	10	23	0	23	18	0	18	16	0	16	15	0	15	10	0	10	11	0	11	20	0	20	13	0	13	31	0	31	14	3	11	24	0	24	19	0	19	16	0	16	27	0	27	19	0	19	12	0	12	11	0	11	21	0	21
NC_059186.1	4455121	4455122	*	20	0	20	13	0	13	15	0	15	17	0	17	16	0	16	11	0	11	14	0	14	13	0	13	10	0	10	16	0	16	19	3	16	21	0	21	20	0	20	25	1	24	27	0	27	17	0	17	21	0	21	15	0	15	27	0	27
NC_059186.1	6843731	6843732	*	16	0	16	39	1	38	14	0	14	17	0	17	22	0	22	18	0	18	21	1	20	20	0	20	25	0	25	25	0	25	27	14	13	26	0	26	25	0	25	21	0	21	37	0	37	28	1	27	32	0	32	20	0	20	37	1	36
NC_059186.1	7615399	7615400	*	16	0	16	22	0	22	21	0	21	20	0	20	22	0	22	21	0	21	19	0	19	17	0	17	19	0	19	29	0	29	22	12	10	35	0	35	22	0	22	29	0	29	33	0	33	26	1	25	27	0	27	16	0	16	39	0	39
NC_059186.1	7615414	7615415	*	15	0	15	20	1	19	22	1	21	20	0	20	21	0	21	21	0	21	19	0	19	16	0	16	17	0	17	29	0	29	23	13	10	34	0	34	23	0	23	25	0	25	34	0	34	25	0	25	26	0	26	16	0	16	38	0	38
NC_059186.1	7646372	7646373	*	21	0	21	17	0	17	11	0	11	12	0	12	11	0	11	12	0	12	18	0	18	16	0	16	16	0	16	14	0	14	15	3	12	16	0	16	15	0	15	15	0	15	23	0	23	21	0	21	16	1	15	12	0	12	29	0	29
NC_059186.1	8357586	8357587	*	21	0	21	27	3	24	12	0	12	12	0	12	12	0	12	14	0	14	21	1	20	15	1	14	10	0	10	12	1	11	18	3	15	27	1	26	17	1	16	18	0	18	28	2	26	19	0	19	28	1	27	19	0	19	28	0	28
NC_059186.1	8408779	8408780	*	15	0	15	16	0	16	15	0	15	10	0	10	11	0	11	22	0	22	14	0	14	14	0	14	18	0	18	12	0	12	15	6	9	23	0	23	11	0	11	18	0	18	17	0	17	24	0	24	19	0	19	15	0	15	21	0	21
NC_059186.1	8408799	8408800	*	15	0	15	16	0	16	13	0	13	12	0	12	15	0	15	21	0	21	13	0	13	17	0	17	18	0	18	12	0	12	17	6	11	23	0	23	12	0	12	18	0	18	21	0	21	25	0	25	20	0	20	16	0	16	19	0	19
NC_059186.1	8408920	8408921	*	12	1	11	15	0	15	19	0	19	20	0	20	16	0	16	19	0	19	24	0	24	20	0	20	21	0	21	12	0	12	21	6	15	24	0	24	17	0	17	20	0	20	28	0	28	24	0	24	22	0	22	15	1	14	30	0	30
NC_059186.1	8408956	8408957	*	14	0	14	19	0	19	19	0	19	17	0	17	16	0	16	20	0	20	20	0	20	21	0	21	20	0	20	13	0	13	21	7	14	23	0	23	17	0	17	18	0	18	29	0	29	21	0	21	23	0	23	13	0	13	28	0	28
NC_059186.1	8408986	8408987	*	13	0	13	20	0	20	18	0	18	18	0	18	16	0	16	19	0	19	17	2	15	19	0	19	18	0	18	12	0	12	17	3	14	22	0	22	14	0	14	17	0	17	27	0	27	23	0	23	22	0	22	10	1	9	29	1	28
NC_059186.1	8408999	8409000	*	13	0	13	20	0	20	17	0	17	18	0	18	15	0	15	18	0	18	17	0	17	18	0	18	18	0	18	12	0	12	16	3	13	21	0	21	13	0	13	19	0	19	28	0	28	23	0	23	22	1	21	10	1	9	29	0	29
NC_059186.1	8629015	8629016	*	15	0	15	13	0	13	14	0	14	14	0	14	14	0	14	10	0	10	20	0	20	20	0	20	12	0	12	17	0	17	19	9	10	17	0	17	11	0	11	19	0	19	23	0	23	15	0	15	15	0	15	12	0	12	20	0	20
NC_059186.1	9087512	9087513	*	11	0	11	16	0	16	22	0	22	10	2	8	15	0	15	23	0	23	15	0	15	10	1	9	11	0	11	26	0	26	19	3	16	18	1	17	20	3	17	18	1	17	17	0	17	19	0	19	17	1	16	16	0	16	27	1	26
NC_059186.1	11270118	11270119	*	17	0	17	27	1	26	14	0	14	30	3	27	15	0	15	16	1	15	11	0	11	13	0	13	13	1	12	13	0	13	16	5	11	22	1	21	16	0	16	13	10	3	25	1	24	28	3	25	23	0	23	16	0	16	23	1	22
NC_059186.1	11711152	11711153	*	21	0	21	20	0	20	21	0	21	13	0	13	19	0	19	16	0	16	13	0	13	15	0	15	16	0	16	17	0	17	16	3	13	19	0	19	18	0	18	22	0	22	32	0	32	16	0	16	20	0	20	13	0	13	24	0	24
NC_059187.1	594372	594373	*	15	0	15	15	0	15	15	0	15	11	0	11	17	0	17	15	0	15	13	0	13	16	0	16	11	0	11	18	0	18	18	3	15	22	0	22	18	0	18	31	0	31	22	0	22	19	0	19	15	0	15	22	0	22	20	0	20
NC_059187.1	1726689	1726690	*	20	0	20	26	0	26	19	0	19	29	0	29	14	0	14	23	0	23	20	0	20	13	0	13	10	0	10	25	1	24	23	12	11	36	0	36	20	1	19	15	0	15	34	0	34	23	0	23	21	0	21	20	0	20	29	0	29
NC_059187.1	4239936	4239937	*	13	0	13	18	0	18	16	0	16	12	0	12	14	0	14	19	0	19	13	0	13	10	0	10	12	0	12	16	0	16	12	5	7	18	0	18	16	0	16	17	0	17	20	0	20	15	0	15	20	0	20	14	0	14	14	0	14
NC_059187.1	7375975	7375976	*	25	0	25	26	0	26	26	0	26	21	0	21	24	0	24	20	0	20	17	0	17	16	0	16	16	0	16	17	0	17	23	3	20	27	0	27	29	0	29	21	0	21	26	0	26	33	0	33	22	0	22	16	1	15	29	1	28
NC_059187.1	8411641	8411642	*	13	0	13	26	0	26	15	0	15	17	0	17	16	0	16	26	0	26	14	0	14	15	0	15	15	0	15	23	0	23	21	3	18	24	0	24	16	0	16	19	0	19	32	0	32	15	0	15	18	0	18	21	0	21	26	0	26
NC_059187.1	8426446	8426447	*	20	0	20	25	0	25	16	0	16	15	0	15	14	0	14	19	0	19	30	0	30	13	0	13	17	0	17	15	0	15	23	3	20	16	0	16	22	0	22	19	0	19	29	0	29	23	0	23	15	0	15	18	0	18	20	0	20
NC_059187.1	9029461	9029462	*	18	0	18	23	0	23	14	0	14	13	0	13	22	0	22	13	0	13	15	0	15	16	0	16	19	0	19	19	0	19	20	6	14	27	16	11	16	0	16	14	0	14	22	0	22	18	8	10	20	0	20	19	0	19	32	0	32
NC_059188.1	2073392	2073393	*	21	0	21	24	0	24	16	0	16	13	0	13	17	0	17	19	0	19	16	0	16	17	0	17	20	0	20	19	1	18	17	6	11	11	0	11	12	0	12	14	0	14	26	1	25	20	1	19	25	0	25	15	0	15	27	0	27
NC_059188.1	5371717	5371718	*	25	1	24	16	0	16	11	0	11	14	1	13	18	0	18	13	0	13	13	0	13	12	0	12	13	0	13	24	0	24	18	3	15	18	0	18	17	0	17	22	0	22	22	0	22	20	0	20	18	0	18	19	0	19	25	0	25
NC_059188.1	5881341	5881342	*	20	0	20	19	0	19	15	0	15	10	0	10	12	0	12	16	0	16	15	0	15	16	0	16	13	0	13	15	1	14	16	3	13	25	0	25	12	0	12	19	0	19	22	0	22	20	0	20	13	0	13	11	0	11	29	0	29
NC_059188.1	8400749	8400750	*	28	0	28	23	0	23	21	0	21	22	0	22	10	0	10	25	0	25	21	0	21	16	0	16	18	0	18	20	0	20	21	3	18	30	0	30	24	0	24	17	0	17	26	0	26	19	0	19	23	0	23	14	0	14	23	0	23
NC_059188.1	10743031	10743032	*	20	0	20	38	0	38	32	0	32	20	0	20	32	0	32	36	0	36	32	0	32	24	0	24	22	0	22	38	0	38	18	4	14	32	0	32	28	0	28	22	0	22	39	0	39	32	0	32	31	0	31	25	0	25	51	0	51
NC_059188.1	11698141	11698142	*	20	0	20	35	0	35	22	0	22	13	0	13	26	0	26	22	0	22	17	0	17	16	0	16	18	0	18	15	0	15	24	3	21	27	0	27	18	0	18	16	0	16	27	0	27	35	0	35	24	0	24	14	0	14	28	0	28
NC_059188.1	11805952	11805953	*	13	0	13	13	0	13	16	0	16	10	0	10	18	0	18	14	0	14	13	0	13	13	0	13	12	0	12	16	0	16	13	3	10	24	0	24	18	0	18	16	0	16	22	0	22	18	0	18	12	0	12	12	0	12	21	0	21
NC_059188.1	12210792	12210793	*	20	1	19	16	0	16	10	0	10	11	0	11	16	0	16	17	0	17	12	0	12	17	0	17	22	0	22	20	0	20	18	7	11	11	0	11	16	0	16	23	0	23	20	0	20	21	2	19	16	0	16	15	1	14	17	0	17
NC_059188.1	13439176	13439177	*	20	0	20	13	0	13	13	0	13	17	0	17	13	0	13	19	0	19	19	0	19	16	0	16	15	0	15	24	0	24	14	5	9	21	0	21	12	0	12	21	0	21	22	0	22	20	0	20	22	0	22	16	0	16	23	0	23
NC_059189.1	468220	468221	*	21	0	21	12	0	12	18	0	18	16	0	16	22	0	22	21	0	21	21	0	21	26	0	26	13	0	13	24	0	24	21	3	18	35	0	35	17	0	17	19	0	19	20	0	20	19	0	19	20	0	20	14	0	14	20	0	20
NC_059189.1	3229673	3229674	*	14	0	14	20	0	20	19	0	19	19	0	19	13	0	13	16	0	16	13	0	13	17	0	17	12	0	12	15	0	15	17	7	10	22	0	22	23	0	23	18	0	18	24	0	24	29	0	29	27	0	27	18	1	17	28	0	28
NC_059189.1	5054771	5054772	*	24	0	24	19	0	19	15	0	15	16	0	16	18	0	18	15	0	15	32	1	31	10	0	10	19	0	19	22	0	22	24	3	21	26	0	26	10	0	10	20	0	20	38	0	38	28	0	28	30	0	30	22	0	22	38	1	37
NC_059189.1	7132003	7132004	*	17	0	17	16	0	16	12	0	12	15	0	15	16	0	16	13	0	13	11	2	9	12	0	12	11	0	11	20	0	20	16	4	12	18	7	11	10	0	10	21	1	20	11	8	3	21	2	19	22	1	21	16	0	16	21	1	20
NC_059189.1	7506666	7506667	*	26	1	25	18	0	18	20	0	20	25	0	25	31	0	31	22	0	22	20	0	20	23	0	23	19	0	19	28	0	28	22	7	15	23	0	23	18	0	18	26	0	26	45	0	45	31	1	30	16	0	16	12	0	12	29	0	29
NC_059189.1	7508091	7508092	*	41	1	40	22	1	21	17	0	17	15	0	15	35	0	35	22	0	22	15	0	15	24	0	24	25	0	25	39	2	37	21	6	15	34	0	34	22	2	20	25	0	25	35	4	31	27	0	27	36	0	36	20	1	19	28	1	27
NC_059189.1	7695979	7695980	*	18	0	18	27	0	27	21	0	21	16	0	16	31	0	31	30	0	30	24	0	24	17	0	17	14	0	14	39	0	39	19	3	16	42	0	42	15	0	15	22	0	22	34	0	34	21	0	21	21	0	21	17	0	17	30	1	29
NC_059189.1	8092763	8092764	*	30	0	30	31	0	31	24	0	24	26	0	26	24	0	24	26	0	26	24	0	24	24	0	24	22	0	22	34	0	34	23	3	20	24	0	24	33	1	32	50	1	49	73	1	72	30	0	30	28	0	28	13	0	13	59	0	59
NC_059189.1	9427635	9427636	*	19	0	19	37	0	37	21	0	21	24	0	24	18	0	18	33	0	33	21	1	20	23	0	23	19	0	19	33	0	33	16	3	13	39	0	39	29	0	29	25	0	25	24	0	24	40	0	40	23	0	23	31	0	31	40	0	40
NC_059189.1	10953859	10953860	*	45	0	45	51	0	51	50	0	50	56	0	56	50	0	50	56	0	56	48	0	48	61	0	61	46	0	46	62	0	62	43	6	37	67	0	67	54	0	54	69	2	67	85	0	85	64	0	64	70	0	70	30	0	30	76	0	76
NC_059190.1	127673	127674	*	14	0	14	15	0	15	15	0	15	12	0	12	13	0	13	15	0	15	17	0	17	18	0	18	11	0	11	16	0	16	13	10	3	22	0	22	23	13	10	19	1	18	31	0	31	21	0	21	27	15	12	15	9	6	27	12	15
NC_059190.1	127687	127688	*	14	0	14	16	0	16	15	0	15	12	0	12	16	0	16	16	0	16	17	0	17	18	0	18	11	0	11	16	0	16	11	8	3	21	0	21	24	14	10	21	0	21	30	0	30	22	0	22	27	15	12	16	10	6	28	15	13
NC_059190.1	1845374	1845375	*	26	1	25	25	0	25	13	0	13	23	0	23	18	0	18	15	0	15	13	0	13	13	0	13	17	0	17	19	0	19	23	3	20	17	0	17	25	0	25	22	0	22	31	1	30	19	0	19	27	0	27	14	0	14	34	0	34
NC_059190.1	2673948	2673949	*	25	0	25	27	0	27	15	0	15	12	0	12	21	0	21	27	0	27	16	0	16	18	0	18	12	0	12	19	0	19	22	3	19	33	0	33	18	0	18	17	0	17	24	0	24	18	0	18	27	1	26	17	0	17	37	0	37
NC_059190.1	3037454	3037455	*	14	0	14	21	0	21	11	0	11	11	0	11	13	0	13	21	0	21	17	0	17	18	0	18	11	0	11	23	0	23	19	3	16	14	0	14	19	0	19	17	0	17	26	0	26	30	0	30	15	0	15	17	0	17	18	0	18
NC_059190.1	3632473	3632474	*	18	0	18	19	0	19	17	0	17	13	0	13	22	0	22	17	0	17	14	0	14	18	0	18	17	0	17	20	0	20	16	7	9	21	1	20	16	0	16	16	0	16	24	0	24	16	0	16	13	0	13	16	0	16	19	0	19
NC_059190.1	5038325	5038326	*	39	0	39	34	0	34	28	0	28	20	0	20	46	0	46	26	0	26	31	0	31	25	2	23	21	2	19	26	0	26	43	4	39	41	1	40	25	1	24	32	0	32	51	1	50	26	2	24	26	0	26	17	0	17	39	0	39
NC_059191.1	513363	513364	*	24	0	24	50	0	50	19	0	19	30	0	30	27	1	26	29	0	29	18	0	18	29	0	29	33	0	33	43	1	42	37	5	32	57	1	56	21	0	21	36	0	36	64	2	62	32	0	32	35	0	35	24	0	24	79	0	79
NC_059191.1	1055987	1055988	*	13	0	13	19	1	18	22	1	21	16	0	16	16	0	16	19	0	19	16	0	16	14	2	12	13	0	13	13	1	12	20	3	17	13	0	13	19	2	17	17	0	17	17	0	17	18	0	18	15	0	15	12	0	12	21	1	20
NC_059191.1	3370653	3370654	*	13	0	13	24	0	24	14	0	14	20	0	20	18	0	18	14	0	14	14	0	14	16	0	16	13	0	13	15	0	15	23	3	20	20	0	20	15	0	15	18	0	18	24	0	24	21	0	21	18	0	18	19	0	19	19	0	19
NC_059191.1	4603387	4603388	*	28	0	28	19	0	19	38	0	38	22	0	22	26	0	26	30	0	30	11	1	10	15	0	15	15	0	15	25	0	25	30	8	22	28	0	28	29	1	28	25	2	23	37	0	37	17	0	17	20	0	20	25	0	25	23	1	22
NC_059191.1	5134716	5134717	*	23	0	23	22	0	22	24	0	24	18	0	18	25	0	25	26	0	26	23	0	23	19	0	19	13	0	13	19	0	19	21	3	18	25	0	25	24	0	24	21	0	21	26	0	26	27	0	27	24	0	24	23	0	23	21	0	21
NC_059191.1	7403896	7403897	*	23	0	23	28	0	28	25	0	25	25	0	25	14	0	14	20	0	20	17	0	17	24	0	24	16	0	16	15	0	15	35	15	20	28	0	28	27	0	27	21	0	21	33	0	33	18	0	18	28	0	28	18	0	18	40	0	40
NC_059191.1	7663340	7663341	*	29	0	29	44	0	44	20	0	20	69	0	69	18	0	18	55	0	55	34	0	34	18	0	18	32	0	32	59	0	59	17	4	13	58	0	58	18	0	18	34	0	34	21	0	21	31	0	31	41	0	41	58	0	58	60	0	60
NC_059191.1	8571332	8571333	*	16	0	16	16	0	16	25	1	24	12	0	12	24	0	24	11	0	11	18	0	18	19	0	19	13	0	13	21	0	21	27	5	22	41	0	41	33	0	33	27	1	26	34	0	34	21	1	20	30	0	30	15	0	15	22	0	22
NW_025533130.1	238225	238226	*	37	0	37	22	0	22	18	0	18	30	0	30	34	0	34	25	0	25	39	0	39	29	0	29	19	0	19	38	0	38	17	3	14	19	0	19	27	0	27	15	0	15	13	2	11	31	1	30	41	0	41	13	0	13	38	0	38
NW_025533136.1	25446	25447	*	30	3	27	34	2	32	16	0	16	30	0	30	11	0	11	27	0	27	35	0	35	21	1	20	14	0	14	12	0	12	34	4	30	33	1	32	21	1	20	35	4	31	63	9	54	54	3	51	19	0	19	13	0	13	50	1	49
NW_025533139.1	200348	200349	*	15	0	15	24	0	24	15	0	15	19	0	19	21	0	21	23	0	23	24	0	24	15	0	15	14	0	14	19	0	19	20	3	17	18	0	18	17	0	17	16	0	16	25	0	25	24	0	24	17	0	17	18	0	18	27	0	27
NW_025533169.1	73598	73599	*	67	1	66	32	0	32	38	0	38	15	0	15	56	0	56	25	0	25	27	0	27	35	0	35	19	1	18	62	3	59	75	12	63	31	0	31	31	0	31	27	0	27	43	1	42	69	0	69	45	0	45	37	0	37	27	0	27
NW_025533169.1	73941	73942	*	55	1	54	27	0	27	28	0	28	18	0	18	34	0	34	14	0	14	33	0	33	36	0	36	12	0	12	41	0	41	60	11	49	27	0	27	26	0	26	16	0	16	33	0	33	63	1	62	38	0	38	38	0	38	29	0	29
NW_025533175.1	62209	62210	*	62	0	62	45	0	45	24	0	24	26	0	26	58	0	58	33	0	33	38	0	38	28	0	28	21	0	21	42	0	42	49	9	40	35	0	35	25	0	25	41	0	41	58	0	58	34	0	34	43	1	42	46	0	46	57	0	57
NW_025533332.1	24534	24535	*	47	1	46	27	1	26	39	1	38	31	0	31	24	1	23	24	0	24	35	2	33	50	0	50	45	1	44	61	2	59	77	14	63	40	4	36	28	1	27	26	0	26	42	0	42	44	2	42	27	1	26	33	0	33	53	5	48
NW_025533332.1	24598	24599	*	39	2	37	22	0	22	39	0	39	26	0	26	14	1	13	23	0	23	26	1	25	32	0	32	34	1	33	43	1	42	50	5	45	27	1	26	24	1	23	22	0	22	35	0	35	34	0	34	32	0	32	25	0	25	42	2	40
NW_025533332.1	29136	29137	*	61	1	60	48	1	47	43	0	43	30	1	29	52	0	52	23	0	23	33	1	32	52	0	52	30	2	28	53	2	51	70	7	63	50	1	49	43	0	43	49	1	48	60	2	58	37	1	36	40	1	39	29	0	29	85	0	85
NW_025533332.1	29758	29759	*	38	0	38	19	0	19	19	0	19	15	0	15	19	0	19	18	0	18	16	0	16	29	0	29	13	0	13	25	0	25	28	4	24	44	1	43	27	0	27	17	6	11	33	0	33	26	0	26	28	0	28	17	0	17	44	0	44
NW_025533332.1	29931	29932	*	14	0	14	18	0	18	13	0	13	14	1	13	22	0	22	21	0	21	22	0	22	10	0	10	15	0	15	36	0	36	40	4	36	26	0	26	13	0	13	17	6	11	34	0	34	14	5	9	19	0	19	12	1	11	25	0	25
NC_059182.1	2159868	2159869	*	14	0	14	13	0	13	20	0	20	12	0	12	11	0	11	11	0	11	16	0	16	15	0	15	12	0	12	16	0	16	15	0	15	11	3	8	15	0	15	17	0	17	18	0	18	20	0	20	14	0	14	12	0	12	24	0	24
NC_059182.1	2246020	2246021	*	26	0	26	20	0	20	17	0	17	17	0	17	21	0	21	24	0	24	19	0	19	11	0	11	17	0	17	26	0	26	31	1	30	23	3	20	21	0	21	30	1	29	24	0	24	25	0	25	28	0	28	20	0	20	48	0	48
NC_059182.1	2747927	2747928	*	27	0	27	32	0	32	13	0	13	24	1	23	22	0	22	25	0	25	18	0	18	27	0	27	10	0	10	15	0	15	12	0	12	22	7	15	23	0	23	19	0	19	38	0	38	21	0	21	19	0	19	10	0	10	26	1	25
NC_059182.1	2747944	2747945	*	26	0	26	30	0	30	13	0	13	22	0	22	20	0	20	22	0	22	18	1	17	26	0	26	10	0	10	16	0	16	12	0	12	20	9	11	22	0	22	19	0	19	40	1	39	22	0	22	21	0	21	11	0	11	27	1	26
NC_059182.1	3007102	3007103	*	13	0	13	21	0	21	17	0	17	10	0	10	18	0	18	21	0	21	13	0	13	18	0	18	14	0	14	13	0	13	11	0	11	16	6	10	13	0	13	23	1	22	15	0	15	19	0	19	14	0	14	12	0	12	24	0	24
NC_059182.1	3007104	3007105	*	13	0	13	20	0	20	16	0	16	11	0	11	18	0	18	19	0	19	13	0	13	17	0	17	14	0	14	13	0	13	13	0	13	17	7	10	13	0	13	22	0	22	15	0	15	19	0	19	14	0	14	12	0	12	24	0	24
NC_059182.1	12272811	12272812	*	14	0	14	19	0	19	16	0	16	23	0	23	17	1	16	12	0	12	16	0	16	16	0	16	15	0	15	14	0	14	10	0	10	30	7	23	20	0	20	29	0	29	12	6	6	19	0	19	28	1	27	22	1	21	23	0	23
NC_059182.1	14052688	14052689	*	19	0	19	20	0	20	17	0	17	14	1	13	16	0	16	24	0	24	15	1	14	10	1	9	12	2	10	26	1	25	29	3	26	25	13	12	18	8	10	23	0	23	37	0	37	27	0	27	23	0	23	19	0	19	26	0	26
NC_059182.1	14986687	14986688	*	18	0	18	13	0	13	16	0	16	19	0	19	17	0	17	23	0	23	16	0	16	10	0	10	15	0	15	18	0	18	11	0	11	23	3	20	13	0	13	18	0	18	20	0	20	10	0	10	10	0	10	16	0	16	22	0	22
NC_059182.1	18911895	18911896	*	20	0	20	18	0	18	22	0	22	18	0	18	16	0	16	25	0	25	13	0	13	19	1	18	11	0	11	11	0	11	15	1	14	23	3	20	23	0	23	14	0	14	26	0	26	21	0	21	18	0	18	20	0	20	31	0	31
NC_059183.1	4716734	4716735	*	14	0	14	28	0	28	16	1	15	18	0	18	15	0	15	20	0	20	15	2	13	15	0	15	10	0	10	26	0	26	13	0	13	18	12	6	24	0	24	14	0	14	27	0	27	27	0	27	20	0	20	17	0	17	21	0	21
NC_059183.1	5663157	5663158	*	17	0	17	18	0	18	17	0	17	10	0	10	12	0	12	23	0	23	19	0	19	20	0	20	10	0	10	22	0	22	12	0	12	15	5	10	14	0	14	20	0	20	20	0	20	20	0	20	11	0	11	15	0	15	19	0	19
NC_059183.1	11369665	11369666	*	16	0	16	24	0	24	20	0	20	17	0	17	14	0	14	11	0	11	18	0	18	21	0	21	23	0	23	22	0	22	18	0	18	24	3	21	13	0	13	18	1	17	28	0	28	29	0	29	33	0	33	10	0	10	32	0	32
NC_059183.1	11866725	11866726	*	12	0	12	16	0	16	12	0	12	21	0	21	11	0	11	17	0	17	19	0	19	16	0	16	16	0	16	24	0	24	23	1	22	22	3	19	24	0	24	24	0	24	18	0	18	12	0	12	20	0	20	14	0	14	17	0	17
NC_059183.1	12250710	12250711	*	14	0	14	20	1	19	18	0	18	16	0	16	11	0	11	26	0	26	14	0	14	15	0	15	14	0	14	23	0	23	12	0	12	24	3	21	21	0	21	23	0	23	26	0	26	22	0	22	24	0	24	16	0	16	33	0	33
NC_059183.1	13990201	13990202	*	30	0	30	26	0	26	23	0	23	19	0	19	28	0	28	19	0	19	13	0	13	21	0	21	17	0	17	30	0	30	26	1	25	26	4	22	34	1	33	15	0	15	32	0	32	21	0	21	27	0	27	19	1	18	38	1	37
NC_059183.1	14148643	14148644	*	20	0	20	33	0	33	22	0	22	20	0	20	12	0	12	18	0	18	19	0	19	14	0	14	16	0	16	30	0	30	19	0	19	33	5	28	16	0	16	27	0	27	17	0	17	21	0	21	28	0	28	21	0	21	26	0	26
NC_059183.1	14313450	14313451	*	10	0	10	25	0	25	12	0	12	26	0	26	11	0	11	32	0	32	12	0	12	15	0	15	15	0	15	27	1	26	25	0	25	20	3	17	24	0	24	18	0	18	27	0	27	12	1	11	10	0	10	20	0	20	31	1	30
NC_059183.1	14464197	14464198	*	18	0	18	11	0	11	20	0	20	16	0	16	17	0	17	16	0	16	20	0	20	16	0	16	16	0	16	16	0	16	22	1	21	22	3	19	10	0	10	13	0	13	26	0	26	26	0	26	18	0	18	17	1	16	25	0	25
NC_059183.1	15308339	15308340	*	18	0	18	15	0	15	15	0	15	10	0	10	12	0	12	22	0	22	20	0	20	10	0	10	11	0	11	15	0	15	17	0	17	12	4	8	16	0	16	15	0	15	22	1	21	21	0	21	15	0	15	19	0	19	16	0	16
NC_059183.1	15653267	15653268	*	13	0	13	16	0	16	14	0	14	16	0	16	18	0	18	16	0	16	17	0	17	15	0	15	17	0	17	17	0	17	20	0	20	24	3	21	18	2	16	18	0	18	23	0	23	18	0	18	19	0	19	20	0	20	28	0	28
NC_059183.1	16472020	16472021	*	15	0	15	19	0	19	10	0	10	11	0	11	26	0	26	17	0	17	13	0	13	24	0	24	13	0	13	18	0	18	17	0	17	23	3	20	18	0	18	15	1	14	19	0	19	16	0	16	16	0	16	15	0	15	30	1	29
NC_059183.1	17148120	17148121	*	21	0	21	22	0	22	27	0	27	17	1	16	25	0	25	19	0	19	23	0	23	22	0	22	12	0	12	19	0	19	26	0	26	19	3	16	17	0	17	15	0	15	29	0	29	17	0	17	22	1	21	21	0	21	31	0	31
NC_059184.1	3794049	3794050	*	10	0	10	14	0	14	10	0	10	12	0	12	11	0	11	12	0	12	12	1	11	17	1	16	12	1	11	16	0	16	14	1	13	25	4	21	14	1	13	11	0	11	24	1	23	18	3	15	19	2	17	12	2	10	11	0	11
NC_059184.1	4594347	4594348	*	15	0	15	24	0	24	16	0	16	16	0	16	17	0	17	20	0	20	18	2	16	18	0	18	22	0	22	13	0	13	16	0	16	29	4	25	24	11	13	25	0	25	18	2	16	25	0	25	25	1	24	17	0	17	26	0	26
NC_059184.1	7888720	7888721	*	12	0	12	26	0	26	12	0	12	14	0	14	18	0	18	13	0	13	11	0	11	10	0	10	10	0	10	13	0	13	13	0	13	17	4	13	12	0	12	11	0	11	17	0	17	19	0	19	19	0	19	11	0	11	15	0	15
NC_059184.1	9972361	9972362	*	18	0	18	27	0	27	17	0	17	10	0	10	19	0	19	12	0	12	12	0	12	25	0	25	11	0	11	16	0	16	16	0	16	25	10	15	16	0	16	18	1	17	21	0	21	19	0	19	23	0	23	14	0	14	32	0	32
NC_059184.1	11838881	11838882	*	20	0	20	35	1	34	40	0	40	37	0	37	24	0	24	21	0	21	41	0	41	42	0	42	27	0	27	43	0	43	15	0	15	37	6	31	15	0	15	26	0	26	21	0	21	49	0	49	45	1	44	30	0	30	62	0	62
NC_059185.1	17500	17501	*	32	0	32	20	0	20	32	0	32	30	0	30	40	0	40	16	0	16	15	0	15	21	0	21	19	0	19	16	0	16	31	0	31	47	5	42	24	0	24	30	1	29	35	0	35	25	0	25	23	0	23	23	2	21	35	0	35
NC_059185.1	350927	350928	*	16	0	16	23	0	23	15	0	15	18	0	18	18	0	18	19	0	19	20	0	20	23	0	23	12	0	12	21	0	21	14	0	14	25	12	13	19	0	19	18	0	18	23	0	23	21	0	21	16	0	16	13	0	13	23	0	23
NC_059185.1	530480	530481	*	22	0	22	23	0	23	17	0	17	16	1	15	18	0	18	16	0	16	25	0	25	22	0	22	14	0	14	16	0	16	22	0	22	26	11	15	19	0	19	17	0	17	26	0	26	20	0	20	21	0	21	22	0	22	21	0	21
NC_059185.1	580207	580208	*	16	0	16	23	0	23	19	0	19	16	0	16	19	0	19	21	0	21	14	0	14	20	0	20	13	0	13	24	0	24	19	0	19	21	3	18	19	1	18	18	0	18	27	0	27	27	0	27	10	0	10	16	0	16	26	0	26
NC_059185.1	967167	967168	*	13	0	13	17	0	17	12	2	10	23	0	23	10	0	10	12	0	12	17	0	17	22	0	22	15	0	15	13	0	13	25	0	25	17	3	14	27	0	27	17	0	17	18	0	18	26	0	26	19	0	19	24	0	24	27	0	27
NC_059185.1	6224234	6224235	*	20	0	20	15	0	15	15	0	15	13	0	13	13	0	13	19	0	19	11	0	11	11	0	11	12	0	12	21	0	21	14	0	14	13	3	10	18	0	18	15	0	15	32	0	32	24	0	24	21	0	21	19	0	19	18	0	18
NC_059185.1	9498153	9498154	*	18	0	18	12	0	12	17	0	17	15	0	15	19	0	19	16	0	16	11	2	9	14	0	14	13	0	13	17	0	17	13	1	12	23	3	20	11	0	11	29	0	29	14	0	14	17	0	17	18	5	13	16	0	16	26	0	26
NC_059185.1	13237300	13237301	*	22	0	22	16	0	16	19	0	19	22	0	22	24	0	24	31	0	31	23	0	23	20	1	19	15	0	15	18	1	17	20	0	20	30	6	24	23	1	22	24	0	24	19	0	19	23	1	22	31	0	31	26	0	26	25	0	25
NC_059186.1	7881881	7881882	*	17	0	17	25	0	25	23	1	22	24	0	24	17	0	17	30	0	30	17	0	17	13	0	13	14	0	14	29	0	29	22	0	22	33	4	29	34	0	34	20	2	18	27	0	27	15	0	15	26	1	25	16	0	16	25	0	25
NC_059186.1	12351573	12351574	*	19	0	19	37	0	37	15	0	15	12	0	12	28	0	28	19	0	19	21	0	21	14	0	14	14	0	14	25	0	25	33	1	32	39	4	35	19	0	19	18	0	18	28	0	28	21	0	21	22	0	22	27	0	27	36	0	36
NC_059187.1	2654231	2654232	*	16	0	16	20	0	20	19	0	19	15	0	15	11	0	11	15	0	15	15	0	15	14	0	14	13	0	13	26	0	26	15	0	15	50	5	45	10	1	9	34	0	34	17	0	17	34	0	34	30	0	30	19	0	19	44	0	44
NC_059187.1	2699655	2699656	*	11	0	11	22	0	22	15	0	15	15	0	15	25	0	25	18	1	17	16	0	16	14	0	14	20	0	20	14	0	14	19	0	19	31	15	16	15	1	14	21	0	21	39	0	39	17	1	16	22	0	22	13	0	13	38	0	38
NC_059187.1	3066679	3066680	*	17	0	17	21	0	21	12	0	12	11	0	11	17	0	17	13	0	13	10	0	10	11	0	11	13	0	13	19	0	19	24	0	24	19	3	16	13	0	13	15	0	15	23	0	23	14	0	14	26	0	26	20	0	20	29	0	29
NC_059187.1	5138295	5138296	*	27	0	27	30	0	30	19	0	19	24	0	24	20	0	20	23	0	23	15	0	15	13	1	12	14	0	14	26	0	26	18	0	18	22	3	19	22	0	22	20	0	20	25	0	25	23	0	23	23	0	23	20	0	20	32	0	32
NC_059187.1	5611392	5611393	*	12	0	12	14	0	14	20	0	20	15	0	15	13	0	13	12	0	12	13	0	13	11	0	11	14	0	14	23	0	23	17	0	17	27	11	16	22	0	22	10	0	10	26	0	26	19	0	19	21	1	20	15	0	15	30	0	30
NC_059187.1	6067827	6067828	*	41	0	41	39	1	38	37	0	37	10	1	9	14	0	14	32	1	31	32	0	32	20	1	19	13	0	13	17	0	17	27	1	26	30	4	26	10	0	10	22	0	22	33	2	31	38	0	38	48	2	46	19	1	18	28	0	28
NC_059187.1	6654137	6654138	*	13	0	13	25	0	25	14	0	14	19	0	19	20	1	19	23	0	23	21	0	21	11	0	11	12	0	12	13	0	13	20	0	20	23	3	20	16	1	15	28	0	28	28	0	28	27	0	27	20	0	20	22	0	22	22	0	22
NC_059187.1	6985869	6985870	*	17	0	17	21	0	21	15	0	15	16	0	16	16	0	16	20	0	20	10	0	10	14	0	14	13	0	13	11	1	10	11	0	11	16	3	13	10	0	10	10	0	10	25	0	25	24	0	24	12	0	12	16	0	16	16	0	16
NC_059188.1	1324631	1324632	*	14	0	14	15	0	15	13	0	13	13	0	13	14	0	14	13	0	13	14	0	14	17	0	17	10	0	10	15	0	15	12	0	12	21	10	11	13	1	12	19	18	1	26	0	26	18	0	18	20	0	20	14	0	14	18	9	9
NC_059188.1	5921108	5921109	*	16	0	16	14	0	14	13	0	13	15	0	15	19	0	19	21	0	21	14	1	13	18	0	18	23	0	23	11	0	11	18	0	18	18	4	14	13	0	13	20	0	20	27	0	27	20	0	20	14	0	14	16	0	16	29	0	29
NC_059188.1	8116027	8116028	*	22	0	22	15	0	15	17	0	17	12	0	12	23	0	23	20	0	20	12	0	12	20	0	20	11	0	11	32	0	32	16	0	16	24	3	21	21	1	20	19	0	19	17	0	17	21	0	21	15	0	15	11	0	11	34	0	34
NC_059188.1	11253499	11253500	*	11	0	11	17	0	17	14	0	14	15	0	15	12	1	11	11	0	11	17	0	17	15	1	14	13	0	13	13	1	12	13	0	13	24	3	21	11	0	11	15	0	15	19	1	18	20	0	20	18	0	18	15	0	15	17	0	17
NC_059188.1	13529150	13529151	*	14	1	13	19	0	19	13	0	13	12	0	12	14	0	14	18	0	18	16	0	16	13	0	13	13	0	13	13	0	13	12	1	11	17	3	14	12	0	12	15	1	14	17	0	17	23	1	22	17	0	17	12	0	12	20	1	19
NC_059189.1	1668692	1668693	*	33	1	32	28	1	27	14	1	13	18	0	18	23	0	23	31	1	30	11	1	10	18	2	16	17	0	17	22	1	21	24	2	22	25	4	21	21	6	15	31	0	31	29	5	24	18	2	16	21	2	19	29	2	27	32	5	27
NC_059189.1	1668703	1668704	*	34	1	33	29	1	28	14	0	14	19	0	19	25	0	25	32	1	31	11	1	10	18	0	18	16	0	16	22	0	22	24	0	24	24	3	21	20	2	18	30	0	30	31	4	27	19	3	16	22	0	22	30	0	30	31	4	27
NC_059189.1	4521663	4521664	*	26	1	25	27	0	27	19	0	19	18	0	18	12	0	12	11	0	11	17	0	17	18	0	18	18	0	18	17	0	17	12	0	12	26	10	16	16	0	16	26	1	25	33	0	33	17	0	17	19	0	19	14	0	14	22	0	22
NC_059189.1	5773984	5773985	*	14	0	14	11	0	11	16	0	16	12	0	12	13	0	13	13	0	13	14	0	14	10	0	10	23	0	23	10	0	10	13	0	13	22	3	19	17	0	17	17	0	17	14	0	14	17	0	17	10	0	10	13	0	13	19	0	19
NC_059189.1	6088308	6088309	*	13	0	13	31	0	31	22	1	21	33	1	32	19	0	19	36	0	36	39	0	39	21	0	21	16	0	16	18	0	18	15	0	15	34	4	30	29	0	29	25	0	25	38	0	38	40	0	40	28	0	28	24	1	23	74	1	73
NC_059189.1	7500967	7500968	*	50	0	50	29	0	29	19	0	19	24	0	24	16	0	16	17	0	17	27	0	27	24	0	24	16	0	16	27	0	27	31	1	30	45	4	41	34	0	34	23	0	23	44	1	43	23	0	23	34	0	34	23	0	23	58	0	58
NC_059189.1	10813789	10813790	*	10	0	10	18	0	18	12	0	12	13	0	13	16	0	16	18	0	18	16	0	16	13	0	13	10	0	10	24	0	24	18	0	18	21	12	9	14	0	14	16	0	16	17	0	17	15	0	15	16	0	16	10	0	10	31	0	31
NC_059189.1	10952482	10952483	*	11	0	11	23	0	23	21	0	21	24	0	24	14	0	14	14	0	14	19	0	19	29	0	29	19	0	19	20	0	20	11	0	11	17	3	14	18	0	18	25	0	25	19	0	19	35	0	35	22	0	22	16	0	16	19	1	18
NC_059190.1	177805	177806	*	12	0	12	25	0	25	20	0	20	22	0	22	16	0	16	22	0	22	14	0	14	19	0	19	14	0	14	22	0	22	12	0	12	18	9	9	13	0	13	16	0	16	27	0	27	21	0	21	22	0	22	15	0	15	24	0	24
NC_059190.1	1324618	1324619	*	17	0	17	30	0	30	16	0	16	17	0	17	19	0	19	26	0	26	13	0	13	10	1	9	20	0	20	34	0	34	18	0	18	24	3	21	22	0	22	26	0	26	23	0	23	14	0	14	25	0	25	31	0	31	37	0	37
NC_059190.1	2702137	2702138	*	14	0	14	15	0	15	18	0	18	19	0	19	15	0	15	16	0	16	17	0	17	17	0	17	13	0	13	19	0	19	18	1	17	23	3	20	16	0	16	16	0	16	25	0	25	24	0	24	27	0	27	16	0	16	37	0	37
NC_059190.1	5037800	5037801	*	45	0	45	34	0	34	28	0	28	17	0	17	37	0	37	36	1	35	33	1	32	20	0	20	26	0	26	22	0	22	22	0	22	35	6	29	20	0	20	45	4	41	60	2	58	33	0	33	24	0	24	14	0	14	37	0	37
NC_059190.1	7694817	7694818	*	14	1	13	34	0	34	14	0	14	21	0	21	21	0	21	31	0	31	21	0	21	11	0	11	24	0	24	23	0	23	12	0	12	34	4	30	22	2	20	34	1	33	45	1	44	34	2	32	22	0	22	11	0	11	44	1	43
NC_059190.1	7694840	7694841	*	12	1	11	31	0	31	14	0	14	23	0	23	25	0	25	29	0	29	19	0	19	13	1	12	21	0	21	27	0	27	12	0	12	38	5	33	28	3	25	30	0	30	49	0	49	32	2	30	25	0	25	13	0	13	42	1	41
NC_059191.1	1639228	1639229	*	22	0	22	18	0	18	12	0	12	15	0	15	13	0	13	11	0	11	10	0	10	14	0	14	13	0	13	14	0	14	15	0	15	18	3	15	14	0	14	21	0	21	19	0	19	20	0	20	12	0	12	17	0	17	16	0	16
NC_059191.1	2581731	2581732	*	14	0	14	18	0	18	21	0	21	21	0	21	27	0	27	17	0	17	17	0	17	23	0	23	15	0	15	19	0	19	18	0	18	23	3	20	25	0	25	23	0	23	30	0	30	22	1	21	21	0	21	16	0	16	23	0	23
NC_059191.1	2746857	2746858	*	21	0	21	17	0	17	17	0	17	14	0	14	15	0	15	19	0	19	15	0	15	18	0	18	10	0	10	30	0	30	22	0	22	35	6	29	13	0	13	17	0	17	37	0	37	24	0	24	19	0	19	23	0	23	29	0	29
NC_059191.1	4361188	4361189	*	14	0	14	25	0	25	23	0	23	19	2	17	12	0	12	29	1	28	11	0	11	20	0	20	15	0	15	12	0	12	10	0	10	22	3	19	10	0	10	19	0	19	25	0	25	21	0	21	19	0	19	17	0	17	25	0	25
NC_059191.1	5000815	5000816	*	17	0	17	14	1	13	12	0	12	12	0	12	10	0	10	14	0	14	18	0	18	12	0	12	10	0	10	18	1	17	13	0	13	16	3	13	12	0	12	16	0	16	15	0	15	17	0	17	15	0	15	14	0	14	19	0	19
NW_025533127.1	279568	279569	*	13	0	13	16	2	14	11	0	11	15	0	15	18	0	18	12	0	12	15	0	15	19	0	19	15	0	15	19	0	19	19	0	19	22	4	18	22	1	21	14	0	14	25	2	23	24	1	23	19	0	19	18	0	18	22	0	22
NW_025533131.1	148866	148867	*	18	1	17	10	0	10	13	0	13	12	0	12	16	1	15	21	2	19	10	0	10	10	0	10	13	0	13	15	0	15	12	1	11	33	4	29	13	4	9	14	1	13	22	1	21	22	2	20	16	0	16	14	0	14	18	0	18
NW_025533175.1	35478	35479	*	26	3	23	25	0	25	16	2	14	22	0	22	23	0	23	28	1	27	27	2	25	18	0	18	23	0	23	25	1	24	22	0	22	22	3	19	28	2	26	30	2	28	40	0	40	28	1	27	21	0	21	21	2	19	33	3	30
NW_025533176.1	81817	81818	*	22	0	22	24	0	24	24	0	24	29	0	29	18	0	18	17	0	17	16	1	15	18	0	18	15	0	15	20	0	20	16	0	16	20	3	17	19	0	19	25	0	25	27	0	27	24	0	24	17	0	17	16	0	16	32	0	32
NW_025533260.1	40376	40377	*	22	0	22	27	1	26	24	0	24	12	0	12	23	0	23	20	0	20	12	0	12	17	1	16	11	2	9	18	0	18	20	2	18	24	3	21	18	1	17	18	2	16	19	1	18	18	3	15	19	1	18	14	1	13	48	2	46
NC_059182.1	3881942	3881943	*	11	0	11	25	0	25	15	0	15	12	0	12	11	0	11	20	0	20	14	0	14	17	0	17	12	0	12	22	0	22	18	0	18	12	0	12	16	3	13	17	1	16	14	0	14	18	0	18	13	0	13	12	0	12	26	0	26
NC_059182.1	8329114	8329115	*	55	0	55	39	0	39	28	0	28	14	0	14	59	2	57	28	0	28	22	0	22	24	0	24	34	0	34	30	0	30	51	1	50	31	1	30	37	4	33	53	1	52	58	1	57	24	2	22	15	0	15	17	3	14	49	2	47
NC_059182.1	8329135	8329136	*	60	0	60	44	0	44	34	0	34	18	0	18	68	3	65	30	0	30	22	0	22	26	0	26	37	0	37	34	1	33	61	0	61	33	0	33	38	4	34	59	1	58	67	0	67	28	2	26	21	0	21	17	1	16	52	6	46
NC_059182.1	11381529	11381530	*	17	1	16	17	0	17	18	0	18	15	0	15	17	0	17	16	0	16	14	0	14	15	0	15	13	0	13	17	2	15	13	0	13	19	0	19	20	8	12	13	0	13	29	0	29	23	0	23	18	0	18	14	0	14	25	0	25
NC_059182.1	13306130	13306131	*	23	0	23	31	0	31	12	0	12	22	0	22	14	0	14	16	0	16	15	0	15	15	0	15	14	1	13	24	0	24	29	0	29	31	0	31	22	3	19	18	0	18	37	0	37	20	0	20	31	0	31	19	0	19	32	0	32
NC_059182.1	13534650	13534651	*	10	1	9	12	0	12	11	2	9	12	1	11	20	0	20	13	0	13	18	1	17	16	0	16	12	0	12	12	0	12	15	0	15	16	0	16	16	3	13	24	0	24	22	0	22	16	1	15	21	0	21	13	0	13	23	0	23
NC_059182.1	18189188	18189189	*	24	0	24	24	0	24	16	0	16	13	0	13	27	0	27	27	0	27	15	0	15	13	0	13	10	0	10	16	0	16	19	0	19	25	0	25	21	3	18	15	0	15	17	0	17	17	0	17	40	0	40	20	0	20	28	0	28
NC_059182.1	18984566	18984567	*	12	0	12	15	0	15	12	0	12	14	0	14	12	0	12	17	0	17	13	0	13	12	0	12	12	0	12	14	0	14	10	0	10	18	0	18	20	9	11	13	0	13	18	0	18	17	0	17	27	8	19	18	0	18	20	0	20
NC_059182.1	18984598	18984599	*	10	1	9	15	0	15	13	0	13	17	0	17	13	0	13	12	0	12	16	0	16	13	0	13	11	0	11	13	0	13	12	0	12	16	0	16	18	10	8	15	0	15	20	0	20	18	0	18	28	9	19	16	0	16	21	0	21
NC_059183.1	225751	225752	*	15	0	15	13	0	13	17	0	17	16	0	16	19	0	19	18	1	17	16	0	16	22	0	22	12	0	12	18	1	17	16	0	16	23	0	23	23	3	20	25	0	25	19	0	19	20	0	20	23	0	23	11	0	11	37	0	37
NC_059183.1	1074650	1074651	*	24	0	24	22	1	21	22	0	22	25	0	25	16	0	16	11	0	11	11	0	11	12	1	11	18	0	18	24	1	23	21	0	21	16	0	16	30	6	24	20	0	20	16	1	15	20	0	20	21	0	21	24	0	24	23	0	23
NC_059183.1	1858462	1858463	*	12	0	12	27	0	27	18	0	18	12	0	12	15	0	15	13	0	13	20	0	20	16	0	16	14	0	14	22	1	21	19	0	19	15	0	15	16	3	13	16	0	16	19	0	19	32	0	32	10	0	10	11	0	11	30	0	30
NC_059183.1	2287467	2287468	*	17	0	17	13	0	13	16	0	16	17	0	17	15	0	15	17	0	17	13	0	13	16	0	16	12	0	12	13	0	13	13	0	13	15	1	14	12	3	9	21	0	21	18	0	18	12	1	11	15	0	15	13	1	12	16	0	16
NC_059183.1	3390194	3390195	*	16	0	16	19	0	19	19	0	19	22	0	22	12	0	12	13	0	13	11	0	11	25	0	25	15	0	15	15	0	15	12	0	12	28	1	27	22	4	18	25	0	25	20	0	20	23	0	23	16	0	16	19	0	19	25	0	25
NC_059183.1	7698278	7698279	*	16	0	16	29	0	29	18	0	18	12	0	12	14	0	14	15	0	15	10	0	10	15	0	15	14	0	14	10	0	10	16	0	16	24	0	24	10	3	7	12	0	12	16	0	16	22	0	22	12	0	12	17	0	17	16	0	16
NC_059183.1	8544059	8544060	*	17	0	17	23	0	23	19	2	17	11	0	11	18	0	18	18	0	18	13	0	13	19	2	17	14	0	14	21	2	19	18	1	17	33	2	31	17	7	10	11	2	9	29	0	29	32	0	32	14	1	13	31	0	31	39	1	38
NC_059183.1	8981629	8981630	*	18	0	18	14	0	14	18	0	18	12	0	12	10	0	10	20	1	19	14	0	14	17	0	17	13	0	13	17	0	17	17	0	17	21	0	21	15	3	12	22	0	22	32	1	31	16	0	16	22	0	22	15	0	15	19	0	19
NC_059183.1	9484852	9484853	*	17	0	17	41	0	41	27	0	27	30	1	29	25	1	24	48	3	45	33	0	33	13	0	13	15	0	15	36	0	36	19	0	19	45	1	44	24	3	21	31	5	26	52	3	49	36	0	36	33	0	33	27	0	27	54	0	54
NC_059183.1	11501125	11501126	*	16	0	16	28	1	27	14	0	14	18	0	18	16	0	16	22	0	22	18	0	18	22	0	22	23	0	23	23	0	23	18	0	18	26	0	26	18	5	13	15	0	15	22	0	22	21	0	21	23	0	23	20	0	20	28	0	28
NC_059183.1	11501142	11501143	*	16	0	16	25	0	25	13	0	13	16	0	16	14	0	14	19	0	19	17	0	17	24	0	24	20	0	20	22	0	22	16	0	16	24	1	23	16	3	13	16	0	16	23	0	23	20	0	20	24	0	24	20	0	20	31	0	31
NC_059183.1	12410884	12410885	*	15	0	15	21	0	21	11	0	11	16	0	16	19	0	19	11	0	11	17	0	17	18	0	18	11	1	10	15	0	15	11	0	11	25	0	25	16	7	9	12	1	11	17	0	17	19	0	19	10	0	10	15	0	15	25	0	25
NC_059183.1	16053000	16053001	*	14	0	14	14	0	14	18	0	18	16	0	16	15	0	15	13	0	13	18	0	18	19	0	19	10	0	10	22	0	22	21	0	21	28	0	28	22	3	19	14	0	14	25	0	25	20	0	20	22	0	22	14	0	14	22	0	22
NC_059184.1	322608	322609	*	11	0	11	31	0	31	14	0	14	19	0	19	20	0	20	19	0	19	17	1	16	14	1	13	10	0	10	22	1	21	25	0	25	19	0	19	22	4	18	24	1	23	19	0	19	25	0	25	22	1	21	14	0	14	31	0	31
NC_059184.1	2871292	2871293	*	23	0	23	21	0	21	17	1	16	21	0	21	26	2	24	14	0	14	19	1	18	15	1	14	11	1	10	24	1	23	27	0	27	25	1	24	16	3	13	21	2	19	31	0	31	20	2	18	22	0	22	14	0	14	32	1	31
NC_059184.1	4594373	4594374	*	15	0	15	25	1	24	16	0	16	14	0	14	14	0	14	18	1	17	17	0	17	18	0	18	22	0	22	13	0	13	18	0	18	30	1	29	23	3	20	22	0	22	13	0	13	28	1	27	24	0	24	18	0	18	26	0	26
NC_059184.1	11529866	11529867	*	16	0	16	19	0	19	18	0	18	13	0	13	20	0	20	15	1	14	18	0	18	14	0	14	19	0	19	27	1	26	18	0	18	27	0	27	20	4	16	15	0	15	26	0	26	22	1	21	18	0	18	13	0	13	38	0	38
NC_059184.1	11530124	11530125	*	35	0	35	25	0	25	16	0	16	20	0	20	25	0	25	24	0	24	22	0	22	19	0	19	15	0	15	25	0	25	24	0	24	24	0	24	30	5	25	20	0	20	38	1	37	28	0	28	22	0	22	25	0	25	28	1	27
NC_059184.1	13227226	13227227	*	26	0	26	23	0	23	22	0	22	23	0	23	21	0	21	20	0	20	20	0	20	19	0	19	13	0	13	24	1	23	15	0	15	32	0	32	16	5	11	24	0	24	24	0	24	18	0	18	27	0	27	23	0	23	31	0	31
NC_059185.1	52086	52087	*	24	0	24	29	1	28	20	0	20	16	0	16	17	0	17	28	0	28	15	0	15	15	0	15	17	0	17	21	0	21	17	0	17	26	0	26	27	4	23	25	2	23	32	1	31	27	0	27	27	0	27	17	0	17	31	0	31
NC_059185.1	150317	150318	*	11	0	11	18	0	18	11	0	11	17	0	17	12	0	12	27	0	27	17	0	17	22	0	22	10	0	10	13	1	12	14	0	14	20	0	20	22	10	12	23	0	23	27	0	27	21	0	21	17	0	17	24	0	24	28	1	27
NC_059185.1	1179811	1179812	*	13	1	12	12	0	12	13	0	13	12	0	12	12	0	12	19	0	19	11	0	11	13	2	11	10	0	10	16	1	15	11	0	11	24	1	23	12	3	9	18	0	18	15	1	14	12	1	11	16	0	16	20	0	20	16	0	16
NC_059185.1	1179813	1179814	*	12	1	11	12	0	12	13	0	13	12	0	12	12	0	12	19	0	19	11	0	11	14	2	12	10	0	10	16	0	16	10	0	10	24	1	23	12	3	9	18	0	18	14	1	13	12	1	11	16	0	16	20	0	20	16	0	16
NC_059185.1	1495255	1495256	*	14	0	14	24	0	24	18	1	17	15	0	15	20	0	20	20	0	20	18	0	18	13	0	13	13	0	13	15	0	15	14	0	14	30	0	30	16	3	13	23	0	23	21	0	21	13	0	13	17	0	17	13	0	13	20	0	20
NC_059185.1	3503093	3503094	*	26	0	26	13	0	13	11	0	11	13	0	13	11	0	11	19	0	19	16	0	16	13	0	13	15	0	15	16	0	16	19	0	19	35	2	33	17	7	10	21	0	21	25	0	25	29	0	29	29	16	13	19	0	19	20	0	20
NC_059185.1	4924801	4924802	*	29	0	29	37	0	37	28	0	28	27	0	27	16	0	16	25	1	24	28	0	28	29	0	29	20	0	20	22	0	22	29	0	29	33	0	33	14	3	11	41	0	41	50	0	50	39	0	39	44	0	44	25	0	25	54	0	54
NC_059185.1	5860138	5860139	*	25	0	25	37	1	36	31	0	31	40	0	40	19	0	19	36	0	36	45	0	45	40	0	40	20	1	19	45	1	44	25	0	25	41	0	41	28	5	23	32	0	32	41	8	33	51	0	51	35	0	35	33	0	33	62	0	62
NC_059185.1	8423148	8423149	*	13	0	13	13	0	13	18	0	18	22	0	22	11	0	11	16	0	16	10	1	9	17	0	17	11	0	11	13	0	13	14	0	14	15	0	15	10	4	6	17	0	17	22	0	22	20	0	20	12	0	12	17	0	17	24	0	24
NC_059185.1	9458800	9458801	*	20	0	20	22	1	21	13	0	13	20	0	20	22	0	22	21	0	21	11	0	11	25	0	25	15	0	15	26	0	26	32	0	32	32	1	31	23	3	20	19	0	19	25	0	25	24	0	24	27	0	27	19	0	19	31	0	31
NC_059185.1	10469617	10469618	*	13	0	13	17	0	17	13	0	13	15	0	15	17	0	17	24	0	24	15	0	15	14	0	14	17	0	17	33	0	33	23	0	23	27	0	27	23	3	20	22	2	20	21	0	21	23	1	22	24	0	24	11	0	11	25	0	25
NC_059185.1	11277520	11277521	*	15	0	15	28	0	28	16	0	16	29	0	29	14	0	14	18	0	18	12	0	12	17	0	17	13	0	13	13	0	13	25	0	25	15	0	15	28	14	14	11	0	11	10	0	10	22	0	22	22	9	13	11	0	11	23	0	23
NC_059185.1	13126089	13126090	*	22	0	22	13	0	13	30	0	30	33	0	33	27	0	27	41	0	41	28	0	28	26	0	26	36	0	36	13	0	13	26	0	26	34	0	34	29	4	25	26	0	26	41	0	41	24	0	24	38	0	38	50	0	50	17	0	17
NC_059186.1	171066	171067	*	17	0	17	20	0	20	17	0	17	20	0	20	14	0	14	11	0	11	13	0	13	15	0	15	17	0	17	17	0	17	22	0	22	21	0	21	15	3	12	21	0	21	38	0	38	22	0	22	22	0	22	12	0	12	29	0	29
NC_059186.1	221584	221585	*	14	0	14	20	0	20	26	0	26	11	0	11	17	0	17	18	0	18	12	0	12	16	0	16	16	0	16	30	0	30	26	0	26	31	1	30	20	4	16	15	0	15	30	0	30	21	0	21	29	0	29	23	1	22	27	0	27
NC_059186.1	2883483	2883484	*	27	1	26	21	0	21	15	0	15	20	0	20	25	0	25	17	0	17	16	0	16	14	1	13	15	0	15	17	0	17	25	1	24	38	0	38	27	6	21	21	0	21	28	3	25	29	1	28	26	0	26	25	0	25	29	2	27
NC_059186.1	2883545	2883546	*	23	0	23	21	0	21	12	2	10	21	0	21	19	0	19	13	0	13	19	0	19	19	2	17	14	0	14	19	0	19	20	0	20	33	0	33	24	3	21	23	0	23	21	0	21	25	2	23	27	0	27	26	0	26	38	0	38
NC_059186.1	4878875	4878876	*	14	0	14	24	0	24	16	0	16	17	1	16	25	0	25	15	0	15	10	0	10	13	0	13	16	0	16	19	0	19	20	0	20	24	0	24	18	3	15	17	0	17	18	0	18	21	0	21	18	0	18	18	0	18	36	1	35
NC_059186.1	6547059	6547060	*	10	0	10	17	0	17	17	0	17	17	0	17	13	0	13	11	0	11	13	0	13	15	0	15	11	0	11	18	0	18	10	1	9	18	0	18	16	3	13	21	0	21	27	0	27	32	0	32	16	0	16	14	0	14	23	0	23
NC_059186.1	7033574	7033575	*	23	0	23	17	0	17	18	0	18	11	0	11	15	0	15	15	0	15	18	0	18	21	0	21	14	0	14	19	0	19	14	0	14	14	0	14	22	6	16	14	0	14	19	0	19	26	0	26	13	0	13	17	0	17	23	0	23
NC_059186.1	7593655	7593656	*	22	0	22	20	1	19	16	0	16	12	0	12	18	0	18	16	0	16	18	0	18	11	0	11	11	0	11	22	0	22	25	0	25	31	0	31	22	3	19	17	0	17	23	1	22	10	0	10	24	0	24	22	0	22	24	0	24
NC_059186.1	7769428	7769429	*	18	0	18	17	0	17	20	0	20	14	0	14	16	0	16	14	0	14	14	0	14	14	0	14	14	0	14	15	0	15	14	0	14	13	0	13	20	3	17	11	0	11	20	0	20	11	0	11	18	0	18	16	0	16	20	0	20
NC_059186.1	8070007	8070008	*	13	0	13	28	0	28	21	0	21	12	0	12	13	0	13	13	0	13	20	0	20	18	0	18	13	0	13	23	0	23	13	0	13	19	0	19	13	4	9	23	1	22	21	0	21	20	0	20	15	0	15	15	6	9	27	0	27
NC_059186.1	8664766	8664767	*	10	0	10	16	0	16	11	0	11	12	0	12	12	0	12	18	0	18	17	0	17	10	0	10	10	0	10	16	0	16	14	0	14	15	0	15	22	5	17	12	0	12	26	0	26	13	0	13	11	0	11	10	0	10	16	0	16
NC_059187.1	712016	712017	*	14	0	14	20	0	20	16	0	16	16	0	16	11	0	11	15	0	15	16	0	16	17	0	17	16	0	16	14	0	14	12	0	12	12	0	12	18	3	15	19	0	19	14	0	14	46	0	46	13	0	13	15	0	15	20	0	20
NC_059187.1	1689525	1689526	*	13	0	13	24	1	23	36	1	35	11	1	10	27	0	27	18	0	18	15	1	14	21	1	20	24	1	23	14	2	12	11	0	11	32	0	32	17	3	14	22	11	11	10	0	10	45	0	45	28	2	26	24	3	21	17	0	17
NC_059187.1	3770213	3770214	*	15	0	15	25	0	25	19	0	19	24	0	24	14	0	14	19	0	19	20	0	20	32	0	32	11	0	11	26	0	26	20	0	20	31	0	31	21	6	15	21	0	21	31	2	29	26	0	26	17	0	17	14	0	14	36	0	36
NC_059187.1	4181754	4181755	*	26	0	26	23	1	22	30	1	29	21	0	21	11	0	11	12	0	12	14	0	14	24	0	24	35	0	35	20	1	19	19	2	17	31	1	30	32	6	26	23	0	23	31	2	29	20	0	20	25	0	25	48	2	46	35	0	35
NC_059187.1	8156172	8156173	*	14	0	14	21	0	21	23	0	23	16	0	16	23	0	23	30	0	30	19	0	19	15	0	15	17	0	17	28	0	28	27	0	27	29	0	29	27	8	19	19	0	19	29	0	29	28	0	28	22	0	22	17	0	17	28	0	28
NC_059187.1	8348858	8348859	*	19	0	19	25	0	25	22	0	22	15	0	15	15	0	15	18	0	18	16	0	16	22	0	22	15	0	15	18	0	18	30	0	30	26	0	26	23	3	20	20	0	20	35	0	35	25	1	24	22	0	22	11	0	11	37	0	37
NC_059188.1	928919	928920	*	16	0	16	30	0	30	16	0	16	15	0	15	15	1	14	25	1	24	12	0	12	18	0	18	14	0	14	30	1	29	13	0	13	31	3	28	25	10	15	13	0	13	28	1	27	33	0	33	27	0	27	19	1	18	34	0	34
NC_059188.1	2291103	2291104	*	16	0	16	26	0	26	19	0	19	14	0	14	17	0	17	20	0	20	15	0	15	16	0	16	14	0	14	27	1	26	30	0	30	41	0	41	24	3	21	24	0	24	29	0	29	16	0	16	28	0	28	20	2	18	48	0	48
NC_059188.1	10141636	10141637	*	13	0	13	22	0	22	16	0	16	10	0	10	12	0	12	14	0	14	15	0	15	11	0	11	13	0	13	22	0	22	18	0	18	24	0	24	17	9	8	16	0	16	31	0	31	24	0	24	23	0	23	21	1	20	32	0	32
NC_059188.1	12109946	12109947	*	16	0	16	15	1	14	21	0	21	20	0	20	20	0	20	11	0	11	14	0	14	20	0	20	11	0	11	25	0	25	19	0	19	22	0	22	23	3	20	26	0	26	23	0	23	13	0	13	19	0	19	14	0	14	29	0	29
NC_059188.1	12760070	12760071	*	21	0	21	27	0	27	15	0	15	24	0	24	21	0	21	23	0	23	27	0	27	12	0	12	16	0	16	30	0	30	26	1	25	27	0	27	20	3	17	19	0	19	26	0	26	22	0	22	24	0	24	15	0	15	28	1	27
NC_059188.1	13017164	13017165	*	13	0	13	24	2	22	17	1	16	26	2	24	15	0	15	17	2	15	18	2	16	13	2	11	14	1	13	17	1	16	18	2	16	22	1	21	19	3	16	15	2	13	32	16	16	12	3	9	28	24	4	26	0	26	22	1	21
NC_059189.1	346443	346444	*	18	0	18	14	1	13	18	0	18	14	0	14	10	0	10	15	0	15	14	0	14	11	0	11	14	0	14	13	1	12	13	0	13	15	2	13	18	3	15	18	0	18	19	0	19	21	0	21	15	0	15	17	0	17	25	1	24
NC_059189.1	457304	457305	*	14	0	14	27	0	27	13	0	13	12	0	12	10	0	10	16	0	16	20	0	20	15	0	15	12	0	12	14	0	14	11	0	11	19	0	19	15	4	11	17	1	16	27	0	27	17	0	17	19	0	19	16	0	16	19	0	19
NC_059189.1	622586	622587	*	12	0	12	25	0	25	25	0	25	17	0	17	24	0	24	12	0	12	16	0	16	10	0	10	17	0	17	31	0	31	19	0	19	24	0	24	25	5	20	21	1	20	24	0	24	19	0	19	26	0	26	16	0	16	36	0	36
NC_059189.1	2568096	2568097	*	23	0	23	21	0	21	16	0	16	10	0	10	26	0	26	30	0	30	19	0	19	14	0	14	26	0	26	28	0	28	28	0	28	28	0	28	18	3	15	28	0	28	32	0	32	21	0	21	28	0	28	18	0	18	30	0	30
NC_059189.1	5697090	5697091	*	18	0	18	10	0	10	15	0	15	14	0	14	22	0	22	17	0	17	12	0	12	18	0	18	13	1	12	14	0	14	15	0	15	18	0	18	20	8	12	20	0	20	24	0	24	14	5	9	15	0	15	16	8	8	31	0	31
NC_059189.1	5697103	5697104	*	20	0	20	11	0	11	13	0	13	14	0	14	23	0	23	23	0	23	14	0	14	19	0	19	14	0	14	17	0	17	16	0	16	19	0	19	22	9	13	23	1	22	24	0	24	16	7	9	15	0	15	20	9	11	32	0	32
NC_059189.1	6538180	6538181	*	34	0	34	34	0	34	17	0	17	16	0	16	25	0	25	33	0	33	15	0	15	29	0	29	25	0	25	24	0	24	28	0	28	36	1	35	32	5	27	29	0	29	43	1	42	26	0	26	25	2	23	23	0	23	36	0	36
NC_059189.1	6538187	6538188	*	38	0	38	32	1	31	17	0	17	17	0	17	25	0	25	32	0	32	15	0	15	26	0	26	23	0	23	23	0	23	30	0	30	36	2	34	31	4	27	29	2	27	43	0	43	25	0	25	26	0	26	23	0	23	36	0	36
NC_059189.1	7003171	7003172	*	24	0	24	22	0	22	13	0	13	17	0	17	17	0	17	21	0	21	13	0	13	16	0	16	13	0	13	23	0	23	16	0	16	31	0	31	24	3	21	20	1	19	20	0	20	19	0	19	27	0	27	14	0	14	35	0	35
NC_059189.1	7508263	7508264	*	26	1	25	21	0	21	14	0	14	23	0	23	24	0	24	23	2	21	20	0	20	18	0	18	15	0	15	33	0	33	20	1	19	22	0	22	29	4	25	31	7	24	44	3	41	14	1	13	29	0	29	20	0	20	21	0	21
NC_059189.1	10953220	10953221	*	38	0	38	57	0	57	51	1	50	52	0	52	43	3	40	51	0	51	34	0	34	53	2	51	36	0	36	60	2	58	36	0	36	65	1	64	46	4	42	82	1	81	76	5	71	85	0	85	49	0	49	33	0	33	52	0	52
NC_059190.1	1261931	1261932	*	20	0	20	19	0	19	18	0	18	18	0	18	16	0	16	18	1	17	19	0	19	16	0	16	18	0	18	23	0	23	29	0	29	43	0	43	22	3	19	14	0	14	29	1	28	27	0	27	24	1	23	14	0	14	30	0	30
NC_059190.1	2523370	2523371	*	13	0	13	20	0	20	19	0	19	21	0	21	15	0	15	13	0	13	13	0	13	10	0	10	14	0	14	11	0	11	14	0	14	20	1	19	17	6	11	16	0	16	18	1	17	20	0	20	20	0	20	21	0	21	17	0	17
NC_059190.1	2523374	2523375	*	13	0	13	20	0	20	19	0	19	20	0	20	15	0	15	13	0	13	13	0	13	10	0	10	14	0	14	11	0	11	13	0	13	19	0	19	17	6	11	16	0	16	19	0	19	19	1	18	19	0	19	22	0	22	17	0	17
NC_059190.1	2523378	2523379	*	13	0	13	20	1	19	18	0	18	20	0	20	15	0	15	13	0	13	13	0	13	11	0	11	13	0	13	11	0	11	14	0	14	20	1	19	17	6	11	16	0	16	19	1	18	18	0	18	19	0	19	24	0	24	17	0	17
NC_059190.1	2523388	2523389	*	12	0	12	18	1	17	19	0	19	20	0	20	15	0	15	16	0	16	12	0	12	10	0	10	13	1	12	11	0	11	16	0	16	19	0	19	15	5	10	17	0	17	21	2	19	20	0	20	19	0	19	26	0	26	17	0	17
NC_059190.1	5038060	5038061	*	26	1	25	20	0	20	19	0	19	21	0	21	22	0	22	35	1	34	25	0	25	18	0	18	15	0	15	14	2	12	32	1	31	30	1	29	19	4	15	27	0	27	54	16	38	27	1	26	26	0	26	15	0	15	29	0	29
NC_059190.1	5038082	5038083	*	23	0	23	21	0	21	18	0	18	17	0	17	22	0	22	32	0	32	26	0	26	16	0	16	14	0	14	16	0	16	30	0	30	28	0	28	18	3	15	28	1	27	50	1	49	29	0	29	18	0	18	16	0	16	31	0	31
NC_059190.1	7694846	7694847	*	12	0	12	32	0	32	14	0	14	22	0	22	26	0	26	30	0	30	20	0	20	14	0	14	22	0	22	27	0	27	12	0	12	38	2	36	30	4	26	28	0	28	50	0	50	33	2	31	26	0	26	13	0	13	43	1	42
NC_059191.1	923413	923414	*	22	0	22	18	0	18	12	0	12	16	1	15	13	0	13	22	0	22	16	0	16	13	0	13	20	1	19	16	0	16	11	0	11	29	0	29	15	3	12	18	0	18	19	0	19	16	0	16	28	0	28	22	12	10	29	0	29
NC_059191.1	5219888	5219889	*	18	0	18	15	0	15	16	0	16	11	0	11	15	0	15	16	0	16	13	0	13	17	1	16	12	0	12	26	0	26	22	0	22	25	0	25	20	3	17	24	0	24	36	1	35	22	1	21	20	0	20	11	0	11	34	0	34
NC_059191.1	7336117	7336118	*	14	0	14	12	0	12	19	0	19	22	0	22	11	0	11	16	0	16	19	0	19	15	0	15	15	0	15	21	0	21	14	0	14	25	0	25	19	3	16	27	0	27	28	0	28	28	0	28	15	0	15	20	1	19	25	0	25
NC_059191.1	7651833	7651834	*	17	0	17	31	0	31	23	0	23	57	0	57	23	1	22	33	0	33	22	0	22	29	0	29	22	0	22	44	0	44	20	0	20	43	0	43	24	3	21	23	0	23	26	0	26	22	0	22	41	0	41	32	0	32	54	0	54
NC_059191.1	7871663	7871664	*	12	0	12	17	0	17	12	0	12	14	0	14	10	0	10	14	0	14	11	0	11	18	0	18	14	1	13	11	0	11	15	0	15	20	0	20	13	4	9	13	2	11	22	0	22	15	0	15	12	1	11	10	0	10	12	0	12
NC_059191.1	9580151	9580152	*	18	0	18	28	3	25	15	0	15	19	0	19	20	1	19	17	1	16	22	1	21	15	2	13	19	2	17	29	0	29	21	1	20	26	0	26	20	11	9	28	4	24	27	1	26	22	0	22	22	10	12	25	0	25	19	0	19
NC_059191.1	9580162	9580163	*	20	0	20	27	0	27	16	0	16	19	0	19	18	0	18	16	0	16	19	0	19	15	0	15	18	0	18	30	0	30	22	0	22	27	0	27	20	8	12	28	1	27	29	0	29	23	0	23	20	8	12	26	0	26	19	0	19
NC_059191.1	9580184	9580185	*	18	0	18	27	0	27	17	0	17	22	0	22	18	0	18	16	0	16	18	0	18	14	0	14	18	0	18	27	0	27	23	1	22	24	0	24	17	9	8	25	0	25	30	0	30	24	0	24	21	11	10	24	0	24	21	0	21
NC_059191.1	9580203	9580204	*	16	0	16	30	0	30	14	0	14	21	0	21	14	0	14	16	0	16	18	1	17	13	0	13	18	0	18	28	0	28	23	1	22	25	0	25	17	7	10	24	0	24	30	0	30	18	0	18	20	11	9	21	0	21	19	0	19
NW_025533169.1	98758	98759	*	17	0	17	35	0	35	23	0	23	30	0	30	25	0	25	28	0	28	26	0	26	18	0	18	33	0	33	20	0	20	10	0	10	31	1	30	15	5	10	29	0	29	35	1	34	29	0	29	32	0	32	15	0	15	60	0	60
NW_025533214.1	15004	15005	*	22	0	22	18	0	18	12	0	12	26	0	26	22	0	22	12	0	12	13	0	13	12	0	12	15	0	15	27	0	27	25	1	24	31	1	30	24	3	21	13	0	13	19	0	19	23	0	23	20	0	20	28	0	28	29	0	29
NW_025533215.1	24272	24273	*	53	0	53	15	0	15	25	0	25	17	0	17	30	0	30	28	0	28	25	0	25	15	0	15	18	0	18	13	0	13	18	0	18	30	0	30	12	4	8	24	0	24	29	0	29	27	0	27	14	0	14	30	0	30	16	0	16
NW_025533362.1	25149	25150	*	47	0	47	28	0	28	30	0	30	21	0	21	22	0	22	25	0	25	35	0	35	28	2	26	28	0	28	39	0	39	43	0	43	48	0	48	44	4	40	40	0	40	30	0	30	42	6	36	25	1	24	47	1	46	51	1	50
NC_059182.1	71422	71423	*	18	0	18	24	0	24	14	0	14	15	0	15	13	0	13	16	0	16	18	1	17	12	1	11	10	0	10	19	0	19	11	0	11	22	0	22	17	0	17	21	8	13	27	1	26	24	0	24	17	1	16	16	0	16	35	1	34
NC_059182.1	2312320	2312321	*	14	0	14	27	2	25	15	0	15	18	0	18	23	1	22	29	0	29	26	0	26	31	0	31	20	0	20	31	1	30	23	0	23	25	0	25	29	0	29	26	8	18	24	0	24	29	0	29	24	0	24	14	0	14	32	0	32
NC_059182.1	14246986	14246987	*	14	0	14	25	0	25	15	0	15	14	0	14	18	0	18	26	0	26	11	0	11	11	0	11	18	0	18	13	0	13	20	0	20	34	0	34	24	0	24	19	3	16	29	0	29	20	0	20	19	0	19	21	1	20	31	0	31
NC_059182.1	15058062	15058063	*	23	0	23	14	0	14	11	0	11	15	0	15	16	0	16	11	0	11	15	0	15	11	0	11	10	0	10	20	0	20	17	0	17	19	0	19	16	0	16	18	3	15	29	0	29	25	0	25	19	0	19	15	1	14	21	0	21
NC_059182.1	16710703	16710704	*	26	0	26	22	0	22	16	1	15	11	0	11	21	0	21	18	0	18	11	0	11	16	0	16	18	0	18	32	0	32	12	0	12	27	0	27	13	1	12	21	3	18	22	0	22	10	0	10	22	0	22	16	0	16	18	0	18
NC_059182.1	17533447	17533448	*	17	0	17	10	0	10	14	0	14	15	0	15	12	0	12	17	0	17	17	0	17	20	0	20	12	0	12	20	0	20	14	0	14	28	0	28	17	0	17	21	3	18	14	0	14	23	0	23	32	0	32	11	0	11	20	0	20
NC_059182.1	18842607	18842608	*	13	0	13	21	0	21	10	0	10	14	0	14	13	0	13	15	1	14	12	1	11	16	0	16	16	0	16	12	0	12	16	0	16	27	1	26	14	0	14	12	4	8	22	0	22	17	0	17	11	0	11	20	0	20	27	0	27
NC_059183.1	1618487	1618488	*	19	0	19	28	0	28	27	0	27	17	0	17	23	0	23	21	0	21	17	0	17	17	0	17	14	0	14	38	0	38	21	0	21	22	0	22	17	0	17	24	3	21	30	0	30	13	0	13	30	0	30	22	0	22	38	1	37
NC_059183.1	3066883	3066884	*	34	0	34	20	0	20	25	0	25	22	0	22	33	1	32	32	0	32	28	0	28	21	0	21	21	0	21	31	1	30	47	2	45	39	3	36	18	0	18	29	7	22	62	5	57	26	1	25	34	7	27	20	0	20	48	9	39
NC_059183.1	4360367	4360368	*	17	0	17	18	0	18	18	0	18	13	0	13	12	0	12	16	0	16	13	0	13	16	0	16	10	0	10	13	0	13	10	0	10	25	1	24	18	0	18	14	5	9	16	0	16	15	0	15	14	0	14	16	0	16	24	0	24
NC_059183.1	7607400	7607401	*	22	1	21	23	0	23	12	0	12	24	0	24	25	0	25	28	0	28	16	0	16	26	0	26	13	0	13	23	0	23	16	0	16	26	0	26	27	0	27	19	3	16	28	1	27	23	0	23	21	0	21	19	0	19	27	0	27
NC_059183.1	7961552	7961553	*	24	0	24	29	0	29	20	0	20	17	0	17	24	0	24	20	0	20	19	0	19	17	0	17	19	0	19	28	0	28	20	1	19	33	0	33	18	0	18	19	3	16	17	0	17	30	0	30	20	0	20	24	1	23	33	0	33
NC_059183.1	8949029	8949030	*	13	0	13	21	0	21	16	0	16	20	0	20	15	0	15	16	0	16	11	0	11	11	0	11	13	0	13	16	1	15	12	0	12	18	0	18	10	0	10	26	6	20	21	0	21	10	0	10	18	0	18	22	0	22	30	0	30
NC_059183.1	9484867	9484868	*	17	0	17	42	0	42	28	0	28	33	2	31	25	0	25	48	2	46	33	0	33	14	0	14	14	0	14	39	0	39	20	0	20	45	0	45	27	3	24	37	8	29	58	4	54	39	0	39	35	0	35	27	0	27	60	0	60
NC_059183.1	9484888	9484889	*	18	0	18	46	0	46	30	0	30	33	0	33	25	0	25	50	2	48	33	0	33	18	0	18	13	0	13	40	0	40	19	0	19	44	1	43	28	3	25	40	9	31	62	6	56	39	0	39	36	0	36	29	0	29	59	1	58
NC_059183.1	9484894	9484895	*	19	0	19	45	0	45	30	0	30	33	0	33	26	0	26	51	2	49	34	1	33	19	0	19	13	0	13	39	1	38	18	0	18	46	0	46	28	3	25	37	10	27	62	4	58	42	0	42	38	1	37	29	0	29	59	1	58
NC_059183.1	9484897	9484898	*	19	0	19	46	0	46	30	0	30	33	0	33	27	0	27	50	2	48	33	0	33	19	0	19	13	0	13	38	0	38	18	0	18	44	0	44	28	3	25	37	10	27	63	4	59	42	0	42	38	0	38	30	1	29	59	0	59
NC_059183.1	11369698	11369699	*	13	0	13	21	0	21	18	0	18	17	0	17	14	0	14	10	0	10	16	0	16	22	0	22	21	0	21	24	0	24	20	0	20	21	0	21	13	0	13	16	3	13	23	1	22	25	0	25	27	1	26	11	0	11	34	0	34
NC_059183.1	13189557	13189558	*	18	0	18	15	0	15	15	0	15	19	0	19	11	0	11	23	0	23	19	0	19	12	0	12	13	0	13	16	0	16	13	0	13	18	0	18	14	0	14	23	15	8	27	0	27	25	0	25	10	0	10	15	0	15	16	0	16
NC_059183.1	14147417	14147418	*	17	0	17	19	0	19	28	0	28	20	0	20	11	0	11	23	0	23	21	0	21	15	0	15	11	1	10	18	0	18	27	0	27	27	0	27	21	1	20	25	5	20	32	0	32	22	0	22	20	0	20	16	0	16	33	0	33
NC_059183.1	14653895	14653896	*	13	0	13	23	0	23	22	0	22	20	0	20	21	0	21	22	0	22	18	0	18	20	0	20	11	0	11	16	0	16	18	0	18	25	0	25	15	0	15	19	3	16	25	0	25	15	0	15	14	0	14	12	0	12	21	0	21
NC_059183.1	16360181	16360182	*	13	0	13	17	0	17	12	0	12	17	0	17	19	0	19	16	0	16	16	0	16	13	0	13	12	0	12	16	0	16	18	0	18	21	1	20	13	0	13	23	3	20	22	0	22	24	0	24	16	0	16	11	1	10	23	0	23
NC_059183.1	16476634	16476635	*	16	0	16	23	0	23	17	0	17	11	0	11	21	0	21	14	0	14	17	0	17	17	0	17	12	0	12	11	0	11	18	1	17	22	0	22	23	1	22	14	5	9	15	0	15	19	0	19	25	0	25	21	1	20	32	0	32
NC_059183.1	18503551	18503552	*	22	0	22	21	0	21	18	0	18	23	0	23	25	0	25	12	0	12	17	0	17	15	0	15	15	1	14	25	0	25	29	0	29	27	0	27	19	0	19	21	3	18	25	0	25	21	0	21	18	0	18	19	1	18	31	0	31
NC_059184.1	317641	317642	*	21	0	21	18	0	18	15	0	15	12	0	12	16	0	16	16	0	16	17	0	17	17	0	17	16	0	16	22	0	22	20	0	20	30	2	28	22	0	22	24	3	21	25	0	25	17	0	17	17	0	17	19	1	18	30	0	30
NC_059184.1	12455593	12455594	*	20	0	20	27	0	27	20	0	20	16	0	16	26	0	26	21	0	21	14	0	14	10	0	10	17	0	17	19	0	19	29	0	29	24	0	24	15	0	15	20	3	17	22	0	22	12	0	12	24	0	24	14	0	14	18	0	18
NC_059185.1	109895	109896	*	10	0	10	14	0	14	17	0	17	24	1	23	15	2	13	18	1	17	16	1	15	18	0	18	13	0	13	14	0	14	17	0	17	21	2	19	12	0	12	28	4	24	34	1	33	24	1	23	14	1	13	16	0	16	23	0	23
NC_059185.1	115851	115852	*	20	0	20	18	0	18	20	0	20	22	0	22	16	0	16	17	0	17	18	1	17	12	0	12	14	0	14	22	0	22	26	0	26	30	0	30	16	0	16	23	3	20	32	0	32	30	0	30	22	0	22	25	1	24	24	0	24
NC_059185.1	542025	542026	*	12	0	12	20	1	19	16	0	16	10	0	10	13	0	13	19	0	19	13	0	13	18	0	18	12	0	12	21	0	21	19	0	19	13	0	13	22	0	22	20	8	12	11	0	11	18	0	18	22	0	22	15	0	15	24	0	24
NC_059185.1	2142448	2142449	*	19	0	19	20	0	20	15	0	15	14	0	14	10	0	10	15	0	15	12	0	12	10	0	10	10	0	10	19	0	19	14	1	13	20	1	19	17	0	17	15	7	8	24	0	24	31	14	17	19	0	19	12	0	12	25	0	25
NC_059185.1	4701189	4701190	*	11	0	11	18	0	18	14	0	14	16	0	16	12	0	12	18	0	18	15	0	15	14	0	14	10	0	10	18	2	16	19	0	19	24	0	24	16	0	16	20	10	10	17	0	17	17	0	17	25	1	24	12	0	12	12	0	12
NC_059185.1	4923466	4923467	*	35	0	35	43	0	43	31	0	31	27	0	27	40	0	40	37	0	37	32	0	32	40	0	40	31	0	31	41	0	41	25	1	24	38	0	38	25	0	25	57	4	53	43	0	43	44	0	44	46	1	45	32	0	32	65	0	65
NC_059185.1	6249115	6249116	*	18	0	18	23	1	22	16	0	16	18	0	18	20	0	20	28	0	28	15	0	15	17	0	17	15	0	15	14	0	14	27	0	27	37	1	36	22	0	22	17	6	11	25	0	25	31	0	31	24	0	24	23	5	18	38	0	38
NC_059185.1	8576336	8576337	*	22	0	22	15	0	15	20	0	20	16	0	16	21	0	21	23	0	23	23	0	23	16	0	16	25	0	25	24	0	24	20	0	20	32	0	32	25	0	25	19	3	16	25	0	25	28	0	28	28	1	27	28	0	28	37	0	37
NC_059185.1	9326568	9326569	*	22	0	22	14	0	14	11	0	11	13	0	13	23	0	23	17	0	17	11	0	11	18	0	18	20	0	20	42	0	42	30	0	30	22	0	22	25	0	25	17	3	14	27	0	27	23	0	23	24	0	24	29	0	29	37	0	37
NC_059185.1	9498084	9498085	*	15	0	15	17	1	16	19	0	19	15	0	15	14	0	14	20	0	20	11	0	11	12	0	12	13	0	13	17	0	17	11	2	9	24	0	24	12	0	12	26	9	17	21	0	21	17	0	17	22	1	21	17	10	7	26	0	26
NC_059185.1	10167288	10167289	*	22	0	22	14	0	14	16	0	16	19	0	19	26	0	26	19	0	19	21	0	21	14	0	14	16	0	16	24	0	24	28	0	28	21	0	21	18	0	18	20	3	17	26	0	26	19	0	19	30	0	30	16	0	16	28	0	28
NC_059185.1	10349257	10349258	*	18	0	18	13	0	13	15	0	15	14	0	14	21	1	20	20	0	20	18	0	18	18	0	18	11	0	11	13	0	13	15	1	14	22	0	22	12	0	12	18	10	8	26	0	26	20	0	20	24	0	24	16	0	16	23	0	23
NC_059185.1	10690005	10690006	*	14	0	14	19	0	19	12	0	12	16	0	16	15	0	15	12	0	12	11	0	11	14	0	14	13	0	13	19	0	19	18	0	18	22	1	21	17	0	17	22	3	19	24	0	24	13	0	13	15	0	15	17	0	17	25	0	25
NC_059186.1	5351993	5351994	*	18	0	18	27	1	26	24	0	24	14	0	14	17	0	17	17	0	17	14	0	14	12	0	12	22	0	22	16	0	16	20	0	20	22	0	22	16	0	16	18	3	15	18	0	18	17	0	17	17	0	17	20	0	20	30	0	30
NC_059186.1	7987626	7987627	*	12	0	12	18	0	18	18	0	18	13	0	13	26	0	26	24	0	24	13	0	13	19	1	18	19	0	19	28	0	28	15	0	15	37	0	37	28	0	28	17	3	14	35	0	35	19	0	19	25	0	25	10	0	10	25	0	25
NC_059186.1	9011067	9011068	*	23	0	23	22	0	22	11	0	11	10	0	10	24	0	24	13	0	13	23	0	23	18	0	18	14	0	14	22	0	22	23	0	23	34	1	33	21	0	21	28	10	18	38	0	38	29	0	29	21	0	21	22	0	22	26	0	26
NC_059186.1	11989436	11989437	*	23	0	23	27	0	27	19	0	19	19	0	19	14	0	14	14	0	14	20	0	20	21	0	21	15	0	15	17	0	17	19	0	19	22	0	22	17	0	17	17	3	14	28	0	28	22	0	22	27	0	27	20	0	20	29	0	29
NC_059187.1	99368	99369	*	12	0	12	23	0	23	16	0	16	12	0	12	14	0	14	22	0	22	11	0	11	19	0	19	10	0	10	15	0	15	16	0	16	24	0	24	21	0	21	19	5	14	14	0	14	20	2	18	20	0	20	15	0	15	20	0	20
NC_059187.1	431284	431285	*	18	0	18	26	0	26	27	0	27	16	0	16	11	0	11	14	0	14	16	0	16	15	0	15	12	0	12	16	0	16	13	0	13	27	0	27	12	0	12	23	3	20	26	0	26	25	0	25	16	0	16	22	0	22	25	0	25
NC_059187.1	502445	502446	*	22	0	22	23	0	23	15	0	15	23	0	23	21	0	21	31	0	31	15	0	15	23	0	23	18	0	18	22	0	22	32	0	32	23	0	23	35	0	35	28	10	18	28	0	28	34	0	34	17	0	17	19	0	19	26	0	26
NC_059187.1	555601	555602	*	24	0	24	24	0	24	13	0	13	14	0	14	13	0	13	17	0	17	11	0	11	12	0	12	12	0	12	25	0	25	24	0	24	24	0	24	17	0	17	20	3	17	25	1	24	22	0	22	17	0	17	13	0	13	23	0	23
NC_059187.1	4099713	4099714	*	16	0	16	17	0	17	17	0	17	16	0	16	14	0	14	13	0	13	18	0	18	10	0	10	16	0	16	18	0	18	16	0	16	25	1	24	16	0	16	15	3	12	25	0	25	15	0	15	17	0	17	18	0	18	22	0	22
NC_059187.1	5099047	5099048	*	17	0	17	24	0	24	15	0	15	16	1	15	13	0	13	19	0	19	16	0	16	13	0	13	16	0	16	14	1	13	14	0	14	30	0	30	16	0	16	23	3	20	20	0	20	18	0	18	24	0	24	22	0	22	23	0	23
NC_059187.1	5155602	5155603	*	21	0	21	22	0	22	14	0	14	10	0	10	12	0	12	19	0	19	13	0	13	22	0	22	13	0	13	16	0	16	28	0	28	28	0	28	15	0	15	18	3	15	26	0	26	28	0	28	23	0	23	23	0	23	24	0	24
NC_059187.1	5787368	5787369	*	15	0	15	13	0	13	17	0	17	16	0	16	17	0	17	17	0	17	13	0	13	22	0	22	11	0	11	23	0	23	22	1	21	23	0	23	15	1	14	20	6	14	29	0	29	12	0	12	19	0	19	21	0	21	22	0	22
NC_059187.1	6655903	6655904	*	20	0	20	29	0	29	27	0	27	23	0	23	20	0	20	26	0	26	12	0	12	14	0	14	14	0	14	28	1	27	22	0	22	34	0	34	22	0	22	15	4	11	33	0	33	37	0	37	24	0	24	22	0	22	37	0	37
NC_059187.1	7863208	7863209	*	23	0	23	19	1	18	26	0	26	17	0	17	11	0	11	21	0	21	24	0	24	16	0	16	14	0	14	24	0	24	20	0	20	22	0	22	18	0	18	19	3	16	29	0	29	26	0	26	24	0	24	21	0	21	22	0	22
NC_059188.1	683008	683009	*	14	0	14	21	0	21	10	0	10	17	0	17	10	0	10	14	0	14	12	0	12	18	0	18	11	0	11	20	0	20	11	0	11	15	0	15	16	0	16	13	7	6	19	0	19	21	1	20	25	1	24	12	0	12	20	0	20
NC_059188.1	1407855	1407856	*	19	0	19	22	0	22	11	0	11	16	0	16	15	0	15	15	0	15	11	0	11	17	0	17	14	0	14	20	0	20	15	0	15	25	0	25	15	0	15	20	3	17	35	0	35	29	0	29	24	0	24	20	0	20	27	0	27
NC_059188.1	1432987	1432988	*	19	0	19	23	0	23	22	0	22	13	0	13	18	0	18	27	0	27	18	0	18	30	0	30	12	0	12	21	0	21	17	0	17	25	0	25	21	0	21	15	3	12	29	0	29	27	0	27	10	0	10	23	1	22	21	0	21
NC_059188.1	1493874	1493875	*	19	0	19	19	0	19	14	0	14	20	1	19	17	0	17	13	0	13	19	0	19	17	0	17	13	0	13	24	0	24	20	0	20	30	1	29	20	0	20	23	3	20	16	0	16	34	0	34	22	0	22	24	0	24	24	0	24
NC_059188.1	2067691	2067692	*	20	0	20	20	1	19	12	0	12	20	0	20	22	0	22	25	0	25	11	0	11	11	0	11	14	0	14	27	0	27	35	0	35	38	0	38	18	0	18	19	3	16	25	0	25	25	0	25	24	0	24	17	0	17	37	0	37
NC_059188.1	3838611	3838612	*	34	0	34	32	0	32	29	0	29	31	0	31	30	0	30	42	0	42	14	0	14	39	0	39	38	0	38	28	0	28	27	0	27	27	1	26	40	0	40	31	9	22	50	0	50	36	0	36	25	0	25	29	0	29	54	1	53
NC_059188.1	10307698	10307699	*	23	0	23	35	0	35	21	0	21	22	0	22	20	0	20	26	0	26	15	0	15	22	0	22	16	0	16	36	0	36	43	0	43	30	0	30	20	0	20	23	3	20	20	0	20	27	0	27	36	0	36	29	0	29	44	0	44
NC_059188.1	10318135	10318136	*	12	0	12	18	0	18	18	0	18	16	0	16	11	0	11	12	1	11	21	0	21	15	0	15	14	0	14	14	0	14	13	0	13	15	1	14	17	0	17	14	7	7	19	1	18	13	0	13	13	0	13	15	0	15	15	0	15
NC_059188.1	10507419	10507420	*	13	0	13	19	0	19	14	0	14	13	0	13	14	0	14	15	0	15	13	0	13	22	0	22	22	0	22	15	0	15	19	0	19	24	0	24	19	0	19	15	7	8	27	0	27	29	0	29	25	0	25	10	0	10	23	0	23
NC_059188.1	11715419	11715420	*	17	0	17	14	0	14	12	0	12	16	0	16	14	0	14	20	0	20	15	0	15	12	0	12	13	0	13	22	0	22	13	0	13	28	0	28	18	0	18	21	7	14	25	0	25	18	0	18	15	0	15	23	0	23	18	0	18
NC_059189.1	7508434	7508435	*	24	0	24	17	0	17	21	0	21	26	0	26	20	0	20	48	0	48	22	0	22	16	0	16	29	0	29	19	0	19	15	0	15	21	0	21	39	0	39	63	6	57	92	1	91	33	0	33	49	0	49	16	0	16	22	1	21
NC_059189.1	8889219	8889220	*	30	0	30	23	0	23	16	0	16	26	0	26	28	0	28	11	0	11	20	0	20	14	0	14	15	0	15	25	0	25	31	1	30	29	0	29	27	0	27	21	3	18	25	0	25	21	0	21	26	1	25	14	0	14	28	0	28
NC_059189.1	9442545	9442546	*	14	0	14	20	0	20	14	0	14	14	0	14	19	0	19	12	0	12	13	0	13	10	0	10	15	0	15	27	0	27	16	0	16	16	1	15	13	0	13	18	3	15	13	0	13	21	0	21	13	0	13	10	0	10	19	0	19
NC_059190.1	1798201	1798202	*	17	0	17	14	0	14	17	0	17	20	0	20	16	0	16	25	0	25	19	0	19	14	0	14	16	0	16	17	0	17	22	1	21	28	0	28	17	0	17	17	3	14	25	0	25	16	0	16	15	0	15	19	1	18	31	0	31
NC_059190.1	1798226	1798227	*	16	0	16	16	0	16	21	0	21	20	0	20	17	0	17	22	0	22	14	0	14	14	0	14	12	0	12	18	0	18	16	0	16	32	0	32	14	0	14	19	3	16	28	0	28	17	0	17	17	0	17	19	0	19	28	0	28
NC_059190.1	3289885	3289886	*	22	0	22	13	0	13	12	0	12	21	0	21	18	0	18	13	0	13	10	0	10	15	0	15	20	0	20	21	0	21	10	0	10	15	0	15	19	0	19	22	3	19	24	0	24	22	0	22	18	0	18	12	0	12	16	0	16
NC_059190.1	3641889	3641890	*	20	0	20	38	0	38	20	0	20	21	0	21	15	0	15	22	0	22	22	0	22	18	0	18	15	0	15	29	0	29	29	0	29	38	0	38	28	0	28	18	3	15	28	0	28	27	0	27	27	0	27	17	0	17	31	0	31
NC_059190.1	3764447	3764448	*	17	1	16	14	0	14	12	0	12	16	0	16	16	0	16	14	0	14	16	0	16	10	0	10	14	0	14	17	0	17	20	0	20	24	0	24	11	0	11	17	3	14	19	0	19	21	0	21	20	1	19	20	0	20	27	0	27
NC_059190.1	4076751	4076752	*	11	0	11	30	0	30	18	1	17	15	0	15	10	0	10	18	0	18	12	0	12	18	0	18	12	0	12	21	0	21	19	0	19	27	0	27	15	0	15	18	3	15	22	0	22	17	0	17	16	0	16	16	0	16	20	0	20
NC_059190.1	5037822	5037823	*	54	0	54	34	0	34	29	1	28	17	0	17	42	1	41	41	2	39	34	0	34	17	0	17	23	0	23	23	0	23	32	0	32	40	0	40	23	0	23	48	5	43	62	2	60	35	0	35	28	0	28	20	0	20	42	0	42
NC_059190.1	5037887	5037888	*	65	2	63	36	0	36	26	0	26	19	0	19	39	1	38	48	2	46	39	0	39	18	0	18	26	0	26	20	0	20	39	0	39	45	0	45	25	1	24	47	5	42	68	5	63	33	0	33	29	0	29	22	1	21	45	0	45
NC_059190.1	7359324	7359325	*	14	0	14	20	0	20	18	0	18	13	0	13	15	0	15	16	0	16	12	0	12	10	0	10	11	0	11	25	1	24	24	0	24	18	0	18	20	0	20	20	3	17	18	0	18	15	0	15	18	0	18	19	0	19	31	0	31
NC_059191.1	1049179	1049180	*	16	0	16	25	0	25	15	0	15	14	0	14	17	0	17	21	0	21	16	0	16	20	0	20	13	0	13	15	0	15	23	0	23	16	1	15	16	0	16	20	8	12	30	0	30	26	0	26	14	1	13	13	0	13	23	0	23
NC_059191.1	1049213	1049214	*	17	0	17	25	0	25	15	0	15	13	0	13	14	0	14	20	0	20	13	0	13	21	0	21	12	0	12	16	0	16	26	0	26	16	0	16	16	0	16	20	11	9	31	0	31	28	0	28	13	0	13	14	0	14	24	0	24
NC_059191.1	1488035	1488036	*	14	0	14	12	0	12	15	0	15	10	0	10	20	0	20	18	0	18	13	0	13	13	0	13	12	0	12	16	0	16	19	0	19	31	0	31	14	0	14	16	3	13	18	0	18	15	0	15	15	0	15	12	0	12	21	0	21
NC_059191.1	1488043	1488044	*	14	0	14	12	0	12	14	0	14	10	0	10	21	0	21	19	0	19	13	0	13	14	0	14	12	0	12	16	0	16	19	0	19	33	1	32	14	0	14	16	3	13	18	0	18	16	0	16	14	0	14	11	0	11	21	0	21
NC_059191.1	1685948	1685949	*	19	0	19	18	0	18	19	0	19	20	0	20	14	0	14	16	0	16	19	0	19	24	0	24	12	0	12	32	0	32	19	0	19	32	0	32	22	0	22	14	4	10	44	0	44	30	0	30	25	0	25	13	0	13	41	0	41
NC_059191.1	1686144	1686145	*	23	0	23	29	0	29	21	0	21	26	0	26	17	0	17	19	0	19	25	0	25	25	0	25	23	0	23	46	0	46	30	0	30	31	0	31	22	0	22	28	10	18	52	0	52	29	0	29	23	0	23	22	1	21	35	0	35
NC_059191.1	1799628	1799629	*	23	0	23	28	0	28	17	0	17	17	1	16	16	0	16	12	0	12	12	0	12	19	0	19	13	0	13	18	0	18	25	0	25	23	0	23	18	0	18	22	8	14	26	0	26	30	0	30	24	0	24	20	0	20	25	0	25
NC_059191.1	4085375	4085376	*	18	0	18	26	0	26	12	0	12	18	1	17	11	0	11	27	0	27	12	2	10	11	1	10	20	1	19	23	0	23	16	0	16	32	1	31	23	2	21	18	13	5	25	0	25	21	0	21	24	1	23	24	0	24	26	0	26
NC_059191.1	4085395	4085396	*	17	0	17	25	0	25	10	0	10	16	0	16	12	0	12	28	0	28	14	0	14	11	0	11	19	0	19	23	0	23	14	1	13	33	0	33	27	0	27	17	11	6	26	0	26	20	0	20	23	1	22	23	0	23	21	0	21
NC_059191.1	4085411	4085412	*	17	0	17	25	0	25	11	0	11	15	0	15	13	0	13	28	0	28	14	0	14	10	0	10	17	0	17	20	0	20	15	1	14	28	0	28	23	0	23	15	9	6	24	1	23	20	0	20	21	0	21	24	0	24	25	0	25
NC_059191.1	6776005	6776006	*	17	0	17	27	0	27	31	0	31	21	0	21	15	0	15	22	0	22	31	0	31	15	0	15	20	0	20	24	0	24	35	0	35	27	0	27	17	1	16	21	8	13	21	0	21	36	1	35	45	1	44	19	0	19	35	0	35
NC_059191.1	8961878	8961879	*	11	0	11	14	0	14	11	0	11	18	0	18	13	0	13	17	0	17	13	0	13	14	0	14	10	0	10	16	0	16	17	0	17	19	0	19	10	0	10	14	3	11	22	0	22	13	0	13	18	0	18	19	0	19	29	0	29
NW_025533136.1	30634	30635	*	66	0	66	30	1	29	23	0	23	20	0	20	18	0	18	39	0	39	30	1	29	38	1	37	27	0	27	13	0	13	18	0	18	32	1	31	37	1	36	30	4	26	75	2	73	34	0	34	17	0	17	12	0	12	42	0	42
NW_025533147.1	65933	65934	*	15	0	15	15	1	14	12	0	12	23	0	23	14	0	14	12	0	12	14	0	14	12	0	12	11	0	11	24	0	24	10	0	10	22	0	22	20	0	20	14	3	11	20	1	19	15	1	14	18	0	18	15	0	15	14	0	14
NW_025533147.1	65991	65992	*	15	0	15	26	1	25	23	0	23	30	2	28	18	0	18	23	2	21	18	0	18	16	0	16	12	0	12	29	0	29	14	0	14	25	0	25	25	0	25	16	4	12	26	1	25	20	0	20	20	0	20	21	0	21	25	0	25
NW_025533147.1	66049	66050	*	16	1	15	23	0	23	22	0	22	23	2	21	16	0	16	19	2	17	14	2	12	14	0	14	12	0	12	23	0	23	12	0	12	22	0	22	26	2	24	14	3	11	26	3	23	16	1	15	13	0	13	20	0	20	23	1	22
NW_025533169.1	97689	97690	*	19	1	18	33	0	33	26	0	26	34	0	34	30	0	30	58	0	58	45	0	45	15	0	15	34	1	33	50	1	49	20	0	20	60	0	60	22	0	22	41	5	36	49	1	48	32	1	31	36	0	36	14	0	14	70	1	69
NW_025533332.1	28473	28474	*	68	0	68	41	1	40	35	0	35	24	0	24	33	3	30	27	0	27	34	0	34	47	0	47	34	1	33	44	2	42	56	3	53	58	0	58	38	1	37	37	7	30	58	2	56	48	4	44	56	0	56	34	5	29	71	1	70
NW_025533332.1	29672	29673	*	49	0	49	36	0	36	37	0	37	22	0	22	32	1	31	24	0	24	23	1	22	31	0	31	21	0	21	38	0	38	38	0	38	47	0	47	34	0	34	34	4	30	46	0	46	32	4	28	38	0	38	21	0	21	62	4	58
NC_059182.1	2303632	2303633	*	13	0	13	19	0	19	12	0	12	19	0	19	10	0	10	21	0	21	21	0	21	14	0	14	13	0	13	20	0	20	14	0	14	19	0	19	18	0	18	17	1	16	18	7	11	25	0	25	17	0	17	15	0	15	21	0	21
NC_059182.1	2303642	2303643	*	12	0	12	20	0	20	10	0	10	19	0	19	10	0	10	20	0	20	19	1	18	14	0	14	14	0	14	20	0	20	15	0	15	19	0	19	19	0	19	18	0	18	19	7	12	25	0	25	16	0	16	16	1	15	23	0	23
NC_059182.1	2303648	2303649	*	13	0	13	21	0	21	10	0	10	18	0	18	10	0	10	20	0	20	18	0	18	14	0	14	15	0	15	21	0	21	14	0	14	18	0	18	18	0	18	18	0	18	19	6	13	25	0	25	18	0	18	16	0	16	23	0	23
NC_059182.1	2442693	2442694	*	19	0	19	22	0	22	16	0	16	18	0	18	20	0	20	21	0	21	11	0	11	14	0	14	16	0	16	26	0	26	20	1	19	24	0	24	20	0	20	17	0	17	25	3	22	20	0	20	23	0	23	19	0	19	23	0	23
NC_059182.1	2912317	2912318	*	17	0	17	22	0	22	11	0	11	16	0	16	13	0	13	14	0	14	14	0	14	17	0	17	16	0	16	23	0	23	20	0	20	18	1	17	24	0	24	23	0	23	29	11	18	26	0	26	23	1	22	20	0	20	19	0	19
NC_059182.1	2912322	2912323	*	17	0	17	22	0	22	13	0	13	16	0	16	13	0	13	14	0	14	13	0	13	18	1	17	15	0	15	23	0	23	19	0	19	17	0	17	22	0	22	22	0	22	28	7	21	26	0	26	22	0	22	19	0	19	20	0	20
NC_059182.1	5638096	5638097	*	20	0	20	17	0	17	16	0	16	28	0	28	16	0	16	13	0	13	16	1	15	11	0	11	16	0	16	17	0	17	17	0	17	13	0	13	14	0	14	19	1	18	18	3	15	15	1	14	13	0	13	13	0	13	18	0	18
NC_059182.1	11233675	11233676	*	21	0	21	58	0	58	23	0	23	32	0	32	36	0	36	28	0	28	29	0	29	35	0	35	17	0	17	48	1	47	32	0	32	44	0	44	26	0	26	28	0	28	40	5	35	25	0	25	40	0	40	43	0	43	55	1	54
NC_059182.1	13058640	13058641	*	14	1	13	22	0	22	16	0	16	26	1	25	14	0	14	30	0	30	20	0	20	15	2	13	29	0	29	22	0	22	10	1	9	30	0	30	11	0	11	21	0	21	29	6	23	26	0	26	37	0	37	31	0	31	39	0	39
NC_059182.1	15142806	15142807	*	30	2	28	24	0	24	20	0	20	17	1	16	25	0	25	19	1	18	13	0	13	19	0	19	16	0	16	21	1	20	16	2	14	28	0	28	25	0	25	21	0	21	27	5	22	20	0	20	23	0	23	22	0	22	22	0	22
NC_059182.1	15788305	15788306	*	12	0	12	17	0	17	18	0	18	13	0	13	18	0	18	22	0	22	14	0	14	16	0	16	13	0	13	22	0	22	16	0	16	30	0	30	12	0	12	24	0	24	25	5	20	15	0	15	27	0	27	11	0	11	36	0	36
NC_059182.1	16027622	16027623	*	10	1	9	13	0	13	12	0	12	23	0	23	17	0	17	15	0	15	11	0	11	10	1	9	11	0	11	12	0	12	14	0	14	14	1	13	11	0	11	17	1	16	18	7	11	19	0	19	14	0	14	13	0	13	30	0	30
NC_059182.1	16917018	16917019	*	21	0	21	15	1	14	12	0	12	14	0	14	15	0	15	21	0	21	18	0	18	18	0	18	14	0	14	22	0	22	20	0	20	29	0	29	16	0	16	17	0	17	23	3	20	13	0	13	15	0	15	12	1	11	30	0	30
NC_059182.1	17013386	17013387	*	15	0	15	14	0	14	12	0	12	15	0	15	10	0	10	15	0	15	14	0	14	10	0	10	12	0	12	15	0	15	12	0	12	13	0	13	10	0	10	21	0	21	14	6	8	14	0	14	20	0	20	15	0	15	20	0	20
NC_059182.1	18877312	18877313	*	18	0	18	24	0	24	12	0	12	18	0	18	21	0	21	26	1	25	17	1	16	20	0	20	16	0	16	33	0	33	24	1	23	36	1	35	11	0	11	24	0	24	27	7	20	31	0	31	18	0	18	27	0	27	25	0	25
NC_059183.1	3569289	3569290	*	12	0	12	24	0	24	19	1	18	17	0	17	24	0	24	19	0	19	11	0	11	18	0	18	18	0	18	20	0	20	14	0	14	19	0	19	15	0	15	19	0	19	21	3	18	14	0	14	20	0	20	16	0	16	24	0	24
NC_059183.1	5759613	5759614	*	15	0	15	29	0	29	16	1	15	23	0	23	22	0	22	11	0	11	19	0	19	24	0	24	16	0	16	32	0	32	26	0	26	32	0	32	22	0	22	18	0	18	26	9	17	16	0	16	17	0	17	14	0	14	26	0	26
NC_059183.1	5763264	5763265	*	12	0	12	15	0	15	11	0	11	13	0	13	11	0	11	12	0	12	12	0	12	21	0	21	10	0	10	11	0	11	20	0	20	25	0	25	14	0	14	14	0	14	20	3	17	19	0	19	23	0	23	13	0	13	17	0	17
NC_059183.1	8058092	8058093	*	25	0	25	31	0	31	11	0	11	17	0	17	18	0	18	20	0	20	12	0	12	23	0	23	19	0	19	18	0	18	20	0	20	29	0	29	19	0	19	25	0	25	24	8	16	24	0	24	19	0	19	23	1	22	26	0	26
NC_059183.1	8514121	8514122	*	17	0	17	23	0	23	11	0	11	14	0	14	11	0	11	18	0	18	14	0	14	16	0	16	10	0	10	26	0	26	14	0	14	23	0	23	17	0	17	25	0	25	24	3	21	20	1	19	20	0	20	10	0	10	29	0	29
NC_059183.1	11380410	11380411	*	14	0	14	19	0	19	14	0	14	18	0	18	17	0	17	20	0	20	10	0	10	12	0	12	13	0	13	17	0	17	11	0	11	17	0	17	16	0	16	12	0	12	25	13	12	31	0	31	12	0	12	15	0	15	21	0	21
NC_059183.1	14430450	14430451	*	13	0	13	14	0	14	22	0	22	17	0	17	11	0	11	10	0	10	11	0	11	15	0	15	14	0	14	17	0	17	18	0	18	16	0	16	16	0	16	11	0	11	15	7	8	10	0	10	19	0	19	15	0	15	15	0	15
NC_059183.1	16051824	16051825	*	17	0	17	25	0	25	21	0	21	16	0	16	15	0	15	17	0	17	22	0	22	15	0	15	13	0	13	16	0	16	19	0	19	28	0	28	15	0	15	20	0	20	26	6	20	22	0	22	22	1	21	22	0	22	30	2	28
NC_059184.1	1440711	1440712	*	28	0	28	30	0	30	15	0	15	16	0	16	14	0	14	17	0	17	14	0	14	10	0	10	23	0	23	26	0	26	23	0	23	26	0	26	17	0	17	27	0	27	25	3	22	21	0	21	14	0	14	14	0	14	30	0	30
NC_059184.1	1661034	1661035	*	12	1	11	22	0	22	10	0	10	17	0	17	11	0	11	13	1	12	10	0	10	15	1	14	13	1	12	14	0	14	11	0	11	17	1	16	17	0	17	13	0	13	21	4	17	19	8	11	19	0	19	16	0	16	18	9	9
NC_059184.1	3793698	3793699	*	16	0	16	20	1	19	18	0	18	23	0	23	21	0	21	19	0	19	22	0	22	10	0	10	16	0	16	14	1	13	29	2	27	25	1	24	19	1	18	20	1	19	29	4	25	18	0	18	24	0	24	16	0	16	27	3	24
NC_059184.1	3793739	3793740	*	16	0	16	22	0	22	18	0	18	18	0	18	19	0	19	16	0	16	23	0	23	12	0	12	11	0	11	16	0	16	29	2	27	24	0	24	16	0	16	17	0	17	25	7	18	20	5	15	25	0	25	16	2	14	23	1	22
NC_059184.1	5486030	5486031	*	24	0	24	23	0	23	15	0	15	16	0	16	19	0	19	18	0	18	23	0	23	16	0	16	25	0	25	30	0	30	23	0	23	44	0	44	18	0	18	15	0	15	37	7	30	37	0	37	26	0	26	25	0	25	43	0	43
NC_059184.1	5486046	5486047	*	22	0	22	22	0	22	13	0	13	13	0	13	19	0	19	19	0	19	25	0	25	18	0	18	26	1	25	27	0	27	25	1	24	41	1	40	19	0	19	13	0	13	38	6	32	35	0	35	29	0	29	21	0	21	43	0	43
NC_059184.1	5486232	5486233	*	17	0	17	12	0	12	16	0	16	11	0	11	15	0	15	10	0	10	17	0	17	21	0	21	11	0	11	27	0	27	13	0	13	26	0	26	16	0	16	16	0	16	36	10	26	36	1	35	22	0	22	24	0	24	30	0	30
NC_059184.1	5486286	5486287	*	21	0	21	16	0	16	18	0	18	13	1	12	12	0	12	11	0	11	15	0	15	18	0	18	11	0	11	21	0	21	11	0	11	26	1	25	16	0	16	17	0	17	34	13	21	41	0	41	20	0	20	19	0	19	28	0	28
NC_059184.1	7327254	7327255	*	17	0	17	19	0	19	10	0	10	11	0	11	12	0	12	12	0	12	12	0	12	14	0	14	10	0	10	18	1	17	12	0	12	20	0	20	14	0	14	15	0	15	19	4	15	15	0	15	12	0	12	12	1	11	19	0	19
NC_059184.1	7780690	7780691	*	19	0	19	19	0	19	13	0	13	11	0	11	18	0	18	21	0	21	16	0	16	18	0	18	10	0	10	17	0	17	17	0	17	20	0	20	18	0	18	22	0	22	22	3	19	20	1	19	18	0	18	10	0	10	27	0	27
NC_059184.1	9567832	9567833	*	15	0	15	11	0	11	13	0	13	17	0	17	23	0	23	13	0	13	15	0	15	11	0	11	14	0	14	20	0	20	16	2	14	26	0	26	11	0	11	16	0	16	22	8	14	23	0	23	14	0	14	17	0	17	18	0	18
NC_059184.1	9717214	9717215	*	20	0	20	33	1	32	15	0	15	20	0	20	15	0	15	21	0	21	24	0	24	14	1	13	15	0	15	18	0	18	14	0	14	34	0	34	23	0	23	23	1	22	27	4	23	25	0	25	25	0	25	26	0	26	28	0	28
NC_059184.1	9717236	9717237	*	23	0	23	32	0	32	15	0	15	20	0	20	14	0	14	18	0	18	20	0	20	12	1	11	13	0	13	17	0	17	13	0	13	35	0	35	17	0	17	25	0	25	25	3	22	23	0	23	24	0	24	26	0	26	27	0	27
NC_059184.1	11128622	11128623	*	16	0	16	32	0	32	19	0	19	20	0	20	14	0	14	18	0	18	23	0	23	16	0	16	17	0	17	20	1	19	16	0	16	21	0	21	29	0	29	17	0	17	22	11	11	18	0	18	17	0	17	20	1	19	17	0	17
NC_059184.1	11521286	11521287	*	20	0	20	17	0	17	20	0	20	26	0	26	30	0	30	21	0	21	10	0	10	16	0	16	13	0	13	17	0	17	15	0	15	19	0	19	18	0	18	15	0	15	25	9	16	33	0	33	22	0	22	15	0	15	35	0	35
NC_059184.1	12325375	12325376	*	14	0	14	15	0	15	15	0	15	13	0	13	14	0	14	18	0	18	13	0	13	11	0	11	13	0	13	21	1	20	16	1	15	25	0	25	18	0	18	15	1	14	14	5	9	18	0	18	15	0	15	16	0	16	24	0	24
NC_059184.1	12325382	12325383	*	15	1	14	15	0	15	14	0	14	13	0	13	13	0	13	20	0	20	15	0	15	12	0	12	12	0	12	22	0	22	17	1	16	25	0	25	18	1	17	14	0	14	14	4	10	17	1	16	13	0	13	17	0	17	25	0	25
NC_059184.1	12325385	12325386	*	15	0	15	15	0	15	14	0	14	12	0	12	14	0	14	20	0	20	15	0	15	13	0	13	12	0	12	23	0	23	17	1	16	25	0	25	18	0	18	14	0	14	14	6	8	18	0	18	13	0	13	16	0	16	24	0	24
NC_059184.1	13366071	13366072	*	19	0	19	30	0	30	16	0	16	14	0	14	19	0	19	21	0	21	18	0	18	14	0	14	16	0	16	19	0	19	19	0	19	25	0	25	26	0	26	18	0	18	22	5	17	20	0	20	20	0	20	21	0	21	27	0	27
NC_059184.1	13366073	13366074	*	18	0	18	30	0	30	16	0	16	14	1	13	19	0	19	21	0	21	18	0	18	14	0	14	16	0	16	19	0	19	19	0	19	25	0	25	27	0	27	18	0	18	22	11	11	21	0	21	20	0	20	20	0	20	26	0	26
NC_059184.1	13789472	13789473	*	18	0	18	13	0	13	14	0	14	11	0	11	16	0	16	16	0	16	15	0	15	19	0	19	10	0	10	26	0	26	12	0	12	22	0	22	25	0	25	23	0	23	25	3	22	27	0	27	21	0	21	23	0	23	23	0	23
NC_059185.1	17338	17339	*	28	2	26	28	2	26	38	0	38	40	0	40	59	0	59	42	0	42	24	0	24	26	0	26	24	0	24	28	1	27	51	2	49	77	3	74	39	3	36	47	1	46	54	4	50	38	2	36	21	0	21	45	3	42	50	2	48
NC_059185.1	33936	33937	*	12	0	12	11	0	11	15	0	15	20	0	20	14	0	14	14	0	14	10	0	10	16	0	16	11	0	11	11	0	11	12	1	11	18	0	18	19	0	19	16	0	16	24	13	11	18	0	18	17	8	9	14	1	13	23	1	22
NC_059185.1	226105	226106	*	23	0	23	22	0	22	18	0	18	14	0	14	16	0	16	14	0	14	13	0	13	13	0	13	15	0	15	19	0	19	25	0	25	15	0	15	13	0	13	20	1	19	25	3	22	17	0	17	22	0	22	20	1	19	28	0	28
NC_059185.1	1090747	1090748	*	19	0	19	15	0	15	15	0	15	16	0	16	16	0	16	23	1	22	15	0	15	18	0	18	11	0	11	23	0	23	12	0	12	26	1	25	10	0	10	26	0	26	18	10	8	25	0	25	12	0	12	19	0	19	28	0	28
NC_059185.1	1167232	1167233	*	22	0	22	25	2	23	26	1	25	18	0	18	18	1	17	25	0	25	16	0	16	11	0	11	12	0	12	18	0	18	25	3	22	21	0	21	20	1	19	22	0	22	24	3	21	19	0	19	19	0	19	14	0	14	32	0	32
NC_059185.1	4188998	4188999	*	12	0	12	21	0	21	14	0	14	13	0	13	10	0	10	13	0	13	17	0	17	18	1	17	12	0	12	13	0	13	19	0	19	17	0	17	18	1	17	17	0	17	21	3	18	16	0	16	18	0	18	12	0	12	25	1	24
NC_059185.1	5188003	5188004	*	22	0	22	19	1	18	26	0	26	19	0	19	15	0	15	18	0	18	17	0	17	15	0	15	11	0	11	28	0	28	11	0	11	22	0	22	24	0	24	38	0	38	37	4	33	37	0	37	15	0	15	35	0	35	31	0	31
NC_059185.1	5452548	5452549	*	24	0	24	41	0	41	31	0	31	35	0	35	37	0	37	50	0	50	41	0	41	31	0	31	28	0	28	48	1	47	21	0	21	44	0	44	38	0	38	36	3	33	58	4	54	60	1	59	49	4	45	21	0	21	78	1	77
NC_059185.1	5860108	5860109	*	28	1	27	42	0	42	31	0	31	39	0	39	24	0	24	39	0	39	42	0	42	43	0	43	23	0	23	50	2	48	27	0	27	47	0	47	24	0	24	35	0	35	40	9	31	57	0	57	36	0	36	29	0	29	68	0	68
NC_059185.1	11185208	11185209	*	12	0	12	17	0	17	14	0	14	23	0	23	17	0	17	14	0	14	13	0	13	26	0	26	17	0	17	16	0	16	12	0	12	16	0	16	16	0	16	19	0	19	23	3	20	20	0	20	22	0	22	14	0	14	19	0	19
NC_059185.1	11947909	11947910	*	28	1	27	21	0	21	18	0	18	28	0	28	13	0	13	18	0	18	22	0	22	25	0	25	13	0	13	24	0	24	20	1	19	28	0	28	25	0	25	24	0	24	32	10	22	35	0	35	19	1	18	18	0	18	33	0	33
NC_059185.1	11948682	11948683	*	22	0	22	22	0	22	24	0	24	27	0	27	22	0	22	18	0	18	18	0	18	28	1	27	20	0	20	18	0	18	11	0	11	21	1	20	20	0	20	27	0	27	20	5	15	31	0	31	20	0	20	25	0	25	30	1	29
NC_059186.1	7704559	7704560	*	13	0	13	29	0	29	12	1	11	12	2	10	19	0	19	21	1	20	15	1	14	12	0	12	11	2	9	22	0	22	21	1	20	19	1	18	16	0	16	16	0	16	27	16	11	14	0	14	19	0	19	20	0	20	23	1	22
NC_059186.1	7704577	7704578	*	11	0	11	27	0	27	12	0	12	13	0	13	18	0	18	22	0	22	15	0	15	12	0	12	10	0	10	22	0	22	21	0	21	23	0	23	16	0	16	17	0	17	26	13	13	16	0	16	19	0	19	20	0	20	23	0	23
NC_059186.1	7840749	7840750	*	18	0	18	23	0	23	13	0	13	17	0	17	13	0	13	14	0	14	17	0	17	26	0	26	21	0	21	13	0	13	19	0	19	23	0	23	15	0	15	18	0	18	21	6	15	17	0	17	20	0	20	24	0	24	23	1	22
NC_059186.1	7840760	7840761	*	19	0	19	23	1	22	12	0	12	17	0	17	13	0	13	13	0	13	16	0	16	26	1	25	21	0	21	13	0	13	17	0	17	24	0	24	13	0	13	17	0	17	21	6	15	16	1	15	18	0	18	24	0	24	21	0	21
NC_059186.1	8822526	8822527	*	21	0	21	25	0	25	13	0	13	20	0	20	24	0	24	17	0	17	17	0	17	16	0	16	17	0	17	24	0	24	19	0	19	32	0	32	21	0	21	19	0	19	25	3	22	22	0	22	27	0	27	13	2	11	30	0	30
NC_059186.1	10720850	10720851	*	20	0	20	13	0	13	10	0	10	10	0	10	10	0	10	20	1	19	19	0	19	11	0	11	18	0	18	15	0	15	17	0	17	23	0	23	21	0	21	23	1	22	22	15	7	18	0	18	13	0	13	15	0	15	23	0	23
NC_059187.1	741999	742000	*	23	0	23	12	0	12	14	0	14	22	0	22	14	0	14	11	0	11	20	0	20	10	1	9	13	0	13	16	0	16	17	0	17	21	0	21	17	0	17	14	0	14	21	3	18	16	0	16	17	0	17	11	0	11	14	1	13
NC_059187.1	1705685	1705686	*	10	0	10	18	0	18	16	0	16	12	0	12	14	0	14	10	0	10	19	0	19	23	0	23	11	0	11	18	0	18	18	0	18	19	0	19	20	1	19	18	0	18	17	8	9	17	0	17	19	0	19	17	0	17	16	0	16
NC_059187.1	2666414	2666415	*	32	1	31	29	0	29	14	0	14	21	0	21	24	0	24	27	0	27	29	0	29	18	0	18	31	0	31	28	0	28	20	0	20	62	0	62	22	0	22	32	2	30	25	3	22	29	0	29	15	1	14	25	0	25	43	0	43
NC_059187.1	6643316	6643317	*	23	0	23	22	0	22	21	0	21	15	0	15	31	0	31	25	1	24	22	0	22	12	0	12	19	0	19	31	0	31	18	0	18	16	1	15	15	0	15	27	0	27	20	3	17	19	0	19	28	0	28	17	0	17	41	0	41
NC_059187.1	6983282	6983283	*	17	0	17	26	0	26	22	0	22	16	0	16	20	0	20	12	0	12	14	0	14	17	0	17	18	0	18	19	0	19	19	0	19	24	1	23	17	1	16	21	0	21	19	3	16	19	0	19	28	0	28	18	0	18	28	0	28
NC_059187.1	9597220	9597221	*	20	0	20	18	0	18	15	0	15	10	0	10	15	0	15	22	0	22	16	0	16	17	0	17	21	0	21	21	1	20	20	0	20	24	0	24	16	0	16	21	0	21	24	3	21	25	0	25	23	0	23	18	0	18	31	1	30
NC_059188.1	1904600	1904601	*	18	0	18	23	0	23	14	0	14	17	0	17	20	0	20	15	0	15	18	0	18	19	0	19	15	0	15	22	0	22	25	1	24	25	0	25	20	0	20	17	1	16	25	7	18	23	0	23	20	0	20	17	0	17	23	0	23
NC_059188.1	5018911	5018912	*	19	0	19	17	0	17	18	0	18	12	0	12	17	0	17	19	0	19	12	0	12	11	0	11	10	0	10	19	0	19	11	0	11	23	0	23	14	0	14	11	0	11	23	6	17	22	0	22	17	0	17	17	8	9	22	0	22
NC_059188.1	9834912	9834913	*	19	0	19	26	0	26	36	0	36	18	0	18	22	0	22	21	0	21	22	0	22	25	0	25	12	0	12	21	0	21	19	0	19	22	0	22	19	0	19	25	0	25	27	6	21	28	0	28	28	1	27	16	0	16	31	0	31
NC_059188.1	10459971	10459972	*	11	0	11	24	1	23	12	0	12	21	0	21	14	0	14	15	0	15	19	2	17	14	0	14	11	0	11	12	0	12	12	0	12	12	0	12	21	0	21	12	0	12	20	3	17	18	0	18	11	0	11	19	0	19	15	0	15
NC_059188.1	10521994	10521995	*	19	0	19	24	0	24	17	0	17	20	0	20	11	0	11	18	0	18	18	2	16	12	0	12	17	0	17	14	0	14	11	0	11	20	0	20	25	0	25	16	1	15	32	12	20	19	0	19	15	0	15	18	0	18	33	0	33
NC_059188.1	10679839	10679840	*	15	0	15	16	0	16	14	0	14	14	0	14	11	0	11	10	0	10	13	0	13	22	0	22	15	0	15	20	0	20	22	0	22	17	0	17	18	0	18	17	0	17	18	3	15	21	0	21	19	0	19	14	0	14	19	0	19
NC_059188.1	12112058	12112059	*	16	0	16	28	0	28	13	0	13	19	0	19	17	0	17	26	0	26	19	0	19	17	0	17	20	0	20	20	0	20	18	0	18	25	0	25	24	0	24	10	0	10	24	8	16	15	0	15	16	0	16	13	0	13	26	0	26
NC_059188.1	12112235	12112236	*	19	0	19	23	1	22	13	0	13	25	0	25	22	0	22	26	0	26	10	0	10	12	0	12	22	0	22	21	1	20	12	0	12	27	0	27	17	0	17	19	0	19	23	5	18	22	0	22	20	0	20	17	0	17	34	0	34
NC_059188.1	12567326	12567327	*	19	0	19	13	0	13	11	0	11	16	0	16	10	0	10	15	0	15	15	0	15	19	0	19	16	0	16	16	0	16	16	1	15	23	0	23	16	0	16	18	1	17	28	8	20	16	0	16	24	0	24	13	0	13	24	0	24
NC_059188.1	12668325	12668326	*	15	0	15	20	0	20	18	0	18	16	0	16	21	0	21	15	0	15	16	0	16	18	0	18	15	0	15	18	0	18	23	1	22	27	0	27	23	0	23	20	0	20	20	3	17	18	0	18	23	1	22	22	0	22	26	1	25
NC_059188.1	12925056	12925057	*	14	2	12	18	2	16	16	1	15	15	1	14	13	0	13	15	0	15	14	0	14	16	0	16	15	0	15	19	1	18	16	2	14	12	1	11	12	0	12	24	1	23	27	4	23	27	0	27	16	0	16	13	1	12	28	1	27
NC_059188.1	13017174	13017175	*	14	0	14	24	1	23	17	0	17	24	2	22	15	0	15	15	0	15	17	0	17	12	0	12	15	1	14	17	0	17	17	0	17	22	0	22	19	0	19	15	0	15	32	17	15	13	2	11	27	21	6	26	0	26	23	0	23
NC_059188.1	13017185	13017186	*	16	0	16	21	0	21	19	0	19	23	0	23	14	0	14	15	0	15	18	0	18	12	0	12	16	0	16	17	0	17	16	0	16	22	0	22	19	0	19	14	0	14	33	18	15	13	1	12	28	23	5	26	0	26	22	0	22
NC_059188.1	13017199	13017200	*	16	0	16	22	0	22	19	0	19	25	0	25	14	0	14	16	0	16	19	0	19	11	0	11	15	0	15	15	0	15	17	0	17	23	0	23	17	0	17	13	0	13	32	17	15	14	0	14	25	19	6	26	0	26	24	0	24
NC_059188.1	13017209	13017210	*	17	0	17	20	0	20	20	0	20	25	0	25	15	0	15	16	0	16	19	0	19	13	0	13	14	0	14	15	0	15	14	0	14	22	0	22	18	0	18	11	0	11	33	16	17	14	0	14	25	20	5	24	0	24	22	0	22
NC_059188.1	13017226	13017227	*	18	0	18	21	0	21	19	0	19	25	0	25	17	0	17	18	0	18	16	0	16	13	0	13	15	0	15	18	0	18	13	0	13	21	0	21	20	0	20	12	0	12	31	8	23	16	0	16	25	11	14	22	0	22	24	1	23
NC_059189.1	393569	393570	*	19	0	19	18	0	18	22	1	21	10	0	10	12	0	12	23	0	23	17	0	17	13	0	13	10	0	10	25	0	25	17	0	17	27	0	27	22	0	22	16	0	16	20	8	12	19	0	19	27	0	27	20	16	4	21	0	21
NC_059189.1	702353	702354	*	15	0	15	10	0	10	18	0	18	15	0	15	22	0	22	16	0	16	16	0	16	18	0	18	15	0	15	14	0	14	11	0	11	18	1	17	20	0	20	18	0	18	29	14	15	20	0	20	19	0	19	14	0	14	22	0	22
NC_059189.1	1211973	1211974	*	27	0	27	30	0	30	31	0	31	24	0	24	22	0	22	36	0	36	29	0	29	19	0	19	20	0	20	43	0	43	31	0	31	37	0	37	35	0	35	30	0	30	26	5	21	24	0	24	29	0	29	35	0	35	33	0	33
NC_059189.1	1212000	1212001	*	27	0	27	29	0	29	32	0	32	20	0	20	24	0	24	30	0	30	28	0	28	20	0	20	19	0	19	39	1	38	26	0	26	36	0	36	35	0	35	30	1	29	28	4	24	21	0	21	31	0	31	33	0	33	37	0	37
NC_059189.1	1623906	1623907	*	20	0	20	23	0	23	18	0	18	16	0	16	14	0	14	17	0	17	15	0	15	11	0	11	11	0	11	24	0	24	16	0	16	24	0	24	18	0	18	22	0	22	23	7	16	20	0	20	21	0	21	22	0	22	24	0	24
NC_059189.1	2070970	2070971	*	24	0	24	22	1	21	18	1	17	15	0	15	21	0	21	19	2	17	18	1	17	10	2	8	18	0	18	16	0	16	16	0	16	21	1	20	20	0	20	27	0	27	28	5	23	18	4	14	25	0	25	22	1	21	19	0	19
NC_059189.1	3515613	3515614	*	23	0	23	17	0	17	15	0	15	15	0	15	16	0	16	18	0	18	11	0	11	13	0	13	13	0	13	16	0	16	12	0	12	27	0	27	11	0	11	20	0	20	15	3	12	22	0	22	15	0	15	10	0	10	29	0	29
NC_059189.1	7508005	7508006	*	32	2	30	23	1	22	12	0	12	15	0	15	36	0	36	19	0	19	18	0	18	30	0	30	25	0	25	32	1	31	15	0	15	34	0	34	20	0	20	29	1	28	31	4	27	28	0	28	24	1	23	18	1	17	36	2	34
NC_059189.1	7537398	7537399	*	70	4	66	47	2	45	29	0	29	28	0	28	34	2	32	38	0	38	33	0	33	26	0	26	35	1	34	42	0	42	48	1	47	39	2	37	31	1	30	35	1	34	55	9	46	48	0	48	32	2	30	37	1	36	54	0	54
NC_059189.1	7540858	7540859	*	24	0	24	20	0	20	18	0	18	21	0	21	20	0	20	19	1	18	19	0	19	15	0	15	10	0	10	18	0	18	16	0	16	30	0	30	11	0	11	16	1	15	25	3	22	28	0	28	19	0	19	19	0	19	27	1	26
NC_059189.1	9142321	9142322	*	52	0	52	36	0	36	33	0	33	19	0	19	20	0	20	11	0	11	20	0	20	17	0	17	23	0	23	33	0	33	47	1	46	82	1	81	13	0	13	31	0	31	31	4	27	23	0	23	22	0	22	24	0	24	22	0	22
NC_059190.1	3097608	3097609	*	22	0	22	25	0	25	25	0	25	21	2	19	18	0	18	38	0	38	15	0	15	19	0	19	11	0	11	31	0	31	14	0	14	31	1	30	17	0	17	27	1	26	30	10	20	27	0	27	26	0	26	15	0	15	23	0	23
NC_059190.1	3097611	3097612	*	22	0	22	25	0	25	25	0	25	19	0	19	17	0	17	40	0	40	15	0	15	20	0	20	11	0	11	30	0	30	13	0	13	32	0	32	16	0	16	28	0	28	31	12	19	26	0	26	26	0	26	16	0	16	22	0	22
NC_059190.1	3381884	3381885	*	15	0	15	30	0	30	16	0	16	16	0	16	19	0	19	18	0	18	11	0	11	15	0	15	16	0	16	12	0	12	14	0	14	17	1	16	10	0	10	13	0	13	20	5	15	10	0	10	21	0	21	14	0	14	28	0	28
NC_059190.1	4856168	4856169	*	22	0	22	28	0	28	13	0	13	16	0	16	18	0	18	14	0	14	17	0	17	11	0	11	18	0	18	17	1	16	19	0	19	23	0	23	19	0	19	11	0	11	25	3	22	24	0	24	20	0	20	15	0	15	31	0	31
NC_059190.1	9313685	9313686	*	73	0	73	48	1	47	34	0	34	29	1	28	67	0	67	41	3	38	42	0	42	21	0	21	28	0	28	27	0	27	42	1	41	35	0	35	30	0	30	42	2	40	87	6	81	26	0	26	15	0	15	23	0	23	58	0	58
NC_059190.1	10208883	10208884	*	17	0	17	13	0	13	18	1	17	17	0	17	19	0	19	19	0	19	19	0	19	18	0	18	10	0	10	19	0	19	12	0	12	15	0	15	12	0	12	21	1	20	22	3	19	21	0	21	18	0	18	11	0	11	28	0	28
NC_059191.1	1944750	1944751	*	24	0	24	16	0	16	17	0	17	19	0	19	18	0	18	15	0	15	16	0	16	14	1	13	13	0	13	14	0	14	15	0	15	28	0	28	11	0	11	16	0	16	20	4	16	11	0	11	15	0	15	16	0	16	18	0	18
NC_059191.1	2585188	2585189	*	14	0	14	20	0	20	13	1	12	17	0	17	15	0	15	13	0	13	18	0	18	14	0	14	10	0	10	14	0	14	15	0	15	16	0	16	16	0	16	19	0	19	14	3	11	16	0	16	19	0	19	15	1	14	25	0	25
NC_059191.1	2699413	2699414	*	17	0	17	22	0	22	17	0	17	15	0	15	14	0	14	14	0	14	19	1	18	16	0	16	12	0	12	24	0	24	26	0	26	32	0	32	20	0	20	16	0	16	24	3	21	29	2	27	18	0	18	14	1	13	26	0	26
NC_059191.1	3512663	3512664	*	14	0	14	17	0	17	19	0	19	20	0	20	14	0	14	12	0	12	14	0	14	13	0	13	18	0	18	20	1	19	22	0	22	24	0	24	15	0	15	17	0	17	24	3	21	22	0	22	11	0	11	15	0	15	21	0	21
NC_059191.1	3629625	3629626	*	18	0	18	27	0	27	19	0	19	28	0	28	19	1	18	19	1	18	17	0	17	25	0	25	17	0	17	28	0	28	26	1	25	40	1	39	17	0	17	20	0	20	31	7	24	27	0	27	29	1	28	16	0	16	35	0	35
NC_059191.1	8227778	8227779	*	11	0	11	19	0	19	14	0	14	12	0	12	12	0	12	11	0	11	14	1	13	11	0	11	12	0	12	15	0	15	14	0	14	14	0	14	14	0	14	16	0	16	20	5	15	17	0	17	10	0	10	23	0	23	19	0	19
NC_059191.1	8227782	8227783	*	11	1	10	19	0	19	13	2	11	12	0	12	12	0	12	11	0	11	15	0	15	11	0	11	12	1	11	14	0	14	13	0	13	14	0	14	13	1	12	16	0	16	20	6	14	16	0	16	10	1	9	21	0	21	19	0	19
NW_025533127.1	154231	154232	*	13	0	13	21	0	21	19	0	19	12	0	12	15	1	14	10	0	10	17	0	17	19	0	19	14	0	14	11	0	11	13	0	13	20	0	20	16	0	16	16	0	16	22	8	14	30	0	30	22	0	22	16	0	16	25	0	25
NW_025533136.1	20308	20309	*	37	0	37	29	0	29	22	0	22	25	1	24	28	0	28	22	0	22	30	0	30	24	0	24	51	0	51	36	0	36	32	1	31	32	0	32	33	0	33	24	1	23	43	8	35	47	1	46	42	0	42	23	0	23	54	0	54
NW_025533136.1	20330	20331	*	37	0	37	31	0	31	18	0	18	21	0	21	25	0	25	22	0	22	31	0	31	23	0	23	46	0	46	29	0	29	26	2	24	33	0	33	32	0	32	19	0	19	43	11	32	43	0	43	40	0	40	22	0	22	50	0	50
NW_025533136.1	23148	23149	*	64	1	63	31	0	31	15	0	15	24	1	23	20	0	20	28	0	28	28	0	28	16	0	16	23	1	22	47	0	47	26	0	26	21	0	21	17	1	16	38	1	37	38	4	34	40	0	40	41	5	36	35	4	31	39	0	39
NW_025533175.1	62871	62872	*	22	0	22	21	0	21	18	0	18	21	0	21	30	0	30	26	0	26	22	0	22	13	0	13	12	0	12	28	0	28	22	1	21	35	0	35	20	0	20	18	0	18	27	5	22	28	0	28	18	0	18	21	0	21	37	0	37
NW_025533280.1	18460	18461	*	10	0	10	14	0	14	26	0	26	27	0	27	31	0	31	28	0	28	17	0	17	13	0	13	31	0	31	23	0	23	15	0	15	35	0	35	34	0	34	28	0	28	24	3	21	49	0	49	23	0	23	37	0	37	48	0	48
NC_059182.1	3204029	3204030	*	22	0	22	18	1	17	16	0	16	17	0	17	12	0	12	24	0	24	18	0	18	19	1	18	12	0	12	16	0	16	13	0	13	26	0	26	21	0	21	18	0	18	18	0	18	15	4	11	18	1	17	18	0	18	16	0	16
NC_059182.1	3204055	3204056	*	22	0	22	18	2	16	15	0	15	15	0	15	12	0	12	20	0	20	16	0	16	17	2	15	11	0	11	15	0	15	12	0	12	26	0	26	24	0	24	16	0	16	15	0	15	16	4	12	21	0	21	19	0	19	15	0	15
NC_059182.1	3204063	3204064	*	22	1	21	16	0	16	15	0	15	14	0	14	12	0	12	18	0	18	14	0	14	16	1	15	11	0	11	14	0	14	10	0	10	25	0	25	21	0	21	16	0	16	14	0	14	16	5	11	20	0	20	16	0	16	16	0	16
NC_059182.1	3720205	3720206	*	14	0	14	12	0	12	11	0	11	11	0	11	10	0	10	21	0	21	19	0	19	21	1	20	11	0	11	10	0	10	10	0	10	22	0	22	12	0	12	17	0	17	24	0	24	24	3	21	18	0	18	16	0	16	24	1	23
NC_059182.1	5709237	5709238	*	15	0	15	25	0	25	19	0	19	25	0	25	15	0	15	18	0	18	11	0	11	20	0	20	12	0	12	17	1	16	15	0	15	25	0	25	14	0	14	24	0	24	27	0	27	26	10	16	12	0	12	16	0	16	26	0	26
NC_059183.1	189844	189845	*	23	1	22	28	0	28	16	0	16	21	0	21	23	0	23	20	0	20	17	0	17	19	0	19	21	0	21	27	0	27	22	0	22	42	0	42	27	0	27	27	0	27	25	0	25	21	3	18	25	0	25	17	0	17	37	0	37
NC_059183.1	5712388	5712389	*	30	0	30	27	0	27	11	0	11	14	0	14	22	0	22	20	0	20	11	0	11	13	0	13	27	0	27	20	0	20	16	0	16	36	0	36	27	0	27	23	0	23	22	0	22	24	3	21	25	0	25	11	0	11	28	0	28
NC_059183.1	5847141	5847142	*	20	0	20	15	0	15	10	0	10	15	0	15	14	0	14	26	0	26	10	0	10	10	0	10	22	0	22	22	0	22	18	0	18	28	0	28	11	0	11	18	0	18	26	0	26	26	4	22	20	0	20	15	0	15	22	0	22
NC_059183.1	14092404	14092405	*	14	1	13	23	0	23	15	0	15	16	0	16	15	0	15	19	0	19	10	0	10	11	0	11	10	0	10	29	0	29	27	0	27	28	0	28	23	0	23	20	0	20	29	0	29	22	3	19	16	0	16	19	0	19	24	0	24
NC_059183.1	14318893	14318894	*	23	0	23	25	0	25	15	0	15	12	0	12	13	0	13	20	0	20	18	0	18	15	0	15	14	0	14	22	0	22	13	0	13	27	0	27	18	0	18	22	0	22	25	1	24	19	6	13	18	7	11	21	0	21	29	0	29
NC_059183.1	14318898	14318899	*	22	0	22	25	0	25	15	0	15	14	0	14	12	0	12	20	0	20	18	0	18	16	0	16	14	0	14	22	0	22	12	0	12	25	0	25	18	0	18	21	0	21	24	1	23	19	6	13	19	8	11	21	0	21	29	0	29
NC_059183.1	14803223	14803224	*	13	0	13	26	0	26	13	0	13	16	0	16	14	0	14	17	0	17	16	0	16	11	0	11	16	0	16	19	0	19	25	0	25	34	0	34	19	1	18	20	0	20	23	0	23	22	4	18	26	0	26	21	0	21	28	0	28
NC_059183.1	15367183	15367184	*	21	0	21	11	0	11	22	0	22	15	0	15	13	0	13	19	0	19	12	0	12	12	0	12	14	0	14	22	0	22	13	0	13	21	1	20	20	0	20	20	1	19	22	0	22	20	4	16	18	0	18	20	0	20	19	0	19
NC_059184.1	4773731	4773732	*	22	0	22	15	0	15	11	0	11	16	0	16	20	0	20	18	0	18	16	0	16	13	0	13	14	0	14	24	0	24	16	0	16	23	0	23	25	0	25	18	0	18	11	0	11	18	3	15	22	0	22	18	0	18	29	0	29
NC_059184.1	4847951	4847952	*	13	0	13	17	0	17	13	0	13	16	0	16	10	0	10	14	0	14	13	0	13	14	0	14	23	0	23	14	0	14	13	0	13	10	0	10	16	0	16	23	0	23	26	0	26	21	3	18	12	0	12	11	0	11	30	0	30
NC_059184.1	7477885	7477886	*	19	0	19	39	0	39	29	0	29	21	1	20	22	0	22	18	0	18	19	0	19	25	0	25	23	0	23	51	0	51	33	0	33	36	0	36	24	0	24	38	0	38	26	0	26	40	4	36	41	0	41	36	0	36	43	0	43
NC_059185.1	112290	112291	*	14	0	14	14	0	14	11	0	11	21	0	21	19	0	19	20	0	20	10	0	10	16	0	16	18	1	17	16	0	16	11	0	11	24	0	24	17	0	17	20	0	20	18	0	18	13	5	8	22	0	22	12	0	12	19	0	19
NC_059185.1	1987754	1987755	*	16	0	16	32	1	31	16	0	16	15	0	15	18	0	18	13	0	13	20	0	20	10	0	10	19	0	19	27	0	27	28	0	28	22	1	21	11	0	11	11	0	11	24	0	24	21	3	18	29	0	29	15	0	15	38	0	38
NC_059185.1	2442237	2442238	*	12	0	12	20	0	20	14	0	14	13	0	13	17	0	17	30	0	30	11	0	11	25	0	25	18	0	18	20	0	20	31	0	31	28	1	27	17	0	17	27	0	27	16	0	16	35	12	23	23	0	23	23	0	23	33	0	33
NC_059185.1	2442256	2442257	*	11	0	11	16	0	16	13	0	13	14	0	14	17	0	17	26	0	26	10	0	10	24	0	24	17	0	17	18	0	18	29	0	29	27	0	27	15	0	15	25	0	25	13	0	13	33	9	24	21	0	21	20	0	20	31	0	31
NC_059185.1	3917759	3917760	*	21	0	21	26	0	26	19	0	19	15	0	15	16	0	16	27	0	27	16	0	16	20	0	20	13	0	13	31	0	31	29	0	29	23	0	23	24	0	24	23	0	23	20	0	20	17	8	9	21	0	21	20	0	20	24	0	24
NC_059185.1	9395697	9395698	*	19	0	19	22	0	22	18	0	18	12	1	11	12	0	12	13	0	13	14	0	14	11	0	11	12	0	12	15	1	14	23	1	22	26	0	26	16	0	16	19	0	19	22	0	22	21	6	15	15	0	15	22	0	22	21	0	21
NC_059185.1	9498190	9498191	*	17	0	17	12	0	12	19	0	19	15	0	15	18	0	18	14	0	14	12	1	11	12	1	11	12	0	12	13	0	13	11	0	11	19	0	19	15	0	15	25	0	25	11	0	11	17	5	12	18	1	17	15	0	15	23	0	23
NC_059185.1	10095325	10095326	*	12	0	12	18	0	18	22	0	22	19	0	19	24	0	24	24	0	24	14	0	14	20	0	20	19	0	19	23	0	23	24	1	23	34	0	34	24	0	24	15	0	15	29	1	28	17	3	14	25	0	25	20	0	20	47	0	47
NC_059185.1	10638935	10638936	*	18	0	18	22	0	22	17	0	17	10	0	10	12	0	12	20	0	20	16	0	16	11	0	11	15	0	15	29	0	29	13	0	13	18	0	18	12	0	12	11	0	11	17	0	17	19	7	12	18	0	18	22	0	22	14	0	14
NC_059185.1	11862954	11862955	*	13	0	13	16	0	16	16	0	16	12	0	12	14	0	14	12	0	12	19	0	19	13	0	13	16	0	16	10	0	10	16	0	16	15	0	15	15	0	15	17	0	17	25	0	25	19	3	16	18	0	18	17	0	17	17	0	17
NC_059186.1	3652534	3652535	*	20	0	20	19	0	19	16	0	16	11	0	11	26	0	26	16	0	16	11	0	11	13	0	13	15	0	15	24	0	24	21	2	19	27	0	27	22	0	22	20	0	20	33	0	33	23	3	20	23	0	23	20	0	20	34	1	33
NC_059186.1	9551880	9551881	*	21	0	21	24	0	24	18	0	18	17	0	17	15	0	15	21	0	21	16	0	16	17	0	17	11	0	11	20	0	20	19	0	19	24	0	24	14	0	14	17	0	17	14	0	14	21	10	11	18	0	18	22	0	22	28	0	28
NC_059186.1	9551892	9551893	*	24	0	24	25	1	24	21	0	21	18	0	18	12	0	12	26	0	26	15	0	15	20	0	20	12	0	12	20	0	20	18	0	18	25	1	24	15	0	15	17	0	17	16	0	16	25	10	15	22	0	22	24	0	24	31	0	31
NC_059186.1	9551910	9551911	*	24	0	24	25	3	22	22	0	22	18	0	18	12	0	12	25	0	25	17	1	16	18	0	18	12	0	12	21	0	21	18	0	18	28	1	27	18	1	17	17	0	17	18	0	18	24	8	16	22	1	21	21	0	21	35	0	35
NC_059186.1	9559463	9559464	*	14	0	14	24	0	24	23	0	23	14	0	14	13	0	13	18	0	18	16	0	16	28	0	28	23	0	23	10	0	10	10	0	10	19	0	19	18	0	18	17	0	17	21	1	20	27	5	22	12	0	12	14	0	14	33	0	33
NC_059186.1	10019383	10019384	*	16	0	16	21	0	21	17	0	17	14	0	14	21	0	21	17	0	17	17	0	17	16	1	15	13	0	13	26	0	26	22	1	21	17	0	17	19	1	18	29	0	29	23	0	23	18	6	12	22	0	22	25	0	25	23	0	23
NC_059186.1	10532990	10532991	*	25	0	25	28	0	28	17	0	17	17	0	17	21	0	21	27	0	27	14	0	14	17	0	17	10	0	10	21	0	21	25	0	25	26	0	26	12	0	12	17	0	17	37	0	37	20	3	17	29	0	29	18	0	18	29	0	29
NC_059186.1	10722541	10722542	*	12	0	12	27	0	27	26	0	26	15	0	15	14	0	14	16	0	16	11	0	11	18	0	18	23	0	23	25	0	25	20	2	18	14	1	13	31	0	31	18	0	18	26	1	25	26	9	17	27	0	27	19	0	19	30	0	30
NC_059187.1	215702	215703	*	19	0	19	26	0	26	16	0	16	14	0	14	21	0	21	19	0	19	17	0	17	15	0	15	12	0	12	22	0	22	35	0	35	26	0	26	19	1	18	21	0	21	31	0	31	23	3	20	21	0	21	19	0	19	34	0	34
NC_059187.1	6619951	6619952	*	26	0	26	22	0	22	25	0	25	22	0	22	24	0	24	21	0	21	27	0	27	23	0	23	18	0	18	17	0	17	32	0	32	23	0	23	18	0	18	14	0	14	35	0	35	29	8	21	15	0	15	18	0	18	37	0	37
NC_059187.1	6621984	6621985	*	42	1	41	19	1	18	35	0	35	22	0	22	30	0	30	26	0	26	17	1	16	20	0	20	18	1	17	30	1	29	28	3	25	33	1	32	21	0	21	25	0	25	37	0	37	17	3	14	27	0	27	21	2	19	45	1	44
NC_059187.1	7958838	7958839	*	13	0	13	13	0	13	12	0	12	16	0	16	12	0	12	18	0	18	15	0	15	13	0	13	14	0	14	21	0	21	13	0	13	17	0	17	15	0	15	12	0	12	17	0	17	16	3	13	25	0	25	10	0	10	35	0	35
NC_059187.1	7964493	7964494	*	22	0	22	27	0	27	13	0	13	14	0	14	23	0	23	19	0	19	18	0	18	12	0	12	10	0	10	26	0	26	32	0	32	32	0	32	16	0	16	18	0	18	32	0	32	20	3	17	24	0	24	14	0	14	25	0	25
NC_059187.1	8977139	8977140	*	25	0	25	19	0	19	18	2	16	14	0	14	15	1	14	17	0	17	14	0	14	11	0	11	17	0	17	14	1	13	15	0	15	27	0	27	26	0	26	16	0	16	20	0	20	15	8	7	23	0	23	15	0	15	14	0	14
NC_059188.1	5921855	5921856	*	31	0	31	21	0	21	18	0	18	16	0	16	19	0	19	20	0	20	22	0	22	14	0	14	13	0	13	23	0	23	14	0	14	28	0	28	14	0	14	26	0	26	35	1	34	25	6	19	18	0	18	17	0	17	32	0	32
NC_059189.1	759003	759004	*	12	0	12	20	1	19	17	0	17	10	0	10	12	0	12	22	0	22	14	0	14	19	0	19	21	0	21	13	0	13	22	1	21	32	0	32	22	0	22	12	0	12	16	0	16	21	3	18	21	0	21	11	0	11	21	0	21
NC_059189.1	7508603	7508604	*	21	0	21	23	0	23	25	0	25	37	0	37	21	0	21	58	0	58	22	0	22	12	0	12	33	0	33	22	0	22	15	0	15	19	0	19	40	0	40	55	0	55	96	0	96	57	4	53	53	0	53	16	0	16	34	0	34
NC_059189.1	9037655	9037656	*	28	0	28	39	0	39	22	0	22	30	0	30	18	0	18	17	0	17	30	0	30	11	0	11	25	0	25	19	0	19	22	0	22	35	0	35	22	0	22	20	0	20	38	0	38	49	5	44	20	0	20	33	0	33	53	1	52
NC_059189.1	9037685	9037686	*	29	0	29	37	0	37	19	0	19	29	0	29	19	0	19	17	0	17	28	0	28	13	0	13	23	0	23	17	0	17	25	1	24	34	1	33	18	0	18	20	1	19	44	0	44	47	16	31	17	0	17	24	0	24	51	1	50
NC_059189.1	10952623	10952624	*	33	0	33	49	0	49	40	0	40	59	0	59	39	0	39	31	0	31	31	0	31	52	0	52	38	0	38	57	0	57	34	1	33	47	0	47	48	0	48	41	0	41	53	0	53	65	10	55	56	0	56	29	0	29	40	0	40
NC_059190.1	500709	500710	*	20	0	20	18	0	18	11	0	11	17	0	17	11	0	11	16	0	16	15	0	15	20	0	20	18	0	18	17	1	16	15	0	15	14	0	14	12	0	12	22	0	22	19	0	19	19	12	7	14	0	14	11	9	2	22	0	22
NC_059190.1	837769	837770	*	19	0	19	16	0	16	16	0	16	18	0	18	15	0	15	16	0	16	20	0	20	13	0	13	10	0	10	19	0	19	18	0	18	14	0	14	24	0	24	18	0	18	25	0	25	20	3	17	14	0	14	19	0	19	15	0	15
NC_059190.1	5038668	5038669	*	66	0	66	39	0	39	38	0	38	16	0	16	54	1	53	46	0	46	55	0	55	37	0	37	33	0	33	37	1	36	59	0	59	57	1	56	32	0	32	50	0	50	87	3	84	40	5	35	15	0	15	19	0	19	78	0	78
NC_059191.1	1716693	1716694	*	10	0	10	21	0	21	12	0	12	24	0	24	12	0	12	11	0	11	16	0	16	13	0	13	16	0	16	16	0	16	19	0	19	26	0	26	14	0	14	21	0	21	19	0	19	24	3	21	18	0	18	11	0	11	25	0	25
NC_059191.1	6624422	6624423	*	26	0	26	22	0	22	15	0	15	17	0	17	23	0	23	22	0	22	12	0	12	19	0	19	13	0	13	22	0	22	21	1	20	28	1	27	21	0	21	20	0	20	33	0	33	21	10	11	30	0	30	16	0	16	39	0	39
NW_025533175.1	62038	62039	*	41	0	41	47	1	46	31	0	31	29	0	29	45	0	45	37	0	37	40	0	40	30	0	30	34	1	33	44	0	44	39	0	39	39	0	39	28	1	27	28	0	28	59	0	59	44	9	35	38	0	38	36	0	36	45	0	45
NW_025533332.1	30015	30016	*	17	0	17	21	0	21	18	0	18	12	0	12	26	0	26	18	0	18	21	0	21	15	0	15	15	0	15	38	0	38	39	1	38	37	0	37	15	0	15	23	1	22	28	0	28	16	6	10	27	1	26	17	1	16	26	0	26
NC_059182.1	882251	882252	*	16	0	16	32	0	32	18	0	18	27	0	27	24	0	24	30	0	30	16	1	15	24	0	24	16	0	16	15	0	15	25	0	25	48	0	48	16	0	16	18	0	18	25	0	25	22	0	22	19	5	14	27	0	27	46	0	46
NC_059182.1	1445430	1445431	*	19	0	19	19	0	19	18	0	18	24	0	24	11	0	11	15	0	15	18	0	18	11	0	11	12	0	12	16	0	16	10	0	10	25	0	25	19	0	19	19	0	19	17	0	17	27	1	26	17	7	10	19	0	19	25	0	25
NC_059182.1	1936690	1936691	*	24	0	24	21	0	21	17	0	17	13	0	13	24	0	24	21	0	21	13	0	13	16	0	16	16	0	16	16	0	16	21	0	21	28	0	28	15	0	15	28	2	26	28	0	28	25	0	25	18	4	14	22	0	22	26	1	25
NC_059182.1	3046567	3046568	*	13	0	13	18	0	18	16	0	16	18	0	18	23	0	23	12	0	12	11	0	11	14	0	14	15	0	15	22	0	22	25	0	25	34	0	34	25	0	25	25	0	25	30	0	30	17	0	17	24	3	21	22	0	22	36	0	36
NC_059182.1	10265346	10265347	*	25	0	25	31	1	30	23	0	23	27	0	27	15	0	15	27	0	27	15	0	15	18	0	18	14	0	14	25	0	25	21	0	21	35	0	35	29	0	29	20	0	20	20	1	19	17	0	17	24	3	21	16	0	16	23	0	23
NC_059182.1	14215021	14215022	*	18	0	18	27	0	27	20	0	20	15	0	15	18	0	18	19	0	19	12	0	12	18	0	18	17	0	17	23	0	23	18	0	18	24	0	24	21	0	21	23	0	23	28	0	28	13	0	13	28	8	20	21	0	21	33	0	33
NC_059182.1	15834868	15834869	*	21	0	21	18	0	18	13	0	13	15	0	15	16	0	16	12	0	12	13	0	13	18	0	18	19	0	19	14	0	14	12	0	12	23	0	23	16	0	16	20	0	20	26	0	26	23	0	23	25	10	15	16	0	16	27	0	27
NC_059183.1	4519794	4519795	*	19	0	19	18	0	18	12	0	12	12	0	12	12	0	12	19	0	19	17	0	17	14	0	14	13	0	13	17	0	17	16	0	16	18	0	18	13	0	13	14	0	14	19	0	19	23	0	23	15	7	8	18	0	18	27	0	27
NC_059183.1	7651448	7651449	*	15	0	15	14	0	14	18	1	17	20	0	20	18	0	18	17	0	17	20	1	19	25	0	25	20	0	20	20	0	20	15	0	15	26	0	26	23	0	23	20	0	20	33	0	33	29	0	29	18	8	10	13	0	13	29	0	29
NC_059183.1	8715537	8715538	*	20	0	20	27	0	27	14	0	14	12	0	12	11	0	11	18	0	18	14	0	14	14	0	14	11	0	11	22	0	22	18	0	18	22	0	22	16	0	16	21	0	21	19	0	19	13	0	13	22	3	19	21	0	21	32	0	32
NC_059183.1	10957133	10957134	*	15	0	15	24	0	24	13	0	13	18	0	18	14	0	14	19	0	19	15	0	15	13	0	13	13	0	13	25	0	25	19	0	19	27	0	27	12	0	12	23	0	23	29	0	29	21	0	21	20	3	17	20	0	20	24	0	24
NC_059183.1	14614821	14614822	*	20	0	20	25	0	25	10	0	10	23	1	22	14	0	14	27	0	27	10	0	10	17	0	17	12	0	12	23	0	23	23	0	23	14	0	14	24	0	24	19	0	19	35	0	35	21	0	21	24	3	21	15	0	15	36	0	36
NC_059183.1	18290621	18290622	*	18	0	18	22	0	22	14	0	14	21	0	21	15	1	14	25	0	25	15	0	15	18	0	18	15	0	15	27	0	27	13	0	13	25	0	25	18	0	18	12	0	12	26	0	26	19	0	19	19	3	16	22	0	22	26	0	26
NC_059184.1	118254	118255	*	13	0	13	21	1	20	10	0	10	23	0	23	20	0	20	16	0	16	17	0	17	15	0	15	19	0	19	15	1	14	27	0	27	28	0	28	25	0	25	12	0	12	23	0	23	25	1	24	29	7	22	15	0	15	29	0	29
NC_059184.1	2840797	2840798	*	10	0	10	21	0	21	15	0	15	13	0	13	13	0	13	15	0	15	11	0	11	16	0	16	13	0	13	17	0	17	10	0	10	22	0	22	17	0	17	15	0	15	30	0	30	28	0	28	25	10	15	18	0	18	23	2	21
NC_059184.1	3857893	3857894	*	11	0	11	20	1	19	18	0	18	14	0	14	17	0	17	17	0	17	11	0	11	11	0	11	16	1	15	13	1	12	17	0	17	24	0	24	12	2	10	15	0	15	28	0	28	26	1	25	17	3	14	11	0	11	25	1	24
NC_059184.1	11096616	11096617	*	24	0	24	20	0	20	30	0	30	17	0	17	33	0	33	22	0	22	12	0	12	21	0	21	26	0	26	21	0	21	25	0	25	30	0	30	18	0	18	18	0	18	34	0	34	32	1	31	24	3	21	17	0	17	44	0	44
NC_059184.1	12938639	12938640	*	21	0	21	14	1	13	14	0	14	18	0	18	18	0	18	13	0	13	13	1	12	13	0	13	14	0	14	13	0	13	15	1	14	16	0	16	19	1	18	18	0	18	26	0	26	22	0	22	16	4	12	13	0	13	21	0	21
NC_059184.1	13799581	13799582	*	19	0	19	24	0	24	13	0	13	16	0	16	18	0	18	13	0	13	13	0	13	17	0	17	11	0	11	33	0	33	24	0	24	21	0	21	15	0	15	22	0	22	38	0	38	17	0	17	20	3	17	15	0	15	23	0	23
NC_059184.1	13865576	13865577	*	19	0	19	19	0	19	16	0	16	10	0	10	21	0	21	27	0	27	16	0	16	12	0	12	16	0	16	20	0	20	18	0	18	38	0	38	17	0	17	18	0	18	23	0	23	18	0	18	21	5	16	23	1	22	24	0	24
NC_059185.1	33952	33953	*	10	0	10	13	0	13	15	0	15	19	0	19	16	0	16	15	0	15	11	0	11	17	0	17	14	0	14	12	0	12	12	0	12	18	0	18	21	1	20	17	0	17	24	0	24	20	0	20	17	4	13	16	0	16	26	0	26
NC_059185.1	1042345	1042346	*	20	0	20	18	0	18	22	0	22	16	0	16	16	0	16	19	1	18	19	0	19	11	0	11	10	0	10	19	0	19	24	0	24	18	0	18	18	0	18	12	1	11	18	0	18	26	1	25	15	4	11	21	0	21	33	0	33
NC_059185.1	1338917	1338918	*	14	0	14	28	0	28	14	0	14	15	0	15	13	0	13	18	1	17	20	0	20	15	0	15	16	0	16	22	0	22	14	1	13	29	0	29	14	0	14	19	0	19	20	1	19	18	0	18	21	3	18	13	0	13	27	0	27
NC_059185.1	1475396	1475397	*	16	0	16	24	0	24	14	0	14	12	0	12	15	0	15	13	0	13	17	0	17	15	0	15	14	0	14	22	0	22	22	1	21	22	0	22	13	0	13	20	0	20	25	0	25	21	1	20	17	3	14	15	0	15	22	1	21
NC_059185.1	9360959	9360960	*	16	0	16	37	0	37	12	0	12	26	0	26	31	1	30	13	0	13	17	0	17	15	0	15	19	0	19	26	0	26	32	0	32	25	0	25	15	0	15	19	0	19	38	0	38	14	0	14	24	6	18	20	1	19	27	0	27
NC_059185.1	10533035	10533036	*	15	0	15	23	0	23	14	0	14	13	0	13	11	0	11	23	0	23	18	0	18	19	0	19	11	0	11	21	0	21	16	0	16	23	0	23	13	0	13	16	0	16	19	0	19	15	0	15	20	3	17	17	0	17	19	0	19
NC_059185.1	10870698	10870699	*	30	0	30	16	1	15	15	0	15	14	0	14	14	0	14	22	0	22	11	0	11	15	0	15	21	1	20	19	2	17	27	0	27	23	1	22	30	0	30	24	1	23	22	2	20	21	0	21	21	5	16	24	0	24	23	0	23
NC_059185.1	10870701	10870702	*	29	0	29	16	1	15	15	0	15	14	0	14	14	0	14	23	0	23	11	0	11	16	0	16	21	1	20	18	2	16	27	0	27	23	1	22	31	0	31	27	1	26	22	2	20	22	0	22	21	4	17	24	0	24	24	0	24
NC_059185.1	13171837	13171838	*	21	0	21	17	0	17	14	0	14	10	0	10	13	0	13	12	0	12	10	0	10	12	0	12	15	0	15	10	0	10	14	0	14	18	0	18	12	0	12	15	0	15	22	0	22	17	0	17	20	6	14	10	0	10	22	0	22
NC_059186.1	8574604	8574605	*	12	1	11	12	0	12	13	0	13	11	0	11	12	0	12	15	0	15	13	0	13	19	0	19	12	0	12	18	0	18	11	0	11	20	0	20	12	0	12	16	0	16	22	0	22	19	0	19	20	3	17	11	0	11	24	0	24
NC_059186.1	8859827	8859828	*	10	0	10	24	0	24	16	0	16	21	0	21	23	0	23	24	0	24	16	0	16	21	0	21	13	0	13	18	0	18	15	0	15	21	0	21	19	0	19	24	0	24	20	0	20	25	0	25	23	8	15	18	0	18	29	0	29
NC_059186.1	10129243	10129244	*	27	0	27	23	0	23	22	0	22	14	1	13	22	0	22	18	0	18	18	0	18	19	0	19	17	0	17	22	1	21	18	0	18	34	1	33	25	0	25	22	0	22	33	1	32	22	0	22	19	10	9	22	0	22	21	0	21
NC_059186.1	10129255	10129256	*	28	0	28	23	0	23	22	0	22	14	0	14	21	0	21	19	0	19	17	0	17	19	0	19	17	0	17	20	0	20	17	0	17	33	0	33	25	0	25	22	0	22	31	0	31	23	0	23	18	9	9	22	0	22	21	0	21
NC_059186.1	10286470	10286471	*	17	0	17	32	0	32	12	0	12	15	0	15	22	0	22	21	0	21	20	0	20	18	0	18	15	0	15	22	0	22	18	0	18	26	0	26	21	0	21	16	0	16	26	0	26	19	1	18	21	3	18	24	0	24	24	1	23
NC_059187.1	935447	935448	*	28	0	28	16	0	16	12	0	12	16	0	16	14	0	14	14	0	14	16	0	16	18	0	18	12	0	12	15	0	15	12	0	12	12	0	12	11	0	11	22	0	22	23	1	22	17	0	17	18	8	10	16	0	16	27	0	27
NC_059187.1	1203993	1203994	*	20	1	19	27	3	24	15	1	14	14	0	14	10	0	10	24	1	23	10	1	9	13	2	11	15	1	14	17	1	16	23	2	21	32	1	31	19	1	18	21	1	20	20	2	18	20	0	20	13	4	9	20	0	20	23	0	23
NC_059187.1	6038943	6038944	*	16	0	16	20	0	20	18	0	18	16	0	16	16	0	16	16	0	16	19	0	19	23	0	23	14	0	14	19	0	19	13	0	13	24	0	24	19	0	19	11	0	11	26	0	26	14	0	14	19	3	16	22	0	22	24	0	24
NC_059188.1	1926033	1926034	*	24	1	23	24	0	24	14	0	14	26	0	26	17	0	17	14	0	14	15	0	15	19	0	19	16	0	16	28	2	26	21	0	21	23	0	23	12	0	12	18	0	18	17	0	17	25	0	25	23	5	18	26	0	26	23	0	23
NC_059188.1	3821022	3821023	*	20	0	20	15	0	15	22	0	22	18	0	18	18	0	18	22	0	22	21	0	21	12	0	12	27	0	27	21	0	21	27	0	27	22	0	22	22	0	22	28	0	28	39	0	39	31	0	31	20	3	17	19	0	19	33	0	33
NC_059188.1	5610175	5610176	*	25	0	25	20	0	20	19	0	19	18	0	18	22	0	22	19	0	19	17	0	17	12	0	12	20	0	20	26	1	25	29	0	29	26	1	25	18	0	18	23	0	23	26	0	26	24	0	24	24	3	21	13	0	13	32	0	32
NC_059188.1	12855482	12855483	*	22	0	22	22	0	22	13	0	13	13	0	13	19	1	18	18	0	18	21	0	21	14	0	14	23	0	23	22	0	22	28	1	27	24	0	24	14	0	14	18	0	18	29	0	29	23	0	23	24	3	21	23	0	23	32	0	32
NC_059188.1	13017232	13017233	*	17	0	17	22	0	22	20	0	20	25	0	25	15	0	15	19	0	19	16	0	16	12	0	12	15	0	15	18	0	18	13	0	13	21	0	21	19	1	18	11	0	11	29	2	27	15	0	15	25	9	16	21	0	21	24	0	24
NC_059188.1	13198647	13198648	*	15	0	15	20	0	20	12	0	12	10	0	10	21	0	21	15	0	15	17	0	17	19	1	18	17	0	17	23	0	23	25	0	25	28	0	28	15	0	15	11	0	11	24	0	24	19	0	19	23	3	20	10	0	10	27	0	27
NC_059189.1	3447947	3447948	*	21	0	21	21	0	21	15	0	15	10	0	10	19	0	19	19	0	19	16	0	16	11	0	11	12	0	12	15	0	15	24	0	24	23	0	23	21	0	21	18	0	18	29	0	29	22	0	22	23	10	13	15	0	15	24	0	24
NC_059190.1	491504	491505	*	19	0	19	19	0	19	19	0	19	21	0	21	22	0	22	17	0	17	21	0	21	11	0	11	17	0	17	23	0	23	22	0	22	26	0	26	16	0	16	21	0	21	23	0	23	26	0	26	24	3	21	24	0	24	30	1	29
NC_059190.1	3170642	3170643	*	21	0	21	29	0	29	19	0	19	16	0	16	22	0	22	15	0	15	16	0	16	14	0	14	15	0	15	25	0	25	22	0	22	36	0	36	15	0	15	17	0	17	23	1	22	19	0	19	18	3	15	19	0	19	33	0	33
NC_059190.1	3626286	3626287	*	20	0	20	40	0	40	27	0	27	30	0	30	31	0	31	24	0	24	18	0	18	18	0	18	15	0	15	24	0	24	32	1	31	52	0	52	35	0	35	35	0	35	45	0	45	27	0	27	28	10	18	24	1	23	40	0	40
NC_059191.1	115111	115112	*	28	0	28	26	0	26	14	0	14	19	0	19	22	0	22	14	1	13	10	0	10	24	0	24	20	0	20	26	0	26	18	0	18	25	0	25	23	0	23	27	0	27	33	1	32	37	1	36	20	3	17	24	1	23	36	1	35
NC_059191.1	7306789	7306790	*	15	0	15	15	0	15	10	0	10	12	0	12	11	0	11	15	0	15	16	0	16	15	0	15	14	0	14	17	0	17	12	0	12	22	0	22	12	0	12	22	1	21	21	0	21	12	0	12	18	8	10	18	0	18	13	0	13
NC_059191.1	8448496	8448497	*	18	0	18	20	0	20	17	0	17	17	0	17	22	0	22	22	0	22	15	0	15	15	0	15	10	0	10	29	0	29	26	0	26	29	0	29	17	0	17	20	0	20	27	0	27	22	0	22	21	3	18	16	0	16	27	0	27
NW_025533169.1	92152	92153	*	58	0	58	34	0	34	46	0	46	39	0	39	42	0	42	38	0	38	43	0	43	36	0	36	35	0	35	24	0	24	24	0	24	43	0	43	19	1	18	31	0	31	59	1	58	36	0	36	31	4	27	40	0	40	47	0	47
NC_059182.1	3414186	3414187	*	19	0	19	20	0	20	14	0	14	14	0	14	15	0	15	19	0	19	16	0	16	16	0	16	10	0	10	17	0	17	18	0	18	32	0	32	14	0	14	19	0	19	36	0	36	27	0	27	20	0	20	25	4	21	26	1	25
NC_059182.1	5660822	5660823	*	16	0	16	19	0	19	11	0	11	12	0	12	21	0	21	16	0	16	13	0	13	11	0	11	14	0	14	17	0	17	11	0	11	12	0	12	14	0	14	13	0	13	32	0	32	16	0	16	20	0	20	15	5	10	25	0	25
NC_059182.1	12837738	12837739	*	21	0	21	32	0	32	13	0	13	20	0	20	16	0	16	24	0	24	18	0	18	28	0	28	22	0	22	17	0	17	20	0	20	17	0	17	30	0	30	13	0	13	24	1	23	28	0	28	23	0	23	27	4	23	30	0	30
NC_059182.1	18803377	18803378	*	22	0	22	28	0	28	13	0	13	20	0	20	24	0	24	15	0	15	18	0	18	24	0	24	18	0	18	18	0	18	24	0	24	26	0	26	14	0	14	22	0	22	38	0	38	19	0	19	31	1	30	17	3	14	35	0	35
NC_059182.1	19033806	19033807	*	22	0	22	25	0	25	16	0	16	21	0	21	12	0	12	21	1	20	15	0	15	13	0	13	11	0	11	24	0	24	21	0	21	24	0	24	11	0	11	17	0	17	31	0	31	16	0	16	18	0	18	30	4	26	30	0	30
NC_059183.1	4548958	4548959	*	12	0	12	17	1	16	14	0	14	12	0	12	14	0	14	21	0	21	10	0	10	11	0	11	15	0	15	13	0	13	21	0	21	20	0	20	12	0	12	20	2	18	21	1	20	19	0	19	22	0	22	15	4	11	20	1	19
NC_059183.1	7144135	7144136	*	11	0	11	22	0	22	15	0	15	33	0	33	19	0	19	16	0	16	35	0	35	19	0	19	20	0	20	33	0	33	12	0	12	28	0	28	13	0	13	10	0	10	18	0	18	23	0	23	43	0	43	22	3	19	41	0	41
NC_059183.1	8904612	8904613	*	21	0	21	20	0	20	17	0	17	16	0	16	24	0	24	24	1	23	16	0	16	12	2	10	15	0	15	23	0	23	17	1	16	31	2	29	21	0	21	15	0	15	37	2	35	28	0	28	25	0	25	20	4	16	27	1	26
NC_059183.1	12493237	12493238	*	18	1	17	21	0	21	10	0	10	13	0	13	12	0	12	15	1	14	10	0	10	13	0	13	10	0	10	16	2	14	14	0	14	16	0	16	19	0	19	13	0	13	24	0	24	23	0	23	13	0	13	19	7	12	21	0	21
NC_059183.1	13712594	13712595	*	22	0	22	20	0	20	17	0	17	14	0	14	28	0	28	15	0	15	17	0	17	13	0	13	13	0	13	18	0	18	28	1	27	36	0	36	17	0	17	23	0	23	29	0	29	26	0	26	23	0	23	22	3	19	31	0	31
NC_059183.1	13909061	13909062	*	29	0	29	28	0	28	14	0	14	19	0	19	29	0	29	18	0	18	18	0	18	21	0	21	14	0	14	28	0	28	31	0	31	37	0	37	21	1	20	25	0	25	34	0	34	19	0	19	27	0	27	23	3	20	48	0	48
NC_059183.1	14018532	14018533	*	11	0	11	26	0	26	15	0	15	10	0	10	14	0	14	16	0	16	10	0	10	10	0	10	13	0	13	15	0	15	14	0	14	29	0	29	13	0	13	21	1	20	21	0	21	20	0	20	16	0	16	18	7	11	31	0	31
NC_059183.1	14819283	14819284	*	17	0	17	13	0	13	17	0	17	12	0	12	20	0	20	15	0	15	14	0	14	13	0	13	11	0	11	15	0	15	13	0	13	26	1	25	15	0	15	25	0	25	21	0	21	14	0	14	21	0	21	17	3	14	20	0	20
NC_059183.1	16754065	16754066	*	15	0	15	29	0	29	16	0	16	27	0	27	17	0	17	17	2	15	17	0	17	19	0	19	10	0	10	21	0	21	22	0	22	34	1	33	12	0	12	15	0	15	21	0	21	25	1	24	16	0	16	18	4	14	26	0	26
NC_059183.1	17943978	17943979	*	20	0	20	17	0	17	15	0	15	14	0	14	25	0	25	20	0	20	22	0	22	13	0	13	14	0	14	26	0	26	17	0	17	43	1	42	25	0	25	21	0	21	21	0	21	19	0	19	27	0	27	20	3	17	53	0	53
NC_059184.1	1498666	1498667	*	14	0	14	24	0	24	18	0	18	17	0	17	17	0	17	13	0	13	20	0	20	22	0	22	17	0	17	24	0	24	17	0	17	29	1	28	26	0	26	24	0	24	29	1	28	22	0	22	28	0	28	18	3	15	31	0	31
NC_059184.1	8302457	8302458	*	18	1	17	22	0	22	15	0	15	21	0	21	10	0	10	14	0	14	17	0	17	15	1	14	14	0	14	21	0	21	14	0	14	27	0	27	13	0	13	29	1	28	20	0	20	15	0	15	19	0	19	23	3	20	29	1	28
NC_059184.1	8948527	8948528	*	21	0	21	19	0	19	18	0	18	13	0	13	15	1	14	16	2	14	46	0	46	19	1	18	14	0	14	31	0	31	15	0	15	15	0	15	10	0	10	20	1	19	15	0	15	21	1	20	14	0	14	12	6	6	25	0	25
NC_059184.1	11199883	11199884	*	21	0	21	21	0	21	28	0	28	34	0	34	18	0	18	33	0	33	25	0	25	31	0	31	13	0	13	34	0	34	20	0	20	24	0	24	20	0	20	23	1	22	43	0	43	28	0	28	33	0	33	23	3	20	42	0	42
NC_059184.1	13212345	13212346	*	22	0	22	21	0	21	18	0	18	22	0	22	24	0	24	23	0	23	11	0	11	20	0	20	14	1	13	24	0	24	34	0	34	18	0	18	30	0	30	31	0	31	32	0	32	16	0	16	35	0	35	22	3	19	26	0	26
NC_059185.1	5343744	5343745	*	14	0	14	28	0	28	25	0	25	11	0	11	19	0	19	19	0	19	15	0	15	13	0	13	18	0	18	19	0	19	16	1	15	29	0	29	18	0	18	16	0	16	33	0	33	15	0	15	13	0	13	20	3	17	32	0	32
NC_059185.1	10407418	10407419	*	16	0	16	21	0	21	23	0	23	12	0	12	31	0	31	30	0	30	22	0	22	24	0	24	11	0	11	30	0	30	24	0	24	40	1	39	27	1	26	18	1	17	37	0	37	24	0	24	26	0	26	24	3	21	36	0	36
NC_059185.1	10605135	10605136	*	25	0	25	15	0	15	14	0	14	16	0	16	19	0	19	17	0	17	19	0	19	18	0	18	14	0	14	20	0	20	27	0	27	34	0	34	22	0	22	25	0	25	26	0	26	26	0	26	16	0	16	22	3	19	29	0	29
NC_059185.1	10933744	10933745	*	24	0	24	27	0	27	10	0	10	18	0	18	10	0	10	22	0	22	18	0	18	17	0	17	28	0	28	14	0	14	13	0	13	21	0	21	16	2	14	13	0	13	21	0	21	23	0	23	14	0	14	19	3	16	36	1	35
NC_059185.1	10971650	10971651	*	21	0	21	20	0	20	13	0	13	20	0	20	11	0	11	16	0	16	18	0	18	12	0	12	13	1	12	23	0	23	35	0	35	39	0	39	19	0	19	18	2	16	18	0	18	19	0	19	25	0	25	20	3	17	37	0	37
NC_059186.1	1791791	1791792	*	24	0	24	20	0	20	24	0	24	24	0	24	21	0	21	28	0	28	21	0	21	21	0	21	21	0	21	21	0	21	22	0	22	24	1	23	27	0	27	25	0	25	38	0	38	29	0	29	22	0	22	23	3	20	21	1	20
NC_059186.1	9165992	9165993	*	25	0	25	18	0	18	21	0	21	15	0	15	21	0	21	16	0	16	19	0	19	16	0	16	13	0	13	26	0	26	21	0	21	34	0	34	19	1	18	26	0	26	24	0	24	29	0	29	21	0	21	21	3	18	25	0	25
NC_059186.1	9347162	9347163	*	10	0	10	12	0	12	20	0	20	14	0	14	16	1	15	12	0	12	15	0	15	17	0	17	11	0	11	13	0	13	17	0	17	23	1	22	14	0	14	13	0	13	14	0	14	19	1	18	13	0	13	13	8	5	27	0	27
NC_059186.1	9347213	9347214	*	10	0	10	13	0	13	16	0	16	12	0	12	16	0	16	13	0	13	11	0	11	20	0	20	10	0	10	10	0	10	11	0	11	14	1	13	16	0	16	17	0	17	23	0	23	14	1	13	11	0	11	17	13	4	27	0	27
NC_059186.1	11671520	11671521	*	13	0	13	17	0	17	15	1	14	13	0	13	17	0	17	20	0	20	16	0	16	12	0	12	13	0	13	15	0	15	17	0	17	21	0	21	15	0	15	18	0	18	21	0	21	22	0	22	16	0	16	11	6	5	24	0	24
NC_059186.1	12352350	12352351	*	11	0	11	27	1	26	20	0	20	12	0	12	16	0	16	16	0	16	18	0	18	14	0	14	10	0	10	30	0	30	27	0	27	23	0	23	22	0	22	21	0	21	26	0	26	28	0	28	29	1	28	20	3	17	31	0	31
NC_059187.1	934462	934463	*	23	0	23	17	1	16	12	0	12	15	0	15	20	0	20	16	0	16	17	0	17	13	0	13	18	0	18	20	2	18	16	0	16	17	0	17	14	2	12	17	0	17	26	1	25	18	0	18	19	0	19	28	4	24	20	0	20
NC_059187.1	3114432	3114433	*	13	0	13	14	1	13	17	0	17	13	0	13	15	0	15	12	0	12	10	1	9	11	0	11	19	0	19	19	0	19	15	0	15	26	0	26	19	0	19	21	0	21	28	1	27	15	0	15	21	0	21	17	4	13	26	0	26
NC_059187.1	7438823	7438824	*	21	0	21	19	0	19	16	0	16	17	0	17	16	0	16	14	0	14	13	1	12	19	0	19	13	0	13	26	0	26	14	0	14	25	0	25	16	0	16	24	0	24	21	0	21	19	0	19	13	1	12	24	5	19	18	0	18
NC_059187.1	9434863	9434864	*	18	0	18	14	0	14	17	0	17	16	0	16	14	0	14	15	0	15	26	0	26	20	0	20	15	0	15	24	0	24	20	0	20	23	0	23	21	0	21	21	0	21	25	0	25	25	0	25	21	1	20	15	3	12	41	0	41
NC_059188.1	1803775	1803776	*	22	0	22	29	0	29	12	0	12	20	0	20	17	0	17	32	0	32	23	0	23	21	0	21	15	0	15	21	0	21	17	0	17	23	1	22	19	0	19	12	0	12	32	0	32	27	0	27	25	0	25	19	5	14	47	0	47
NC_059188.1	1928844	1928845	*	15	0	15	17	0	17	18	0	18	13	0	13	15	0	15	18	0	18	17	0	17	15	0	15	11	0	11	17	0	17	13	0	13	29	0	29	19	0	19	19	0	19	19	0	19	20	0	20	24	0	24	19	3	16	27	0	27
NC_059188.1	5736944	5736945	*	22	0	22	14	0	14	12	0	12	15	0	15	15	0	15	13	0	13	21	0	21	17	1	16	13	0	13	18	0	18	11	0	11	22	0	22	10	0	10	14	0	14	16	0	16	17	0	17	14	0	14	19	3	16	17	0	17
NC_059188.1	7669571	7669572	*	14	0	14	19	0	19	19	0	19	20	0	20	14	0	14	10	0	10	12	0	12	10	0	10	13	0	13	18	0	18	13	0	13	26	0	26	18	0	18	23	0	23	24	0	24	17	0	17	27	0	27	15	3	12	18	0	18
NC_059188.1	9941631	9941632	*	15	0	15	18	1	17	10	0	10	12	0	12	11	0	11	19	0	19	15	0	15	14	0	14	12	0	12	16	0	16	19	0	19	25	0	25	22	0	22	18	0	18	19	0	19	25	0	25	22	0	22	17	5	12	30	0	30
NC_059188.1	12589235	12589236	*	18	0	18	25	2	23	22	1	21	14	0	14	20	0	20	19	0	19	18	0	18	21	1	20	12	1	11	31	1	30	29	0	29	36	1	35	25	0	25	29	0	29	35	0	35	22	0	22	20	0	20	24	5	19	30	0	30
NC_059188.1	12694644	12694645	*	11	0	11	19	0	19	17	0	17	15	0	15	12	0	12	18	0	18	14	0	14	16	0	16	15	0	15	19	0	19	10	0	10	18	0	18	17	0	17	17	0	17	15	0	15	21	0	21	26	0	26	17	6	11	23	0	23
NC_059188.1	12958963	12958964	*	15	0	15	28	0	28	12	0	12	12	0	12	11	0	11	15	0	15	20	0	20	22	0	22	22	0	22	14	0	14	19	0	19	20	0	20	15	0	15	23	0	23	24	0	24	24	0	24	25	0	25	16	3	13	27	0	27
NC_059188.1	12959000	12959001	*	15	0	15	28	0	28	13	0	13	12	0	12	14	0	14	18	0	18	20	0	20	21	0	21	19	1	18	16	0	16	21	0	21	20	0	20	22	0	22	22	0	22	24	0	24	26	0	26	23	0	23	19	6	13	32	1	31
NC_059188.1	13196354	13196355	*	20	0	20	26	0	26	20	0	20	17	0	17	14	0	14	16	0	16	12	0	12	12	0	12	16	0	16	33	0	33	26	0	26	27	0	27	20	0	20	25	0	25	35	0	35	13	0	13	21	0	21	13	3	10	31	0	31
NC_059188.1	13422773	13422774	*	29	0	29	15	0	15	19	0	19	24	0	24	14	0	14	22	0	22	12	0	12	21	0	21	13	0	13	12	0	12	21	0	21	20	0	20	15	0	15	21	0	21	29	1	28	29	0	29	30	0	30	20	3	17	26	0	26
NC_059189.1	329595	329596	*	19	0	19	26	0	26	17	0	17	10	0	10	22	0	22	13	0	13	17	0	17	15	0	15	15	0	15	30	0	30	32	0	32	30	0	30	21	1	20	14	0	14	40	0	40	28	0	28	22	0	22	23	3	20	40	0	40
NC_059189.1	376266	376267	*	21	0	21	27	0	27	16	0	16	17	0	17	18	0	18	19	0	19	11	0	11	25	0	25	17	0	17	28	0	28	40	0	40	42	0	42	19	0	19	24	0	24	32	0	32	15	0	15	27	0	27	24	3	21	39	0	39
NC_059189.1	7439178	7439179	*	25	0	25	21	0	21	21	0	21	22	0	22	14	0	14	14	0	14	15	0	15	20	0	20	23	1	22	26	0	26	28	1	27	29	1	28	25	0	25	24	0	24	26	0	26	28	0	28	24	0	24	15	3	12	49	0	49
NC_059189.1	7493923	7493924	*	29	0	29	25	0	25	15	0	15	14	0	14	25	0	25	17	0	17	25	0	25	20	0	20	13	0	13	18	0	18	26	0	26	45	0	45	18	0	18	28	1	27	45	0	45	27	1	26	28	0	28	23	9	14	36	0	36
NC_059189.1	8861243	8861244	*	17	0	17	19	0	19	18	0	18	19	0	19	12	0	12	17	0	17	21	0	21	15	0	15	16	0	16	20	0	20	19	1	18	25	0	25	19	0	19	10	0	10	18	0	18	18	0	18	14	0	14	15	7	8	28	0	28
NC_059190.1	123511	123512	*	19	0	19	16	0	16	11	0	11	19	0	19	14	0	14	20	0	20	13	0	13	22	0	22	12	0	12	12	0	12	12	0	12	19	0	19	13	0	13	14	1	13	18	0	18	21	0	21	13	0	13	14	6	8	21	1	20
NC_059190.1	228200	228201	*	23	1	22	26	0	26	17	0	17	25	0	25	21	0	21	20	0	20	14	0	14	21	0	21	15	0	15	29	0	29	15	0	15	17	0	17	28	1	27	24	0	24	29	0	29	25	0	25	19	0	19	18	3	15	26	0	26
NC_059190.1	1925270	1925271	*	27	0	27	22	0	22	17	0	17	20	0	20	17	0	17	14	0	14	15	0	15	17	0	17	13	0	13	20	0	20	24	0	24	27	0	27	22	0	22	18	0	18	27	0	27	20	0	20	21	0	21	23	3	20	35	0	35
NC_059190.1	3917181	3917182	*	14	0	14	24	0	24	36	0	36	28	0	28	39	0	39	31	0	31	39	0	39	32	0	32	25	0	25	21	0	21	14	0	14	33	2	31	26	0	26	28	1	27	33	0	33	14	0	14	25	0	25	24	4	20	32	1	31
NC_059190.1	4805654	4805655	*	18	0	18	16	0	16	17	0	17	17	0	17	21	0	21	13	0	13	24	0	24	10	0	10	15	0	15	23	0	23	24	0	24	27	0	27	23	0	23	19	0	19	24	0	24	19	1	18	23	0	23	21	3	18	20	0	20
NC_059190.1	9186338	9186339	*	25	0	25	23	0	23	24	0	24	13	0	13	21	1	20	20	0	20	18	0	18	15	0	15	13	0	13	29	0	29	24	0	24	32	0	32	10	0	10	17	0	17	34	0	34	27	0	27	23	0	23	12	3	9	34	0	34
NC_059191.1	1921182	1921183	*	14	0	14	24	0	24	32	0	32	22	0	22	15	0	15	16	0	16	16	0	16	20	0	20	13	0	13	20	0	20	16	0	16	24	0	24	15	0	15	32	0	32	35	0	35	18	0	18	18	0	18	16	7	9	26	0	26
NC_059191.1	7164579	7164580	*	32	0	32	25	0	25	17	0	17	19	0	19	28	0	28	14	0	14	24	0	24	22	0	22	22	0	22	26	0	26	41	0	41	28	1	27	31	0	31	15	0	15	31	0	31	18	0	18	24	0	24	20	3	17	26	0	26
NC_059191.1	8896267	8896268	*	20	0	20	14	0	14	18	0	18	17	0	17	19	0	19	11	0	11	10	0	10	13	0	13	11	0	11	24	1	23	19	0	19	25	0	25	18	0	18	20	0	20	22	0	22	18	0	18	21	0	21	17	3	14	34	0	34
NW_025533124.1	37451	37452	*	42	0	42	32	0	32	23	0	23	18	0	18	25	0	25	20	0	20	21	0	21	41	0	41	36	0	36	20	0	20	26	0	26	61	0	61	44	0	44	58	0	58	59	0	59	35	0	35	23	0	23	16	3	13	50	0	50
NW_025533130.1	226044	226045	*	28	0	28	32	0	32	22	0	22	22	0	22	21	0	21	23	1	22	20	0	20	17	0	17	19	0	19	25	0	25	26	0	26	20	0	20	21	0	21	13	0	13	26	0	26	21	0	21	27	0	27	18	6	12	18	0	18
NW_025533130.1	226066	226067	*	26	0	26	32	0	32	22	0	22	20	0	20	19	0	19	19	0	19	21	0	21	11	0	11	20	0	20	24	0	24	24	0	24	21	0	21	20	0	20	12	0	12	24	1	23	21	0	21	28	0	28	18	8	10	19	0	19
NW_025533168.1	73044	73045	*	22	0	22	22	1	21	23	0	23	23	0	23	22	0	22	15	0	15	21	0	21	10	0	10	15	0	15	25	2	23	23	0	23	28	1	27	10	0	10	24	0	24	25	0	25	29	1	28	22	2	20	20	3	17	35	0	35
NW_025533175.1	34620	34621	*	35	0	35	21	0	21	23	0	23	18	2	16	39	2	37	17	1	16	14	0	14	23	0	23	23	1	22	35	0	35	32	0	32	27	0	27	21	0	21	31	0	31	39	2	37	29	1	28	37	2	35	13	3	10	23	4	19
NC_059182.1	82356	82357	*	20	0	20	29	0	29	10	0	10	10	0	10	20	0	20	23	0	23	12	0	12	15	0	15	17	0	17	18	0	18	33	0	33	27	0	27	12	0	12	18	0	18	32	0	32	12	0	12	29	0	29	25	0	25	39	4	35
NC_059182.1	460645	460646	*	17	0	17	25	0	25	32	0	32	20	1	19	29	0	29	32	0	32	32	0	32	35	0	35	18	0	18	53	1	52	23	0	23	18	0	18	17	0	17	16	0	16	35	0	35	37	0	37	35	0	35	16	0	16	23	4	19
NC_059182.1	1684669	1684670	*	17	0	17	28	1	27	21	0	21	20	0	20	18	0	18	23	0	23	22	0	22	17	0	17	21	0	21	21	0	21	14	0	14	23	0	23	24	0	24	25	0	25	27	0	27	32	0	32	17	0	17	21	0	21	30	14	16
NC_059182.1	6556719	6556720	*	17	0	17	21	0	21	13	0	13	15	0	15	15	0	15	15	0	15	15	0	15	12	0	12	11	0	11	20	0	20	13	0	13	18	0	18	17	0	17	17	0	17	26	0	26	26	0	26	15	0	15	13	0	13	24	3	21
NC_059182.1	6559392	6559393	*	22	1	21	16	0	16	14	0	14	10	0	10	19	0	19	21	2	19	12	1	11	13	0	13	14	0	14	23	1	22	23	0	23	31	1	30	27	0	27	18	0	18	23	0	23	25	0	25	28	0	28	23	0	23	29	7	22
NC_059182.1	6756224	6756225	*	20	0	20	22	0	22	12	0	12	12	0	12	21	0	21	16	0	16	15	0	15	17	0	17	14	0	14	22	0	22	14	0	14	21	0	21	26	0	26	21	0	21	21	0	21	35	0	35	29	0	29	13	0	13	23	3	20
NC_059182.1	9752235	9752236	*	17	0	17	19	0	19	12	0	12	25	0	25	13	0	13	21	0	21	13	0	13	17	0	17	13	0	13	13	0	13	14	0	14	25	0	25	24	0	24	23	1	22	21	0	21	21	0	21	19	1	18	18	0	18	22	3	19
NC_059182.1	13734669	13734670	*	20	0	20	22	0	22	14	0	14	12	0	12	16	0	16	10	0	10	14	0	14	14	0	14	13	1	12	20	0	20	11	0	11	11	0	11	15	0	15	14	0	14	27	0	27	17	0	17	13	0	13	20	0	20	22	3	19
NC_059182.1	13836511	13836512	*	13	0	13	17	0	17	14	0	14	18	0	18	15	0	15	12	0	12	12	0	12	15	0	15	12	0	12	20	0	20	21	0	21	29	0	29	11	0	11	18	0	18	19	0	19	19	1	18	11	0	11	18	0	18	22	3	19
NC_059183.1	2094655	2094656	*	36	0	36	15	0	15	17	0	17	18	0	18	27	0	27	14	0	14	16	0	16	15	0	15	17	0	17	22	1	21	17	0	17	21	0	21	18	0	18	18	0	18	25	0	25	17	0	17	21	0	21	23	0	23	21	3	18
NC_059183.1	7610737	7610738	*	19	0	19	17	0	17	11	0	11	12	0	12	17	0	17	14	0	14	10	0	10	12	0	12	12	0	12	20	0	20	12	0	12	28	0	28	10	1	9	13	0	13	31	0	31	21	0	21	14	0	14	15	0	15	21	3	18
NC_059183.1	8334287	8334288	*	21	0	21	13	0	13	17	0	17	11	0	11	21	0	21	17	0	17	11	0	11	12	0	12	10	0	10	27	0	27	22	0	22	25	0	25	19	0	19	18	0	18	34	0	34	14	0	14	16	0	16	15	0	15	24	3	21
NC_059184.1	9335856	9335857	*	31	0	31	22	0	22	18	0	18	24	0	24	11	0	11	28	0	28	22	0	22	10	0	10	21	0	21	14	0	14	21	0	21	39	1	38	30	0	30	34	0	34	43	1	42	37	1	36	32	0	32	25	0	25	24	3	21
NC_059184.1	11508836	11508837	*	21	0	21	19	0	19	23	0	23	17	0	17	29	1	28	17	0	17	14	0	14	17	0	17	21	0	21	26	0	26	22	0	22	21	0	21	17	0	17	26	0	26	42	0	42	29	0	29	18	0	18	21	0	21	28	5	23
NC_059184.1	12618383	12618384	*	11	0	11	21	0	21	14	1	13	17	0	17	10	0	10	17	0	17	20	0	20	17	0	17	17	0	17	19	0	19	12	0	12	23	0	23	17	0	17	12	0	12	22	0	22	19	0	19	19	0	19	15	0	15	23	3	20
NC_059185.1	2668328	2668329	*	13	0	13	16	0	16	13	0	13	15	0	15	13	0	13	12	0	12	10	0	10	15	0	15	10	0	10	13	1	12	18	0	18	12	0	12	15	0	15	13	0	13	22	1	21	13	0	13	13	0	13	16	0	16	23	3	20
NC_059185.1	9721179	9721180	*	30	0	30	20	0	20	29	0	29	37	1	36	16	0	16	21	0	21	35	0	35	34	0	34	16	0	16	31	0	31	37	0	37	53	0	53	18	0	18	23	0	23	36	0	36	36	0	36	24	0	24	21	0	21	46	4	42
NC_059185.1	10728172	10728173	*	20	0	20	19	0	19	15	0	15	19	0	19	14	0	14	30	0	30	10	0	10	12	0	12	16	0	16	14	0	14	15	0	15	17	0	17	17	0	17	16	0	16	21	0	21	18	0	18	17	0	17	10	0	10	18	7	11
NC_059185.1	13091242	13091243	*	42	0	42	46	0	46	18	0	18	21	0	21	15	0	15	24	0	24	18	0	18	15	0	15	24	0	24	42	0	42	28	0	28	48	0	48	36	0	36	42	0	42	34	1	33	26	0	26	32	0	32	21	0	21	73	9	64
NC_059185.1	13091247	13091248	*	44	0	44	46	0	46	19	0	19	21	0	21	15	0	15	25	0	25	19	0	19	15	0	15	24	0	24	46	1	45	27	0	27	48	1	47	38	0	38	43	0	43	35	0	35	26	0	26	32	0	32	20	1	19	74	8	66
NC_059186.1	3166588	3166589	*	21	0	21	26	0	26	33	1	32	34	0	34	69	0	69	31	0	31	34	0	34	19	0	19	31	0	31	48	0	48	48	0	48	26	0	26	26	0	26	48	0	48	73	1	72	39	0	39	46	0	46	39	1	38	33	4	29
NC_059186.1	8456493	8456494	*	24	0	24	13	1	12	17	1	16	13	0	13	13	0	13	21	0	21	21	1	20	13	0	13	15	1	14	17	0	17	17	1	16	21	0	21	21	1	20	17	1	16	26	2	24	24	2	22	17	2	15	22	0	22	30	6	24
NC_059187.1	877293	877294	*	18	0	18	28	0	28	19	0	19	17	0	17	21	0	21	14	0	14	20	0	20	17	0	17	15	0	15	19	0	19	17	0	17	25	0	25	16	0	16	25	0	25	22	0	22	20	0	20	14	0	14	17	0	17	24	11	13
NC_059187.1	1709797	1709798	*	18	0	18	21	0	21	18	0	18	13	0	13	13	0	13	26	0	26	18	0	18	14	1	13	11	0	11	20	0	20	18	1	17	22	0	22	18	0	18	25	0	25	24	0	24	24	0	24	21	0	21	10	0	10	20	3	17
NC_059187.1	6607172	6607173	*	25	0	25	23	0	23	17	1	16	15	0	15	25	0	25	18	0	18	25	0	25	23	0	23	23	0	23	18	0	18	17	0	17	15	0	15	16	0	16	30	0	30	34	0	34	17	0	17	24	0	24	14	0	14	26	10	16
NC_059187.1	9480512	9480513	*	13	0	13	33	0	33	19	0	19	14	0	14	16	0	16	19	0	19	21	0	21	26	1	25	13	0	13	15	0	15	21	0	21	21	0	21	18	2	16	17	0	17	28	0	28	20	0	20	19	0	19	19	0	19	18	7	11
NC_059188.1	820506	820507	*	21	0	21	22	0	22	15	0	15	19	1	18	17	0	17	21	0	21	20	0	20	11	0	11	13	0	13	22	0	22	20	0	20	29	1	28	21	0	21	19	0	19	27	0	27	21	0	21	32	0	32	11	0	11	27	4	23
NC_059188.1	4595436	4595437	*	28	0	28	17	0	17	20	0	20	29	0	29	30	0	30	25	0	25	16	0	16	23	0	23	16	0	16	31	0	31	16	0	16	32	0	32	15	0	15	25	0	25	28	0	28	30	0	30	23	0	23	26	0	26	38	4	34
NC_059188.1	5921939	5921940	*	26	0	26	21	0	21	16	0	16	15	0	15	19	0	19	18	0	18	26	0	26	15	0	15	15	0	15	28	0	28	17	0	17	32	0	32	13	0	13	21	0	21	32	0	32	25	0	25	17	0	17	14	0	14	34	7	27
NC_059188.1	5928488	5928489	*	21	0	21	28	0	28	24	0	24	20	0	20	19	0	19	22	0	22	16	0	16	12	0	12	17	0	17	20	0	20	18	0	18	23	0	23	11	0	11	20	0	20	24	0	24	21	0	21	19	0	19	16	0	16	20	3	17
NC_059188.1	10175673	10175674	*	28	0	28	31	0	31	21	0	21	11	0	11	19	0	19	15	0	15	22	0	22	23	0	23	20	0	20	21	0	21	14	0	14	29	1	28	19	0	19	15	0	15	30	0	30	30	0	30	16	0	16	19	0	19	23	3	20
NC_059189.1	1840165	1840166	*	12	0	12	28	0	28	17	0	17	18	0	18	14	0	14	31	0	31	18	0	18	24	0	24	21	0	21	22	0	22	35	0	35	23	1	22	25	0	25	20	0	20	36	1	35	27	0	27	22	0	22	25	0	25	21	3	18
NC_059189.1	1840200	1840201	*	14	0	14	30	1	29	20	1	19	19	0	19	16	0	16	30	0	30	19	0	19	22	0	22	22	0	22	24	0	24	34	0	34	23	0	23	26	0	26	19	0	19	31	0	31	28	0	28	23	0	23	23	1	22	25	8	17
NC_059189.1	6329043	6329044	*	17	0	17	16	0	16	23	0	23	21	0	21	20	0	20	10	0	10	17	0	17	16	0	16	15	0	15	17	1	16	33	0	33	23	0	23	12	0	12	12	0	12	18	0	18	11	0	11	20	0	20	19	0	19	23	3	20
NC_059189.1	10824098	10824099	*	21	0	21	21	0	21	28	0	28	23	0	23	23	0	23	29	0	29	26	0	26	24	0	24	16	0	16	20	0	20	15	0	15	29	2	27	18	0	18	18	0	18	31	0	31	25	0	25	18	0	18	14	0	14	27	8	19
NC_059190.1	175302	175303	*	17	0	17	24	0	24	11	0	11	17	0	17	19	0	19	17	0	17	16	1	15	12	0	12	10	0	10	17	0	17	21	0	21	20	0	20	18	0	18	16	0	16	26	0	26	25	0	25	14	1	13	18	0	18	28	4	24
NC_059190.1	1377402	1377403	*	22	0	22	39	0	39	16	0	16	13	0	13	20	0	20	22	0	22	17	0	17	12	0	12	14	0	14	23	0	23	33	0	33	37	0	37	10	0	10	16	0	16	29	0	29	15	0	15	10	0	10	20	0	20	22	3	19
NC_059190.1	2902707	2902708	*	27	0	27	26	0	26	23	0	23	16	0	16	11	0	11	21	0	21	14	0	14	21	0	21	15	0	15	26	0	26	17	0	17	30	0	30	21	0	21	29	0	29	33	1	32	25	0	25	25	0	25	17	0	17	23	8	15
NC_059190.1	5232706	5232707	*	10	0	10	18	0	18	13	0	13	17	0	17	13	0	13	10	0	10	11	0	11	15	0	15	13	1	12	17	0	17	27	1	26	12	1	11	16	0	16	14	0	14	23	0	23	21	1	20	13	0	13	20	0	20	17	3	14
NC_059191.1	112961	112962	*	10	0	10	22	0	22	17	0	17	18	0	18	22	0	22	27	0	27	10	0	10	11	0	11	23	0	23	18	0	18	13	0	13	21	0	21	22	1	21	20	0	20	20	0	20	31	0	31	17	0	17	16	0	16	23	3	20
NC_059191.1	2697319	2697320	*	33	0	33	24	0	24	27	0	27	48	1	47	35	0	35	38	0	38	45	0	45	51	0	51	20	0	20	76	0	76	42	0	42	42	0	42	25	0	25	56	0	56	73	0	73	43	0	43	34	0	34	29	0	29	42	6	36
NC_059191.1	3649894	3649895	*	18	0	18	14	0	14	13	0	13	17	1	16	24	0	24	25	3	22	18	0	18	21	0	21	20	0	20	18	0	18	18	0	18	25	0	25	14	0	14	23	0	23	19	0	19	23	0	23	18	0	18	19	0	19	37	15	22
NC_059191.1	7842159	7842160	*	17	0	17	23	0	23	12	0	12	16	0	16	14	0	14	17	0	17	15	0	15	22	0	22	13	0	13	22	0	22	10	0	10	26	0	26	18	0	18	19	0	19	20	0	20	20	0	20	20	0	20	17	0	17	22	3	19
NW_025533168.1	64497	64498	*	37	1	36	13	0	13	19	1	18	21	1	20	26	1	25	10	1	9	19	2	17	19	0	19	12	0	12	35	3	32	30	0	30	27	1	26	17	0	17	23	0	23	30	0	30	34	1	33	25	1	24	25	3	22	38	4	34
NW_025533175.1	31199	31200	*	18	0	18	20	0	20	12	0	12	13	0	13	27	0	27	14	0	14	15	0	15	15	0	15	18	0	18	25	0	25	21	0	21	21	0	21	13	0	13	17	0	17	29	0	29	23	0	23	17	0	17	11	0	11	28	11	17
NW_025533175.1	61432	61433	*	29	0	29	38	0	38	21	1	20	27	1	26	25	0	25	40	0	40	19	0	19	27	0	27	16	0	16	36	0	36	34	2	32	28	0	28	28	1	27	37	2	35	44	1	43	31	0	31	31	2	29	23	0	23	39	8	31
NW_025533175.1	61778	61779	*	27	0	27	18	0	18	11	0	11	13	0	13	26	0	26	16	0	16	16	0	16	18	0	18	10	0	10	19	0	19	12	0	12	21	1	20	14	0	14	15	0	15	21	0	21	20	0	20	20	0	20	11	0	11	22	5	17
NW_025533332.1	24364	24365	*	52	3	49	29	0	29	28	0	28	18	0	18	22	0	22	20	0	20	42	0	42	47	0	47	36	1	35	76	0	76	78	1	77	33	0	33	32	0	32	25	0	25	48	0	48	19	0	19	34	1	33	32	0	32	54	5	49
