chr	start	end	strand	coverage1	numCs1	numTs1	coverage2	numCs2	numTs2	coverage3	numCs3	numTs3	coverage4	numCs4	numTs4	coverage5	numCs5	numTs5	coverage6	numCs6	numTs6	coverage7	numCs7	numTs7	coverage8	numCs8	numTs8	coverage9	numCs9	numTs9	coverage10	numCs10	numTs10	coverage11	numCs11	numTs11	coverage12	numCs12	numTs12	coverage13	numCs13	numTs13	coverage14	numCs14	numTs14	coverage15	numCs15	numTs15	coverage16	numCs16	numTs16	coverage17	numCs17	numTs17	coverage18	numCs18	numTs18	coverage19	numCs19	numTs19	coverage20	numCs20	numTs20
NC_059182.1	115930	115931	*	20	20	0	23	12	11	12	11	1	13	8	5	20	20	0	15	13	2	18	17	1	11	11	0	13	6	7	15	14	1	29	27	2	18	18	0	27	27	0	18	18	0	25	24	1	19	19	0	19	18	1	11	11	0	20	20	0	18	18	0
NC_059182.1	126392	126393	*	13	13	0	18	18	0	12	7	5	13	12	1	10	5	5	12	9	3	12	4	8	16	14	2	12	11	1	12	10	2	21	18	3	12	10	2	14	14	0	13	12	1	15	7	8	15	15	0	11	11	0	14	14	0	15	8	7	10	6	4
NC_059182.1	347869	347870	*	19	18	1	16	8	8	15	14	1	10	6	4	25	9	16	16	16	0	18	7	11	11	6	5	12	11	1	13	12	1	21	0	21	13	13	0	23	0	23	20	20	0	23	11	12	26	25	1	18	16	2	20	13	7	18	18	0	16	0	16
NC_059182.1	356876	356877	*	21	20	1	22	21	1	15	14	1	10	10	0	10	10	0	14	14	0	11	11	0	16	14	2	13	13	0	20	19	1	19	18	1	18	18	0	11	11	0	17	16	1	24	22	2	27	27	0	18	16	2	14	14	0	19	19	0	16	15	1
NC_059182.1	398931	398932	*	14	12	2	14	8	6	12	6	6	19	14	5	12	9	3	18	14	4	12	3	9	16	12	4	14	10	4	12	11	1	12	11	1	21	17	4	15	8	7	22	17	5	20	3	17	14	13	1	15	10	5	12	9	3	16	8	8	11	6	5
NC_059182.1	659485	659486	*	16	15	1	14	13	1	21	19	2	16	16	0	17	17	0	22	20	2	16	16	0	18	18	0	20	20	0	15	15	0	28	26	2	21	17	4	19	19	0	25	24	1	21	20	1	27	25	2	26	22	4	12	11	1	25	25	0	15	15	0
NC_059182.1	659516	659517	*	16	15	1	16	15	1	23	23	0	22	22	0	19	19	0	24	23	1	19	18	1	21	21	0	21	19	2	15	15	0	25	24	1	21	20	1	17	17	0	28	28	0	23	23	0	28	28	0	23	23	0	18	18	0	27	24	3	12	12	0
NC_059182.1	659576	659577	*	15	15	0	19	16	3	16	16	0	18	18	0	22	22	0	26	23	3	14	13	1	18	17	1	21	17	4	17	16	1	27	24	3	21	20	1	14	13	1	27	26	1	19	15	4	23	22	1	20	19	1	21	21	0	28	24	4	13	11	2
NC_059182.1	659597	659598	*	16	14	2	19	14	5	16	13	3	19	17	2	24	21	3	26	22	4	16	14	2	18	15	3	22	17	5	15	15	0	23	21	2	23	19	4	14	11	3	27	26	1	21	17	4	22	16	6	19	17	2	23	19	4	27	21	6	10	8	2
NC_059182.1	929191	929192	*	20	17	3	13	12	1	19	17	2	16	15	1	10	10	0	18	18	0	12	12	0	14	13	1	15	13	2	18	17	1	17	16	1	13	13	0	22	21	1	28	27	1	18	16	2	24	23	1	18	17	1	13	13	0	26	25	1	19	19	0
NC_059182.1	929205	929206	*	17	17	0	15	15	0	18	18	0	15	15	0	12	11	1	17	17	0	13	13	0	14	14	0	14	14	0	18	18	0	16	16	0	14	14	0	20	19	1	30	29	1	17	16	1	23	23	0	16	16	0	12	12	0	25	24	1	18	18	0
NC_059182.1	929232	929233	*	17	16	1	14	6	8	15	13	2	13	13	0	11	10	1	16	14	2	12	9	3	17	15	2	12	11	1	18	16	2	14	12	2	12	11	1	18	14	4	28	27	1	13	11	2	24	20	4	15	15	0	12	12	0	19	18	1	15	5	10
NC_059182.1	930124	930125	*	12	10	2	24	12	12	15	15	0	10	9	1	15	14	1	17	17	0	12	12	0	11	10	1	13	12	1	20	18	2	24	24	0	14	13	1	18	17	1	17	17	0	11	11	0	25	22	3	23	22	1	13	13	0	30	29	1	18	17	1
NC_059182.1	930131	930132	*	14	12	2	23	11	12	15	15	0	10	9	1	16	16	0	17	17	0	13	12	1	10	10	0	14	12	2	22	22	0	25	24	1	14	12	2	18	17	1	18	16	2	13	13	0	25	25	0	24	22	2	13	13	0	30	29	1	19	18	1
NC_059182.1	933990	933991	*	27	22	5	29	29	0	17	17	0	16	16	0	13	11	2	19	19	0	18	18	0	17	14	3	15	14	1	22	20	2	17	17	0	27	26	1	31	29	2	26	25	1	22	22	0	25	25	0	29	26	3	24	24	0	30	30	0	19	19	0
NC_059182.1	934032	934033	*	30	28	2	35	34	1	20	20	0	21	21	0	11	11	0	24	22	2	19	19	0	18	18	0	16	13	3	26	25	1	24	24	0	32	32	0	34	34	0	37	36	1	25	25	0	25	25	0	30	29	1	25	24	1	33	32	1	19	19	0
NC_059182.1	967614	967615	*	13	13	0	12	11	1	10	10	0	12	10	2	12	12	0	13	13	0	11	11	0	19	19	0	15	14	1	15	15	0	20	19	1	19	18	1	15	15	0	16	16	0	20	20	0	24	21	3	14	14	0	12	11	1	17	15	2	19	19	0
NC_059182.1	1002082	1002083	*	21	20	1	17	17	0	21	21	0	19	16	3	23	22	1	16	15	1	18	17	1	15	15	0	17	16	1	22	20	2	21	19	2	25	22	3	29	28	1	17	14	3	15	13	2	23	22	1	13	13	0	16	16	0	14	12	2	16	15	1
NC_059182.1	1078100	1078101	*	16	14	2	20	17	3	17	16	1	18	18	0	25	24	1	18	18	0	21	21	0	15	14	1	18	18	0	13	13	0	21	21	0	24	24	0	23	22	1	25	24	1	24	21	3	24	24	0	22	22	0	11	11	0	23	22	1	19	19	0
NC_059182.1	1078166	1078167	*	17	16	1	24	21	3	21	19	2	19	16	3	26	25	1	16	15	1	23	9	14	21	20	1	17	15	2	16	16	0	21	17	4	36	35	1	27	23	4	28	24	4	23	21	2	19	17	2	26	23	3	12	10	2	21	8	13	22	19	3
NC_059182.1	1078173	1078174	*	18	17	1	24	20	4	21	18	3	19	13	6	26	23	3	17	16	1	24	10	14	20	16	4	17	14	3	20	19	1	23	17	6	36	34	2	28	25	3	28	24	4	23	22	1	18	16	2	25	22	3	13	11	2	22	10	12	22	21	1
NC_059182.1	1086647	1086648	*	23	7	16	38	7	31	10	0	10	18	0	18	15	0	15	45	10	35	14	0	14	13	0	13	17	0	17	19	0	19	29	0	29	53	4	49	24	0	24	28	11	17	43	0	43	30	1	29	13	0	13	10	0	10	45	0	45	17	0	17
NC_059182.1	1129498	1129499	*	25	25	0	23	21	2	22	21	1	13	12	1	13	13	0	16	12	4	14	13	1	17	16	1	12	12	0	22	22	0	26	26	0	26	23	3	30	28	2	30	28	2	28	28	0	19	19	0	29	27	2	11	11	0	19	15	4	15	15	0
NC_059182.1	1129574	1129575	*	20	4	16	28	1	27	17	4	13	10	0	10	12	2	10	12	0	12	12	2	10	13	1	12	17	0	17	16	1	15	20	0	20	20	1	19	22	0	22	23	2	21	30	3	27	22	2	20	29	5	24	11	0	11	20	6	14	16	0	16
NC_059182.1	1310314	1310315	*	14	14	0	15	11	4	14	13	1	14	11	3	22	20	2	12	11	1	11	11	0	10	9	1	17	16	1	22	18	4	22	18	4	14	13	1	14	12	2	16	15	1	22	20	2	15	13	2	18	16	2	16	15	1	16	15	1	18	16	2
NC_059182.1	1310340	1310341	*	14	6	8	14	8	6	10	10	0	14	14	0	18	10	8	12	7	5	12	12	0	12	12	0	16	15	1	21	19	2	21	19	2	14	13	1	14	7	7	18	18	0	21	10	11	13	13	0	18	9	9	16	16	0	18	0	18	18	5	13
NC_059182.1	1310353	1310354	*	13	13	0	14	13	1	10	10	0	14	13	1	17	17	0	14	13	1	13	13	0	11	11	0	16	16	0	22	20	2	21	21	0	15	14	1	15	15	0	19	19	0	19	18	1	15	14	1	18	17	1	16	16	0	17	17	0	17	17	0
NC_059182.1	1462286	1462287	*	12	5	7	29	7	22	22	0	22	20	5	15	10	0	10	23	0	23	13	4	9	12	8	4	16	6	10	14	0	14	16	0	16	15	0	15	11	0	11	21	0	21	19	0	19	10	0	10	22	0	22	21	0	21	17	0	17	11	0	11
NC_059182.1	1483700	1483701	*	13	11	2	16	11	5	11	2	9	14	5	9	14	3	11	21	3	18	16	8	8	12	5	7	13	7	6	18	13	5	19	15	4	17	12	5	20	6	14	11	4	7	15	10	5	19	13	6	13	4	9	13	12	1	16	11	5	14	5	9
NC_059182.1	1531334	1531335	*	22	17	5	21	19	2	22	19	3	10	9	1	19	16	3	14	12	2	17	13	4	15	12	3	14	10	4	15	13	2	18	16	2	17	16	1	23	22	1	16	15	1	18	17	1	18	14	4	12	10	2	10	9	1	16	12	4	23	15	8
NC_059182.1	1552404	1552405	*	25	23	2	18	15	3	12	12	0	10	7	3	18	15	3	20	18	2	21	16	5	16	14	2	19	17	2	14	13	1	18	16	2	16	15	1	23	21	2	14	9	5	28	26	2	24	18	6	19	16	3	31	27	4	22	17	5	19	15	4
NC_059182.1	1681999	1682000	*	17	16	1	26	24	2	14	14	0	13	12	1	16	14	2	19	19	0	17	15	2	12	11	1	11	9	2	25	23	2	17	17	0	17	16	1	14	13	1	18	15	3	15	14	1	11	9	2	17	16	1	26	24	2	23	22	1	13	12	1
NC_059182.1	1682017	1682018	*	16	16	0	24	23	1	13	13	0	15	15	0	16	16	0	18	18	0	17	16	1	13	12	1	14	12	2	24	22	2	18	18	0	20	17	3	14	13	1	19	17	2	15	14	1	11	9	2	16	14	2	27	23	4	24	24	0	14	14	0
NC_059182.1	1682169	1682170	*	12	11	1	16	16	0	15	15	0	12	11	1	10	10	0	20	18	2	18	17	1	19	18	1	11	11	0	23	22	1	15	15	0	12	11	1	12	11	1	24	23	1	22	21	1	21	21	0	19	16	3	40	38	2	19	19	0	13	13	0
NC_059182.1	1692987	1692988	*	16	7	9	18	7	11	14	3	11	16	3	13	14	5	9	15	2	13	12	1	11	17	3	14	17	0	17	13	2	11	16	2	14	24	7	17	20	8	12	25	0	25	19	0	19	15	3	12	16	6	10	10	2	8	25	0	25	23	6	17
NC_059182.1	1722265	1722266	*	20	8	12	18	0	18	16	5	11	15	6	9	15	0	15	31	24	7	14	4	10	10	5	5	16	0	16	11	0	11	20	0	20	20	9	11	22	5	17	14	0	14	10	0	10	21	0	21	20	0	20	10	0	10	18	0	18	16	6	10
NC_059182.1	1722341	1722342	*	20	4	16	20	0	20	20	0	20	18	0	18	15	0	15	32	0	32	12	0	12	15	0	15	20	0	20	25	0	25	26	1	25	25	7	18	20	0	20	18	0	18	20	0	20	31	0	31	22	0	22	12	0	12	21	0	21	18	0	18
NC_059182.1	1731546	1731547	*	22	13	9	17	15	2	20	19	1	12	12	0	19	16	3	25	25	0	14	11	3	11	10	1	17	13	4	15	12	3	28	20	8	21	17	4	17	12	5	25	13	12	27	17	10	14	13	1	12	12	0	14	13	1	15	10	5	12	12	0
NC_059182.1	1835500	1835501	*	12	11	1	18	18	0	16	16	0	16	14	2	17	17	0	25	23	2	16	15	1	15	14	1	11	11	0	17	16	1	14	13	1	20	19	1	21	19	2	25	25	0	18	17	1	18	17	1	13	13	0	27	27	0	16	15	1	12	12	0
NC_059182.1	1907612	1907613	*	11	10	1	16	14	2	12	12	0	12	11	1	16	15	1	17	14	3	21	18	3	17	16	1	11	10	1	20	18	2	17	15	2	18	17	1	22	21	1	18	14	4	14	13	1	14	13	1	20	19	1	26	25	1	15	14	1	18	16	2
NC_059182.1	1907648	1907649	*	10	9	1	17	13	4	10	10	0	11	8	3	17	14	3	18	10	8	20	16	4	13	10	3	11	9	2	19	14	5	17	16	1	21	19	2	23	19	4	20	16	4	14	12	2	15	13	2	18	15	3	22	16	6	12	11	1	18	15	3
NC_059182.1	1914119	1914120	*	23	11	12	17	17	0	12	11	1	11	11	0	13	12	1	11	10	1	15	13	2	12	10	2	12	12	0	21	21	0	16	15	1	12	12	0	14	14	0	22	21	1	17	17	0	17	15	2	20	20	0	13	13	0	22	20	2	15	15	0
NC_059182.1	1936314	1936315	*	16	15	1	24	24	0	10	10	0	18	17	1	11	11	0	15	13	2	11	9	2	20	20	0	17	17	0	16	16	0	16	15	1	11	11	0	21	21	0	18	16	2	23	18	5	25	25	0	21	21	0	11	11	0	22	21	1	17	16	1
NC_059182.1	1997576	1997577	*	15	14	1	15	10	5	20	20	0	16	15	1	22	22	0	17	16	1	17	15	2	14	14	0	15	15	0	14	13	1	17	17	0	19	19	0	21	21	0	21	21	0	27	26	1	18	17	1	12	12	0	24	21	3	25	12	13	17	17	0
NC_059182.1	2051975	2051976	*	19	17	2	21	18	3	16	12	4	14	12	2	17	6	11	16	15	1	12	10	2	16	11	5	12	9	3	15	14	1	16	14	2	17	15	2	22	15	7	14	11	3	14	12	2	19	16	3	10	9	1	35	31	4	13	10	3	20	13	7
NC_059182.1	2052081	2052082	*	22	16	6	28	22	6	16	10	6	18	14	4	15	13	2	19	17	2	13	10	3	14	12	2	13	13	0	17	15	2	17	14	3	20	16	4	19	16	3	15	14	1	16	11	5	24	16	8	13	10	3	33	28	5	20	14	6	16	13	3
NC_059182.1	2085939	2085940	*	16	16	0	10	9	1	16	15	1	14	13	1	14	13	1	24	20	4	12	12	0	21	19	2	12	12	0	18	18	0	18	18	0	14	13	1	11	11	0	21	20	1	14	14	0	18	18	0	14	12	2	13	13	0	25	25	0	19	17	2
NC_059182.1	2085962	2085963	*	15	15	0	13	13	0	16	16	0	16	14	2	14	13	1	24	21	3	13	13	0	21	20	1	11	11	0	23	23	0	26	24	2	17	16	1	12	12	0	20	20	0	15	15	0	18	17	1	13	13	0	13	13	0	25	24	1	17	17	0
NC_059182.1	2085985	2085986	*	16	16	0	15	15	0	15	15	0	14	13	1	15	14	1	23	21	2	18	18	0	21	21	0	14	13	1	22	21	1	27	27	0	18	18	0	11	10	1	22	21	1	14	14	0	20	20	0	15	15	0	15	14	1	25	24	1	21	20	1
NC_059182.1	2085994	2085995	*	15	15	0	14	14	0	15	15	0	14	13	1	16	15	1	24	22	2	17	17	0	21	20	1	13	13	0	23	23	0	29	28	1	18	17	1	12	12	0	23	21	2	15	14	1	20	20	0	12	11	1	15	15	0	22	22	0	20	20	0
NC_059182.1	2086034	2086035	*	16	9	7	17	17	0	16	16	0	14	14	0	13	12	1	21	20	1	20	20	0	19	19	0	12	12	0	24	24	0	26	26	0	23	20	3	12	8	4	22	22	0	12	11	1	22	22	0	14	14	0	17	17	0	25	25	0	14	14	0
NC_059182.1	2086068	2086069	*	17	16	1	18	18	0	13	13	0	14	13	1	17	17	0	24	23	1	24	24	0	17	15	2	16	16	0	29	26	3	31	29	2	22	21	1	12	11	1	20	19	1	11	11	0	19	19	0	15	14	1	18	16	2	27	24	3	15	14	1
NC_059182.1	2086096	2086097	*	13	12	1	18	16	2	12	11	1	14	13	1	15	11	4	22	22	0	24	24	0	13	13	0	15	14	1	26	24	2	26	26	0	18	17	1	13	12	1	19	18	1	12	11	1	18	17	1	16	15	1	20	19	1	21	20	1	17	17	0
NC_059182.1	2175513	2175514	*	14	13	1	17	16	1	19	18	1	16	16	0	10	9	1	14	13	1	15	13	2	19	16	3	18	16	2	17	15	2	18	16	2	23	22	1	16	16	0	14	12	2	15	13	2	15	15	0	28	22	6	18	16	2	21	19	2	19	16	3
NC_059182.1	2175612	2175613	*	22	22	0	17	17	0	21	21	0	17	15	2	15	14	1	18	17	1	17	15	2	19	19	0	23	23	0	18	17	1	25	25	0	27	25	2	14	13	1	29	27	2	26	25	1	15	15	0	34	34	0	13	12	1	28	28	0	23	21	2
NC_059182.1	2213501	2213502	*	19	14	5	20	13	7	14	8	6	15	12	3	18	11	7	19	16	3	13	9	4	11	10	1	11	7	4	16	10	6	19	10	9	16	12	4	17	12	5	21	15	6	15	11	4	25	16	9	15	12	3	33	27	6	11	6	5	13	9	4
NC_059182.1	2213551	2213552	*	24	23	1	19	19	0	14	14	0	15	15	0	20	20	0	20	18	2	14	14	0	13	13	0	11	11	0	20	19	1	21	18	3	18	14	4	20	16	4	23	22	1	17	17	0	23	22	1	17	17	0	35	34	1	15	15	0	16	16	0
NC_059182.1	2213558	2213559	*	23	23	0	20	20	0	13	13	0	14	14	0	20	20	0	19	19	0	15	15	0	13	13	0	11	11	0	20	20	0	21	20	1	17	17	0	19	17	2	25	25	0	17	17	0	23	23	0	17	17	0	37	37	0	15	15	0	16	15	1
NC_059182.1	2300153	2300154	*	26	10	16	14	0	14	28	11	17	31	20	11	22	12	10	21	7	14	11	6	5	25	12	13	25	14	11	14	5	9	12	0	12	38	16	22	16	10	6	26	6	20	38	17	21	39	18	21	22	11	11	33	16	17	19	0	19	12	0	12
NC_059182.1	2300160	2300161	*	25	10	15	14	0	14	28	12	16	30	18	12	23	12	11	22	9	13	11	6	5	26	13	13	24	14	10	14	5	9	12	1	11	38	17	21	17	10	7	25	6	19	38	19	19	40	18	22	23	12	11	33	16	17	19	0	19	11	0	11
NC_059182.1	2300197	2300198	*	26	11	15	14	0	14	27	11	16	26	14	12	24	11	13	30	15	15	13	6	7	21	9	12	28	13	15	16	7	9	12	0	12	37	14	23	18	7	11	26	7	19	36	16	20	42	16	26	23	11	12	31	14	17	17	0	17	13	0	13
NC_059182.1	2306344	2306345	*	17	16	1	22	22	0	12	11	1	11	11	0	17	17	0	17	17	0	22	22	0	17	17	0	17	17	0	24	23	1	20	20	0	22	21	1	29	28	1	21	21	0	18	18	0	18	18	0	16	15	1	20	20	0	23	22	1	13	12	1
NC_059182.1	2306369	2306370	*	20	18	2	23	22	1	13	13	0	13	11	2	17	17	0	17	14	3	22	22	0	16	16	0	20	20	0	26	23	3	21	21	0	20	20	0	32	31	1	20	17	3	18	18	0	15	15	0	15	15	0	21	21	0	26	24	2	10	9	1
NC_059182.1	2307146	2307147	*	20	20	0	24	24	0	12	12	0	12	12	0	15	14	1	20	18	2	13	12	1	13	13	0	10	10	0	16	16	0	24	23	1	16	16	0	18	18	0	19	17	2	30	29	1	16	16	0	10	10	0	20	20	0	27	27	0	13	13	0
NC_059182.1	2390032	2390033	*	16	14	2	20	19	1	21	20	1	20	19	1	13	12	1	16	16	0	13	13	0	10	10	0	12	11	1	16	14	2	19	19	0	15	15	0	14	12	2	15	14	1	21	19	2	22	21	1	15	14	1	12	11	1	27	25	2	12	10	2
NC_059182.1	2508275	2508276	*	15	15	0	21	17	4	17	10	7	13	10	3	12	10	2	26	24	2	12	9	3	19	14	5	16	12	4	10	7	3	29	25	4	17	15	2	16	14	2	12	10	2	22	20	2	30	26	4	25	19	6	38	34	4	21	19	2	12	9	3
NC_059182.1	2599258	2599259	*	23	22	1	18	17	1	21	21	0	11	10	1	15	14	1	21	21	0	21	19	2	12	12	0	11	11	0	11	11	0	19	19	0	16	15	1	20	20	0	20	20	0	27	27	0	12	11	1	15	15	0	12	12	0	11	11	0	14	14	0
NC_059182.1	2674795	2674796	*	14	14	0	32	30	2	15	15	0	27	22	5	12	12	0	11	9	2	19	19	0	15	14	1	15	6	9	15	15	0	29	28	1	22	21	1	26	26	0	29	12	17	32	30	2	22	20	2	14	14	0	11	6	5	23	21	2	26	25	1
NC_059182.1	2897648	2897649	*	23	23	0	22	21	1	11	11	0	24	20	4	14	14	0	24	22	2	16	13	3	11	11	0	15	13	2	23	20	3	18	17	1	23	23	0	15	15	0	21	21	0	26	24	2	29	28	1	18	16	2	11	11	0	25	20	5	19	19	0
NC_059182.1	2897660	2897661	*	25	25	0	22	21	1	10	10	0	23	22	1	15	15	0	24	22	2	16	14	2	12	11	1	15	13	2	23	22	1	19	18	1	22	21	1	18	16	2	20	20	0	29	29	0	27	27	0	20	18	2	11	10	1	24	23	1	18	18	0
NC_059182.1	2897710	2897711	*	17	8	9	22	6	16	11	0	11	22	0	22	14	5	9	29	1	28	16	0	16	10	0	10	15	0	15	19	16	3	22	22	0	15	9	6	22	1	21	21	0	21	21	14	7	24	12	12	20	8	12	10	0	10	24	13	11	19	10	9
NC_059182.1	3002150	3002151	*	20	14	6	16	12	4	23	13	10	19	14	5	16	14	2	34	22	12	20	13	7	17	15	2	12	8	4	22	18	4	19	14	5	23	16	7	21	17	4	28	24	4	20	16	4	18	14	4	38	30	8	26	22	4	26	21	5	14	8	6
NC_059182.1	3002220	3002221	*	14	13	1	13	12	1	22	19	3	18	15	3	20	16	4	34	31	3	11	10	1	20	17	3	15	13	2	24	24	0	22	20	2	21	20	1	22	20	2	32	31	1	23	22	1	15	14	1	34	32	2	19	18	1	24	23	1	14	11	3
NC_059182.1	3002250	3002251	*	15	14	1	11	11	0	21	20	1	18	13	5	24	22	2	33	31	2	10	10	0	24	23	1	13	11	2	24	24	0	23	23	0	19	19	0	20	19	1	27	27	0	25	23	2	18	18	0	32	31	1	19	19	0	23	22	1	10	9	1
NC_059182.1	3368080	3368081	*	18	14	4	12	12	0	12	12	0	16	16	0	12	12	0	18	17	1	10	10	0	17	17	0	13	12	1	20	20	0	14	13	1	14	14	0	29	29	0	18	17	1	27	27	0	13	12	1	13	13	0	13	12	1	10	10	0	13	13	0
NC_059182.1	3368108	3368109	*	16	15	1	14	13	1	13	13	0	17	17	0	13	13	0	20	19	1	10	8	2	12	11	1	13	11	2	19	19	0	16	16	0	14	14	0	28	27	1	16	15	1	23	23	0	18	16	2	14	14	0	14	14	0	13	13	0	10	9	1
NC_059182.1	3368134	3368135	*	17	16	1	10	10	0	15	14	1	14	13	1	13	13	0	19	18	1	12	11	1	10	9	1	11	10	1	23	22	1	14	14	0	17	17	0	31	30	1	18	18	0	21	21	0	18	16	2	16	16	0	16	16	0	18	18	0	11	11	0
NC_059182.1	3368209	3368210	*	16	16	0	14	11	3	16	14	2	13	11	2	12	11	1	19	16	3	13	8	5	16	12	4	13	10	3	25	18	7	17	14	3	25	17	8	32	28	4	17	10	7	25	23	2	18	16	2	19	16	3	14	10	4	20	15	5	13	6	7
NC_059182.1	3368239	3368240	*	16	15	1	14	11	3	16	15	1	15	14	1	11	10	1	17	14	3	12	10	2	16	15	1	11	9	2	22	21	1	17	14	3	25	21	4	34	34	0	15	14	1	25	21	4	17	15	2	16	16	0	14	12	2	22	20	2	15	14	1
NC_059182.1	3368244	3368245	*	15	15	0	14	13	1	16	16	0	13	13	0	11	9	2	18	17	1	12	12	0	15	14	1	11	11	0	24	24	0	16	15	1	24	24	0	33	32	1	15	14	1	24	22	2	18	18	0	15	15	0	13	13	0	22	21	1	15	14	1
NC_059182.1	3368276	3368277	*	14	14	0	16	14	2	14	14	0	16	15	1	11	9	2	17	16	1	13	12	1	13	13	0	14	14	0	17	16	1	19	19	0	24	23	1	27	26	1	14	13	1	22	21	1	15	14	1	16	16	0	13	13	0	22	22	0	16	15	1
NC_059182.1	3431740	3431741	*	24	24	0	25	23	2	15	15	0	12	12	0	14	14	0	28	27	1	14	13	1	12	10	2	16	11	5	25	25	0	17	17	0	14	13	1	26	25	1	24	22	2	22	22	0	22	22	0	21	20	1	11	10	1	17	16	1	16	16	0
NC_059182.1	3431767	3431768	*	23	23	0	25	25	0	17	16	1	11	11	0	15	15	0	28	25	3	14	14	0	13	11	2	15	10	5	24	22	2	19	18	1	15	15	0	24	24	0	25	25	0	22	22	0	24	24	0	23	21	2	12	8	4	19	18	1	18	16	2
NC_059182.1	3595833	3595834	*	17	16	1	20	18	2	17	16	1	14	13	1	19	18	1	13	12	1	20	18	2	23	21	2	14	12	2	17	17	0	24	23	1	15	13	2	13	13	0	18	18	0	17	16	1	16	13	3	14	12	2	11	10	1	18	17	1	15	15	0
NC_059182.1	3675788	3675789	*	17	13	4	24	13	11	17	8	9	15	7	8	13	12	1	23	20	3	16	8	8	14	8	6	16	10	6	19	10	9	26	15	11	21	14	7	26	16	10	20	11	9	17	10	7	13	8	5	15	10	5	13	9	4	11	3	8	16	13	3
NC_059182.1	3698743	3698744	*	25	20	5	20	13	7	14	4	10	11	7	4	24	16	8	23	18	5	12	8	4	14	9	5	18	7	11	23	8	15	23	3	20	20	13	7	21	18	3	30	21	9	35	15	20	27	19	8	20	12	8	24	4	20	20	8	12	24	13	11
NC_059182.1	3698754	3698755	*	25	20	5	19	13	6	12	3	9	11	10	1	24	18	6	23	19	4	11	7	4	14	10	4	18	7	11	24	9	15	24	3	21	21	12	9	23	13	10	28	20	8	32	13	19	29	25	4	20	14	6	25	6	19	20	7	13	25	15	10
NC_059182.1	3745479	3745480	*	15	12	3	26	18	8	11	8	3	18	11	7	16	15	1	15	10	5	17	9	8	11	5	6	18	0	18	16	11	5	17	13	4	14	11	3	20	14	6	21	11	10	20	15	5	20	18	2	20	12	8	20	14	6	13	6	7	20	15	5
NC_059182.1	3745505	3745506	*	19	15	4	25	16	9	10	5	5	18	3	15	12	8	4	15	8	7	16	7	9	13	6	7	19	7	12	20	11	9	16	12	4	19	15	4	19	9	10	20	6	14	20	8	12	20	14	6	21	10	11	20	9	11	13	7	6	27	17	10
NC_059182.1	4085076	4085077	*	10	10	0	15	15	0	13	13	0	13	12	1	14	13	1	11	11	0	19	16	3	19	17	2	11	10	1	19	19	0	18	14	4	14	12	2	18	18	0	15	14	1	17	11	6	11	11	0	18	15	3	10	9	1	22	21	1	11	5	6
NC_059182.1	4115193	4115194	*	18	5	13	12	5	7	18	8	10	14	8	6	10	3	7	12	4	8	18	8	10	20	8	12	12	3	9	25	11	14	17	1	16	14	3	11	20	5	15	16	6	10	14	9	5	30	13	17	17	9	8	34	14	20	22	6	16	10	5	5
NC_059182.1	4218267	4218268	*	17	16	1	14	11	3	17	16	1	11	11	0	18	17	1	11	10	1	13	12	1	15	15	0	10	10	0	16	16	0	20	19	1	19	18	1	15	15	0	21	20	1	24	24	0	16	15	1	16	15	1	16	13	3	11	10	1	18	17	1
NC_059182.1	4218279	4218280	*	16	15	1	17	14	3	17	15	2	13	12	1	20	19	1	10	9	1	12	12	0	15	13	2	10	9	1	17	16	1	25	23	2	19	17	2	16	16	0	22	20	2	23	21	2	17	15	2	18	15	3	15	13	2	11	10	1	19	15	4
NC_059182.1	4246417	4246418	*	22	11	11	23	0	23	14	2	12	32	0	32	22	0	22	30	4	26	36	13	23	23	0	23	28	9	19	43	6	37	59	15	44	42	7	35	70	0	70	42	11	31	57	1	56	26	11	15	31	10	21	11	4	7	33	16	17	49	1	48
NC_059182.1	4246635	4246636	*	17	10	7	20	0	20	16	6	10	20	4	16	13	0	13	27	5	22	15	5	10	20	9	11	23	9	14	24	11	13	32	6	26	37	11	26	56	5	51	35	0	35	50	0	50	12	6	6	38	14	24	23	6	17	19	15	4	43	2	41
NC_059182.1	4284546	4284547	*	20	18	2	22	19	3	18	17	1	11	10	1	17	17	0	17	15	2	18	16	2	10	8	2	20	20	0	17	17	0	19	16	3	20	16	4	25	20	5	18	15	3	21	20	1	19	19	0	19	17	2	58	55	3	20	16	4	12	11	1
NC_059182.1	4284594	4284595	*	22	21	1	22	21	1	15	15	0	10	10	0	16	15	1	16	15	1	16	16	0	13	13	0	19	17	2	15	15	0	21	18	3	16	15	1	25	24	1	19	18	1	18	17	1	15	14	1	13	13	0	58	58	0	16	16	0	13	12	1
NC_059182.1	4284606	4284607	*	22	21	1	22	20	2	13	13	0	11	11	0	14	14	0	17	16	1	13	13	0	12	11	1	19	15	4	14	14	0	17	16	1	13	13	0	24	23	1	18	18	0	19	18	1	15	15	0	10	10	0	56	52	4	14	14	0	11	10	1
NC_059182.1	4299230	4299231	*	17	14	3	15	12	3	21	19	2	15	13	2	14	14	0	13	13	0	13	11	2	24	22	2	11	10	1	20	18	2	16	16	0	17	17	0	17	17	0	17	15	2	19	19	0	18	17	1	11	10	1	11	11	0	14	13	1	16	15	1
NC_059182.1	4354347	4354348	*	13	10	3	19	8	11	26	19	7	17	8	9	15	11	4	19	10	9	10	7	3	18	12	6	14	4	10	18	11	7	25	14	11	16	6	10	18	7	11	15	2	13	23	6	17	15	6	9	13	4	9	20	5	15	22	2	20	17	8	9
NC_059182.1	4502809	4502810	*	20	20	0	20	20	0	18	18	0	10	10	0	11	10	1	14	13	1	13	13	0	13	13	0	16	16	0	18	18	0	21	20	1	18	18	0	24	23	1	20	18	2	23	23	0	30	29	1	19	18	1	11	6	5	13	13	0	25	25	0
NC_059182.1	4502846	4502847	*	22	21	1	23	23	0	20	19	1	12	12	0	12	12	0	17	17	0	12	12	0	15	15	0	18	18	0	18	18	0	21	21	0	20	19	1	24	23	1	17	11	6	27	25	2	32	31	1	22	19	3	12	12	0	14	14	0	25	24	1
NC_059182.1	4502893	4502894	*	23	22	1	25	24	1	17	13	4	13	12	1	11	11	0	15	15	0	16	15	1	17	16	1	20	20	0	21	19	2	14	13	1	21	20	1	23	21	2	19	19	0	25	24	1	29	28	1	28	25	3	12	12	0	19	18	1	22	19	3
NC_059182.1	4502940	4502941	*	22	20	2	25	24	1	16	15	1	15	14	1	12	11	1	15	15	0	17	15	2	18	18	0	17	16	1	24	23	1	15	15	0	22	21	1	19	19	0	22	21	1	19	18	1	30	28	2	26	26	0	15	15	0	24	23	1	24	23	1
NC_059182.1	4588902	4588903	*	15	15	0	15	14	1	10	10	0	15	15	0	18	15	3	23	21	2	15	14	1	12	12	0	11	9	2	19	19	0	19	18	1	14	12	2	16	16	0	16	15	1	17	15	2	19	16	3	17	16	1	12	10	2	15	12	3	22	20	2
NC_059182.1	4588916	4588917	*	16	16	0	17	14	3	10	10	0	15	14	1	16	14	2	22	21	1	14	12	2	12	12	0	13	12	1	16	16	0	19	17	2	13	11	2	15	14	1	14	13	1	17	14	3	19	16	3	16	15	1	10	10	0	14	13	1	18	17	1
NC_059182.1	4693618	4693619	*	20	19	1	16	13	3	15	13	2	15	14	1	13	12	1	22	21	1	15	14	1	13	12	1	12	12	0	18	18	0	26	26	0	27	25	2	19	19	0	30	30	0	30	30	0	21	21	0	20	17	3	16	15	1	14	14	0	18	17	1
NC_059182.1	4693630	4693631	*	21	21	0	16	15	1	14	13	1	16	16	0	14	14	0	22	22	0	16	15	1	13	13	0	13	13	0	19	19	0	26	26	0	27	27	0	19	19	0	31	30	1	30	30	0	20	20	0	20	19	1	16	14	2	15	15	0	19	19	0
NC_059182.1	4693645	4693646	*	20	18	2	17	15	2	15	15	0	17	16	1	14	12	2	23	23	0	17	16	1	14	14	0	12	12	0	19	17	2	29	28	1	28	27	1	21	21	0	35	35	0	31	31	0	23	23	0	20	19	1	15	15	0	17	17	0	18	18	0
NC_059182.1	5600450	5600451	*	11	11	0	16	14	2	12	12	0	20	18	2	10	10	0	21	18	3	12	12	0	12	12	0	15	14	1	18	17	1	20	18	2	17	14	3	25	25	0	14	14	0	17	16	1	16	16	0	17	16	1	13	12	1	21	19	2	16	13	3
NC_059182.1	5719840	5719841	*	14	14	0	15	15	0	15	13	2	11	10	1	15	15	0	27	27	0	23	22	1	20	19	1	19	15	4	13	13	0	22	19	3	23	23	0	23	21	2	24	22	2	19	17	2	18	18	0	32	29	3	18	16	2	10	10	0	11	8	3
NC_059182.1	5719957	5719958	*	20	18	2	15	15	0	20	19	1	14	13	1	20	18	2	18	17	1	16	16	0	16	16	0	10	10	0	13	13	0	25	21	4	22	22	0	19	16	3	25	23	2	22	22	0	23	22	1	23	23	0	14	13	1	22	20	2	17	15	2
NC_059182.1	5719996	5719997	*	22	20	2	14	13	1	20	20	0	17	17	0	20	19	1	17	16	1	17	16	1	14	14	0	13	12	1	13	13	0	24	21	3	23	22	1	23	22	1	27	23	4	21	21	0	24	23	1	22	21	1	13	12	1	24	22	2	20	16	4
NC_059182.1	5720015	5720016	*	20	18	2	18	15	3	17	17	0	17	16	1	20	18	2	18	18	0	18	17	1	12	12	0	11	11	0	13	13	0	19	19	0	21	21	0	22	21	1	26	24	2	22	19	3	22	20	2	22	20	2	12	12	0	25	24	1	20	18	2
NC_059182.1	5848828	5848829	*	15	14	1	20	19	1	15	15	0	12	11	1	17	16	1	14	14	0	19	18	1	14	13	1	13	12	1	13	13	0	27	26	1	26	24	2	13	13	0	13	12	1	18	16	2	21	20	1	13	13	0	12	12	0	19	18	1	25	22	3
NC_059182.1	5848840	5848841	*	13	12	1	20	19	1	13	13	0	11	11	0	18	17	1	15	15	0	18	18	0	13	12	1	13	12	1	13	12	1	24	22	2	26	26	0	13	13	0	10	10	0	19	18	1	20	19	1	14	14	0	10	10	0	20	18	2	24	23	1
NC_059182.1	5848872	5848873	*	16	15	1	16	16	0	12	11	1	14	12	2	18	17	1	18	18	0	20	18	2	12	11	1	13	12	1	16	16	0	24	24	0	25	25	0	15	15	0	13	13	0	17	17	0	21	21	0	10	10	0	10	10	0	19	17	2	22	22	0
NC_059182.1	5924827	5924828	*	26	25	1	16	14	2	22	22	0	20	18	2	18	17	1	23	20	3	24	22	2	25	23	2	21	21	0	20	20	0	24	24	0	14	13	1	22	21	1	34	30	4	33	31	2	17	17	0	31	31	0	55	52	3	17	15	2	21	21	0
NC_059182.1	5977820	5977821	*	18	17	1	16	14	2	18	17	1	15	15	0	14	13	1	21	16	5	16	16	0	10	9	1	20	18	2	12	12	0	17	15	2	18	15	3	16	14	2	18	17	1	18	17	1	20	19	1	19	17	2	21	19	2	15	14	1	20	20	0
NC_059182.1	5977847	5977848	*	15	15	0	18	17	1	15	15	0	13	13	0	16	15	1	19	17	2	15	15	0	10	9	1	17	16	1	13	13	0	13	12	1	17	15	2	18	17	1	20	18	2	18	13	5	23	22	1	20	18	2	22	20	2	14	13	1	18	18	0
NC_059182.1	5977871	5977872	*	15	14	1	18	17	1	13	13	0	15	15	0	16	16	0	20	20	0	16	14	2	12	11	1	17	17	0	14	14	0	13	12	1	15	15	0	16	16	0	18	18	0	18	17	1	23	23	0	20	19	1	21	19	2	15	15	0	12	11	1
NC_059182.1	5977881	5977882	*	14	12	2	17	15	2	13	12	1	14	14	0	16	16	0	22	21	1	15	12	3	11	11	0	15	15	0	13	13	0	13	13	0	14	14	0	15	15	0	18	17	1	17	16	1	22	22	0	18	17	1	19	19	0	15	15	0	11	11	0
NC_059182.1	5977907	5977908	*	13	12	1	16	16	0	12	7	5	16	15	1	14	13	1	21	19	2	15	13	2	16	16	0	15	14	1	13	6	7	13	10	3	13	8	5	13	7	6	15	14	1	14	8	6	19	19	0	15	14	1	20	20	0	12	12	0	10	8	2
NC_059182.1	6060614	6060615	*	13	8	5	13	8	5	20	9	11	10	7	3	14	10	4	17	16	1	17	17	0	16	10	6	11	6	5	12	12	0	21	12	9	16	13	3	30	14	16	23	11	12	21	21	0	26	23	3	18	18	0	14	9	5	22	9	13	10	6	4
NC_059182.1	6078803	6078804	*	18	7	11	14	11	3	15	3	12	14	12	2	16	7	9	20	16	4	15	11	4	10	8	2	12	8	4	25	11	14	15	2	13	16	12	4	21	21	0	30	22	8	17	13	4	11	10	1	19	11	8	30	25	5	18	11	7	17	15	2
NC_059182.1	6256462	6256463	*	27	26	1	24	23	1	14	13	1	13	10	3	16	15	1	23	22	1	14	14	0	17	15	2	19	17	2	26	23	3	26	25	1	28	27	1	23	22	1	22	22	0	22	21	1	18	18	0	18	18	0	46	45	1	26	25	1	18	17	1
NC_059182.1	6275001	6275002	*	19	17	2	32	30	2	23	20	3	15	14	1	19	18	1	28	28	0	19	16	3	12	12	0	20	15	5	22	20	2	29	29	0	25	24	1	28	28	0	23	22	1	26	24	2	28	25	3	22	20	2	26	22	4	17	16	1	21	20	1
NC_059182.1	6275097	6275098	*	28	27	1	18	16	2	22	17	5	13	13	0	15	15	0	26	24	2	18	15	3	12	9	3	18	16	2	25	25	0	28	28	0	19	19	0	30	29	1	28	27	1	26	25	1	21	19	2	32	30	2	38	37	1	24	22	2	23	22	1
NC_059182.1	6275100	6275101	*	27	26	1	16	15	1	21	20	1	13	13	0	15	14	1	26	24	2	17	17	0	11	9	2	17	14	3	24	23	1	28	27	1	19	19	0	30	28	2	28	27	1	26	25	1	22	20	2	32	30	2	39	38	1	23	20	3	23	23	0
NC_059182.1	6386594	6386595	*	16	7	9	24	0	24	10	0	10	13	0	13	18	0	18	11	0	11	21	0	21	11	0	11	10	0	10	15	0	15	26	0	26	26	0	26	19	1	18	24	0	24	23	0	23	24	0	24	21	1	20	14	0	14	21	0	21	20	11	9
NC_059182.1	6457340	6457341	*	25	23	2	23	23	0	13	12	1	15	15	0	18	17	1	18	18	0	22	21	1	14	14	0	18	18	0	30	28	2	25	24	1	27	23	4	34	34	0	39	37	2	21	18	3	29	27	2	22	22	0	10	10	0	23	20	3	21	19	2
NC_059182.1	6457411	6457412	*	21	19	2	15	14	1	11	11	0	12	11	1	11	10	1	16	16	0	19	17	2	16	15	1	14	13	1	21	19	2	25	24	1	24	23	1	22	21	1	22	22	0	10	8	2	23	21	2	23	19	4	16	15	1	17	16	1	17	16	1
NC_059182.1	6513057	6513058	*	24	24	0	15	14	1	14	14	0	14	13	1	15	8	7	22	20	2	13	11	2	11	9	2	17	17	0	19	17	2	17	16	1	14	13	1	23	20	3	16	15	1	19	19	0	19	18	1	18	17	1	18	17	1	17	16	1	17	17	0
NC_059182.1	6513089	6513090	*	22	21	1	16	14	2	12	12	0	15	15	0	15	8	7	20	19	1	17	16	1	11	10	1	15	14	1	18	17	1	14	14	0	16	15	1	24	24	0	15	15	0	18	16	2	17	13	4	19	19	0	14	12	2	19	18	1	17	16	1
NC_059182.1	6513130	6513131	*	18	11	7	15	10	5	14	4	10	16	8	8	16	10	6	17	8	9	17	11	6	11	9	2	16	14	2	14	10	4	10	6	4	16	7	9	24	11	13	15	8	7	20	15	5	13	8	5	16	11	5	19	15	4	21	13	8	12	8	4
NC_059182.1	6559350	6559351	*	19	17	2	11	11	0	11	11	0	11	11	0	16	16	0	21	21	0	11	10	1	11	10	1	10	6	4	17	13	4	13	13	0	27	27	0	23	23	0	18	17	1	25	14	11	23	22	1	15	14	1	17	17	0	19	9	10	18	17	1
NC_059182.1	6649269	6649270	*	24	24	0	22	21	1	11	11	0	16	15	1	12	12	0	13	13	0	15	14	1	13	12	1	16	16	0	23	23	0	12	11	1	23	21	2	20	18	2	22	21	1	22	21	1	17	16	1	18	16	2	16	16	0	13	12	1	18	18	0
NC_059182.1	6653554	6653555	*	19	18	1	25	23	2	16	13	3	14	14	0	23	23	0	17	17	0	16	15	1	15	15	0	19	17	2	21	21	0	16	14	2	19	19	0	17	17	0	21	20	1	21	21	0	20	20	0	14	13	1	10	10	0	33	30	3	17	17	0
NC_059182.1	6653584	6653585	*	18	18	0	25	25	0	15	14	1	15	14	1	18	17	1	19	18	1	18	17	1	17	17	0	18	18	0	18	17	1	15	14	1	24	22	2	15	14	1	15	15	0	20	19	1	19	19	0	14	13	1	10	10	0	22	20	2	15	15	0
NC_059182.1	6696712	6696713	*	14	14	0	12	12	0	12	12	0	11	11	0	15	14	1	16	14	2	13	13	0	25	23	2	11	11	0	19	17	2	23	22	1	12	7	5	19	19	0	23	21	2	16	16	0	16	16	0	11	10	1	14	14	0	23	22	1	20	18	2
NC_059182.1	6974120	6974121	*	13	12	1	15	7	8	18	11	7	19	7	12	18	10	8	19	10	9	16	14	2	21	14	7	16	0	16	18	0	18	17	0	17	15	15	0	24	12	12	23	0	23	19	7	12	28	18	10	15	0	15	16	0	16	19	19	0	20	0	20
NC_059182.1	6974141	6974142	*	13	13	0	17	2	15	22	14	8	22	9	13	19	10	9	21	10	11	15	5	10	19	10	9	14	2	12	18	0	18	19	0	19	18	18	0	26	13	13	27	0	27	20	8	12	28	19	9	19	1	18	18	1	17	19	19	0	22	0	22
NC_059182.1	6974245	6974246	*	20	17	3	29	28	1	28	27	1	22	21	1	24	22	2	21	20	1	19	18	1	19	17	2	17	17	0	18	17	1	19	18	1	23	19	4	27	26	1	26	23	3	19	18	1	25	23	2	19	19	0	19	16	3	15	15	0	20	18	2
NC_059182.1	7117271	7117272	*	13	13	0	21	9	12	22	1	21	13	0	13	16	0	16	18	0	18	21	20	1	11	0	11	13	8	5	19	19	0	19	10	9	21	9	12	18	10	8	12	11	1	17	17	0	22	11	11	15	14	1	22	22	0	16	11	5	14	11	3
NC_059182.1	7442393	7442394	*	16	9	7	13	5	8	12	5	7	15	4	11	15	15	0	27	8	19	17	9	8	18	5	13	11	11	0	21	21	0	23	23	0	16	5	11	21	21	0	15	15	0	22	12	10	28	28	0	20	20	0	18	16	2	13	0	13	17	16	1
NC_059182.1	7442409	7442410	*	19	12	7	15	7	8	13	7	6	15	4	11	16	16	0	28	10	18	17	9	8	16	4	12	11	11	0	21	20	1	25	25	0	13	4	9	23	23	0	16	15	1	21	13	8	26	25	1	21	20	1	20	18	2	15	0	15	18	17	1
NC_059182.1	7554811	7554812	*	20	19	1	22	21	1	12	10	2	10	10	0	18	16	2	23	23	0	12	12	0	11	10	1	11	7	4	21	21	0	29	26	3	22	22	0	20	20	0	31	28	3	27	26	1	21	19	2	21	20	1	11	11	0	19	18	1	15	14	1
NC_059182.1	8331596	8331597	*	21	3	18	50	0	50	22	3	19	37	2	35	39	4	35	42	3	39	35	1	34	10	3	7	33	3	30	13	0	13	37	4	33	25	1	24	38	0	38	13	0	13	36	7	29	52	10	42	41	8	33	34	0	34	46	4	42	19	0	19
NC_059182.1	8331681	8331682	*	21	3	18	47	1	46	15	2	13	23	1	22	36	10	26	43	2	41	34	3	31	10	1	9	36	3	33	10	0	10	40	0	40	23	0	23	38	0	38	21	2	19	39	5	34	45	8	37	35	5	30	31	0	31	40	2	38	18	0	18
NC_059182.1	8566469	8566470	*	25	25	0	19	19	0	15	15	0	15	15	0	13	13	0	16	16	0	11	10	1	17	17	0	13	13	0	18	17	1	19	19	0	13	12	1	21	21	0	16	15	1	20	19	1	14	13	1	11	10	1	15	15	0	15	11	4	10	9	1
NC_059182.1	8566510	8566511	*	28	27	1	24	23	1	17	15	2	20	20	0	15	15	0	21	21	0	16	15	1	24	22	2	15	13	2	27	25	2	24	24	0	23	21	2	26	25	1	23	23	0	26	24	2	19	19	0	20	15	5	16	15	1	21	21	0	19	19	0
NC_059182.1	8566533	8566534	*	24	21	3	25	21	4	16	14	2	18	17	1	17	16	1	21	20	1	14	13	1	22	19	3	15	11	4	25	21	4	24	22	2	23	18	5	25	22	3	25	20	5	24	22	2	16	16	0	18	16	2	15	12	3	22	22	0	19	17	2
NC_059182.1	10868828	10868829	*	71	16	55	21	4	17	24	2	22	28	0	28	51	1	50	14	0	14	30	0	30	33	2	31	33	1	32	40	1	39	30	1	29	17	0	17	35	0	35	17	1	16	46	5	41	21	16	5	25	0	25	17	7	10	40	0	40	12	0	12
NC_059182.1	11384710	11384711	*	27	6	21	16	0	16	13	0	13	14	0	14	28	0	28	19	0	19	12	0	12	12	0	12	15	0	15	20	0	20	35	1	34	17	0	17	22	0	22	16	0	16	22	0	22	19	0	19	19	1	18	32	1	31	24	0	24	15	0	15
NC_059182.1	11692776	11692777	*	14	7	7	23	0	23	20	1	19	16	0	16	11	0	11	14	0	14	19	8	11	16	0	16	12	6	6	10	2	8	13	12	1	11	5	6	12	6	6	16	8	8	22	14	8	22	10	12	22	1	21	54	52	2	16	5	11	16	16	0
NC_059182.1	11755457	11755458	*	16	14	2	17	12	5	18	15	3	18	17	1	12	11	1	20	17	3	12	10	2	17	16	1	13	12	1	14	13	1	12	12	0	22	20	2	17	16	1	25	25	0	15	9	6	31	29	2	13	12	1	27	22	5	11	5	6	14	13	1
NC_059182.1	12018625	12018626	*	16	12	4	21	17	4	25	20	5	13	11	2	14	13	1	18	17	1	16	15	1	10	9	1	15	11	4	20	19	1	16	14	2	17	15	2	15	14	1	14	11	3	21	17	4	25	17	8	12	10	2	17	15	2	21	18	3	19	14	5
NC_059182.1	12018653	12018654	*	14	12	2	23	22	1	24	22	2	16	13	3	13	13	0	20	20	0	17	16	1	13	11	2	17	15	2	20	20	0	19	17	2	16	14	2	17	17	0	15	13	2	24	24	0	28	26	2	13	12	1	14	14	0	21	20	1	20	19	1
NC_059182.1	12018659	12018660	*	15	13	2	23	20	3	24	24	0	17	12	5	13	12	1	21	20	1	17	17	0	13	12	1	17	16	1	20	20	0	18	16	2	15	14	1	18	18	0	17	14	3	24	23	1	28	25	3	13	11	2	14	14	0	20	18	2	20	19	1
NC_059182.1	12018664	12018665	*	15	12	3	23	22	1	23	22	1	18	17	1	13	12	1	21	21	0	17	17	0	13	13	0	17	16	1	21	21	0	18	17	1	16	16	0	18	18	0	17	16	1	24	24	0	29	26	3	13	13	0	13	12	1	20	19	1	20	19	1
NC_059182.1	12026471	12026472	*	13	12	1	16	12	4	12	11	1	17	15	2	14	13	1	11	9	2	12	12	0	12	12	0	15	14	1	16	7	9	13	10	3	10	8	2	14	14	0	14	13	1	19	18	1	18	16	2	18	17	1	18	17	1	10	10	0	14	13	1
NC_059182.1	12030608	12030609	*	25	8	17	23	13	10	12	8	4	18	14	4	14	13	1	18	13	5	16	10	6	18	10	8	16	12	4	13	6	7	24	15	9	16	12	4	20	13	7	16	8	8	22	15	7	21	15	6	17	7	10	23	19	4	20	10	10	11	7	4
NC_059182.1	12048966	12048967	*	15	14	1	14	13	1	15	12	3	11	11	0	17	15	2	19	17	2	13	8	5	11	9	2	12	10	2	23	19	4	17	14	3	20	19	1	17	15	2	15	13	2	19	15	4	22	19	3	15	13	2	10	9	1	30	27	3	17	17	0
NC_059182.1	12049032	12049033	*	18	16	2	22	17	5	20	16	4	16	15	1	18	17	1	20	18	2	20	18	2	20	16	4	10	7	3	26	23	3	27	24	3	28	23	5	23	22	1	23	19	4	18	13	5	29	26	3	20	14	6	22	21	1	27	23	4	18	14	4
NC_059182.1	12049081	12049082	*	22	20	2	22	21	1	20	19	1	15	15	0	16	15	1	22	21	1	16	15	1	19	19	0	12	11	1	25	24	1	27	26	1	26	26	0	22	22	0	23	22	1	15	13	2	29	29	0	16	15	1	28	28	0	22	22	0	14	13	1
NC_059182.1	12049093	12049094	*	22	19	3	23	22	1	21	21	0	15	15	0	16	16	0	23	22	1	16	14	2	19	18	1	11	9	2	22	20	2	30	30	0	24	24	0	22	22	0	23	23	0	16	15	1	28	28	0	15	14	1	29	28	1	24	24	0	14	14	0
NC_059182.1	12151798	12151799	*	27	27	0	17	15	2	17	17	0	16	16	0	15	14	1	19	18	1	20	18	2	14	13	1	16	15	1	20	18	2	27	26	1	15	15	0	23	22	1	21	19	2	22	22	0	17	15	2	21	21	0	17	17	0	28	28	0	23	23	0
NC_059182.1	12151830	12151831	*	21	6	15	22	9	13	17	7	10	18	6	12	19	2	17	17	7	10	20	1	19	20	7	13	13	0	13	20	9	11	29	13	16	19	5	14	23	6	17	25	8	17	26	1	25	21	6	15	23	2	21	15	6	9	35	8	27	27	3	24
NC_059182.1	12375827	12375828	*	14	5	9	14	6	8	10	8	2	19	8	11	10	0	10	15	0	15	20	19	1	12	0	12	16	0	16	27	0	27	14	0	14	17	10	7	25	13	12	26	0	26	24	1	23	13	0	13	20	9	11	10	0	10	20	10	10	21	0	21
NC_059182.1	12379917	12379918	*	21	21	0	10	9	1	13	11	2	17	12	5	12	11	1	17	17	0	14	13	1	11	9	2	16	15	1	18	16	2	18	17	1	13	12	1	32	28	4	23	20	3	12	11	1	17	16	1	16	13	3	11	10	1	15	14	1	10	9	1
NC_059182.1	12424457	12424458	*	19	19	0	25	25	0	13	12	1	16	15	1	12	12	0	18	18	0	13	12	1	14	14	0	19	19	0	14	14	0	25	25	0	20	20	0	11	11	0	18	18	0	20	20	0	25	25	0	15	15	0	17	17	0	17	17	0	10	10	0
NC_059182.1	12424479	12424480	*	23	23	0	26	26	0	16	16	0	17	15	2	12	12	0	17	17	0	14	13	1	16	15	1	18	18	0	18	18	0	28	27	1	18	17	1	10	9	1	17	17	0	19	19	0	22	21	1	18	18	0	16	16	0	17	17	0	10	9	1
NC_059182.1	12449924	12449925	*	11	11	0	14	8	6	14	5	9	12	6	6	12	11	1	16	15	1	14	7	7	15	14	1	11	10	1	10	4	6	13	10	3	17	8	9	14	8	6	20	10	10	19	17	2	14	14	0	15	0	15	15	13	2	18	9	9	15	8	7
NC_059182.1	12770990	12770991	*	25	24	1	38	37	1	25	23	2	24	22	2	26	26	0	15	12	3	23	21	2	15	14	1	21	20	1	38	36	2	29	29	0	23	22	1	30	29	1	31	27	4	32	30	2	28	25	3	25	23	2	16	16	0	34	31	3	33	31	2
NC_059182.1	12771071	12771072	*	19	17	2	32	29	3	23	22	1	19	18	1	17	16	1	15	14	1	15	14	1	13	13	0	24	21	3	32	27	5	26	22	4	22	19	3	22	20	2	27	20	7	33	28	5	36	33	3	21	20	1	15	14	1	32	30	2	31	31	0
NC_059182.1	12791869	12791870	*	14	12	2	16	16	0	17	17	0	14	14	0	12	11	1	14	14	0	13	10	3	13	13	0	10	9	1	16	16	0	12	12	0	10	10	0	22	22	0	10	10	0	14	12	2	20	20	0	13	13	0	17	17	0	10	8	2	15	14	1
NC_059182.1	12794698	12794699	*	15	12	3	15	5	10	18	8	10	14	10	4	13	11	2	17	16	1	11	6	5	15	14	1	14	11	3	19	17	2	18	15	3	20	6	14	17	13	4	18	15	3	18	15	3	19	18	1	18	13	5	22	19	3	16	9	7	14	10	4
NC_059182.1	12799848	12799849	*	21	6	15	16	9	7	18	0	18	15	0	15	14	0	14	17	2	15	16	5	11	14	0	14	20	0	20	20	0	20	20	0	20	18	1	17	17	0	17	14	0	14	22	0	22	11	0	11	14	1	13	13	1	12	15	1	14	23	1	22
NC_059182.1	12850047	12850048	*	14	11	3	19	19	0	12	12	0	15	15	0	15	13	2	21	20	1	17	16	1	15	15	0	13	11	2	18	16	2	26	25	1	20	20	0	17	15	2	18	16	2	24	24	0	19	18	1	12	9	3	14	14	0	14	13	1	22	20	2
NC_059182.1	12927284	12927285	*	19	19	0	12	11	1	10	3	7	14	14	0	15	0	15	10	3	7	10	10	0	12	0	12	12	12	0	17	10	7	16	7	9	17	10	7	11	11	0	13	11	2	21	19	2	14	14	0	15	14	1	59	30	29	17	7	10	18	15	3
NC_059182.1	12927351	12927352	*	21	20	1	11	10	1	15	14	1	20	20	0	13	7	6	13	13	0	10	9	1	11	10	1	13	12	1	16	16	0	17	15	2	17	16	1	15	12	3	10	10	0	20	17	3	14	12	2	16	14	2	45	24	21	14	13	1	18	18	0
NC_059182.1	12952591	12952592	*	20	16	4	18	15	3	11	11	0	13	13	0	12	12	0	15	14	1	10	10	0	22	19	3	14	13	1	12	12	0	19	19	0	14	14	0	19	19	0	19	17	2	13	13	0	16	16	0	15	15	0	12	12	0	11	11	0	10	8	2
NC_059182.1	12952636	12952637	*	19	19	0	19	19	0	12	11	1	10	10	0	14	13	1	16	15	1	14	14	0	22	22	0	15	15	0	14	13	1	23	23	0	16	16	0	20	19	1	19	18	1	16	15	1	15	15	0	17	16	1	16	16	0	11	8	3	10	10	0
NC_059182.1	12979271	12979272	*	12	12	0	17	14	3	11	11	0	14	13	1	17	15	2	14	14	0	13	12	1	13	12	1	12	12	0	14	13	1	19	18	1	17	16	1	23	22	1	23	23	0	11	11	0	16	14	2	20	18	2	37	33	4	12	12	0	11	11	0
NC_059182.1	12996995	12996996	*	14	13	1	12	9	3	14	10	4	15	13	2	15	12	3	10	9	1	15	12	3	10	8	2	16	11	5	18	16	2	10	10	0	12	11	1	15	12	3	17	12	5	21	18	3	15	12	3	18	14	4	21	20	1	13	7	6	11	11	0
NC_059182.1	13352021	13352022	*	14	12	2	20	20	0	18	17	1	14	14	0	11	10	1	19	17	2	17	16	1	19	17	2	13	12	1	15	15	0	18	18	0	10	10	0	13	13	0	25	24	1	28	28	0	19	19	0	18	17	1	19	19	0	23	21	2	13	12	1
NC_059182.1	13909834	13909835	*	10	9	1	13	11	2	11	10	1	14	12	2	12	11	1	15	14	1	14	12	2	16	15	1	18	18	0	20	18	2	11	11	0	18	18	0	13	12	1	21	20	1	18	17	1	11	11	0	16	16	0	41	38	3	15	14	1	15	15	0
NC_059182.1	14026063	14026064	*	18	9	9	26	0	26	11	0	11	13	0	13	23	0	23	17	0	17	18	0	18	16	0	16	11	0	11	10	0	10	19	0	19	17	0	17	12	1	11	12	0	12	20	0	20	24	0	24	15	0	15	21	1	20	20	0	20	17	0	17
NC_059182.1	14120250	14120251	*	13	13	0	10	10	0	10	10	0	24	23	1	27	26	1	20	19	1	14	14	0	20	20	0	14	13	1	12	11	1	15	15	0	17	17	0	13	13	0	18	17	1	24	22	2	20	16	4	21	20	1	17	17	0	19	19	0	12	12	0
NC_059182.1	14163138	14163139	*	33	27	6	26	19	7	13	13	0	16	14	2	13	13	0	23	18	5	28	23	5	14	8	6	13	13	0	17	13	4	16	16	0	21	18	3	22	19	3	22	16	6	20	16	4	25	22	3	22	21	1	30	26	4	14	12	2	19	17	2
NC_059182.1	14163172	14163173	*	29	27	2	21	18	3	15	12	3	16	14	2	11	10	1	24	19	5	29	27	2	14	13	1	11	10	1	16	14	2	17	5	12	20	19	1	22	16	6	21	16	5	21	19	2	29	24	5	20	18	2	25	22	3	17	14	3	19	16	3
NC_059182.1	14222233	14222234	*	17	14	3	22	21	1	17	15	2	14	13	1	23	20	3	13	11	2	23	23	0	18	15	3	10	5	5	23	22	1	16	16	0	24	22	2	21	20	1	20	18	2	22	17	5	26	25	1	21	12	9	12	11	1	29	12	17	18	14	4
NC_059182.1	14263085	14263086	*	11	10	1	18	16	2	14	13	1	12	11	1	14	13	1	20	20	0	14	12	2	16	16	0	18	18	0	18	17	1	14	12	2	19	19	0	25	23	2	17	16	1	14	14	0	18	18	0	18	14	4	19	17	2	28	27	1	19	16	3
NC_059182.1	14263111	14263112	*	13	12	1	17	15	2	15	15	0	11	10	1	16	15	1	20	20	0	14	14	0	16	15	1	16	15	1	16	15	1	16	16	0	17	17	0	23	21	2	20	20	0	13	12	1	18	17	1	20	16	4	19	18	1	27	27	0	17	15	2
NC_059182.1	14263138	14263139	*	17	17	0	20	18	2	13	13	0	12	11	1	12	12	0	24	20	4	15	15	0	18	18	0	14	14	0	15	15	0	19	19	0	17	17	0	19	18	1	20	20	0	16	15	1	16	15	1	19	18	1	22	20	2	24	22	2	18	15	3
NC_059182.1	14263176	14263177	*	19	17	2	20	18	2	14	13	1	12	12	0	10	8	2	19	16	3	14	14	0	19	19	0	14	13	1	15	14	1	19	19	0	12	12	0	14	13	1	21	18	3	15	15	0	16	14	2	18	16	2	19	17	2	21	21	0	14	13	1
NC_059182.1	14376908	14376909	*	12	7	5	16	0	16	15	0	15	15	3	12	10	0	10	11	0	11	12	0	12	13	4	9	12	5	7	14	0	14	21	0	21	14	0	14	12	0	12	15	0	15	19	0	19	16	0	16	14	0	14	20	0	20	15	0	15	14	0	14
NC_059182.1	14477369	14477370	*	15	12	3	13	12	1	15	13	2	15	13	2	17	15	2	24	20	4	11	10	1	13	13	0	12	11	1	11	10	1	17	16	1	13	10	3	20	20	0	18	13	5	20	16	4	33	33	0	12	11	1	18	16	2	20	14	6	12	11	1
NC_059182.1	14661594	14661595	*	23	23	0	19	18	1	18	18	0	20	19	1	13	12	1	15	15	0	19	17	2	18	16	2	11	10	1	25	24	1	21	20	1	20	19	1	25	25	0	19	17	2	21	21	0	25	23	2	23	23	0	10	10	0	21	21	0	17	16	1
NC_059182.1	14724301	14724302	*	20	19	1	19	19	0	16	16	0	10	9	1	14	14	0	17	15	2	17	15	2	15	14	1	14	14	0	12	12	0	15	15	0	12	12	0	10	10	0	15	14	1	24	24	0	18	17	1	22	21	1	29	28	1	16	16	0	10	10	0
NC_059182.1	14732347	14732348	*	19	19	0	21	12	9	17	16	1	12	7	5	10	10	0	16	14	2	23	21	2	20	19	1	10	8	2	26	22	4	24	24	0	25	23	2	28	25	3	20	19	1	37	32	5	33	28	5	21	8	13	43	35	8	29	27	2	27	25	2
NC_059182.1	14732385	14732386	*	24	24	0	20	15	5	19	19	0	12	11	1	10	5	5	14	13	1	25	25	0	19	18	1	10	10	0	27	7	20	25	12	13	27	15	12	26	24	2	21	21	0	35	13	22	30	29	1	21	10	11	44	42	2	28	17	11	27	26	1
NC_059182.1	15036529	15036530	*	15	15	0	12	10	2	13	12	1	13	13	0	14	13	1	16	14	2	14	14	0	14	14	0	14	13	1	14	13	1	17	17	0	17	15	2	16	15	1	18	16	2	22	22	0	11	10	1	14	11	3	20	17	3	11	11	0	13	11	2
NC_059182.1	15104640	15104641	*	18	7	11	19	8	11	14	8	6	20	20	0	13	0	13	16	16	0	18	0	18	11	5	6	19	8	11	15	0	15	24	11	13	18	0	18	10	9	1	25	2	23	17	0	17	24	7	17	16	0	16	14	0	14	21	11	10	21	19	2
NC_059182.1	15107524	15107525	*	16	14	2	16	13	3	13	8	5	13	12	1	14	14	0	17	16	1	18	15	3	15	14	1	14	13	1	18	17	1	18	17	1	12	11	1	12	11	1	21	18	3	14	12	2	17	16	1	18	17	1	39	39	0	19	18	1	10	10	0
NC_059182.1	15107527	15107528	*	16	16	0	16	13	3	14	8	6	13	12	1	13	13	0	17	16	1	18	17	1	15	14	1	14	11	3	18	15	3	19	18	1	12	10	2	12	10	2	21	17	4	14	11	3	17	16	1	18	16	2	37	36	1	18	16	2	10	10	0
NC_059182.1	15107534	15107535	*	16	14	2	16	15	1	14	9	5	13	13	0	13	13	0	17	17	0	18	17	1	15	15	0	14	13	1	18	17	1	18	18	0	12	11	1	12	12	0	20	19	1	14	12	2	17	17	0	19	19	0	36	36	0	17	15	2	10	10	0
NC_059182.1	15107564	15107565	*	19	18	1	18	15	3	13	8	5	14	12	2	15	13	2	18	17	1	19	18	1	13	12	1	15	12	3	16	16	0	16	16	0	15	13	2	12	11	1	19	18	1	13	11	2	18	18	0	19	15	4	40	36	4	15	13	2	10	9	1
NC_059182.1	15129927	15129928	*	19	15	4	16	15	1	15	11	4	10	8	2	13	9	4	10	7	3	13	11	2	12	8	4	16	12	4	11	10	1	18	14	4	19	19	0	15	11	4	16	15	1	26	19	7	19	16	3	25	24	1	25	23	2	11	11	0	12	11	1
NC_059182.1	15273108	15273109	*	11	4	7	30	2	28	17	0	17	25	24	1	12	3	9	15	11	4	22	3	19	14	1	13	14	6	8	14	1	13	16	7	9	22	0	22	19	0	19	13	0	13	25	25	0	33	14	19	19	19	0	22	4	18	22	0	22	15	6	9
NC_059182.1	15311886	15311887	*	22	21	1	21	20	1	12	12	0	16	14	2	22	22	0	18	18	0	17	17	0	10	10	0	23	23	0	17	17	0	23	23	0	19	18	1	11	11	0	26	24	2	21	21	0	18	15	3	21	21	0	15	15	0	26	26	0	13	13	0
NC_059182.1	15311926	15311927	*	15	14	1	16	13	3	13	11	2	15	13	2	24	22	2	17	17	0	12	12	0	10	9	1	22	19	3	20	20	0	23	20	3	16	15	1	12	11	1	25	20	5	21	19	2	20	18	2	21	16	5	14	12	2	26	25	1	15	15	0
NC_059182.1	15322513	15322514	*	19	18	1	19	18	1	12	10	2	16	15	1	13	12	1	12	11	1	15	14	1	16	16	0	14	13	1	11	11	0	22	22	0	12	12	0	15	14	1	15	15	0	13	13	0	10	10	0	20	18	2	26	25	1	13	12	1	14	14	0
NC_059182.1	15322582	15322583	*	17	9	8	15	11	4	15	12	3	16	8	8	12	7	5	14	9	5	13	6	7	11	8	3	15	12	3	13	8	5	17	13	4	14	11	3	17	11	6	18	10	8	13	8	5	15	9	6	19	15	4	21	17	4	13	8	5	13	8	5
NC_059182.1	15322647	15322648	*	12	11	1	13	13	0	10	7	3	18	18	0	13	12	1	10	9	1	12	12	0	10	10	0	14	12	2	12	11	1	14	14	0	17	15	2	16	16	0	13	13	0	12	12	0	14	14	0	15	14	1	15	13	2	20	17	3	13	12	1
NC_059182.1	15552663	15552664	*	13	7	6	12	7	5	14	9	5	20	15	5	21	9	12	19	12	7	22	8	14	16	9	7	17	13	4	18	9	9	16	14	2	18	5	13	18	13	5	18	16	2	23	10	13	20	18	2	36	28	8	37	22	15	20	8	12	17	2	15
NC_059182.1	15552712	15552713	*	14	10	4	14	12	2	15	9	6	20	16	4	20	20	0	18	16	2	26	9	17	17	3	14	14	12	2	18	17	1	15	14	1	18	16	2	16	16	0	20	18	2	22	20	2	19	17	2	34	28	6	31	28	3	18	16	2	16	6	10
NC_059182.1	15557710	15557711	*	15	14	1	15	13	2	11	11	0	13	12	1	19	18	1	23	21	2	16	13	3	12	12	0	10	9	1	13	12	1	15	15	0	13	12	1	12	9	3	12	10	2	17	15	2	14	11	3	12	12	0	30	28	2	11	11	0	13	12	1
NC_059182.1	15560108	15560109	*	17	17	0	27	25	2	15	14	1	22	22	0	20	20	0	16	14	2	15	14	1	16	16	0	20	19	1	23	23	0	24	24	0	31	29	2	26	24	2	17	17	0	32	31	1	27	26	1	24	22	2	13	12	1	28	26	2	25	23	2
NC_059182.1	15586064	15586065	*	16	15	1	25	23	2	10	8	2	15	13	2	19	18	1	20	18	2	16	7	9	11	9	2	13	12	1	15	12	3	12	12	0	19	14	5	23	20	3	21	18	3	24	18	6	29	29	0	15	8	7	16	14	2	22	17	5	24	20	4
NC_059182.1	15737198	15737199	*	17	17	0	21	19	2	14	14	0	11	9	2	12	12	0	29	26	3	19	19	0	18	18	0	15	15	0	16	15	1	21	19	2	24	21	3	23	22	1	27	27	0	31	30	1	32	30	2	16	16	0	27	26	1	29	25	4	18	17	1
NC_059182.1	15737253	15737254	*	17	13	4	19	19	0	15	14	1	10	9	1	17	17	0	24	23	1	21	21	0	19	17	2	14	14	0	18	18	0	20	18	2	20	19	1	23	22	1	29	26	3	30	28	2	28	27	1	15	13	2	25	23	2	34	33	1	19	19	0
NC_059182.1	15871314	15871315	*	19	10	9	30	8	22	20	0	20	10	0	10	17	6	11	26	0	26	17	6	11	17	15	2	13	4	9	20	8	12	18	0	18	24	20	4	18	8	10	18	0	18	22	14	8	25	0	25	18	5	13	13	0	13	26	8	18	31	14	17
NC_059182.1	15871334	15871335	*	20	10	10	31	9	22	19	0	19	10	0	10	15	7	8	27	0	27	17	6	11	16	13	3	15	5	10	20	8	12	17	0	17	26	22	4	20	9	11	22	0	22	22	13	9	23	0	23	20	7	13	12	0	12	26	8	18	30	15	15
NC_059182.1	15871340	15871341	*	21	11	10	28	9	19	21	0	21	10	0	10	15	7	8	27	0	27	17	6	11	15	13	2	15	6	9	20	9	11	17	0	17	25	23	2	20	10	10	21	0	21	22	14	8	23	0	23	20	7	13	12	0	12	25	8	17	31	16	15
NC_059182.1	15871365	15871366	*	23	13	10	32	11	21	19	0	19	12	0	12	16	7	9	22	0	22	15	4	11	13	11	2	17	6	11	23	12	11	16	0	16	26	21	5	22	10	12	21	0	21	22	15	7	25	0	25	19	7	12	10	0	10	22	7	15	28	15	13
NC_059182.1	15871397	15871398	*	26	17	9	29	10	19	21	0	21	14	0	14	14	5	9	19	0	19	15	5	10	14	14	0	18	7	11	25	13	12	13	1	12	22	19	3	23	9	14	22	0	22	21	14	7	26	2	24	20	15	5	11	0	11	28	12	16	23	12	11
NC_059182.1	16272186	16272187	*	16	7	9	15	10	5	12	5	7	17	7	10	20	13	7	33	17	16	18	7	11	22	9	13	18	12	6	21	14	7	16	14	2	28	17	11	12	4	8	34	21	13	17	13	4	26	14	12	15	6	9	15	4	11	14	11	3	16	1	15
NC_059182.1	16313122	16313123	*	14	13	1	17	17	0	18	18	0	20	20	0	10	10	0	10	9	1	14	12	2	14	13	1	11	11	0	18	16	2	20	19	1	21	20	1	21	21	0	19	19	0	23	21	2	27	23	4	18	16	2	21	21	0	21	17	4	22	19	3
NC_059182.1	16313155	16313156	*	11	3	8	16	15	1	20	12	8	18	1	17	13	6	7	11	10	1	11	5	6	13	12	1	10	10	0	17	2	15	20	13	7	21	4	17	21	19	2	16	13	3	21	11	10	27	11	16	18	17	1	18	16	2	17	1	16	19	0	19
NC_059182.1	16584481	16584482	*	14	7	7	20	9	11	25	24	1	10	10	0	12	4	8	15	15	0	18	18	0	12	12	0	17	8	9	14	8	6	28	27	1	23	14	9	18	18	0	17	16	1	18	9	9	25	25	0	14	14	0	16	15	1	12	12	0	17	15	2
NC_059182.1	16587850	16587851	*	16	13	3	17	15	2	17	15	2	17	17	0	11	11	0	14	14	0	14	14	0	14	13	1	13	11	2	14	14	0	11	11	0	19	17	2	16	16	0	18	16	2	16	16	0	16	15	1	14	11	3	13	12	1	18	18	0	12	11	1
NC_059182.1	16587898	16587899	*	15	14	1	18	16	2	20	18	2	22	21	1	20	20	0	20	20	0	20	19	1	14	14	0	12	12	0	19	18	1	12	12	0	19	18	1	23	23	0	20	18	2	20	19	1	20	20	0	14	14	0	19	16	3	20	19	1	15	15	0
NC_059182.1	16587938	16587939	*	17	17	0	19	17	2	18	18	0	24	20	4	23	21	2	22	22	0	23	22	1	16	16	0	15	14	1	21	20	1	13	13	0	28	25	3	29	24	5	21	21	0	22	21	1	22	21	1	16	15	1	23	23	0	24	24	0	19	19	0
NC_059182.1	16587983	16587984	*	21	20	1	21	16	5	13	10	3	22	21	1	25	23	2	22	19	3	25	20	5	15	13	2	14	13	1	21	19	2	13	9	4	28	26	2	30	25	5	23	21	2	20	18	2	22	19	3	22	20	2	23	22	1	24	22	2	20	17	3
NC_059182.1	16588016	16588017	*	19	18	1	22	18	4	13	11	2	21	17	4	25	23	2	23	19	4	25	21	4	15	13	2	10	6	4	17	15	2	13	10	3	22	19	3	32	29	3	21	19	2	21	19	2	20	14	6	18	17	1	22	21	1	25	25	0	19	16	3
NC_059182.1	16739758	16739759	*	18	12	6	13	12	1	15	12	3	18	9	9	14	9	5	16	12	4	20	16	4	20	16	4	12	9	3	21	18	3	13	7	6	20	19	1	13	12	1	18	16	2	20	14	6	18	11	7	23	23	0	15	14	1	15	11	4	17	12	5
NC_059182.1	16886325	16886326	*	15	13	2	29	27	2	19	19	0	14	14	0	12	11	1	14	14	0	13	12	1	22	19	3	15	15	0	16	16	0	17	16	1	16	16	0	19	14	5	16	15	1	20	20	0	19	19	0	19	19	0	32	30	2	25	25	0	12	11	1
NC_059182.1	16886378	16886379	*	12	12	0	29	23	6	17	16	1	11	9	2	13	13	0	15	12	3	15	12	3	23	21	2	12	9	3	14	13	1	19	18	1	12	11	1	18	15	3	14	12	2	20	17	3	23	21	2	26	23	3	38	36	2	25	24	1	12	11	1
NC_059182.1	17070691	17070692	*	19	6	13	19	0	19	18	0	18	11	0	11	20	0	20	14	0	14	16	0	16	12	0	12	13	0	13	14	0	14	24	0	24	19	0	19	15	0	15	26	0	26	18	0	18	23	0	23	14	0	14	12	1	11	14	0	14	20	1	19
NC_059182.1	17070695	17070696	*	22	5	17	19	0	19	18	0	18	11	0	11	21	0	21	13	0	13	16	0	16	13	0	13	14	0	14	14	0	14	23	0	23	21	1	20	15	0	15	26	0	26	18	0	18	24	0	24	14	0	14	12	0	12	15	0	15	20	0	20
NC_059182.1	17070737	17070738	*	25	9	16	22	0	22	19	0	19	11	0	11	27	0	27	14	0	14	17	0	17	17	0	17	12	0	12	17	0	17	33	0	33	23	1	22	18	0	18	28	0	28	27	1	26	26	1	25	17	0	17	11	0	11	22	0	22	26	0	26
NC_059182.1	17199231	17199232	*	17	7	10	22	0	22	15	0	15	22	0	22	17	0	17	16	0	16	19	0	19	11	0	11	13	0	13	21	0	21	17	0	17	25	0	25	19	0	19	17	0	17	19	0	19	22	0	22	24	0	24	39	0	39	17	0	17	11	7	4
NC_059182.1	17199248	17199249	*	16	7	9	24	0	24	16	0	16	16	0	16	18	0	18	19	0	19	18	0	18	10	0	10	13	0	13	21	0	21	18	0	18	24	0	24	20	0	20	19	0	19	23	0	23	21	0	21	26	0	26	42	0	42	19	0	19	14	7	7
NC_059182.1	17572406	17572407	*	19	7	12	17	8	9	10	9	1	15	15	0	12	8	4	21	21	0	18	10	8	15	13	2	15	7	8	14	14	0	19	19	0	14	7	7	23	21	2	19	11	8	20	19	1	21	20	1	18	10	8	21	0	21	23	23	0	20	8	12
NC_059182.1	17580312	17580313	*	17	13	4	25	11	14	12	6	6	17	8	9	15	0	15	16	6	10	16	1	15	17	13	4	14	7	7	13	0	13	21	3	18	13	4	9	20	0	20	23	0	23	19	2	17	19	8	11	15	5	10	20	0	20	14	2	12	14	0	14
NC_059182.1	17871045	17871046	*	11	7	4	29	27	2	10	8	2	17	14	3	22	22	0	22	20	2	16	13	3	14	13	1	13	9	4	14	13	1	20	17	3	17	15	2	15	11	4	15	15	0	26	21	5	20	20	0	24	19	5	24	23	1	26	21	5	14	13	1
NC_059182.1	17929646	17929647	*	15	13	2	11	10	1	12	11	1	10	8	2	14	13	1	21	19	2	12	12	0	14	11	3	14	14	0	26	24	2	24	24	0	11	11	0	25	24	1	21	21	0	18	17	1	12	12	0	20	20	0	23	22	1	21	20	1	11	9	2
NC_059182.1	18054850	18054851	*	20	19	1	19	16	3	16	16	0	16	16	0	17	6	11	13	12	1	15	15	0	17	16	1	15	14	1	22	20	2	14	14	0	21	21	0	18	17	1	20	17	3	18	18	0	24	24	0	12	12	0	17	15	2	12	12	0	17	17	0
NC_059182.1	18054950	18054951	*	23	22	1	22	22	0	24	22	2	19	18	1	14	12	2	21	20	1	18	17	1	25	25	0	18	17	1	23	23	0	20	20	0	24	22	2	23	22	1	32	30	2	30	28	2	31	30	1	19	18	1	18	18	0	18	18	0	22	20	2
NC_059182.1	18055004	18055005	*	28	26	2	22	18	4	28	22	6	22	20	2	16	15	1	29	20	9	19	11	8	22	21	1	19	9	10	26	24	2	20	18	2	25	22	3	27	27	0	29	24	5	41	20	21	33	32	1	20	17	3	15	14	1	20	13	7	25	8	17
NC_059182.1	18055169	18055170	*	22	19	3	22	20	2	21	19	2	19	18	1	11	11	0	20	20	0	16	15	1	11	8	3	13	11	2	24	24	0	22	19	3	17	16	1	15	15	0	20	20	0	30	30	0	19	5	14	17	17	0	10	10	0	13	11	2	18	18	0
NC_059182.1	18060131	18060132	*	17	14	3	17	15	2	18	18	0	16	16	0	17	17	0	12	11	1	17	15	2	11	8	3	19	17	2	10	10	0	16	16	0	15	13	2	11	11	0	20	19	1	14	14	0	20	20	0	19	18	1	14	14	0	21	20	1	12	12	0
NC_059182.1	18184171	18184172	*	10	10	0	12	10	2	11	10	1	14	13	1	16	16	0	12	7	5	13	8	5	11	11	0	12	10	2	18	17	1	17	16	1	18	8	10	25	23	2	14	6	8	13	13	0	16	13	3	18	15	3	31	27	4	16	13	3	12	10	2
NC_059182.1	18754280	18754281	*	19	13	6	12	6	6	20	8	12	14	7	7	14	7	7	16	8	8	14	0	14	17	9	8	13	6	7	14	7	7	19	11	8	22	0	22	15	9	6	31	18	13	19	18	1	16	9	7	12	4	8	11	0	11	21	13	8	22	13	9
NC_059182.1	18754439	18754440	*	19	17	2	20	20	0	19	17	2	12	11	1	24	23	1	30	27	3	16	15	1	14	14	0	14	13	1	16	16	0	23	22	1	20	18	2	17	17	0	25	24	1	31	30	1	26	25	1	16	14	2	11	11	0	19	18	1	25	20	5
NC_059182.1	18754468	18754469	*	22	10	12	22	12	10	16	10	6	12	5	7	20	12	8	32	29	3	17	0	17	13	8	5	17	5	12	17	8	9	20	10	10	21	11	10	18	9	9	22	13	9	31	28	3	26	18	8	19	12	7	13	0	13	19	10	9	23	12	11
NC_059182.1	18756306	18756307	*	14	12	2	15	9	6	11	7	4	11	6	5	13	8	5	15	9	6	19	13	6	15	8	7	15	9	6	15	12	3	13	7	6	10	7	3	13	7	6	13	6	7	13	8	5	10	7	3	12	4	8	37	29	8	16	13	3	15	7	8
NC_059182.1	18756472	18756473	*	22	18	4	27	24	3	10	7	3	15	11	4	13	12	1	16	13	3	20	16	4	24	18	6	14	13	1	12	10	2	18	16	2	10	9	1	26	19	7	11	8	3	24	22	2	12	12	0	13	10	3	27	24	3	19	16	3	23	16	7
NC_059182.1	18759017	18759018	*	15	9	6	17	10	7	12	11	1	16	11	5	11	8	3	19	14	5	17	10	7	17	11	6	11	8	3	19	14	5	13	11	2	17	9	8	24	20	4	20	16	4	27	16	11	21	15	6	15	8	7	13	11	2	18	11	7	13	7	6
NC_059182.1	18836091	18836092	*	12	12	0	20	17	3	19	17	2	12	10	2	12	11	1	17	12	5	14	12	2	15	13	2	19	15	4	13	13	0	18	15	3	22	20	2	16	15	1	12	10	2	16	13	3	15	14	1	16	12	4	19	18	1	17	15	2	17	12	5
NC_059182.1	18836169	18836170	*	17	17	0	19	18	1	17	17	0	13	12	1	12	11	1	23	22	1	19	18	1	20	20	0	15	15	0	14	14	0	20	18	2	16	15	1	15	15	0	12	11	1	19	19	0	14	14	0	18	16	2	22	21	1	16	15	1	18	18	0
NC_059182.1	18876655	18876656	*	28	24	4	23	20	3	16	15	1	17	17	0	11	11	0	21	19	2	19	18	1	11	11	0	13	13	0	31	29	2	17	16	1	23	22	1	20	19	1	21	20	1	21	21	0	19	18	1	16	16	0	12	11	1	31	30	1	29	29	0
NC_059182.1	18876677	18876678	*	26	22	4	20	18	2	16	15	1	15	15	0	12	12	0	16	15	1	16	15	1	11	8	3	16	16	0	29	27	2	16	16	0	22	21	1	19	19	0	20	19	1	25	25	0	17	16	1	17	14	3	13	11	2	32	29	3	23	21	2
NC_059182.1	18876737	18876738	*	17	13	4	12	12	0	15	15	0	13	12	1	11	10	1	15	12	3	12	11	1	11	10	1	15	13	2	18	17	1	12	12	0	14	12	2	18	17	1	15	12	3	25	22	3	13	12	1	17	15	2	11	10	1	26	23	3	14	13	1
NC_059182.1	18918187	18918188	*	22	19	3	11	11	0	18	15	3	17	17	0	17	15	2	11	11	0	15	14	1	12	9	3	17	17	0	13	13	0	18	17	1	13	12	1	14	11	3	17	15	2	18	16	2	18	15	3	12	10	2	12	10	2	18	12	6	12	7	5
NC_059182.1	18934622	18934623	*	15	14	1	23	23	0	17	15	2	20	18	2	17	16	1	20	18	2	15	15	0	17	17	0	11	11	0	21	20	1	26	24	2	13	13	0	16	16	0	24	24	0	25	23	2	15	14	1	29	27	2	15	14	1	20	19	1	16	15	1
NC_059182.1	18934663	18934664	*	15	14	1	15	15	0	17	17	0	13	12	1	15	12	3	19	19	0	13	12	1	12	11	1	12	12	0	20	20	0	23	22	1	18	17	1	17	17	0	21	20	1	20	19	1	13	12	1	26	25	1	15	13	2	16	16	0	17	17	0
NC_059182.1	18955267	18955268	*	18	18	0	28	23	5	16	16	0	20	20	0	17	17	0	23	21	2	20	18	2	13	11	2	12	11	1	18	15	3	33	29	4	18	18	0	26	21	5	22	18	4	18	16	2	23	21	2	18	17	1	15	14	1	17	16	1	20	15	5
NC_059182.1	18955353	18955354	*	19	15	4	20	20	0	20	7	13	22	21	1	17	17	0	18	9	9	14	13	1	14	14	0	11	11	0	18	17	1	37	37	0	15	8	7	22	21	1	23	20	3	23	22	1	20	20	0	23	23	0	10	9	1	17	15	2	20	19	1
NC_059182.1	19026670	19026671	*	21	8	13	28	11	17	22	0	22	16	0	16	17	1	16	21	0	21	23	0	23	20	0	20	17	0	17	29	15	14	22	12	10	25	0	25	22	9	13	23	0	23	25	1	24	29	16	13	18	0	18	22	0	22	22	0	22	29	0	29
NC_059182.1	19026696	19026697	*	18	7	11	29	11	18	22	0	22	16	0	16	19	0	19	24	0	24	23	1	22	23	0	23	19	0	19	22	10	12	24	13	11	26	0	26	21	9	12	23	0	23	22	1	21	28	0	28	17	0	17	24	0	24	19	0	19	27	0	27
NC_059183.1	98496	98497	*	14	13	1	24	22	2	23	20	3	23	21	2	18	16	2	15	14	1	12	11	1	10	10	0	16	12	4	17	17	0	15	13	2	20	18	2	12	11	1	22	18	4	16	16	0	21	19	2	17	16	1	18	18	0	22	17	5	11	11	0
NC_059183.1	98523	98524	*	15	14	1	24	24	0	21	20	1	22	21	1	20	20	0	13	13	0	12	12	0	12	12	0	16	15	1	19	12	7	14	13	1	20	20	0	14	7	7	25	24	1	18	18	0	22	22	0	17	16	1	17	17	0	22	20	2	11	11	0
NC_059183.1	98549	98550	*	16	12	4	23	21	2	22	21	1	20	17	3	21	19	2	15	12	3	13	12	1	11	10	1	15	13	2	15	8	7	14	12	2	20	16	4	15	8	7	22	19	3	18	17	1	21	20	1	16	16	0	13	12	1	20	17	3	12	10	2
NC_059183.1	112644	112645	*	27	25	2	20	19	1	13	13	0	13	11	2	25	24	1	19	17	2	21	21	0	20	20	0	21	21	0	22	21	1	38	36	2	14	13	1	34	33	1	26	24	2	25	25	0	17	16	1	24	23	1	24	24	0	22	22	0	23	23	0
NC_059183.1	112690	112691	*	28	27	1	26	26	0	11	10	1	13	13	0	24	12	12	20	19	1	20	20	0	22	22	0	20	20	0	25	23	2	34	31	3	17	16	1	35	15	20	29	29	0	25	14	11	19	18	1	32	30	2	28	17	11	27	27	0	24	24	0
NC_059183.1	114083	114084	*	17	11	6	10	0	10	13	0	13	13	4	9	18	0	18	19	15	4	15	5	10	12	0	12	19	13	6	12	11	1	17	16	1	16	12	4	14	8	6	23	10	13	19	19	0	18	17	1	26	0	26	38	15	23	14	6	8	19	17	2
NC_059183.1	114094	114095	*	17	16	1	10	10	0	10	9	1	13	13	0	17	14	3	19	17	2	14	14	0	13	11	2	19	14	5	13	11	2	18	16	2	15	15	0	14	13	1	22	18	4	20	20	0	17	17	0	27	24	3	39	34	5	14	14	0	19	15	4
NC_059183.1	160557	160558	*	20	14	6	18	6	12	18	12	6	23	4	19	26	22	4	15	7	8	22	6	16	10	2	8	12	5	7	24	16	8	32	20	12	16	11	5	20	13	7	13	7	6	22	9	13	15	6	9	18	1	17	14	3	11	23	13	10	16	5	11
NC_059183.1	160586	160587	*	19	16	3	18	6	12	19	19	0	22	6	16	23	23	0	15	12	3	20	10	10	12	2	10	16	12	4	21	18	3	32	26	6	18	15	3	20	16	4	15	14	1	19	16	3	20	16	4	17	0	17	12	3	9	26	20	6	15	11	4
NC_059183.1	160617	160618	*	19	13	6	15	4	11	17	12	5	24	5	19	16	13	3	17	12	5	19	7	12	13	4	9	15	9	6	19	15	4	35	27	8	20	14	6	20	11	9	15	9	6	20	12	8	20	10	10	21	0	21	14	6	8	31	17	14	16	10	6
NC_059183.1	160659	160660	*	15	6	9	17	5	12	21	17	4	19	1	18	19	17	2	18	11	7	21	10	11	15	3	12	13	7	6	18	13	5	31	23	8	18	12	6	16	11	5	15	11	4	16	11	5	18	11	7	17	0	17	16	9	7	31	23	8	17	12	5
NC_059183.1	160684	160685	*	17	8	9	15	5	10	20	16	4	19	0	19	18	12	6	15	5	10	20	6	14	16	3	13	14	7	7	17	11	6	28	18	10	18	12	6	12	6	6	15	9	6	16	6	10	18	10	8	17	0	17	16	8	8	33	17	16	16	11	5
NC_059183.1	747608	747609	*	13	8	5	16	16	0	14	13	1	19	18	1	14	14	0	16	16	0	23	23	0	15	15	0	13	12	1	14	13	1	19	19	0	32	31	1	24	23	1	20	20	0	18	18	0	24	23	1	22	20	2	15	15	0	16	16	0	19	18	1
NC_059183.1	747636	747637	*	13	13	0	15	15	0	16	14	2	16	14	2	16	16	0	20	18	2	26	26	0	16	16	0	15	14	1	14	13	1	19	18	1	35	34	1	23	22	1	22	22	0	19	18	1	25	24	1	22	20	2	16	16	0	16	16	0	19	19	0
NC_059183.1	747681	747682	*	17	16	1	13	13	0	16	14	2	14	13	1	14	13	1	19	18	1	22	22	0	15	15	0	15	13	2	14	13	1	17	16	1	30	30	0	23	23	0	24	24	0	20	20	0	24	22	2	17	17	0	14	10	4	16	16	0	18	18	0
NC_059183.1	882146	882147	*	18	18	0	29	26	3	22	22	0	17	17	0	12	5	7	23	22	1	17	16	1	17	16	1	20	18	2	26	26	0	21	16	5	16	15	1	17	17	0	19	17	2	24	23	1	20	20	0	19	19	0	11	10	1	26	26	0	26	25	1
NC_059183.1	882178	882179	*	21	20	1	33	30	3	20	20	0	18	17	1	11	10	1	26	23	3	21	21	0	21	20	1	20	19	1	29	28	1	22	21	1	21	20	1	20	18	2	23	23	0	28	25	3	20	19	1	23	22	1	17	17	0	27	26	1	26	25	1
NC_059183.1	882218	882219	*	20	20	0	36	35	1	19	19	0	17	16	1	16	16	0	22	22	0	20	19	1	19	19	0	20	17	3	31	31	0	19	18	1	22	21	1	25	24	1	22	21	1	26	24	2	23	21	2	24	23	1	25	25	0	26	24	2	24	21	3
NC_059183.1	882261	882262	*	16	15	1	29	26	3	18	15	3	19	17	2	18	18	0	25	24	1	20	19	1	20	17	3	17	17	0	28	25	3	15	14	1	19	18	1	21	18	3	21	21	0	23	22	1	20	18	2	23	21	2	28	24	4	26	26	0	25	21	4
NC_059183.1	1035406	1035407	*	19	14	5	27	23	4	16	11	5	20	18	2	27	20	7	29	24	5	21	16	5	14	12	2	17	13	4	27	24	3	23	14	9	29	21	8	16	11	5	24	15	9	20	15	5	19	14	5	21	17	4	15	12	3	19	13	6	19	14	5
NC_059183.1	1035475	1035476	*	26	26	0	35	31	4	19	18	1	24	24	0	26	26	0	23	22	1	19	17	2	19	18	1	15	15	0	24	24	0	24	21	3	28	27	1	19	19	0	35	34	1	22	21	1	22	21	1	26	26	0	11	11	0	22	17	5	16	16	0
NC_059183.1	1174778	1174779	*	13	13	0	23	19	4	23	21	2	22	20	2	12	12	0	21	20	1	15	15	0	10	10	0	11	10	1	11	11	0	20	18	2	24	21	3	23	22	1	15	15	0	21	21	0	16	15	1	27	26	1	17	16	1	15	14	1	26	24	2
NC_059183.1	1174810	1174811	*	12	12	0	27	26	1	22	22	0	20	19	1	10	10	0	19	16	3	15	14	1	10	8	2	10	9	1	13	12	1	20	20	0	28	27	1	23	22	1	11	11	0	19	19	0	14	13	1	26	25	1	17	17	0	18	17	1	26	24	2
NC_059183.1	1205227	1205228	*	20	16	4	13	13	0	16	13	3	19	17	2	11	11	0	21	21	0	15	14	1	16	16	0	11	8	3	27	23	4	32	29	3	18	16	2	27	24	3	17	15	2	22	17	5	20	17	3	24	23	1	14	13	1	25	23	2	22	18	4
NC_059183.1	1316246	1316247	*	20	9	11	20	0	20	16	0	16	10	3	7	10	0	10	28	12	16	19	0	19	18	0	18	10	0	10	13	0	13	20	1	19	23	0	23	20	0	20	25	0	25	16	0	16	17	1	16	21	0	21	26	2	24	15	0	15	17	0	17
NC_059183.1	1338510	1338511	*	24	9	15	20	0	20	20	0	20	12	5	7	20	0	20	24	5	19	22	1	21	22	0	22	16	1	15	20	0	20	25	11	14	20	0	20	26	0	26	31	1	30	19	0	19	17	0	17	24	0	24	12	0	12	21	0	21	22	6	16
NC_059183.1	1399669	1399670	*	13	12	1	23	20	3	29	21	8	15	8	7	19	19	0	27	22	5	21	16	5	18	15	3	24	19	5	15	13	2	22	14	8	22	15	7	23	20	3	19	15	4	26	23	3	19	15	4	15	14	1	11	10	1	27	18	9	17	13	4
NC_059183.1	1399715	1399716	*	16	11	5	25	19	6	33	20	13	12	9	3	17	16	1	31	25	6	21	15	6	20	12	8	22	16	6	14	12	2	23	17	6	23	15	8	19	16	3	15	11	4	28	26	2	17	14	3	18	15	3	15	14	1	28	21	7	17	14	3
NC_059183.1	3063161	3063162	*	70	4	66	30	0	30	15	0	15	22	0	22	27	0	27	32	0	32	32	0	32	22	0	22	29	0	29	37	0	37	28	0	28	31	0	31	42	0	42	37	0	37	18	0	18	34	0	34	27	0	27	65	0	65	44	0	44	21	1	20
NC_059183.1	3067246	3067247	*	41	4	37	19	0	19	19	0	19	19	0	19	34	0	34	33	0	33	29	0	29	18	1	17	19	0	19	27	0	27	23	0	23	21	1	20	47	2	45	27	1	26	34	2	32	35	4	31	23	0	23	28	1	27	39	1	38	25	0	25
NC_059183.1	3891877	3891878	*	16	14	2	18	16	2	20	17	3	18	15	3	17	17	0	19	19	0	13	12	1	13	12	1	14	14	0	10	10	0	20	19	1	19	18	1	22	22	0	22	21	1	11	10	1	24	22	2	26	26	0	24	20	4	26	24	2	25	23	2
NC_059183.1	4006082	4006083	*	16	15	1	25	25	0	16	15	1	16	16	0	10	8	2	21	19	2	13	11	2	16	14	2	12	11	1	18	15	3	13	12	1	22	21	1	14	13	1	20	18	2	13	12	1	17	16	1	28	25	3	25	23	2	11	10	1	17	17	0
NC_059183.1	4006096	4006097	*	17	14	3	26	25	1	15	13	2	18	16	2	11	10	1	21	19	2	14	8	6	17	13	4	11	9	2	21	18	3	14	13	1	23	23	0	15	13	2	22	21	1	13	12	1	17	16	1	32	25	7	27	23	4	14	12	2	17	17	0
NC_059183.1	4444994	4444995	*	13	12	1	15	12	3	12	10	2	19	15	4	15	15	0	23	21	2	20	15	5	11	9	2	18	17	1	17	6	11	18	17	1	22	20	2	20	19	1	23	16	7	22	21	1	19	18	1	14	14	0	18	9	9	21	16	5	14	13	1
NC_059183.1	4445022	4445023	*	12	10	2	18	15	3	12	12	0	20	18	2	14	14	0	22	19	3	20	19	1	11	7	4	17	16	1	18	15	3	17	17	0	20	19	1	22	22	0	22	21	1	22	21	1	17	16	1	18	18	0	14	11	3	19	18	1	14	14	0
NC_059183.1	4445099	4445100	*	12	12	0	16	14	2	11	10	1	14	11	3	16	16	0	17	16	1	16	14	2	12	10	2	13	11	2	17	17	0	17	17	0	17	16	1	24	23	1	18	15	3	23	21	2	15	14	1	15	13	2	16	14	2	25	23	2	14	12	2
NC_059183.1	4462093	4462094	*	15	14	1	16	15	1	20	19	1	14	12	2	18	18	0	11	10	1	17	15	2	16	13	3	11	11	0	17	17	0	16	16	0	21	19	2	11	11	0	10	10	0	10	10	0	12	10	2	18	17	1	21	20	1	12	11	1	13	11	2
NC_059183.1	4462261	4462262	*	16	15	1	18	17	1	14	9	5	12	12	0	17	16	1	11	11	0	17	17	0	17	15	2	13	13	0	18	17	1	17	17	0	19	16	3	22	21	1	18	18	0	26	24	2	23	21	2	13	10	3	10	10	0	21	20	1	10	5	5
NC_059183.1	4671082	4671083	*	14	12	2	25	23	2	10	7	3	11	10	1	11	10	1	19	19	0	17	17	0	14	13	1	13	11	2	22	21	1	16	16	0	14	14	0	15	13	2	18	18	0	20	19	1	12	11	1	28	28	0	19	16	3	22	22	0	17	16	1
NC_059183.1	4671107	4671108	*	18	17	1	24	23	1	10	8	2	10	10	0	13	12	1	19	18	1	17	15	2	16	15	1	13	13	0	25	19	6	20	19	1	17	17	0	12	10	2	22	22	0	22	21	1	18	16	2	24	23	1	15	14	1	19	19	0	18	16	2
NC_059183.1	4671170	4671171	*	20	19	1	22	21	1	11	9	2	11	11	0	12	12	0	21	21	0	18	17	1	19	19	0	15	13	2	26	26	0	21	19	2	16	15	1	10	9	1	21	21	0	25	24	1	16	16	0	25	24	1	11	11	0	21	19	2	17	16	1
NC_059183.1	4785056	4785057	*	25	22	3	25	21	4	15	13	2	12	12	0	18	18	0	15	15	0	10	9	1	18	17	1	15	13	2	13	12	1	17	16	1	23	21	2	17	17	0	19	18	1	16	15	1	20	7	13	17	15	2	26	25	1	19	19	0	15	13	2
NC_059183.1	4786249	4786250	*	19	19	0	17	17	0	16	16	0	17	17	0	22	21	1	13	13	0	23	23	0	17	15	2	16	16	0	17	16	1	21	20	1	18	13	5	17	15	2	16	16	0	28	27	1	24	23	1	16	16	0	30	29	1	22	22	0	15	15	0
NC_059183.1	4786298	4786299	*	19	19	0	17	17	0	10	9	1	17	16	1	21	20	1	11	10	1	18	17	1	19	18	1	17	15	2	14	14	0	15	15	0	19	19	0	15	15	0	14	13	1	25	25	0	22	20	2	15	13	2	36	35	1	20	20	0	14	13	1
NC_059183.1	4907898	4907899	*	16	16	0	11	11	0	14	14	0	16	14	2	13	13	0	10	9	1	11	10	1	10	9	1	13	11	2	16	15	1	15	15	0	12	11	1	14	12	2	16	16	0	24	21	3	21	20	1	18	17	1	16	16	0	25	24	1	13	12	1
NC_059183.1	4947592	4947593	*	13	12	1	30	26	4	15	15	0	15	15	0	13	13	0	13	13	0	20	18	2	17	17	0	15	14	1	14	13	1	20	20	0	28	27	1	14	13	1	26	25	1	25	22	3	17	17	0	20	19	1	31	30	1	24	22	2	22	22	0
NC_059183.1	4965877	4965878	*	19	19	0	22	22	0	17	17	0	18	17	1	14	13	1	24	23	1	16	16	0	15	15	0	15	15	0	13	13	0	24	23	1	15	13	2	23	22	1	23	22	1	17	17	0	20	20	0	20	18	2	18	18	0	20	20	0	11	9	2
NC_059183.1	4965906	4965907	*	20	18	2	26	26	0	19	19	0	16	15	1	16	15	1	20	20	0	17	17	0	19	18	1	15	15	0	15	15	0	31	29	2	19	19	0	23	23	0	23	22	1	20	20	0	28	28	0	25	24	1	17	17	0	26	25	1	17	17	0
NC_059183.1	5016503	5016504	*	18	18	0	17	10	7	15	14	1	17	0	17	11	4	7	25	15	10	19	19	0	14	6	8	22	9	13	23	9	14	22	6	16	20	8	12	22	22	0	28	9	19	22	20	2	20	20	0	22	20	2	30	10	20	16	16	0	10	0	10
NC_059183.1	5154702	5154703	*	16	13	3	22	22	0	11	11	0	15	12	3	15	13	2	17	14	3	18	17	1	17	15	2	23	22	1	23	22	1	19	16	3	22	21	1	27	25	2	28	26	2	17	17	0	34	30	4	19	19	0	20	19	1	17	17	0	13	13	0
NC_059183.1	5160423	5160424	*	15	15	0	14	13	1	17	9	8	10	8	2	10	7	3	14	10	4	14	11	3	11	8	3	10	8	2	10	10	0	14	11	3	15	15	0	18	10	8	12	10	2	19	15	4	15	13	2	13	11	2	20	16	4	29	24	5	12	9	3
NC_059183.1	5765143	5765144	*	22	19	3	19	17	2	10	10	0	13	11	2	17	17	0	18	17	1	20	18	2	10	9	1	12	11	1	21	19	2	19	19	0	13	10	3	22	22	0	21	20	1	19	19	0	18	16	2	33	32	1	33	32	1	13	13	0	20	18	2
NC_059183.1	5925450	5925451	*	30	22	8	30	27	3	27	25	2	25	24	1	20	19	1	33	31	2	15	3	12	13	11	2	16	15	1	25	15	10	24	22	2	29	26	3	35	31	4	27	27	0	23	23	0	40	36	4	36	30	6	12	11	1	31	28	3	22	20	2
NC_059183.1	5925467	5925468	*	28	22	6	25	23	2	25	24	1	23	23	0	20	20	0	29	28	1	15	4	11	14	13	1	14	13	1	23	16	7	21	19	2	26	22	4	35	33	2	29	28	1	25	23	2	33	30	3	32	28	4	12	10	2	29	25	4	20	20	0
NC_059183.1	5925489	5925490	*	23	18	5	24	14	10	23	18	5	19	19	0	19	14	5	30	21	9	14	5	9	12	11	1	11	11	0	21	16	5	17	15	2	20	15	5	27	24	3	25	23	2	24	19	5	27	25	2	25	20	5	13	12	1	23	20	3	13	12	1
NC_059183.1	5925558	5925559	*	17	15	2	15	14	1	21	19	2	16	16	0	10	9	1	20	20	0	13	12	1	13	11	2	13	12	1	22	22	0	18	18	0	29	25	4	21	17	4	17	15	2	27	22	5	23	22	1	26	22	4	12	12	0	20	18	2	16	13	3
NC_059183.1	5925785	5925786	*	10	8	2	18	11	7	19	14	5	19	16	3	10	7	3	26	16	10	14	7	7	18	15	3	18	16	2	16	15	1	19	17	2	29	24	5	24	16	8	21	17	4	17	14	3	12	11	1	23	17	6	21	17	4	22	15	7	19	16	3
NC_059183.1	6915638	6915639	*	11	3	8	14	0	14	12	0	12	10	0	10	13	8	5	13	0	13	16	0	16	17	0	17	13	0	13	22	0	22	11	0	11	23	0	23	16	0	16	21	0	21	25	0	25	19	1	18	17	0	17	14	0	14	16	0	16	24	0	24
NC_059183.1	6929466	6929467	*	12	4	8	23	0	23	16	9	7	11	0	11	13	3	10	19	0	19	13	6	7	18	17	1	12	8	4	23	10	13	15	7	8	22	10	12	23	13	10	21	11	10	23	0	23	18	10	8	22	10	12	12	7	5	37	35	2	12	11	1
NC_059183.1	6929486	6929487	*	11	4	7	25	0	25	15	10	5	12	0	12	14	4	10	18	0	18	15	10	5	17	14	3	15	9	6	25	11	14	18	8	10	22	10	12	24	14	10	25	12	13	24	0	24	18	11	7	20	9	11	11	2	9	34	33	1	13	12	1
NC_059183.1	7042863	7042864	*	15	14	1	17	16	1	15	15	0	20	20	0	14	14	0	18	18	0	17	17	0	19	19	0	20	20	0	14	14	0	15	15	0	13	13	0	20	19	1	23	22	1	19	18	1	22	21	1	31	30	1	36	36	0	23	22	1	19	17	2
NC_059183.1	7053011	7053012	*	19	18	1	22	22	0	11	10	1	15	14	1	12	12	0	19	19	0	18	18	0	15	15	0	23	21	2	19	18	1	21	21	0	33	33	0	12	12	0	18	18	0	18	18	0	20	20	0	18	18	0	27	27	0	20	20	0	21	20	1
NC_059183.1	7053118	7053119	*	18	13	5	21	18	3	13	9	4	13	9	4	16	13	3	16	13	3	17	15	2	10	8	2	21	16	5	12	10	2	17	13	4	21	18	3	22	20	2	25	22	3	20	19	1	14	14	0	19	15	4	19	15	4	23	22	1	23	21	2
NC_059183.1	7053148	7053149	*	16	16	0	15	15	0	10	10	0	14	14	0	16	13	3	13	13	0	17	17	0	10	10	0	16	15	1	12	11	1	13	13	0	15	15	0	23	22	1	23	23	0	16	16	0	13	12	1	19	15	4	14	13	1	21	21	0	23	22	1
NC_059183.1	7086293	7086294	*	17	15	2	20	8	12	24	10	14	23	3	20	11	3	8	21	8	13	43	3	40	27	13	14	25	7	18	20	6	14	24	19	5	50	19	31	21	7	14	20	9	11	19	6	13	40	35	5	36	15	21	44	9	35	33	10	23	15	9	6
NC_059183.1	7086358	7086359	*	23	15	8	13	9	4	23	17	6	21	5	16	10	10	0	15	0	15	35	16	19	30	27	3	26	18	8	24	11	13	23	19	4	54	44	10	12	12	0	20	13	7	16	14	2	33	32	1	32	22	10	47	18	29	39	26	13	17	13	4
NC_059183.1	7397422	7397423	*	19	8	11	16	11	5	14	9	5	13	4	9	15	15	0	15	0	15	10	0	10	13	4	9	22	9	13	13	10	3	18	1	17	17	0	17	15	0	15	20	17	3	15	8	7	12	0	12	13	0	13	13	0	13	19	6	13	10	10	0
NC_059183.1	7453504	7453505	*	28	25	3	13	12	1	15	12	3	10	7	3	25	19	6	19	18	1	17	17	0	10	9	1	12	11	1	15	13	2	26	22	4	25	22	3	24	21	3	26	20	6	21	17	4	26	21	5	28	23	5	19	18	1	24	20	4	26	23	3
NC_059183.1	7453550	7453551	*	29	26	3	11	11	0	16	15	1	11	9	2	25	24	1	22	21	1	18	16	2	11	11	0	13	12	1	15	13	2	30	29	1	27	26	1	24	23	1	20	16	4	24	21	3	20	19	1	26	25	1	19	16	3	26	26	0	22	20	2
NC_059183.1	7453577	7453578	*	28	26	2	12	12	0	17	16	1	14	14	0	25	24	1	21	21	0	18	17	1	12	11	1	12	12	0	14	13	1	30	29	1	30	30	0	23	23	0	23	23	0	24	22	2	18	15	3	28	27	1	20	19	1	26	24	2	20	20	0
NC_059183.1	7453598	7453599	*	29	29	0	13	13	0	17	17	0	13	12	1	22	21	1	20	19	1	17	16	1	12	11	1	12	12	0	14	13	1	27	27	0	31	31	0	24	24	0	23	22	1	24	22	2	17	17	0	26	25	1	22	22	0	27	27	0	19	19	0
NC_059183.1	7589920	7589921	*	12	4	8	15	0	15	13	4	9	14	0	14	14	0	14	14	0	14	21	1	20	17	0	17	13	7	6	10	0	10	18	0	18	17	0	17	17	8	9	23	0	23	21	0	21	23	9	14	16	6	10	11	0	11	19	7	12	13	0	13
NC_059183.1	7651657	7651658	*	21	21	0	16	15	1	14	13	1	15	14	1	11	11	0	17	17	0	10	10	0	14	13	1	11	11	0	17	17	0	21	20	1	19	19	0	22	22	0	19	18	1	17	16	1	17	16	1	22	22	0	17	17	0	20	20	0	12	11	1
NC_059183.1	8020077	8020078	*	13	12	1	11	11	0	10	10	0	12	10	2	13	13	0	20	17	3	13	12	1	10	10	0	14	13	1	15	14	1	12	12	0	31	29	2	19	19	0	18	17	1	18	16	2	16	15	1	19	17	2	10	9	1	19	17	2	17	15	2
NC_059183.1	8031294	8031295	*	18	9	9	23	21	2	13	7	6	15	14	1	14	11	3	17	15	2	16	13	3	11	6	5	19	7	12	14	6	8	12	12	0	16	15	1	18	12	6	11	1	10	17	13	4	27	25	2	15	14	1	19	11	8	19	14	5	14	12	2
NC_059183.1	8352569	8352570	*	19	18	1	20	18	2	11	10	1	10	10	0	14	14	0	15	15	0	19	14	5	14	13	1	11	9	2	13	13	0	13	13	0	14	13	1	11	11	0	28	27	1	16	15	1	23	22	1	17	15	2	12	11	1	29	28	1	18	17	1
NC_059183.1	8352737	8352738	*	11	10	1	18	16	2	15	13	2	10	10	0	13	13	0	17	16	1	13	13	0	13	13	0	13	11	2	17	17	0	23	22	1	13	13	0	24	24	0	18	18	0	16	16	0	17	16	1	19	19	0	17	16	1	16	16	0	12	10	2
NC_059183.1	8359615	8359616	*	26	5	21	22	0	22	17	2	15	17	0	17	19	0	19	15	0	15	18	0	18	10	0	10	10	0	10	11	0	11	16	0	16	24	0	24	15	1	14	31	0	31	31	1	30	27	0	27	16	0	16	15	0	15	41	1	40	29	0	29
NC_059183.1	8359678	8359679	*	20	5	15	22	6	16	17	4	13	20	5	15	15	7	8	15	0	15	18	3	15	17	8	9	13	0	13	12	4	8	15	1	14	27	14	13	15	1	14	35	11	24	34	16	18	31	10	21	24	0	24	14	4	10	46	9	37	27	9	18
NC_059183.1	8359853	8359854	*	22	12	10	25	12	13	17	12	5	20	3	17	21	17	4	11	3	8	17	7	10	25	7	18	21	9	12	12	9	3	13	1	12	23	10	13	17	6	11	34	9	25	32	12	20	28	15	13	27	0	27	26	15	11	42	24	18	26	16	10
NC_059183.1	8422275	8422276	*	18	11	7	21	10	11	21	13	8	13	7	6	12	8	4	15	8	7	17	12	5	13	7	6	15	8	7	16	11	5	17	12	5	21	16	5	20	13	7	18	11	7	17	14	3	19	16	3	19	12	7	25	22	3	15	9	6	17	11	6
NC_059183.1	8422326	8422327	*	20	18	2	18	18	0	20	19	1	13	13	0	18	17	1	15	15	0	18	18	0	13	11	2	15	15	0	23	22	1	18	17	1	14	14	0	21	20	1	16	16	0	15	15	0	20	20	0	21	21	0	27	27	0	18	17	1	17	16	1
NC_059183.1	8422343	8422344	*	19	12	7	15	13	2	19	18	1	16	16	0	21	20	1	16	15	1	17	17	0	15	15	0	16	16	0	26	23	3	20	19	1	13	12	1	21	20	1	18	18	0	16	15	1	20	19	1	20	19	1	29	28	1	19	19	0	17	17	0
NC_059183.1	8435578	8435579	*	15	15	0	13	11	2	17	15	2	13	12	1	18	15	3	20	16	4	12	10	2	16	14	2	11	9	2	15	12	3	13	12	1	12	12	0	15	13	2	21	19	2	12	11	1	21	19	2	14	12	2	10	8	2	17	14	3	15	10	5
NC_059183.1	8455296	8455297	*	31	30	1	27	25	2	11	9	2	24	23	1	21	21	0	20	20	0	21	20	1	20	20	0	13	13	0	20	18	2	23	23	0	25	24	1	11	10	1	24	22	2	27	26	1	29	28	1	28	28	0	17	17	0	18	18	0	17	16	1
NC_059183.1	8455340	8455341	*	35	32	3	28	24	4	12	11	1	28	28	0	24	23	1	16	15	1	22	21	1	21	19	2	14	14	0	22	12	10	23	22	1	26	26	0	13	13	0	24	24	0	26	26	0	30	28	2	28	28	0	25	10	15	18	15	3	20	19	1
NC_059183.1	8455443	8455444	*	30	28	2	19	18	1	17	16	1	23	22	1	20	20	0	17	16	1	19	18	1	16	16	0	17	15	2	14	13	1	18	18	0	26	25	1	18	17	1	21	21	0	22	21	1	27	25	2	23	22	1	56	55	1	22	22	0	22	21	1
NC_059183.1	8499692	8499693	*	10	3	7	18	0	18	16	4	12	20	0	20	24	6	18	17	0	17	12	0	12	17	5	12	16	4	12	24	8	16	21	1	20	22	0	22	18	2	16	27	0	27	27	8	19	20	13	7	16	0	16	10	2	8	21	0	21	17	0	17
NC_059183.1	8541834	8541835	*	12	11	1	13	12	1	14	13	1	10	10	0	16	14	2	23	23	0	11	9	2	17	9	8	11	10	1	13	6	7	13	11	2	20	19	1	10	9	1	11	10	1	16	13	3	10	10	0	15	10	5	10	5	5	17	15	2	16	15	1
NC_059183.1	8541839	8541840	*	12	11	1	13	12	1	14	14	0	11	11	0	17	17	0	24	23	1	11	10	1	17	8	9	12	9	3	14	8	6	13	12	1	20	17	3	10	9	1	12	11	1	15	12	3	10	9	1	15	9	6	10	6	4	19	17	2	17	16	1
NC_059183.1	8543741	8543742	*	25	16	9	13	9	4	11	3	8	12	5	7	18	8	10	21	15	6	16	4	12	17	9	8	16	11	5	16	9	7	29	21	8	22	15	7	19	9	10	24	15	9	27	16	11	35	30	5	26	19	7	13	10	3	18	16	2	20	5	15
NC_059183.1	8627038	8627039	*	10	10	0	10	9	1	11	10	1	10	9	1	13	13	0	17	15	2	13	13	0	16	16	0	13	13	0	12	12	0	15	14	1	12	10	2	17	17	0	11	10	1	24	24	0	12	12	0	14	14	0	12	12	0	13	13	0	11	11	0
NC_059183.1	8634243	8634244	*	17	16	1	13	8	5	15	12	3	13	9	4	12	9	3	10	9	1	13	8	5	18	14	4	13	11	2	12	10	2	16	13	3	11	9	2	19	11	8	11	3	8	18	11	7	25	22	3	11	9	2	11	11	0	15	11	4	10	10	0
NC_059183.1	8688064	8688065	*	20	18	2	19	19	0	22	21	1	15	13	2	15	15	0	21	20	1	16	14	2	16	14	2	10	10	0	10	10	0	18	16	2	19	19	0	20	20	0	21	19	2	19	19	0	19	18	1	17	17	0	18	17	1	21	21	0	17	16	1
NC_059183.1	8688067	8688068	*	20	18	2	19	19	0	22	21	1	15	15	0	15	14	1	21	20	1	16	14	2	16	16	0	10	10	0	10	9	1	18	17	1	19	19	0	21	20	1	22	21	1	18	18	0	18	18	0	17	16	1	18	18	0	22	21	1	17	17	0
NC_059183.1	8688134	8688135	*	17	17	0	21	19	2	17	14	3	13	13	0	12	12	0	19	16	3	17	17	0	14	13	1	11	9	2	12	11	1	10	9	1	17	15	2	17	16	1	23	18	5	19	17	2	14	12	2	18	16	2	20	19	1	18	16	2	17	16	1
NC_059183.1	8690903	8690904	*	15	14	1	16	13	3	19	13	6	23	18	5	14	12	2	13	10	3	11	11	0	20	14	6	23	18	5	17	14	3	21	14	7	20	18	2	19	18	1	25	17	8	23	11	12	24	23	1	25	20	5	28	23	5	23	19	4	25	25	0
NC_059183.1	8734674	8734675	*	15	15	0	15	14	1	14	13	1	11	10	1	16	16	0	16	15	1	10	9	1	11	11	0	13	12	1	15	14	1	23	23	0	11	11	0	14	14	0	19	19	0	22	22	0	25	24	1	16	13	3	13	13	0	26	25	1	12	12	0
NC_059183.1	8734709	8734710	*	13	12	1	14	13	1	14	13	1	13	11	2	16	15	1	18	17	1	11	7	4	14	11	3	18	15	3	15	6	9	23	19	4	14	14	0	17	16	1	17	16	1	28	22	6	30	28	2	18	16	2	16	7	9	30	28	2	10	8	2
NC_059183.1	8782404	8782405	*	19	18	1	21	21	0	11	11	0	13	11	2	13	13	0	13	13	0	15	14	1	17	16	1	14	13	1	13	13	0	18	18	0	21	20	1	10	10	0	17	16	1	18	16	2	17	15	2	11	10	1	13	13	0	19	19	0	15	14	1
NC_059183.1	8788545	8788546	*	17	16	1	19	18	1	16	14	2	16	15	1	15	11	4	17	15	2	14	14	0	15	11	4	25	24	1	16	13	3	18	17	1	21	20	1	16	15	1	25	22	3	27	24	3	23	22	1	26	25	1	23	22	1	28	26	2	20	17	3
NC_059183.1	8788671	8788672	*	22	22	0	28	28	0	18	17	1	14	11	3	22	22	0	16	14	2	18	13	5	21	18	3	14	14	0	18	16	2	20	19	1	13	13	0	21	18	3	16	16	0	24	24	0	21	21	0	23	23	0	30	29	1	20	19	1	18	16	2
NC_059183.1	8824818	8824819	*	17	15	2	14	13	1	15	15	0	20	19	1	14	13	1	21	21	0	15	13	2	15	15	0	12	10	2	18	17	1	16	15	1	22	20	2	20	20	0	23	21	2	26	26	0	32	29	3	21	21	0	14	14	0	18	18	0	14	14	0
NC_059183.1	8824899	8824900	*	19	19	0	25	23	2	18	18	0	19	18	1	16	15	1	18	17	1	17	16	1	20	18	2	13	13	0	23	22	1	18	16	2	17	15	2	26	24	2	32	30	2	34	33	1	34	33	1	28	25	3	17	16	1	19	18	1	19	17	2
NC_059183.1	8824914	8824915	*	22	20	2	25	21	4	19	19	0	19	18	1	15	14	1	20	19	1	18	18	0	21	19	2	14	13	1	22	22	0	16	14	2	16	16	0	25	24	1	35	33	2	33	30	3	32	29	3	28	27	1	18	17	1	20	20	0	20	20	0
NC_059183.1	8981157	8981158	*	13	11	2	21	20	1	17	15	2	15	14	1	20	20	0	16	16	0	14	14	0	19	19	0	16	15	1	15	14	1	20	18	2	22	8	14	17	16	1	26	24	2	18	16	2	17	12	5	11	11	0	28	26	2	21	15	6	16	15	1
NC_059183.1	8981244	8981245	*	16	13	3	21	20	1	18	17	1	15	14	1	15	13	2	19	19	0	13	11	2	17	16	1	17	14	3	12	12	0	19	17	2	15	15	0	18	17	1	30	28	2	14	12	2	10	8	2	11	9	2	26	24	2	21	17	4	18	18	0
NC_059183.1	9035584	9035585	*	16	16	0	14	13	1	11	11	0	15	14	1	10	10	0	12	12	0	15	15	0	13	12	1	16	16	0	14	14	0	14	13	1	10	9	1	18	17	1	13	13	0	17	17	0	10	10	0	15	14	1	14	14	0	12	11	1	11	9	2
NC_059183.1	10283253	10283254	*	20	14	6	39	21	18	27	21	6	32	18	14	28	16	12	30	13	17	40	14	26	18	16	2	23	21	2	14	13	1	26	22	4	30	26	4	12	9	3	23	17	6	32	28	4	15	12	3	19	17	2	68	65	3	30	22	8	19	14	5
NC_059183.1	10940922	10940923	*	37	35	2	21	21	0	15	14	1	12	12	0	22	22	0	27	26	1	19	17	2	12	9	3	16	16	0	20	18	2	21	21	0	15	14	1	19	17	2	23	22	1	18	17	1	28	26	2	26	26	0	51	47	4	28	26	2	13	13	0
NC_059183.1	10940949	10940950	*	32	32	0	23	21	2	17	17	0	13	13	0	19	18	1	26	26	0	22	22	0	13	12	1	16	14	2	22	19	3	20	19	1	12	12	0	15	12	3	23	21	2	14	13	1	27	25	2	24	23	1	51	49	2	24	22	2	13	13	0
NC_059183.1	10940961	10940962	*	32	29	3	23	22	1	18	18	0	13	12	1	18	17	1	23	23	0	20	17	3	13	13	0	15	14	1	20	19	1	20	19	1	12	12	0	15	12	3	22	21	1	14	11	3	27	25	2	22	20	2	53	52	1	24	22	2	13	13	0
NC_059183.1	11363834	11363835	*	25	9	16	32	7	25	43	10	33	26	4	22	17	6	11	46	8	38	19	4	15	38	11	27	26	7	19	10	4	6	23	2	21	17	4	13	17	10	7	30	12	18	21	4	17	30	10	20	20	1	19	33	13	20	11	2	9	16	3	13
NC_059183.1	11363924	11363925	*	42	21	21	41	28	13	36	27	9	24	10	14	22	16	6	40	23	17	26	10	16	34	24	10	32	14	18	13	8	5	29	14	15	21	11	10	21	12	9	38	25	13	42	18	24	46	23	23	22	11	11	17	7	10	23	17	6	28	18	10
NC_059183.1	11363973	11363974	*	51	35	16	51	42	9	46	28	18	42	15	27	22	16	6	59	36	23	33	16	17	55	36	19	40	19	21	20	17	3	42	28	14	37	26	11	29	16	13	49	28	21	53	37	16	56	41	15	24	9	15	27	15	12	25	18	7	39	25	14
NC_059183.1	11364118	11364119	*	40	37	3	41	30	11	54	47	7	34	14	20	14	10	4	51	34	17	33	17	16	52	35	17	37	29	8	19	14	5	34	23	11	58	43	15	26	14	12	32	25	7	37	31	6	55	44	11	24	16	8	20	13	7	25	18	7	32	23	9
NC_059183.1	11364152	11364153	*	30	22	8	31	21	10	47	38	9	20	7	13	14	9	5	33	21	12	29	14	15	36	26	10	28	22	6	15	10	5	25	19	6	35	28	7	19	13	6	24	20	4	25	18	7	35	27	8	20	13	7	14	9	5	24	16	8	19	15	4
NC_059183.1	11493631	11493632	*	13	13	0	21	21	0	11	11	0	11	11	0	12	12	0	18	18	0	13	12	1	10	9	1	12	12	0	13	13	0	17	14	3	10	9	1	14	14	0	16	16	0	14	12	2	12	11	1	21	20	1	26	24	2	14	14	0	10	10	0
NC_059183.1	11629148	11629149	*	12	12	0	11	11	0	11	10	1	14	14	0	15	14	1	24	24	0	20	20	0	11	11	0	16	14	2	17	17	0	21	21	0	28	28	0	16	16	0	15	13	2	21	21	0	18	18	0	16	16	0	29	29	0	19	19	0	18	18	0
NC_059183.1	11629193	11629194	*	13	13	0	11	11	0	14	6	8	13	13	0	16	16	0	21	21	0	17	16	1	13	13	0	19	17	2	18	12	6	28	27	1	29	27	2	15	14	1	18	10	8	18	18	0	14	13	1	15	14	1	28	27	1	19	17	2	22	21	1
NC_059183.1	11629215	11629216	*	12	11	1	13	13	0	15	15	0	12	12	0	15	15	0	22	20	2	16	14	2	15	15	0	18	17	1	18	18	0	27	26	1	29	28	1	16	14	2	18	17	1	17	16	1	15	14	1	19	19	0	29	28	1	21	21	0	25	25	0
NC_059183.1	11723427	11723428	*	10	10	0	14	13	1	16	16	0	13	13	0	18	16	2	10	9	1	18	16	2	11	8	3	12	12	0	12	12	0	20	19	1	13	13	0	14	14	0	21	19	2	17	16	1	19	18	1	18	16	2	25	23	2	15	14	1	12	12	0
NC_059183.1	11733479	11733480	*	11	10	1	20	17	3	20	19	1	17	13	4	10	10	0	11	11	0	12	9	3	15	12	3	25	21	4	13	12	1	22	18	4	21	19	2	12	10	2	17	15	2	20	19	1	20	20	0	15	15	0	10	10	0	14	14	0	16	13	3
NC_059183.1	11894640	11894641	*	25	23	2	13	13	0	18	16	2	14	14	0	14	13	1	20	20	0	13	12	1	10	10	0	15	14	1	17	17	0	18	18	0	22	22	0	22	22	0	23	23	0	28	27	1	12	12	0	27	27	0	10	10	0	15	14	1	13	9	4
NC_059183.1	11894682	11894683	*	23	22	1	17	14	3	18	15	3	18	8	10	14	13	1	21	7	14	14	13	1	13	12	1	13	12	1	17	16	1	20	19	1	24	20	4	27	25	2	26	24	2	27	20	7	22	22	0	37	35	2	10	9	1	18	18	0	19	19	0
NC_059183.1	11985069	11985070	*	12	12	0	15	15	0	16	14	2	10	10	0	13	13	0	10	10	0	12	11	1	14	13	1	15	14	1	13	13	0	17	17	0	14	12	2	15	12	3	15	14	1	14	14	0	13	13	0	20	18	2	11	10	1	17	17	0	10	10	0
NC_059183.1	12209542	12209543	*	15	11	4	12	0	12	10	0	10	17	1	16	11	0	11	16	0	16	24	0	24	11	6	5	17	9	8	17	10	7	14	7	7	11	0	11	13	0	13	11	0	11	11	0	11	10	0	10	13	10	3	19	1	18	14	0	14	14	0	14
NC_059183.1	12250378	12250379	*	25	22	3	22	21	1	17	16	1	14	14	0	11	11	0	23	21	2	20	18	2	13	13	0	18	16	2	20	18	2	15	15	0	22	21	1	12	12	0	14	13	1	18	17	1	17	16	1	19	19	0	17	16	1	15	15	0	16	16	0
NC_059183.1	12250389	12250390	*	22	21	1	21	20	1	13	13	0	15	14	1	13	13	0	24	22	2	21	20	1	13	12	1	18	16	2	17	16	1	14	14	0	23	21	2	12	12	0	12	11	1	19	19	0	17	16	1	20	20	0	17	16	1	15	15	0	15	14	1
NC_059183.1	12264375	12264376	*	15	15	0	16	16	0	24	23	1	14	13	1	22	20	2	15	15	0	16	16	0	16	15	1	15	15	0	17	17	0	16	16	0	20	20	0	19	19	0	18	18	0	26	26	0	19	19	0	20	19	1	15	14	1	25	24	1	22	22	0
NC_059183.1	12264402	12264403	*	14	14	0	17	16	1	22	12	10	13	11	2	21	0	21	13	10	3	15	15	0	14	7	7	12	12	0	16	15	1	12	11	1	20	18	2	16	13	3	16	0	16	25	9	16	17	15	2	18	17	1	16	12	4	20	8	12	21	20	1
NC_059183.1	12276745	12276746	*	17	17	0	15	15	0	11	11	0	16	16	0	14	13	1	11	11	0	18	17	1	16	15	1	14	13	1	12	12	0	24	24	0	24	24	0	13	12	1	21	20	1	20	20	0	16	16	0	18	17	1	10	10	0	19	19	0	17	16	1
NC_059183.1	12276800	12276801	*	27	27	0	18	17	1	14	13	1	16	15	1	16	16	0	19	19	0	22	21	1	13	12	1	18	18	0	25	24	1	25	24	1	26	24	2	16	14	2	23	22	1	22	21	1	27	26	1	15	14	1	11	11	0	25	24	1	22	21	1
NC_059183.1	12276821	12276822	*	28	13	15	21	10	11	14	14	0	15	14	1	15	14	1	21	11	10	23	21	2	15	14	1	16	11	5	30	17	13	23	15	8	27	13	14	16	12	4	24	22	2	25	22	3	32	29	3	17	8	9	12	6	6	26	25	1	23	20	3
NC_059183.1	12276856	12276857	*	29	28	1	21	19	2	15	10	5	14	14	0	16	14	2	20	20	0	19	16	3	18	17	1	14	14	0	29	28	1	22	22	0	25	24	1	19	17	2	23	19	4	27	26	1	33	31	2	15	14	1	10	10	0	24	24	0	23	23	0
NC_059183.1	12422476	12422477	*	51	46	5	26	24	2	32	25	7	29	16	13	24	1	23	29	10	19	16	16	0	34	31	3	13	12	1	33	31	2	22	20	2	22	21	1	31	10	21	54	23	31	65	16	49	27	23	4	39	28	11	17	14	3	32	16	16	39	18	21
NC_059183.1	12422478	12422479	*	53	29	24	26	23	3	32	7	25	30	17	13	24	0	24	29	10	19	16	16	0	34	18	16	13	11	2	34	23	11	22	20	2	22	20	2	32	14	18	55	11	44	65	15	50	27	24	3	39	20	19	17	14	3	32	17	15	39	16	23
NC_059183.1	12422495	12422496	*	48	47	1	26	21	5	33	25	8	34	24	10	26	5	21	29	11	18	17	17	0	35	34	1	11	11	0	32	32	0	20	20	0	19	19	0	34	15	19	55	25	30	60	9	51	26	11	15	41	32	9	20	15	5	34	17	17	39	22	17
NC_059183.1	12422525	12422526	*	41	35	6	24	17	7	33	28	5	32	21	11	28	16	12	29	14	15	18	16	2	31	30	1	14	14	0	28	28	0	18	18	0	23	22	1	34	33	1	54	43	11	58	22	36	28	25	3	44	34	10	21	20	1	33	32	1	39	25	14
NC_059183.1	12422557	12422558	*	34	33	1	24	19	5	37	36	1	29	20	9	27	25	2	24	17	7	14	12	2	30	25	5	12	12	0	26	25	1	20	20	0	22	20	2	38	38	0	51	38	13	54	33	21	28	26	2	40	28	12	22	20	2	29	29	0	32	16	16
NC_059183.1	12422676	12422677	*	20	16	4	15	13	2	28	26	2	12	5	7	16	16	0	17	12	5	11	9	2	17	16	1	13	13	0	15	12	3	17	14	3	15	14	1	18	16	2	26	23	3	23	18	5	10	10	0	19	17	2	18	16	2	19	17	2	16	8	8
NC_059183.1	12492884	12492885	*	22	22	0	23	15	8	18	17	1	21	4	17	11	10	1	26	0	26	11	0	11	17	14	3	15	0	15	19	19	0	18	11	7	22	0	22	14	12	2	27	13	14	29	25	4	26	22	4	27	12	15	36	19	17	22	6	16	20	16	4
NC_059183.1	12492914	12492915	*	22	18	4	24	22	2	14	14	0	18	18	0	10	10	0	24	23	1	12	12	0	15	14	1	15	15	0	16	15	1	18	16	2	20	19	1	15	15	0	19	18	1	28	28	0	26	25	1	32	32	0	32	30	2	20	20	0	17	16	1
NC_059183.1	12493017	12493018	*	21	18	3	20	19	1	18	16	2	10	10	0	15	14	1	20	18	2	14	12	2	14	14	0	12	12	0	24	23	1	19	17	2	22	18	4	19	19	0	12	11	1	15	14	1	27	27	0	24	24	0	35	35	0	18	17	1	17	15	2
NC_059183.1	12493158	12493159	*	22	22	0	25	24	1	20	17	3	15	8	7	20	20	0	18	18	0	13	11	2	20	19	1	14	13	1	22	21	1	22	22	0	22	21	1	28	28	0	12	11	1	21	21	0	24	24	0	22	21	1	25	25	0	24	23	1	20	18	2
NC_059183.1	12493182	12493183	*	21	20	1	22	21	1	16	14	2	13	9	4	17	17	0	16	16	0	12	12	0	20	20	0	13	13	0	19	18	1	22	21	1	21	20	1	21	21	0	12	11	1	21	19	2	19	19	0	19	17	2	17	17	0	25	24	1	16	16	0
NC_059183.1	12502683	12502684	*	11	6	5	13	13	0	20	19	1	12	5	7	11	11	0	13	3	10	13	4	9	12	12	0	12	11	1	10	8	2	12	10	2	20	19	1	18	8	10	13	5	8	15	15	0	13	5	8	13	10	3	19	17	2	21	20	1	12	12	0
NC_059183.1	12502688	12502689	*	11	6	5	14	12	2	20	19	1	12	6	6	11	11	0	13	3	10	15	5	10	12	11	1	12	11	1	11	10	1	14	12	2	20	18	2	20	10	10	13	6	7	15	14	1	13	5	8	14	12	2	19	17	2	20	20	0	11	11	0
NC_059183.1	12546079	12546080	*	17	14	3	17	14	3	19	16	3	29	28	1	17	14	3	26	23	3	22	21	1	22	19	3	11	11	0	14	14	0	23	21	2	17	16	1	12	5	7	16	10	6	29	23	6	19	15	4	23	21	2	64	59	5	21	20	1	12	10	2
NC_059183.1	12546133	12546134	*	24	16	8	18	13	5	17	12	5	31	23	8	22	16	6	32	29	3	25	21	4	26	20	6	14	12	2	15	15	0	29	23	6	23	19	4	14	6	8	22	12	10	33	25	8	20	16	4	33	29	4	73	67	6	25	19	6	16	9	7
NC_059183.1	12546217	12546218	*	23	13	10	15	13	2	16	12	4	18	17	1	19	12	7	21	21	0	26	22	4	26	18	8	11	10	1	14	13	1	23	16	7	18	16	2	15	7	8	21	12	9	32	22	10	20	12	8	27	21	6	59	53	6	21	12	9	16	9	7
NC_059183.1	12546231	12546232	*	21	8	13	16	4	12	15	8	7	14	3	11	15	0	15	17	4	13	27	0	27	23	0	23	11	3	8	13	0	13	22	3	19	14	7	7	15	0	15	19	6	13	25	0	25	19	0	19	24	4	20	55	31	24	19	6	13	12	0	12
NC_059183.1	12652159	12652160	*	18	17	1	24	21	3	20	19	1	11	11	0	16	14	2	12	12	0	15	15	0	13	11	2	15	15	0	12	12	0	23	21	2	20	20	0	19	19	0	13	12	1	24	24	0	23	23	0	16	14	2	25	23	2	24	22	2	21	19	2
NC_059183.1	12652246	12652247	*	16	11	5	35	25	10	20	14	6	15	7	8	18	11	7	17	12	5	24	15	9	13	9	4	21	16	5	26	19	7	23	15	8	29	20	9	27	18	9	14	10	4	33	23	10	37	22	15	21	14	7	44	33	11	29	22	7	32	19	13
NC_059183.1	12652288	12652289	*	16	15	1	32	30	2	19	17	2	16	16	0	20	18	2	16	16	0	21	21	0	16	16	0	22	21	1	28	28	0	22	22	0	31	30	1	26	26	0	14	14	0	39	39	0	35	33	2	22	21	1	46	44	2	24	24	0	32	31	1
NC_059183.1	12652324	12652325	*	14	14	0	28	27	1	20	19	1	15	15	0	18	17	1	17	17	0	19	19	0	19	19	0	22	22	0	25	25	0	24	23	1	26	25	1	19	19	0	14	14	0	38	37	1	31	29	2	18	18	0	45	44	1	20	19	1	27	26	1
NC_059183.1	12652375	12652376	*	14	13	1	22	16	6	13	10	3	11	9	2	15	13	2	14	11	3	17	15	2	15	10	5	15	14	1	16	14	2	21	19	2	18	15	3	12	9	3	11	9	2	23	20	3	28	25	3	17	11	6	44	41	3	18	15	3	18	14	4
NC_059183.1	12928285	12928286	*	25	21	4	20	19	1	15	14	1	17	17	0	19	19	0	17	17	0	16	16	0	14	13	1	11	10	1	17	17	0	17	16	1	19	18	1	13	12	1	18	18	0	27	22	5	20	19	1	21	19	2	17	15	2	14	13	1	15	14	1
NC_059183.1	12928336	12928337	*	24	22	2	21	20	1	18	18	0	20	19	1	21	21	0	18	18	0	16	15	1	17	17	0	12	11	1	17	17	0	13	12	1	20	19	1	15	13	2	18	17	1	29	27	2	24	23	1	23	22	1	17	16	1	17	17	0	16	14	2
NC_059183.1	12974348	12974349	*	13	13	0	22	22	0	12	12	0	17	17	0	12	11	1	14	12	2	18	16	2	12	12	0	11	11	0	12	12	0	10	10	0	19	16	3	12	12	0	20	20	0	10	9	1	20	19	1	21	20	1	22	22	0	17	17	0	11	9	2
NC_059183.1	13007551	13007552	*	23	21	2	37	36	1	14	14	0	21	20	1	21	21	0	23	22	1	26	24	2	20	18	2	13	13	0	25	24	1	17	17	0	20	20	0	29	27	2	15	15	0	27	27	0	33	32	1	37	36	1	10	10	0	32	29	3	25	22	3
NC_059183.1	13007589	13007590	*	19	18	1	39	33	6	13	13	0	24	24	0	20	20	0	21	19	2	31	29	2	19	19	0	15	15	0	27	26	1	19	19	0	19	18	1	30	30	0	14	13	1	31	30	1	34	34	0	33	32	1	11	11	0	33	31	2	26	26	0
NC_059183.1	13007637	13007638	*	19	16	3	36	35	1	10	10	0	19	19	0	23	22	1	19	16	3	30	27	3	15	14	1	16	13	3	25	24	1	20	19	1	15	14	1	23	22	1	10	10	0	25	25	0	25	23	2	29	26	3	13	12	1	24	23	1	18	17	1
NC_059183.1	13048601	13048602	*	14	14	0	17	15	2	17	17	0	19	16	3	18	18	0	11	11	0	11	11	0	15	14	1	17	16	1	19	19	0	14	14	0	24	22	2	16	16	0	16	16	0	23	23	0	17	16	1	22	22	0	19	18	1	25	22	3	14	13	1
NC_059183.1	13048681	13048682	*	13	11	2	21	11	10	14	12	2	15	14	1	22	20	2	18	18	0	13	10	3	15	15	0	15	6	9	16	15	1	15	14	1	23	20	3	25	19	6	17	15	2	18	12	6	19	17	2	23	23	0	30	25	5	18	16	2	14	14	0
NC_059183.1	13048701	13048702	*	13	8	5	24	11	13	13	8	5	14	9	5	19	13	6	18	16	2	12	11	1	17	17	0	14	1	13	18	16	2	15	14	1	23	15	8	24	13	11	18	13	5	16	12	4	21	16	5	26	19	7	33	28	5	16	11	5	17	15	2
NC_059183.1	13048737	13048738	*	11	8	3	24	20	4	12	11	1	12	11	1	16	15	1	17	16	1	13	10	3	17	17	0	16	6	10	19	19	0	19	18	1	23	20	3	23	17	6	18	14	4	21	20	1	21	20	1	23	22	1	35	35	0	20	18	2	15	13	2
NC_059183.1	13071898	13071899	*	19	17	2	24	22	2	11	11	0	22	22	0	17	16	1	17	15	2	12	10	2	22	21	1	24	22	2	27	27	0	26	25	1	16	16	0	22	21	1	29	26	3	21	21	0	17	15	2	24	23	1	21	19	2	26	25	1	27	25	2
NC_059183.1	13072265	13072266	*	15	5	10	14	5	9	18	7	11	14	8	6	21	4	17	14	12	2	16	0	16	17	16	1	17	16	1	15	5	10	25	24	1	13	13	0	26	25	1	23	10	13	16	1	15	18	18	0	25	22	3	15	14	1	19	19	0	13	9	4
NC_059183.1	13291970	13291971	*	18	14	4	22	7	15	12	9	3	22	18	4	18	14	4	18	15	3	11	7	4	15	10	5	15	5	10	17	13	4	14	10	4	13	5	8	15	13	2	15	10	5	17	10	7	13	10	3	17	13	4	40	30	10	15	5	10	22	14	8
NC_059183.1	13292032	13292033	*	18	15	3	18	14	4	15	13	2	20	12	8	17	10	7	17	15	2	11	8	3	18	10	8	17	11	6	17	15	2	13	10	3	13	12	1	17	11	6	17	14	3	17	11	6	12	9	3	18	12	6	40	28	12	16	12	4	19	12	7
NC_059183.1	13305501	13305502	*	22	9	13	22	0	22	16	0	16	15	0	15	16	0	16	10	0	10	16	0	16	27	0	27	16	0	16	33	0	33	23	0	23	16	0	16	26	0	26	20	0	20	23	6	17	21	13	8	23	0	23	30	0	30	34	1	33	26	0	26
NC_059183.1	13724806	13724807	*	14	12	2	21	19	2	13	12	1	16	12	4	11	9	2	21	17	4	13	10	3	11	11	0	11	9	2	15	13	2	17	15	2	17	16	1	16	13	3	14	13	1	17	12	5	12	11	1	21	20	1	22	20	2	14	12	2	11	8	3
NC_059183.1	13853168	13853169	*	12	7	5	15	10	5	10	3	7	13	5	8	13	10	3	15	11	4	10	3	7	21	13	8	13	6	7	14	8	6	20	16	4	16	12	4	18	11	7	23	12	11	18	13	5	22	17	5	29	13	16	24	16	8	19	11	8	12	7	5
NC_059183.1	13866619	13866620	*	21	21	0	12	12	0	17	16	1	25	23	2	21	20	1	20	20	0	16	16	0	11	10	1	21	20	1	25	25	0	23	22	1	21	21	0	21	21	0	20	19	1	28	25	3	30	29	1	16	15	1	17	16	1	17	16	1	16	16	0
NC_059183.1	13866661	13866662	*	23	21	2	17	17	0	19	16	3	17	17	0	24	23	1	22	21	1	15	15	0	10	9	1	18	18	0	21	20	1	20	19	1	19	18	1	22	22	0	19	19	0	21	20	1	26	24	2	14	13	1	25	25	0	19	17	2	16	16	0
NC_059183.1	13866686	13866687	*	23	20	3	14	11	3	17	11	6	16	12	4	23	20	3	24	21	3	16	14	2	12	11	1	19	17	2	22	19	3	21	18	3	16	13	3	21	14	7	22	21	1	22	19	3	30	23	7	15	12	3	32	29	3	20	19	1	20	17	3
NC_059183.1	13866811	13866812	*	22	19	3	25	24	1	14	14	0	15	15	0	18	17	1	28	25	3	20	19	1	19	16	3	18	16	2	29	28	1	27	25	2	22	21	1	26	25	1	23	22	1	22	21	1	31	29	2	23	21	2	65	61	4	18	18	0	21	18	3
NC_059183.1	13932522	13932523	*	21	19	2	34	29	5	17	14	3	17	17	0	21	18	3	17	14	3	17	13	4	10	9	1	23	21	2	17	7	10	16	16	0	23	20	3	16	15	1	19	19	0	15	14	1	17	16	1	23	19	4	13	0	13	28	24	4	11	9	2
NC_059183.1	14065809	14065810	*	18	5	13	21	0	21	11	0	11	18	0	18	14	0	14	16	0	16	13	0	13	23	0	23	22	0	22	30	0	30	27	0	27	21	0	21	23	0	23	19	0	19	23	0	23	24	0	24	15	0	15	11	0	11	27	0	27	23	0	23
NC_059183.1	14157595	14157596	*	31	31	0	12	11	1	16	16	0	14	14	0	13	12	1	16	15	1	16	15	1	17	16	1	19	17	2	11	10	1	23	23	0	14	13	1	21	21	0	21	21	0	28	28	0	25	21	4	21	21	0	10	10	0	13	13	0	10	10	0
NC_059183.1	14184838	14184839	*	17	9	8	38	0	38	14	0	14	18	0	18	17	0	17	21	8	13	26	8	18	11	0	11	19	5	14	20	6	14	21	0	21	21	6	15	30	9	21	31	0	31	22	0	22	23	0	23	23	0	23	11	4	7	27	0	27	24	3	21
NC_059183.1	14298525	14298526	*	10	10	0	22	22	0	10	10	0	16	15	1	11	11	0	14	12	2	13	12	1	14	12	2	13	13	0	10	10	0	12	12	0	14	14	0	16	16	0	19	19	0	21	21	0	22	21	1	21	20	1	18	16	2	15	14	1	20	18	2
NC_059183.1	14332003	14332004	*	14	14	0	21	20	1	14	14	0	13	13	0	17	16	1	16	15	1	12	12	0	18	18	0	19	18	1	25	24	1	15	15	0	24	23	1	23	22	1	31	30	1	26	25	1	24	24	0	23	22	1	40	39	1	24	23	1	20	19	1
NC_059183.1	14332045	14332046	*	13	12	1	17	14	3	13	13	0	16	16	0	13	12	1	16	16	0	11	10	1	14	13	1	14	14	0	20	18	2	14	14	0	19	16	3	19	17	2	27	25	2	23	22	1	23	22	1	21	17	4	43	39	4	24	23	1	20	18	2
NC_059183.1	14401547	14401548	*	14	4	10	19	11	8	15	5	10	18	5	13	21	13	8	16	8	8	14	8	6	15	9	6	15	7	8	22	13	9	27	11	16	15	8	7	22	8	14	17	3	14	19	10	9	21	8	13	18	10	8	13	8	5	12	5	7	20	10	10
NC_059183.1	14659826	14659827	*	14	13	1	18	0	18	21	21	0	17	0	17	14	13	1	19	18	1	13	9	4	17	6	11	16	16	0	10	10	0	19	9	10	21	14	7	18	17	1	15	15	0	14	13	1	20	20	0	11	10	1	35	34	1	14	3	11	17	6	11
NC_059183.1	14684160	14684161	*	18	17	1	16	13	3	24	23	1	16	13	3	19	19	0	15	15	0	21	21	0	20	19	1	20	20	0	23	23	0	22	22	0	22	21	1	14	14	0	16	16	0	29	29	0	26	25	1	25	25	0	16	16	0	18	18	0	23	23	0
NC_059183.1	14839234	14839235	*	17	17	0	16	15	1	24	10	14	16	15	1	17	9	8	10	10	0	19	0	19	19	16	3	19	5	14	26	12	14	18	8	10	15	15	0	20	0	20	15	10	5	13	5	8	15	7	8	23	22	1	24	9	15	23	23	0	20	5	15
NC_059183.1	14839332	14839333	*	14	4	10	17	16	1	22	7	15	16	15	1	13	6	7	14	13	1	19	0	19	19	13	6	20	6	14	31	15	16	17	1	16	16	12	4	18	0	18	16	0	16	14	0	14	16	2	14	23	10	13	19	1	18	34	29	5	18	5	13
NC_059183.1	14856644	14856645	*	26	21	5	27	22	5	13	11	2	18	13	5	12	10	2	19	16	3	13	13	0	15	10	5	18	11	7	25	21	4	22	17	5	20	16	4	25	22	3	18	15	3	25	21	4	21	19	2	26	22	4	15	14	1	25	24	1	22	18	4
NC_059183.1	14856755	14856756	*	25	23	2	23	22	1	14	12	2	17	8	9	16	15	1	13	12	1	15	14	1	15	13	2	14	12	2	25	20	5	23	23	0	11	10	1	17	16	1	23	18	5	15	10	5	24	21	3	25	18	7	15	12	3	21	17	4	21	17	4
NC_059183.1	14884491	14884492	*	12	12	0	12	11	1	20	19	1	13	13	0	12	12	0	13	12	1	15	14	1	10	9	1	13	13	0	15	15	0	11	11	0	14	14	0	11	11	0	19	18	1	14	11	3	12	11	1	17	17	0	18	17	1	17	17	0	14	14	0
NC_059183.1	14975923	14975924	*	22	22	0	12	11	1	22	22	0	16	14	2	10	10	0	17	17	0	11	10	1	15	13	2	14	13	1	26	25	1	21	12	9	19	19	0	24	24	0	16	16	0	27	27	0	21	21	0	28	28	0	14	13	1	21	20	1	21	20	1
NC_059183.1	14976108	14976109	*	15	15	0	17	17	0	19	19	0	18	18	0	15	14	1	15	15	0	17	17	0	14	13	1	18	16	2	17	17	0	16	16	0	13	11	2	20	20	0	15	15	0	15	14	1	27	26	1	20	20	0	12	11	1	24	23	1	14	12	2
NC_059183.1	14976261	14976262	*	20	10	10	21	12	9	18	1	17	10	9	1	18	0	18	25	16	9	22	10	12	14	2	12	14	0	14	21	19	2	10	10	0	17	15	2	26	25	1	27	21	6	23	11	12	24	11	13	22	0	22	19	19	0	24	10	14	14	0	14
NC_059183.1	15060676	15060677	*	24	16	8	18	18	0	16	16	0	14	12	2	12	12	0	14	14	0	15	13	2	20	18	2	12	12	0	19	18	1	20	20	0	16	16	0	18	17	1	19	17	2	19	19	0	14	13	1	14	13	1	12	12	0	14	11	3	23	22	1
NC_059183.1	15060773	15060774	*	18	18	0	19	17	2	15	15	0	11	11	0	13	13	0	18	17	1	14	14	0	13	12	1	11	10	1	17	16	1	18	18	0	15	13	2	19	18	1	17	15	2	18	17	1	15	15	0	13	11	2	16	16	0	20	18	2	20	20	0
NC_059183.1	15060793	15060794	*	17	15	2	17	16	1	15	15	0	10	10	0	13	13	0	19	18	1	13	13	0	11	11	0	12	12	0	15	15	0	16	16	0	15	14	1	19	19	0	16	15	1	18	18	0	15	15	0	13	11	2	15	15	0	19	16	3	14	14	0
NC_059183.1	15081196	15081197	*	16	15	1	25	25	0	14	14	0	22	22	0	16	16	0	31	29	2	19	17	2	13	11	2	12	12	0	20	20	0	21	21	0	19	18	1	20	20	0	14	12	2	16	15	1	30	29	1	18	16	2	31	31	0	21	21	0	22	19	3
NC_059183.1	15081254	15081255	*	18	15	3	29	29	0	19	18	1	23	22	1	19	19	0	32	23	9	20	18	2	13	12	1	12	10	2	25	20	5	24	21	3	27	23	4	23	20	3	18	16	2	20	18	2	30	29	1	26	20	6	37	34	3	18	16	2	27	22	5
NC_059183.1	15081287	15081288	*	17	10	7	31	17	14	18	16	2	20	15	5	25	18	7	29	23	6	24	19	5	12	11	1	10	8	2	23	20	3	25	25	0	20	17	3	29	23	6	17	14	3	18	14	4	32	28	4	24	18	6	37	31	6	19	12	7	25	19	6
NC_059183.1	15081359	15081360	*	16	15	1	30	28	2	22	11	11	16	16	0	30	29	1	19	19	0	21	20	1	15	7	8	11	11	0	22	20	2	21	11	10	23	23	0	32	32	0	17	17	0	23	23	0	24	23	1	21	20	1	26	26	0	15	15	0	19	12	7
NC_059183.1	15081370	15081371	*	16	14	2	28	26	2	23	11	12	14	14	0	28	27	1	16	15	1	20	19	1	14	8	6	11	10	1	22	21	1	19	10	9	23	22	1	31	31	0	14	14	0	21	21	0	25	24	1	21	21	0	25	25	0	16	15	1	17	11	6
NC_059183.1	15445566	15445567	*	20	6	14	15	0	15	13	0	13	19	0	19	15	0	15	14	0	14	12	0	12	12	0	12	14	0	14	15	1	14	26	0	26	24	0	24	15	0	15	21	0	21	26	0	26	13	0	13	16	0	16	27	0	27	18	0	18	15	0	15
NC_059183.1	15468613	15468614	*	25	24	1	12	12	0	12	12	0	16	15	1	14	12	2	21	21	0	14	13	1	13	13	0	14	14	0	10	9	1	14	13	1	12	11	1	18	16	2	14	12	2	23	23	0	11	9	2	12	7	5	33	31	2	16	14	2	12	10	2
NC_059183.1	15468620	15468621	*	25	24	1	12	11	1	12	3	9	16	16	0	14	13	1	21	21	0	13	13	0	14	6	8	14	13	1	10	10	0	12	11	1	13	11	2	18	16	2	14	8	6	22	20	2	11	11	0	12	0	12	34	32	2	15	15	0	10	5	5
NC_059183.1	15775137	15775138	*	17	17	0	16	14	2	13	12	1	11	11	0	12	12	0	18	17	1	14	14	0	16	15	1	20	16	4	13	12	1	24	24	0	17	17	0	16	16	0	21	20	1	22	22	0	19	19	0	13	12	1	11	11	0	20	20	0	18	18	0
NC_059183.1	15780179	15780180	*	18	6	12	22	14	8	15	4	11	17	8	9	11	9	2	14	13	1	23	17	6	16	9	7	11	5	6	22	12	10	19	9	10	22	11	11	20	16	4	18	8	10	19	13	6	16	10	6	18	12	6	15	14	1	15	8	7	18	13	5
NC_059183.1	15780244	15780245	*	17	17	0	25	22	3	17	17	0	22	22	0	11	11	0	15	15	0	21	21	0	14	14	0	14	13	1	18	18	0	23	23	0	22	22	0	27	25	2	22	22	0	19	19	0	24	21	3	24	23	1	14	13	1	18	17	1	20	18	2
NC_059183.1	15780385	15780386	*	23	23	0	27	24	3	16	15	1	30	29	1	15	15	0	25	25	0	24	24	0	15	8	7	12	3	9	21	9	12	29	13	16	28	28	0	31	31	0	29	29	0	29	28	1	15	8	7	29	29	0	14	14	0	27	9	18	29	27	2
NC_059183.1	15780398	15780399	*	24	23	1	29	28	1	17	16	1	30	30	0	15	15	0	26	26	0	24	23	1	16	15	1	14	12	2	23	21	2	27	27	0	27	27	0	35	35	0	29	29	0	31	31	0	15	15	0	29	29	0	14	13	1	28	27	1	32	29	3
NC_059183.1	15780512	15780513	*	20	20	0	20	18	2	14	14	0	26	24	2	14	13	1	21	21	0	17	16	1	17	17	0	16	13	3	24	20	4	14	12	2	24	23	1	28	28	0	20	20	0	25	24	1	19	19	0	20	19	1	22	22	0	26	22	4	23	20	3
NC_059183.1	15803764	15803765	*	12	11	1	11	9	2	11	9	2	14	13	1	18	17	1	21	17	4	10	10	0	11	10	1	18	18	0	18	16	2	15	15	0	16	16	0	11	10	1	13	10	3	13	10	3	17	13	4	16	16	0	18	17	1	14	13	1	12	11	1
NC_059183.1	15984834	15984835	*	17	15	2	15	12	3	19	16	3	16	16	0	14	13	1	26	21	5	16	15	1	12	11	1	21	16	5	14	10	4	18	17	1	17	16	1	18	17	1	17	11	6	16	13	3	21	16	5	17	15	2	10	10	0	16	12	4	15	11	4
NC_059183.1	16010886	16010887	*	20	19	1	10	10	0	16	16	0	13	12	1	15	15	0	12	11	1	15	15	0	11	11	0	15	15	0	10	10	0	23	23	0	10	9	1	13	13	0	17	17	0	17	17	0	14	14	0	14	14	0	21	19	2	10	10	0	13	13	0
NC_059183.1	16011242	16011243	*	20	20	0	15	15	0	12	12	0	14	14	0	13	13	0	11	10	1	15	14	1	11	11	0	10	10	0	17	16	1	15	14	1	19	19	0	21	19	2	11	11	0	17	17	0	18	18	0	13	12	1	22	21	1	10	10	0	17	16	1
NC_059183.1	16224684	16224685	*	15	14	1	26	22	4	14	11	3	12	10	2	16	13	3	16	11	5	17	13	4	10	10	0	12	8	4	20	17	3	14	10	4	12	9	3	23	22	1	23	20	3	23	20	3	25	22	3	29	28	1	42	37	5	20	16	4	13	11	2
NC_059183.1	16362464	16362465	*	15	15	0	14	14	0	17	16	1	10	8	2	13	12	1	14	14	0	23	21	2	20	19	1	10	10	0	11	8	3	20	19	1	13	12	1	21	20	1	18	18	0	22	21	1	18	18	0	14	13	1	19	18	1	16	16	0	10	10	0
NC_059183.1	16419409	16419410	*	16	15	1	11	9	2	13	12	1	16	16	0	16	16	0	21	20	1	14	14	0	11	11	0	16	14	2	20	18	2	22	21	1	15	15	0	17	16	1	21	20	1	27	26	1	16	16	0	14	14	0	21	21	0	19	17	2	18	17	1
NC_059183.1	16473917	16473918	*	12	12	0	26	26	0	18	18	0	20	20	0	15	14	1	29	26	3	21	21	0	14	14	0	17	16	1	20	20	0	15	14	1	19	19	0	19	19	0	24	21	3	24	24	0	30	26	4	27	26	1	38	22	16	19	19	0	21	20	1
NC_059183.1	16482416	16482417	*	13	8	5	11	9	2	18	15	3	14	11	3	21	14	7	26	23	3	16	13	3	14	11	3	11	10	1	18	16	2	18	17	1	18	17	1	11	9	2	13	10	3	16	16	0	21	17	4	21	13	8	27	26	1	13	12	1	19	15	4
NC_059183.1	16754099	16754100	*	17	3	14	29	5	24	14	11	3	22	1	21	15	9	6	16	11	5	19	0	19	16	8	8	11	8	3	10	1	9	15	8	7	18	0	18	27	7	20	25	9	16	26	0	26	24	7	17	22	2	20	28	27	1	23	1	22	19	0	19
NC_059183.1	16754169	16754170	*	16	6	10	24	16	8	10	1	9	14	5	9	11	7	4	12	6	6	14	8	6	14	4	10	14	4	10	14	5	9	14	5	9	12	4	8	22	6	16	19	5	14	25	1	24	22	9	13	15	2	13	26	12	14	17	5	12	16	6	10
NC_059183.1	16755844	16755845	*	11	10	1	16	6	10	23	21	2	15	6	9	18	7	11	17	17	0	13	10	3	13	11	2	14	7	7	17	15	2	23	13	10	13	1	12	15	14	1	22	10	12	20	13	7	21	18	3	20	15	5	25	21	4	20	10	10	12	6	6
NC_059183.1	17022730	17022731	*	20	20	0	12	12	0	15	15	0	13	13	0	16	16	0	18	17	1	16	15	1	15	14	1	12	12	0	10	9	1	20	20	0	16	16	0	10	10	0	29	28	1	17	16	1	17	17	0	20	20	0	15	14	1	25	25	0	18	18	0
NC_059183.1	17022760	17022761	*	22	22	0	13	12	1	17	17	0	12	11	1	16	15	1	19	17	2	17	17	0	19	19	0	11	11	0	11	10	1	19	18	1	17	16	1	12	10	2	36	33	3	20	18	2	19	18	1	21	21	0	16	14	2	25	22	3	17	17	0
NC_059183.1	17201698	17201699	*	19	10	9	24	1	23	18	7	11	12	6	6	18	0	18	14	1	13	16	0	16	16	0	16	15	0	15	14	13	1	13	0	13	16	0	16	16	0	16	15	0	15	21	1	20	15	0	15	26	11	15	10	0	10	21	0	21	18	0	18
NC_059183.1	17201915	17201916	*	21	19	2	18	14	4	14	13	1	20	17	3	17	13	4	16	11	5	14	11	3	11	9	2	19	17	2	11	11	0	23	21	2	25	24	1	21	18	3	20	17	3	28	23	5	23	19	4	22	20	2	26	25	1	20	17	3	11	9	2
NC_059183.1	17201965	17201966	*	22	19	3	17	17	0	13	12	1	16	14	2	21	20	1	14	14	0	10	10	0	10	10	0	14	14	0	15	15	0	23	23	0	22	17	5	17	17	0	20	19	1	26	26	0	20	18	2	26	26	0	23	23	0	23	23	0	14	12	2
NC_059183.1	17327192	17327193	*	14	6	8	24	17	7	15	9	6	18	9	9	18	12	6	30	12	18	26	17	9	16	8	8	18	12	6	14	9	5	27	18	9	23	12	11	17	11	6	26	11	15	25	18	7	26	11	15	19	15	4	11	10	1	25	17	8	24	17	7
NC_059183.1	17327264	17327265	*	10	5	5	20	14	6	18	10	8	17	10	7	15	12	3	29	15	14	20	11	9	15	9	6	13	11	2	15	12	3	19	12	7	19	11	8	19	11	8	25	16	9	24	19	5	16	7	9	17	14	3	14	12	2	21	14	7	22	18	4
NC_059183.1	17409294	17409295	*	24	10	14	20	15	5	11	9	2	19	12	7	27	14	13	36	20	16	12	10	2	15	10	5	15	13	2	18	7	11	16	15	1	18	17	1	10	9	1	26	8	18	55	13	42	23	16	7	27	13	14	20	17	3	22	13	9	32	10	22
NC_059183.1	17409326	17409327	*	28	13	15	19	15	4	14	7	7	20	11	9	30	18	12	42	20	22	12	6	6	20	0	20	15	11	4	25	9	16	14	12	2	18	17	1	11	8	3	27	0	27	59	10	49	21	15	6	32	12	20	22	16	6	27	16	11	43	9	34
NC_059183.1	17941391	17941392	*	11	11	0	15	7	8	16	15	1	24	24	0	20	20	0	14	13	1	28	27	1	20	18	2	15	14	1	33	33	0	21	21	0	25	25	0	27	24	3	20	19	1	35	34	1	32	31	1	30	29	1	20	18	2	28	28	0	28	28	0
NC_059183.1	17941401	17941402	*	11	10	1	15	6	9	16	15	1	24	23	1	21	21	0	13	13	0	27	25	2	20	18	2	15	14	1	27	27	0	19	18	1	26	24	2	27	24	3	20	19	1	31	29	2	32	30	2	31	26	5	21	19	2	29	28	1	28	27	1
NC_059183.1	17941407	17941408	*	11	10	1	15	6	9	16	12	4	24	23	1	21	19	2	12	12	0	25	22	3	20	19	1	15	15	0	27	25	2	19	17	2	27	25	2	27	22	5	19	18	1	32	30	2	31	25	6	32	29	3	21	19	2	29	28	1	28	24	4
NC_059183.1	17982823	17982824	*	15	12	3	14	6	8	13	3	10	16	15	1	14	14	0	25	21	4	17	16	1	13	12	1	16	16	0	16	14	2	14	7	7	14	7	7	12	12	0	22	21	1	17	11	6	19	19	0	14	12	2	19	8	11	13	6	7	20	19	1
NC_059183.1	17982853	17982854	*	15	13	2	15	8	7	14	2	12	15	14	1	12	10	2	24	20	4	17	16	1	16	14	2	15	15	0	16	13	3	15	6	9	16	8	8	13	12	1	22	21	1	13	6	7	20	20	0	15	12	3	17	5	12	15	5	10	21	18	3
NC_059183.1	18099478	18099479	*	18	7	11	19	8	11	20	14	6	25	18	7	15	11	4	21	17	4	19	12	7	17	9	8	17	13	4	21	18	3	25	21	4	19	9	10	30	28	2	25	23	2	25	13	12	19	16	3	23	20	3	23	17	6	27	9	18	19	11	8
NC_059183.1	18119329	18119330	*	27	24	3	24	19	5	16	13	3	16	9	7	15	13	2	19	16	3	20	17	3	16	16	0	14	12	2	20	17	3	26	24	2	29	21	8	22	18	4	14	11	3	22	16	6	18	15	3	24	22	2	19	13	6	30	25	5	20	14	6
NC_059183.1	18119419	18119420	*	21	21	0	19	16	3	17	17	0	19	18	1	16	15	1	21	20	1	24	24	0	12	11	1	14	14	0	16	15	1	22	21	1	18	18	0	15	15	0	12	12	0	18	18	0	16	16	0	23	22	1	28	27	1	31	30	1	11	11	0
NC_059183.1	18451855	18451856	*	20	19	1	15	13	2	11	11	0	16	13	3	12	11	1	17	17	0	17	16	1	21	18	3	13	12	1	24	24	0	25	24	1	22	19	3	19	18	1	27	24	3	16	16	0	21	20	1	12	12	0	17	16	1	17	17	0	23	20	3
NC_059183.1	18608509	18608510	*	21	19	2	15	14	1	15	15	0	11	9	2	22	21	1	20	19	1	16	14	2	18	15	3	18	17	1	36	35	1	30	30	0	26	26	0	25	24	1	24	23	1	26	25	1	27	27	0	27	26	1	17	17	0	31	30	1	28	27	1
NC_059183.1	18608527	18608528	*	23	23	0	17	15	2	16	15	1	11	9	2	22	21	1	20	18	2	16	15	1	17	14	3	15	15	0	31	29	2	33	32	1	24	23	1	25	25	0	22	22	0	29	29	0	26	24	2	27	27	0	19	18	1	29	28	1	27	26	1
NC_059183.1	18608542	18608543	*	21	21	0	17	15	2	16	13	3	11	7	4	23	21	2	20	19	1	16	14	2	19	16	3	14	13	1	30	27	3	32	31	1	23	21	2	24	23	1	22	21	1	30	28	2	27	24	3	27	22	5	18	17	1	26	24	2	27	26	1
NC_059183.1	18834413	18834414	*	21	20	1	21	20	1	16	12	4	15	15	0	17	16	1	19	17	2	19	16	3	14	12	2	16	14	2	22	21	1	23	22	1	21	19	2	25	23	2	30	28	2	19	16	3	28	25	3	16	13	3	12	11	1	22	21	1	24	21	3
NC_059183.1	18834429	18834430	*	21	20	1	21	17	4	16	15	1	16	14	2	17	15	2	18	15	3	19	18	1	12	11	1	17	16	1	22	18	4	24	23	1	21	20	1	24	22	2	27	26	1	17	15	2	27	24	3	16	14	2	11	10	1	21	18	3	24	22	2
NC_059183.1	18886532	18886533	*	19	19	0	19	19	0	12	12	0	19	13	6	12	12	0	16	15	1	17	11	6	11	10	1	15	14	1	20	19	1	20	20	0	25	24	1	18	17	1	24	21	3	27	26	1	17	16	1	15	15	0	11	10	1	17	16	1	20	18	2
NC_059183.1	18886562	18886563	*	15	13	2	18	18	0	12	11	1	20	20	0	10	10	0	17	17	0	15	15	0	12	12	0	13	13	0	22	21	1	21	21	0	22	21	1	18	18	0	22	22	0	27	27	0	16	15	1	14	14	0	11	11	0	14	12	2	21	19	2
NC_059183.1	18904576	18904577	*	10	9	1	18	18	0	10	10	0	22	20	2	10	10	0	16	16	0	18	18	0	25	13	12	10	9	1	28	26	2	13	13	0	23	22	1	16	16	0	16	15	1	17	16	1	12	12	0	16	16	0	11	10	1	15	15	0	14	14	0
NC_059183.1	18907428	18907429	*	16	16	0	11	9	2	15	14	1	13	8	5	12	7	5	17	8	9	15	11	4	13	13	0	15	13	2	13	11	2	13	13	0	19	19	0	20	20	0	12	5	7	10	6	4	17	15	2	15	15	0	39	36	3	12	7	5	21	21	0
NC_059183.1	18927264	18927265	*	11	11	0	12	11	1	17	17	0	11	11	0	12	12	0	19	19	0	16	15	1	14	13	1	11	6	5	23	23	0	24	24	0	13	13	0	22	22	0	11	11	0	11	11	0	20	20	0	12	12	0	13	12	1	19	19	0	17	17	0
NC_059183.1	18975674	18975675	*	16	16	0	18	18	0	21	20	1	10	10	0	12	11	1	16	16	0	12	12	0	14	14	0	13	12	1	13	13	0	25	24	1	16	15	1	20	18	2	21	20	1	24	23	1	15	14	1	23	22	1	26	25	1	22	20	2	25	25	0
NC_059183.1	18975707	18975708	*	16	15	1	20	19	1	17	17	0	13	13	0	13	13	0	17	17	0	21	21	0	16	16	0	13	13	0	16	16	0	27	26	1	23	23	0	23	23	0	19	18	1	27	27	0	18	18	0	25	25	0	27	27	0	28	28	0	30	28	2
NC_059183.1	18975829	18975830	*	17	15	2	18	17	1	10	8	2	17	14	3	13	8	5	12	10	2	12	11	1	10	9	1	12	10	2	13	13	0	17	14	3	24	20	4	27	21	6	32	26	6	24	17	7	19	16	3	19	12	7	16	14	2	25	19	6	23	15	8
NC_059184.1	106131	106132	*	15	13	2	18	14	4	19	14	5	13	8	5	10	7	3	22	18	4	12	9	3	13	9	4	13	11	2	12	10	2	22	20	2	16	14	2	18	14	4	24	20	4	10	4	6	16	12	4	14	11	3	15	5	10	20	17	3	13	9	4
NC_059184.1	234892	234893	*	15	9	6	15	14	1	25	24	1	20	18	2	16	8	8	16	15	1	14	13	1	18	17	1	20	20	0	12	12	0	13	12	1	17	15	2	13	12	1	17	15	2	27	23	4	17	15	2	15	15	0	38	37	1	10	10	0	13	13	0
NC_059184.1	366228	366229	*	13	13	0	20	20	0	13	12	1	11	11	0	10	3	7	15	15	0	17	16	1	10	8	2	10	10	0	20	20	0	22	19	3	14	14	0	22	21	1	15	15	0	13	13	0	19	19	0	18	16	2	32	31	1	11	9	2	12	11	1
NC_059184.1	400649	400650	*	22	18	4	39	34	5	16	6	10	19	19	0	16	16	0	24	22	2	18	16	2	24	21	3	23	23	0	23	21	2	23	22	1	14	12	2	38	36	2	27	26	1	21	20	1	28	25	3	37	36	1	25	23	2	28	28	0	27	25	2
NC_059184.1	400721	400722	*	27	27	0	48	47	1	16	15	1	22	21	1	23	22	1	21	21	0	18	18	0	23	23	0	22	22	0	28	28	0	28	27	1	24	23	1	47	46	1	29	29	0	29	26	3	39	37	2	31	31	0	19	17	2	28	28	0	34	34	0
NC_059184.1	400786	400787	*	29	29	0	44	41	3	17	15	2	21	21	0	23	22	1	17	17	0	20	20	0	18	18	0	20	20	0	29	28	1	28	28	0	27	27	0	37	36	1	27	26	1	31	31	0	38	37	1	27	26	1	13	12	1	28	28	0	28	26	2
NC_059184.1	400816	400817	*	24	23	1	34	31	3	12	11	1	18	16	2	22	21	1	14	13	1	21	19	2	15	13	2	21	21	0	26	26	0	23	22	1	25	24	1	36	36	0	25	22	3	31	31	0	37	37	0	25	24	1	11	10	1	20	20	0	23	22	1
NC_059184.1	792843	792844	*	18	18	0	17	17	0	19	17	2	20	20	0	14	14	0	20	20	0	14	13	1	14	11	3	13	11	2	27	26	1	24	23	1	19	15	4	17	17	0	17	16	1	19	18	1	24	22	2	29	26	3	22	22	0	20	17	3	14	11	3
NC_059184.1	792889	792890	*	18	17	1	16	16	0	16	15	1	17	17	0	15	15	0	21	21	0	13	13	0	14	12	2	16	16	0	24	23	1	26	23	3	20	20	0	18	18	0	19	18	1	19	19	0	21	20	1	26	25	1	21	21	0	22	22	0	15	13	2
NC_059184.1	800943	800944	*	16	10	6	16	9	7	16	9	7	14	11	3	13	10	3	17	9	8	11	6	5	11	6	5	13	8	5	17	11	6	16	9	7	17	10	7	17	6	11	12	5	7	19	6	13	27	13	14	10	5	5	20	14	6	18	12	6	15	7	8
NC_059184.1	815322	815323	*	24	16	8	13	11	2	18	15	3	15	11	4	11	10	1	24	20	4	13	12	1	14	12	2	18	16	2	21	19	2	28	25	3	26	22	4	16	11	5	15	14	1	31	24	7	13	12	1	18	13	5	14	13	1	10	10	0	11	9	2
NC_059184.1	815330	815331	*	23	22	1	12	12	0	18	17	1	15	13	2	11	9	2	24	22	2	12	12	0	13	11	2	19	17	2	21	20	1	28	25	3	25	23	2	16	12	4	15	14	1	30	29	1	15	15	0	18	15	3	14	13	1	10	10	0	11	11	0
NC_059184.1	815419	815420	*	26	26	0	17	16	1	20	16	4	19	17	2	14	13	1	21	18	3	19	18	1	14	11	3	19	16	3	20	17	3	23	21	2	19	16	3	17	12	5	14	14	0	34	32	2	15	14	1	12	9	3	17	17	0	17	12	5	10	8	2
NC_059184.1	815468	815469	*	28	19	9	15	9	6	20	10	10	19	15	4	16	12	4	19	11	8	21	13	8	11	5	6	19	15	4	21	20	1	22	16	6	13	10	3	18	14	4	16	11	5	33	24	9	16	11	5	14	7	7	23	20	3	22	11	11	15	10	5
NC_059184.1	1315280	1315281	*	14	13	1	19	17	2	11	8	3	16	12	4	11	0	11	13	3	10	13	6	7	10	4	6	12	10	2	16	0	16	22	9	13	18	17	1	20	12	8	19	4	15	10	9	1	13	7	6	11	3	8	17	15	2	20	12	8	20	20	0
NC_059184.1	1418399	1418400	*	15	15	0	14	14	0	11	10	1	11	11	0	16	15	1	10	10	0	12	12	0	10	10	0	13	12	1	11	10	1	16	16	0	14	13	1	13	12	1	21	20	1	21	19	2	23	23	0	17	16	1	16	16	0	17	16	1	11	11	0
NC_059184.1	1418438	1418439	*	21	19	2	19	19	0	14	11	3	13	13	0	21	19	2	11	11	0	15	13	2	12	12	0	16	15	1	17	16	1	20	18	2	19	17	2	19	18	1	26	25	1	25	24	1	28	27	1	28	26	2	24	23	1	27	25	2	16	14	2
NC_059184.1	1418515	1418516	*	25	25	0	20	20	0	16	16	0	18	18	0	22	22	0	16	16	0	17	17	0	13	12	1	19	19	0	17	17	0	25	24	1	21	19	2	21	21	0	28	27	1	27	27	0	25	22	3	30	29	1	28	27	1	29	27	2	20	18	2
NC_059184.1	1418546	1418547	*	19	19	0	17	17	0	16	16	0	14	14	0	22	21	1	13	13	0	16	16	0	12	11	1	17	17	0	15	15	0	24	22	2	19	18	1	22	22	0	23	23	0	20	20	0	19	19	0	24	24	0	26	26	0	22	22	0	17	16	1
NC_059184.1	1519323	1519324	*	16	8	8	17	10	7	13	7	6	17	0	17	18	7	11	23	0	23	13	0	13	19	0	19	21	0	21	20	1	19	20	10	10	22	1	21	18	0	18	19	4	15	27	23	4	22	22	0	31	0	31	12	5	7	10	4	6	17	0	17
NC_059184.1	1576533	1576534	*	21	4	17	14	14	0	16	0	16	14	5	9	12	8	4	15	14	1	16	5	11	11	6	5	14	6	8	20	0	20	18	0	18	15	0	15	13	0	13	22	16	6	23	23	0	16	15	1	11	3	8	20	18	2	20	19	1	22	0	22
NC_059184.1	1591580	1591581	*	13	13	0	19	19	0	17	16	1	14	14	0	15	9	6	16	15	1	20	19	1	13	13	0	20	18	2	19	19	0	13	13	0	29	29	0	20	20	0	13	12	1	28	27	1	14	7	7	19	17	2	22	22	0	29	28	1	16	10	6
NC_059184.1	1591664	1591665	*	11	6	5	17	7	10	16	0	16	16	9	7	11	6	5	13	5	8	18	0	18	16	0	16	17	10	7	16	6	10	14	0	14	22	0	22	18	7	11	21	0	21	27	0	27	18	0	18	18	7	11	21	0	21	28	0	28	16	0	16
NC_059184.1	1591677	1591678	*	11	6	5	17	7	10	16	0	16	17	10	7	11	7	4	14	5	9	16	0	16	13	0	13	14	10	4	16	9	7	18	0	18	21	0	21	17	7	10	22	0	22	28	0	28	15	1	14	18	11	7	19	0	19	28	0	28	14	0	14
NC_059184.1	1664283	1664284	*	16	15	1	24	22	2	19	18	1	17	17	0	21	20	1	20	19	1	16	12	4	12	11	1	12	11	1	18	18	0	23	20	3	19	17	2	20	20	0	27	24	3	27	23	4	16	15	1	16	16	0	12	10	2	18	15	3	20	16	4
NC_059184.1	1664293	1664294	*	16	15	1	25	23	2	19	18	1	16	16	0	22	21	1	21	21	0	13	12	1	10	9	1	13	13	0	17	17	0	23	21	2	19	17	2	19	18	1	31	25	6	27	25	2	16	14	2	15	14	1	12	12	0	19	18	1	20	18	2
NC_059184.1	1664321	1664322	*	14	13	1	19	19	0	20	20	0	16	16	0	22	21	1	19	17	2	12	9	3	12	11	1	13	13	0	15	14	1	22	21	1	17	17	0	20	20	0	31	29	2	25	25	0	16	14	2	18	17	1	10	10	0	21	20	1	20	18	2
NC_059184.1	1664355	1664356	*	11	10	1	16	14	2	22	22	0	15	15	0	22	21	1	20	20	0	12	11	1	15	14	1	14	14	0	12	12	0	21	21	0	15	13	2	20	18	2	29	29	0	18	17	1	16	15	1	20	20	0	10	9	1	22	20	2	14	14	0
NC_059184.1	2227000	2227001	*	15	14	1	11	11	0	15	15	0	12	12	0	14	14	0	16	15	1	22	19	3	22	22	0	13	13	0	15	8	7	17	16	1	14	13	1	15	14	1	24	24	0	22	14	8	20	20	0	13	12	1	16	16	0	21	12	9	16	16	0
NC_059184.1	2227009	2227010	*	14	13	1	13	12	1	15	14	1	13	13	0	14	14	0	16	16	0	22	20	2	23	22	1	13	13	0	15	8	7	17	16	1	14	13	1	14	14	0	25	23	2	20	13	7	19	19	0	14	14	0	16	16	0	21	12	9	16	16	0
NC_059184.1	2235106	2235107	*	17	16	1	16	14	2	19	19	0	16	15	1	13	13	0	25	24	1	12	11	1	18	17	1	14	12	2	17	16	1	18	16	2	23	20	3	21	19	2	17	16	1	21	20	1	20	17	3	19	18	1	20	19	1	18	17	1	18	18	0
NC_059184.1	2263900	2263901	*	24	21	3	31	22	9	18	15	3	19	16	3	21	19	2	27	21	6	20	13	7	20	14	6	10	6	4	24	20	4	35	28	7	18	16	2	14	11	3	22	14	8	30	23	7	28	20	8	16	13	3	13	11	2	19	16	3	15	14	1
NC_059184.1	2263942	2263943	*	24	18	6	32	26	6	20	14	6	18	14	4	22	16	6	26	20	6	24	16	8	23	19	4	11	8	3	20	18	2	37	30	7	24	18	6	15	12	3	27	18	9	34	31	3	26	23	3	15	13	2	10	10	0	18	16	2	17	10	7
NC_059184.1	2315074	2315075	*	20	20	0	22	22	0	16	15	1	11	10	1	13	12	1	23	21	2	13	13	0	12	12	0	16	16	0	24	22	2	25	24	1	16	16	0	19	17	2	21	20	1	16	15	1	24	24	0	16	15	1	19	17	2	25	25	0	10	10	0
NC_059184.1	2315111	2315112	*	20	19	1	21	19	2	13	13	0	10	8	2	11	10	1	24	23	1	11	9	2	10	10	0	14	13	1	21	17	4	20	17	3	16	15	1	16	15	1	20	19	1	15	14	1	23	23	0	14	12	2	23	22	1	22	20	2	10	7	3
NC_059184.1	2544999	2545000	*	29	20	9	23	22	1	16	15	1	18	17	1	15	11	4	23	21	2	23	6	17	17	15	2	15	15	0	17	17	0	23	12	11	25	22	3	25	14	11	26	11	15	23	22	1	26	25	1	36	36	0	18	15	3	34	31	3	21	18	3
NC_059184.1	2545036	2545037	*	28	20	8	23	21	2	16	12	4	17	17	0	20	19	1	25	23	2	23	7	16	19	11	8	15	15	0	19	19	0	23	13	10	27	23	4	25	13	12	23	9	14	26	26	0	28	27	1	35	34	1	18	18	0	29	26	3	20	13	7
NC_059184.1	2562600	2562601	*	14	7	7	17	10	7	14	7	7	15	11	4	10	4	6	20	12	8	10	6	4	12	8	4	11	8	3	12	11	1	19	11	8	21	16	5	11	5	6	18	14	4	15	6	9	22	11	11	16	13	3	20	15	5	14	12	2	20	9	11
NC_059184.1	2562636	2562637	*	12	11	1	18	17	1	15	15	0	17	15	2	10	10	0	21	19	2	10	10	0	13	12	1	10	10	0	14	14	0	17	17	0	20	19	1	12	12	0	18	17	1	13	12	1	22	22	0	15	14	1	20	18	2	15	13	2	16	16	0
NC_059184.1	2562660	2562661	*	13	13	0	19	18	1	14	14	0	16	16	0	11	10	1	21	20	1	11	11	0	11	11	0	10	10	0	15	14	1	13	12	1	20	19	1	13	13	0	18	18	0	14	14	0	19	18	1	14	13	1	15	15	0	19	17	2	14	14	0
NC_059184.1	2565938	2565939	*	16	16	0	22	18	4	20	20	0	15	15	0	19	18	1	15	13	2	18	17	1	13	13	0	10	9	1	18	17	1	18	16	2	15	13	2	25	24	1	21	21	0	24	21	3	20	20	0	19	19	0	19	18	1	24	23	1	17	16	1
NC_059184.1	2687509	2687510	*	14	12	2	17	17	0	12	12	0	22	21	1	16	16	0	23	22	1	19	18	1	10	10	0	10	9	1	18	18	0	19	18	1	16	15	1	20	19	1	21	18	3	19	17	2	19	19	0	23	21	2	14	13	1	14	14	0	24	24	0
NC_059184.1	2690657	2690658	*	21	19	2	10	10	0	17	15	2	21	21	0	15	15	0	16	15	1	21	21	0	13	11	2	13	13	0	17	16	1	18	18	0	18	18	0	15	13	2	17	17	0	17	16	1	23	23	0	22	22	0	18	18	0	17	16	1	18	18	0
NC_059184.1	2694844	2694845	*	13	12	1	19	0	19	13	5	8	18	0	18	12	7	5	20	8	12	21	12	9	19	0	19	14	0	14	13	0	13	12	0	12	22	0	22	18	8	10	13	0	13	21	0	21	14	0	14	14	0	14	28	18	10	17	0	17	20	7	13
NC_059184.1	2751788	2751789	*	15	15	0	15	12	3	23	23	0	12	10	2	12	12	0	12	12	0	13	13	0	19	19	0	11	10	1	12	11	1	15	15	0	16	14	2	17	15	2	11	10	1	11	10	1	16	14	2	20	17	3	19	17	2	13	12	1	15	15	0
NC_059184.1	2858413	2858414	*	13	13	0	18	18	0	15	13	2	13	12	1	16	15	1	14	13	1	17	15	2	11	10	1	10	10	0	15	7	8	16	15	1	20	20	0	12	12	0	22	22	0	17	17	0	14	14	0	15	14	1	16	16	0	14	13	1	12	11	1
NC_059184.1	2858546	2858547	*	11	5	6	20	11	9	18	18	0	12	11	1	12	12	0	16	5	11	13	6	7	15	15	0	10	4	6	13	8	5	24	23	1	15	8	7	11	10	1	20	10	10	22	20	2	15	8	7	15	15	0	14	13	1	11	6	5	18	18	0
NC_059184.1	2871373	2871374	*	29	26	3	17	15	2	20	20	0	20	18	2	23	22	1	13	12	1	18	17	1	11	11	0	12	12	0	20	19	1	17	16	1	25	25	0	26	25	1	20	19	1	12	11	1	16	15	1	21	20	1	13	13	0	19	18	1	22	19	3
NC_059184.1	2871436	2871437	*	28	22	6	14	10	4	20	20	0	15	14	1	16	16	0	16	15	1	16	14	2	11	10	1	10	7	3	12	12	0	20	16	4	21	20	1	28	12	16	18	17	1	14	11	3	16	12	4	24	22	2	24	20	4	19	16	3	16	14	2
NC_059184.1	2871497	2871498	*	23	23	0	15	15	0	19	19	0	15	15	0	18	17	1	17	16	1	14	14	0	14	13	1	11	10	1	13	13	0	21	21	0	25	25	0	24	23	1	15	12	3	15	14	1	15	13	2	25	25	0	25	23	2	23	22	1	16	15	1
NC_059184.1	2871516	2871517	*	25	23	2	20	19	1	19	19	0	12	12	0	16	16	0	17	16	1	15	15	0	13	10	3	11	10	1	17	17	0	22	22	0	26	24	2	28	27	1	15	15	0	17	17	0	13	12	1	27	27	0	25	25	0	24	24	0	12	11	1
NC_059184.1	2871555	2871556	*	24	22	2	19	18	1	20	20	0	13	13	0	17	17	0	18	18	0	14	11	3	13	11	2	10	9	1	24	24	0	24	22	2	23	22	1	25	25	0	16	16	0	18	16	2	15	14	1	22	22	0	22	21	1	24	23	1	12	12	0
NC_059184.1	2871650	2871651	*	15	12	3	16	15	1	15	13	2	15	14	1	14	14	0	17	16	1	11	11	0	11	11	0	12	10	2	22	21	1	19	17	2	17	16	1	21	19	2	11	9	2	14	14	0	14	14	0	15	14	1	22	20	2	21	19	2	10	9	1
NC_059184.1	3020652	3020653	*	21	13	8	24	10	14	17	7	10	18	10	8	11	5	6	25	22	3	17	10	7	24	24	0	10	4	6	18	5	13	16	0	16	23	11	12	20	1	19	18	15	3	21	20	1	33	32	1	19	7	12	23	21	2	26	23	3	13	0	13
NC_059184.1	3043153	3043154	*	11	6	5	16	0	16	16	13	3	15	6	9	22	12	10	12	0	12	21	21	0	11	7	4	10	4	6	16	14	2	21	19	2	16	13	3	14	12	2	21	0	21	19	9	10	19	12	7	11	9	2	12	12	0	15	8	7	12	11	1
NC_059184.1	3139235	3139236	*	22	21	1	20	20	0	16	15	1	12	12	0	15	15	0	18	16	2	11	11	0	11	9	2	11	10	1	22	19	3	28	26	2	14	13	1	11	10	1	15	15	0	18	14	4	11	10	1	23	18	5	17	16	1	20	19	1	17	17	0
NC_059184.1	3356278	3356279	*	15	14	1	30	0	30	15	1	14	13	11	2	11	5	6	24	2	22	16	0	16	12	5	7	11	7	4	19	10	9	20	11	9	15	13	2	25	2	23	21	14	7	28	4	24	23	2	21	20	9	11	12	9	3	20	9	11	25	12	13
NC_059184.1	3356307	3356308	*	19	18	1	28	12	16	15	13	2	13	12	1	13	10	3	20	4	16	15	6	9	11	8	3	11	9	2	17	15	2	22	18	4	13	12	1	25	15	10	18	18	0	25	11	14	22	2	20	19	17	2	12	10	2	21	20	1	27	24	3
NC_059184.1	3435753	3435754	*	15	15	0	24	22	2	14	12	2	14	10	4	17	16	1	14	13	1	12	12	0	18	18	0	11	11	0	14	10	4	18	17	1	22	21	1	19	18	1	13	11	2	17	17	0	20	18	2	16	16	0	13	13	0	17	16	1	11	11	0
NC_059184.1	3512458	3512459	*	15	14	1	12	10	2	12	10	2	13	12	1	11	9	2	12	10	2	13	12	1	11	8	3	11	9	2	15	13	2	16	14	2	15	14	1	12	11	1	19	14	5	24	18	6	16	13	3	16	15	1	34	30	4	22	19	3	17	15	2
NC_059184.1	3596869	3596870	*	13	13	0	18	17	1	14	14	0	17	17	0	11	11	0	19	18	1	20	20	0	14	13	1	11	11	0	17	16	1	14	13	1	11	11	0	16	14	2	20	20	0	14	13	1	19	19	0	17	16	1	16	14	2	15	15	0	15	13	2
NC_059184.1	3755652	3755653	*	11	11	0	13	12	1	18	15	3	10	10	0	23	22	1	10	10	0	10	10	0	16	14	2	16	16	0	12	11	1	26	25	1	18	17	1	22	19	3	22	19	3	19	17	2	19	18	1	18	15	3	13	13	0	24	24	0	10	10	0
NC_059184.1	3770044	3770045	*	37	4	33	10	3	7	31	2	29	23	4	19	34	13	21	36	13	23	25	7	18	25	6	19	32	4	28	26	9	17	38	8	30	38	9	29	44	3	41	32	12	20	30	3	27	20	10	10	36	0	36	25	15	10	28	18	10	25	7	18
NC_059184.1	3785256	3785257	*	17	16	1	13	13	0	15	15	0	11	11	0	12	6	6	12	11	1	13	5	8	23	8	15	11	11	0	23	12	11	19	19	0	27	14	13	25	24	1	26	24	2	16	8	8	20	6	14	17	9	8	13	0	13	18	1	17	16	15	1
NC_059184.1	3793799	3793800	*	17	6	11	15	0	15	21	2	19	15	0	15	18	0	18	14	0	14	20	9	11	18	9	9	11	1	10	12	2	10	19	1	18	16	1	15	10	0	10	23	0	23	20	5	15	22	1	21	18	1	17	12	1	11	21	3	18	11	1	10
NC_059184.1	3882883	3882884	*	19	19	0	21	20	1	17	15	2	14	14	0	11	11	0	17	16	1	15	15	0	11	11	0	10	10	0	16	16	0	14	14	0	20	19	1	27	26	1	28	28	0	14	14	0	17	16	1	11	10	1	11	10	1	15	15	0	11	11	0
NC_059184.1	3882892	3882893	*	19	18	1	21	21	0	17	17	0	14	14	0	11	11	0	20	19	1	15	12	3	12	11	1	10	10	0	17	16	1	14	13	1	23	22	1	26	26	0	28	28	0	15	15	0	16	16	0	11	10	1	11	10	1	17	16	1	12	12	0
NC_059184.1	3886163	3886164	*	21	17	4	12	9	3	13	12	1	15	12	3	14	13	1	21	19	2	20	18	2	15	14	1	18	14	4	20	16	4	19	17	2	14	12	2	18	13	5	14	13	1	22	6	16	15	14	1	26	22	4	31	31	0	15	11	4	20	17	3
NC_059184.1	3965140	3965141	*	17	11	6	10	6	4	15	11	4	18	14	4	15	14	1	22	21	1	16	15	1	21	19	2	13	11	2	11	9	2	13	13	0	13	12	1	12	10	2	14	13	1	15	14	1	17	14	3	16	16	0	48	42	6	18	14	4	14	11	3
NC_059184.1	3965342	3965343	*	29	26	3	13	11	2	24	23	1	27	24	3	23	21	2	22	18	4	23	22	1	22	19	3	18	16	2	14	13	1	32	24	8	15	14	1	21	20	1	29	24	5	24	20	4	31	28	3	23	20	3	29	25	4	28	21	7	21	17	4
NC_059184.1	4160094	4160095	*	26	24	2	19	18	1	25	14	11	20	18	2	17	11	6	23	22	1	20	17	3	21	15	6	17	17	0	15	15	0	22	18	4	15	13	2	26	18	8	14	14	0	11	11	0	17	15	2	21	20	1	30	30	0	13	4	9	25	25	0
NC_059184.1	4160146	4160147	*	27	26	1	18	16	2	26	17	9	26	21	5	19	14	5	25	25	0	19	17	2	19	14	5	17	16	1	21	20	1	31	30	1	22	21	1	33	19	14	16	14	2	17	16	1	26	26	0	30	29	1	29	28	1	17	17	0	31	22	9
NC_059184.1	4160160	4160161	*	26	26	0	15	14	1	24	16	8	27	27	0	20	15	5	30	28	2	18	16	2	20	14	6	17	16	1	18	17	1	26	24	2	19	19	0	33	21	12	16	15	1	17	17	0	25	24	1	30	28	2	31	30	1	16	16	0	32	25	7
NC_059184.1	4160278	4160279	*	29	26	3	16	14	2	13	13	0	23	21	2	12	8	4	36	35	1	15	15	0	18	18	0	23	23	0	14	14	0	25	24	1	24	21	3	39	36	3	13	13	0	18	16	2	19	18	1	30	30	0	22	21	1	17	16	1	18	17	1
NC_059184.1	4160324	4160325	*	29	28	1	22	18	4	19	19	0	24	22	2	10	8	2	34	33	1	21	17	4	13	12	1	21	19	2	12	10	2	23	23	0	25	20	5	33	32	1	13	12	1	22	22	0	19	17	2	24	24	0	22	22	0	19	19	0	18	16	2
NC_059184.1	4163323	4163324	*	15	14	1	22	21	1	13	13	0	10	10	0	15	13	2	17	13	4	12	11	1	18	17	1	13	13	0	15	15	0	11	11	0	13	13	0	21	18	3	14	14	0	17	14	3	16	15	1	20	20	0	43	43	0	14	13	1	12	12	0
NC_059184.1	4163337	4163338	*	14	13	1	22	21	1	13	13	0	11	9	2	15	15	0	16	15	1	12	11	1	16	16	0	13	12	1	16	16	0	10	10	0	14	14	0	20	20	0	13	12	1	15	14	1	19	17	2	19	19	0	43	41	2	12	12	0	11	10	1
NC_059184.1	4210444	4210445	*	14	6	8	13	0	13	10	0	10	13	7	6	10	0	10	14	0	14	17	0	17	12	0	12	10	4	6	18	0	18	23	0	23	17	0	17	18	0	18	17	0	17	27	0	27	17	0	17	13	0	13	17	1	16	21	0	21	10	0	10
NC_059184.1	4224157	4224158	*	13	13	0	20	18	2	19	18	1	15	15	0	17	17	0	20	19	1	18	17	1	13	13	0	18	17	1	12	12	0	17	17	0	19	19	0	18	18	0	22	22	0	27	22	5	19	19	0	15	15	0	12	12	0	15	15	0	13	13	0
NC_059184.1	4228355	4228356	*	18	16	2	17	17	0	17	17	0	19	18	1	19	19	0	26	20	6	15	15	0	21	20	1	15	14	1	18	17	1	23	21	2	26	25	1	23	23	0	19	18	1	22	20	2	28	25	3	12	12	0	13	13	0	33	31	2	20	18	2
NC_059184.1	4228411	4228412	*	17	16	1	12	10	2	16	15	1	16	14	2	19	17	2	22	21	1	17	17	0	23	22	1	18	16	2	12	11	1	22	19	3	29	29	0	19	19	0	19	18	1	25	23	2	27	24	3	17	15	2	10	10	0	25	24	1	17	16	1
NC_059184.1	4257194	4257195	*	16	13	3	21	10	11	25	14	11	21	10	11	12	9	3	25	15	10	23	13	10	27	18	9	26	12	14	11	10	1	20	14	6	11	6	5	12	5	7	17	7	10	24	12	12	26	21	5	18	9	9	43	29	14	19	14	5	13	9	4
NC_059184.1	4323443	4323444	*	29	28	1	15	14	1	23	21	2	16	16	0	19	17	2	24	24	0	17	16	1	12	12	0	22	21	1	16	16	0	30	14	16	16	15	1	24	22	2	20	19	1	21	19	2	21	20	1	24	20	4	15	14	1	20	19	1	17	15	2
NC_059184.1	4323483	4323484	*	23	22	1	18	16	2	22	22	0	15	14	1	18	17	1	20	20	0	17	17	0	14	10	4	23	23	0	14	6	8	29	25	4	15	10	5	23	21	2	19	19	0	14	8	6	20	11	9	23	11	12	17	0	17	18	0	18	19	19	0
NC_059184.1	4457376	4457377	*	14	13	1	22	8	14	15	15	0	12	11	1	18	18	0	16	15	1	15	15	0	15	15	0	14	11	3	14	4	10	11	10	1	20	19	1	20	20	0	21	14	7	14	11	3	14	14	0	23	23	0	44	43	1	20	19	1	15	15	0
NC_059184.1	4457506	4457507	*	16	13	3	15	15	0	12	12	0	13	13	0	16	15	1	16	16	0	12	11	1	11	7	4	11	9	2	13	12	1	11	11	0	15	15	0	14	10	4	15	8	7	16	14	2	13	11	2	14	12	2	35	34	1	15	15	0	12	9	3
NC_059184.1	5000422	5000423	*	11	10	1	14	12	2	14	14	0	14	14	0	10	10	0	18	17	1	13	12	1	14	14	0	19	18	1	16	16	0	12	11	1	19	16	3	16	14	2	17	17	0	21	20	1	21	20	1	15	14	1	23	22	1	20	20	0	14	14	0
NC_059184.1	5632868	5632869	*	19	18	1	20	19	1	17	17	0	17	15	2	11	11	0	14	14	0	10	10	0	12	12	0	14	10	4	10	10	0	15	14	1	24	22	2	16	14	2	17	16	1	16	16	0	16	15	1	11	10	1	24	24	0	13	12	1	11	11	0
NC_059184.1	5698301	5698302	*	20	5	15	18	0	18	12	0	12	13	0	13	11	0	11	15	0	15	16	0	16	14	0	14	11	0	11	15	0	15	24	0	24	27	0	27	10	0	10	21	0	21	18	0	18	12	0	12	11	0	11	19	0	19	17	0	17	15	1	14
NC_059184.1	5793092	5793093	*	14	14	0	11	11	0	12	12	0	11	11	0	12	12	0	15	14	1	14	13	1	13	13	0	13	13	0	15	15	0	18	18	0	14	11	3	15	15	0	25	23	2	17	17	0	15	15	0	16	15	1	27	26	1	13	13	0	20	20	0
NC_059184.1	5793140	5793141	*	11	11	0	10	10	0	10	10	0	11	11	0	10	10	0	12	11	1	11	10	1	12	12	0	14	13	1	10	10	0	16	14	2	14	13	1	12	12	0	21	21	0	14	13	1	15	15	0	13	12	1	28	27	1	13	12	1	20	19	1
NC_059184.1	5810907	5810908	*	16	15	1	15	15	0	12	3	9	16	16	0	14	14	0	14	14	0	14	6	8	11	11	0	10	10	0	16	15	1	19	19	0	18	17	1	12	4	8	12	12	0	23	23	0	20	20	0	17	17	0	14	6	8	20	18	2	11	11	0
NC_059184.1	5817100	5817101	*	21	20	1	10	10	0	14	12	2	12	11	1	12	12	0	22	21	1	11	11	0	15	15	0	15	13	2	14	13	1	22	21	1	15	15	0	16	16	0	19	18	1	18	18	0	21	19	2	14	13	1	29	29	0	14	13	1	22	20	2
NC_059184.1	5817188	5817189	*	27	12	15	17	11	6	17	16	1	14	2	12	10	10	0	16	11	5	11	11	0	10	10	0	15	8	7	14	12	2	22	10	12	13	12	1	18	16	2	15	14	1	19	5	14	22	14	8	12	12	0	19	18	1	23	22	1	17	15	2
NC_059184.1	5844656	5844657	*	16	7	9	20	16	4	16	13	3	19	11	8	16	11	5	21	17	4	16	4	12	13	11	2	12	6	6	23	9	14	22	20	2	17	7	10	24	4	20	23	21	2	22	15	7	23	19	4	29	11	18	15	13	2	23	17	6	14	11	3
NC_059184.1	7008213	7008214	*	22	13	9	25	25	0	13	9	4	17	17	0	24	23	1	17	13	4	17	9	8	22	10	12	22	18	4	21	8	13	24	23	1	29	17	12	27	27	0	23	13	10	30	30	0	23	23	0	25	19	6	14	13	1	22	2	20	17	9	8
NC_059184.1	8400662	8400663	*	15	13	2	17	15	2	10	10	0	15	14	1	13	12	1	14	13	1	20	19	1	21	20	1	21	19	2	20	19	1	18	17	1	17	17	0	16	16	0	17	17	0	19	18	1	28	26	2	29	29	0	12	10	2	20	17	3	18	18	0
NC_059184.1	9510507	9510508	*	14	14	0	14	14	0	18	18	0	17	17	0	14	14	0	12	12	0	16	14	2	11	11	0	13	13	0	12	12	0	16	16	0	17	17	0	20	20	0	20	19	1	22	22	0	16	15	1	11	10	1	35	33	2	14	14	0	16	16	0
NC_059184.1	9510520	9510521	*	15	15	0	13	13	0	17	17	0	17	17	0	14	14	0	12	12	0	16	16	0	11	11	0	12	12	0	13	12	1	16	15	1	17	17	0	18	17	1	19	18	1	22	22	0	16	16	0	12	10	2	37	36	1	15	15	0	14	13	1
NC_059184.1	9717070	9717071	*	17	17	0	17	16	1	14	13	1	20	20	0	17	16	1	24	21	3	18	18	0	20	19	1	16	15	1	16	14	2	18	18	0	26	25	1	23	22	1	16	15	1	27	25	2	32	30	2	17	15	2	22	21	1	24	24	0	24	24	0
NC_059184.1	9717135	9717136	*	20	20	0	28	27	1	15	14	1	23	21	2	14	10	4	26	26	0	24	20	4	15	14	1	16	15	1	28	28	0	21	21	0	28	27	1	22	21	1	19	18	1	33	32	1	27	26	1	26	26	0	24	22	2	31	31	0	24	23	1
NC_059184.1	9717153	9717154	*	21	19	2	30	29	1	15	14	1	23	19	4	13	9	4	25	24	1	24	17	7	16	15	1	17	14	3	27	27	0	22	19	3	28	27	1	27	24	3	23	21	2	28	28	0	27	26	1	26	25	1	27	25	2	30	29	1	23	22	1
NC_059184.1	9717170	9717171	*	22	12	10	29	16	13	14	6	8	21	7	14	12	1	11	23	16	7	24	7	17	15	9	6	18	11	7	28	18	10	22	7	15	29	17	12	25	1	24	24	12	12	28	25	3	26	12	14	30	21	9	23	13	10	29	19	10	22	15	7
NC_059184.1	9717193	9717194	*	20	9	11	30	12	18	14	5	9	21	6	15	13	0	13	21	8	13	24	2	22	14	7	7	18	11	7	27	13	14	19	7	12	24	5	19	22	1	21	21	8	13	27	20	7	23	10	13	24	15	9	22	11	11	26	17	9	17	9	8
NC_059184.1	9959522	9959523	*	21	18	3	21	20	1	13	13	0	14	12	2	18	18	0	19	18	1	17	14	3	16	14	2	17	15	2	16	15	1	20	19	1	19	19	0	15	15	0	22	22	0	15	14	1	29	29	0	25	24	1	28	25	3	18	15	3	21	21	0
NC_059184.1	11407153	11407154	*	31	30	1	27	26	1	20	20	0	23	21	2	15	14	1	37	37	0	25	23	2	16	16	0	14	14	0	18	17	1	17	17	0	26	23	3	35	33	2	29	29	0	25	25	0	27	27	0	33	32	1	40	35	5	17	17	0	20	19	1
NC_059184.1	11407257	11407258	*	26	25	1	22	21	1	24	22	2	20	19	1	15	14	1	35	35	0	23	23	0	20	20	0	16	15	1	18	16	2	19	17	2	24	20	4	29	28	1	30	28	2	26	26	0	34	32	2	28	26	2	38	36	2	20	20	0	22	20	2
NC_059184.1	11407301	11407302	*	22	22	0	15	13	2	23	23	0	15	14	1	15	15	0	29	29	0	17	16	1	15	15	0	13	12	1	14	13	1	15	14	1	16	14	2	25	23	2	26	24	2	25	25	0	31	29	2	23	22	1	29	29	0	17	17	0	14	13	1
NC_059184.1	12270015	12270016	*	11	11	0	11	10	1	12	12	0	14	14	0	17	17	0	16	15	1	14	13	1	18	17	1	12	11	1	10	10	0	14	14	0	17	16	1	17	14	3	19	19	0	14	14	0	15	15	0	10	9	1	10	9	1	16	14	2	10	10	0
NC_059184.1	12621339	12621340	*	16	15	1	19	18	1	13	13	0	22	22	0	15	15	0	12	12	0	12	11	1	11	11	0	15	15	0	17	16	1	14	14	0	20	18	2	30	29	1	18	18	0	19	19	0	13	13	0	18	18	0	13	13	0	17	17	0	12	12	0
NC_059184.1	12636675	12636676	*	24	23	1	18	18	0	20	20	0	13	13	0	10	9	1	20	19	1	15	15	0	13	11	2	16	16	0	10	10	0	21	21	0	19	17	2	19	18	1	18	17	1	17	15	2	18	17	1	19	16	3	27	27	0	21	20	1	18	16	2
NC_059184.1	12768496	12768497	*	11	11	0	23	21	2	11	11	0	16	16	0	18	18	0	17	17	0	16	16	0	11	9	2	12	12	0	11	10	1	20	20	0	24	22	2	16	16	0	14	13	1	14	14	0	10	9	1	13	13	0	13	12	1	23	22	1	12	12	0
NC_059184.1	12773614	12773615	*	15	13	2	18	17	1	22	19	3	11	11	0	14	9	5	29	26	3	16	14	2	14	14	0	15	14	1	11	10	1	15	13	2	15	13	2	11	9	2	16	9	7	12	7	5	16	14	2	15	13	2	14	14	0	19	10	9	16	16	0
NC_059184.1	12773616	12773617	*	15	12	3	18	18	0	22	18	4	11	11	0	14	8	6	29	24	5	16	15	1	14	14	0	14	14	0	11	11	0	15	13	2	15	13	2	11	11	0	16	10	6	12	7	5	16	14	2	15	11	4	13	13	0	18	13	5	16	14	2
NC_059184.1	12773636	12773637	*	13	12	1	16	13	3	22	22	0	14	14	0	14	13	1	28	26	2	16	14	2	17	17	0	14	14	0	11	10	1	16	15	1	14	11	3	10	9	1	16	15	1	14	11	3	17	15	2	15	14	1	15	14	1	16	11	5	14	13	1
NC_059184.1	12773659	12773660	*	13	13	0	17	16	1	20	18	2	14	14	0	14	14	0	28	26	2	14	14	0	16	16	0	16	15	1	11	10	1	15	15	0	13	11	2	10	7	3	15	13	2	15	11	4	18	12	6	16	16	0	15	14	1	14	8	6	12	11	1
NC_059184.1	12775822	12775823	*	20	9	11	15	0	15	17	0	17	16	8	8	10	7	3	18	0	18	25	1	24	12	0	12	19	0	19	11	7	4	15	6	9	20	11	9	17	6	11	12	6	6	17	8	9	12	0	12	18	5	13	22	13	9	13	5	8	15	0	15
NC_059184.1	13039845	13039846	*	20	19	1	21	16	5	21	19	2	18	17	1	10	8	2	16	15	1	21	17	4	17	13	4	17	15	2	18	10	8	24	18	6	22	19	3	15	5	10	25	24	1	11	10	1	25	20	5	25	23	2	28	14	14	21	16	5	14	13	1
NC_059184.1	13039872	13039873	*	17	17	0	19	15	4	18	18	0	20	20	0	11	10	1	19	17	2	19	19	0	16	16	0	15	15	0	17	15	2	24	23	1	18	17	1	17	17	0	24	22	2	11	10	1	24	24	0	24	23	1	23	22	1	25	24	1	16	16	0
NC_059184.1	13065222	13065223	*	10	10	0	25	25	0	10	10	0	11	11	0	10	10	0	21	20	1	18	17	1	15	14	1	13	12	1	11	11	0	16	15	1	27	27	0	11	11	0	16	14	2	17	16	1	18	11	7	18	18	0	28	26	2	16	16	0	13	13	0
NC_059184.1	13082654	13082655	*	13	12	1	18	16	2	14	14	0	26	24	2	11	11	0	21	20	1	25	25	0	18	15	3	12	11	1	16	15	1	21	19	2	18	16	2	13	12	1	17	16	1	18	15	3	15	15	0	21	20	1	11	9	2	26	26	0	20	20	0
NC_059184.1	13082764	13082765	*	17	15	2	18	14	4	16	16	0	19	17	2	13	13	0	22	21	1	14	12	2	18	16	2	11	11	0	12	12	0	30	30	0	19	17	2	16	16	0	19	18	1	20	19	1	12	12	0	17	16	1	12	11	1	21	21	0	22	20	2
NC_059184.1	13082778	13082779	*	17	15	2	16	12	4	15	14	1	16	15	1	11	10	1	21	20	1	14	14	0	16	15	1	12	12	0	11	10	1	27	26	1	17	17	0	13	12	1	18	16	2	18	17	1	12	12	0	17	14	3	12	10	2	22	22	0	18	16	2
NC_059184.1	13135526	13135527	*	13	10	3	18	18	0	11	11	0	10	10	0	11	11	0	14	12	2	15	14	1	12	10	2	13	12	1	16	16	0	10	10	0	18	18	0	19	19	0	12	12	0	14	14	0	11	11	0	20	19	1	12	12	0	22	21	1	13	13	0
NC_059184.1	13135744	13135745	*	23	21	2	20	20	0	12	12	0	22	22	0	18	16	2	20	20	0	18	18	0	19	18	1	12	12	0	23	23	0	15	15	0	17	16	1	15	15	0	20	18	2	14	12	2	22	21	1	10	10	0	17	17	0	19	18	1	21	21	0
NC_059184.1	13227061	13227062	*	24	22	2	20	19	1	28	27	1	16	13	3	14	14	0	22	22	0	23	22	1	26	24	2	16	14	2	18	17	1	19	19	0	11	11	0	21	19	2	14	13	1	15	15	0	22	20	2	14	14	0	27	27	0	19	18	1	18	16	2
NC_059184.1	13227122	13227123	*	26	10	16	28	17	11	26	4	22	24	11	13	17	11	6	23	9	14	28	7	21	29	16	13	19	3	16	28	2	26	26	12	14	20	16	4	26	3	23	18	3	15	28	6	22	29	23	6	15	10	5	25	5	20	21	7	14	25	10	15
NC_059184.1	13372422	13372423	*	22	22	0	18	17	1	18	13	5	17	16	1	25	24	1	16	14	2	11	10	1	23	21	2	17	16	1	21	20	1	25	22	3	22	20	2	26	20	6	25	19	6	20	20	0	19	17	2	19	17	2	13	13	0	20	16	4	12	8	4
NC_059184.1	13372443	13372444	*	21	20	1	21	19	2	19	17	2	18	16	2	24	24	0	15	13	2	12	11	1	25	22	3	18	18	0	22	19	3	26	24	2	23	21	2	24	21	3	24	23	1	21	21	0	21	20	1	16	16	0	13	12	1	19	19	0	12	12	0
NC_059184.1	13372551	13372552	*	12	10	2	29	22	7	24	17	7	16	6	10	27	25	2	15	7	8	13	4	9	22	20	2	17	11	6	19	13	6	24	18	6	19	14	5	25	15	10	19	11	8	26	15	11	33	26	7	18	15	3	10	5	5	23	15	8	21	12	9
NC_059184.1	13429589	13429590	*	16	14	2	17	14	3	15	14	1	14	13	1	14	14	0	21	17	4	10	10	0	23	23	0	12	12	0	14	14	0	19	19	0	18	17	1	18	18	0	14	13	1	23	21	2	25	25	0	25	24	1	15	13	2	15	14	1	13	13	0
NC_059184.1	13429648	13429649	*	13	13	0	20	19	1	16	15	1	17	17	0	17	16	1	20	20	0	15	15	0	27	27	0	12	12	0	15	15	0	19	19	0	16	16	0	17	17	0	17	17	0	21	19	2	29	29	0	26	26	0	16	15	1	17	17	0	13	13	0
NC_059184.1	13429663	13429664	*	12	11	1	16	16	0	13	13	0	18	17	1	15	15	0	16	16	0	16	14	2	27	27	0	12	11	1	15	14	1	17	17	0	17	17	0	13	13	0	12	11	1	18	18	0	27	27	0	24	22	2	18	17	1	15	15	0	14	14	0
NC_059184.1	13429750	13429751	*	20	19	1	20	19	1	13	13	0	19	17	2	13	13	0	13	13	0	14	12	2	22	21	1	14	13	1	22	20	2	21	21	0	16	14	2	14	12	2	21	20	1	19	18	1	21	20	1	25	23	2	20	19	1	19	18	1	16	16	0
NC_059184.1	13438021	13438022	*	12	11	1	20	17	3	25	12	13	13	12	1	13	13	0	14	13	1	13	13	0	13	13	0	12	10	2	24	12	12	25	20	5	25	25	0	11	10	1	17	14	3	17	16	1	19	16	3	20	18	2	19	14	5	37	19	18	17	15	2
NC_059184.1	13541553	13541554	*	15	15	0	13	11	2	18	16	2	13	11	2	17	16	1	18	17	1	15	11	4	12	12	0	11	10	1	18	17	1	16	15	1	12	11	1	13	13	0	15	14	1	19	18	1	22	20	2	17	14	3	18	17	1	18	17	1	15	15	0
NC_059184.1	13563825	13563826	*	20	19	1	12	10	2	17	17	0	13	13	0	10	9	1	15	14	1	11	11	0	15	15	0	12	12	0	11	11	0	17	17	0	10	10	0	10	10	0	14	13	1	26	26	0	18	18	0	14	13	1	26	26	0	17	17	0	21	20	1
NC_059184.1	13563833	13563834	*	20	17	3	11	10	1	17	17	0	13	13	0	10	9	1	15	14	1	11	10	1	15	14	1	11	11	0	13	13	0	17	17	0	10	10	0	10	10	0	14	14	0	27	27	0	18	18	0	14	14	0	26	26	0	16	15	1	21	19	2
NC_059184.1	13563853	13563854	*	20	18	2	10	9	1	15	15	0	13	12	1	11	11	0	16	15	1	11	11	0	14	14	0	12	12	0	12	11	1	16	16	0	10	10	0	10	10	0	13	11	2	23	22	1	17	16	1	10	10	0	25	25	0	15	14	1	17	15	2
NC_059184.1	13568524	13568525	*	10	8	2	26	25	1	16	16	0	15	15	0	14	14	0	22	21	1	15	13	2	20	19	1	17	16	1	20	20	0	15	13	2	29	29	0	18	17	1	22	22	0	25	25	0	25	24	1	25	25	0	30	30	0	18	18	0	23	23	0
NC_059184.1	13568532	13568533	*	11	10	1	26	25	1	17	15	2	14	13	1	14	13	1	23	21	2	15	14	1	17	16	1	16	15	1	18	17	1	18	16	2	26	23	3	17	15	2	21	20	1	24	20	4	22	19	3	26	24	2	29	26	3	17	17	0	23	22	1
NC_059184.1	13568592	13568593	*	13	12	1	19	18	1	24	21	3	15	15	0	12	11	1	26	22	4	11	10	1	14	14	0	17	13	4	13	13	0	20	19	1	24	22	2	20	19	1	16	15	1	17	15	2	25	21	4	21	20	1	33	29	4	17	15	2	21	19	2
NC_059184.1	13568649	13568650	*	15	14	1	20	18	2	24	21	3	13	13	0	13	12	1	24	23	1	11	10	1	11	11	0	16	15	1	19	18	1	17	15	2	21	19	2	20	19	1	13	11	2	18	17	1	26	22	4	23	22	1	25	22	3	17	17	0	16	15	1
NC_059184.1	13568700	13568701	*	15	9	6	16	12	4	27	26	1	11	9	2	12	11	1	20	19	1	12	10	2	17	5	12	16	4	12	17	6	11	17	15	2	16	15	1	15	15	0	13	13	0	18	14	4	23	21	2	19	18	1	16	13	3	19	19	0	15	13	2
NC_059184.1	13628180	13628181	*	20	16	4	18	16	2	11	7	4	13	11	2	18	13	5	14	11	3	22	17	5	16	15	1	12	11	1	16	14	2	15	12	3	19	15	4	25	21	4	21	16	5	23	18	5	24	21	3	20	15	5	11	10	1	15	14	1	14	14	0
NC_059184.1	13628202	13628203	*	20	20	0	16	16	0	12	6	6	12	11	1	17	17	0	14	6	8	21	20	1	12	8	4	12	6	6	16	0	16	14	8	6	17	12	5	24	24	0	21	12	9	23	21	2	23	23	0	19	6	13	12	12	0	14	7	7	15	15	0
NC_059184.1	13645803	13645804	*	12	11	1	10	10	0	10	10	0	17	16	1	17	15	2	15	13	2	11	10	1	11	11	0	10	10	0	14	14	0	17	16	1	10	9	1	14	14	0	13	13	0	20	20	0	11	10	1	11	9	2	22	21	1	22	21	1	20	19	1
NC_059184.1	13645833	13645834	*	12	12	0	10	10	0	12	12	0	16	15	1	15	14	1	19	19	0	11	11	0	10	10	0	10	9	1	16	16	0	16	15	1	12	12	0	14	14	0	12	11	1	20	20	0	12	12	0	11	11	0	18	18	0	19	17	2	23	22	1
NC_059184.1	13722061	13722062	*	14	14	0	21	20	1	11	11	0	13	13	0	18	17	1	16	13	3	20	20	0	13	12	1	10	8	2	19	19	0	19	18	1	12	12	0	20	20	0	24	23	1	18	16	2	20	20	0	18	18	0	18	18	0	17	16	1	17	17	0
NC_059184.1	13722128	13722129	*	14	13	1	17	14	3	11	7	4	13	13	0	15	13	2	13	11	2	14	11	3	13	13	0	10	10	0	18	16	2	18	17	1	14	12	2	18	17	1	18	17	1	16	16	0	11	11	0	18	16	2	20	18	2	15	14	1	18	11	7
NC_059184.1	13744870	13744871	*	16	16	0	10	10	0	15	15	0	13	11	2	10	10	0	17	12	5	10	10	0	16	15	1	13	12	1	15	15	0	22	22	0	18	18	0	12	12	0	18	18	0	19	19	0	20	18	2	17	16	1	17	16	1	13	11	2	10	9	1
NC_059184.1	13744882	13744883	*	15	14	1	11	10	1	14	13	1	12	11	1	10	10	0	20	17	3	10	9	1	17	16	1	11	10	1	14	14	0	22	22	0	18	18	0	11	10	1	17	16	1	20	20	0	18	14	4	21	19	2	21	21	0	12	11	1	10	10	0
NC_059184.1	13831233	13831234	*	20	19	1	17	17	0	16	15	1	13	13	0	16	16	0	18	18	0	13	12	1	14	13	1	15	14	1	18	18	0	23	23	0	18	16	2	21	21	0	31	29	2	25	25	0	27	27	0	30	30	0	17	17	0	26	26	0	23	23	0
NC_059184.1	13831244	13831245	*	21	19	2	18	17	1	17	16	1	12	11	1	15	15	0	20	20	0	13	12	1	14	13	1	16	16	0	17	17	0	24	24	0	19	18	1	21	21	0	31	30	1	25	25	0	27	27	0	29	28	1	18	17	1	28	27	1	23	23	0
NC_059184.1	13831266	13831267	*	23	23	0	16	15	1	15	15	0	13	13	0	13	12	1	20	19	1	12	10	2	15	15	0	19	18	1	15	13	2	27	27	0	18	18	0	24	20	4	33	31	2	25	25	0	23	21	2	27	24	3	15	11	4	30	29	1	24	24	0
NC_059184.1	13855115	13855116	*	14	13	1	15	13	2	12	12	0	11	11	0	13	12	1	16	16	0	15	14	1	11	10	1	10	10	0	19	18	1	17	17	0	11	11	0	14	14	0	13	13	0	21	19	2	10	9	1	11	10	1	24	22	2	18	17	1	16	16	0
NC_059185.1	48574	48575	*	21	19	2	17	16	1	12	11	1	11	10	1	19	17	2	19	19	0	15	14	1	14	13	1	15	15	0	24	23	1	17	17	0	23	22	1	21	21	0	24	21	3	25	25	0	13	12	1	23	21	2	10	10	0	20	18	2	17	16	1
NC_059185.1	48613	48614	*	22	19	3	15	15	0	12	12	0	12	11	1	16	16	0	22	21	1	17	17	0	15	13	2	17	16	1	24	23	1	22	19	3	21	20	1	19	18	1	25	25	0	24	22	2	14	13	1	21	21	0	10	10	0	22	21	1	19	17	2
NC_059185.1	48627	48628	*	20	18	2	17	17	0	11	11	0	14	13	1	15	14	1	20	20	0	17	16	1	17	16	1	16	14	2	23	22	1	23	18	5	20	18	2	14	14	0	24	24	0	23	23	0	14	13	1	21	19	2	11	10	1	20	20	0	17	17	0
NC_059185.1	94961	94962	*	11	3	8	11	0	11	12	0	12	14	0	14	10	0	10	15	0	15	19	0	19	11	1	10	15	0	15	18	0	18	16	0	16	11	0	11	16	0	16	16	0	16	14	0	14	13	0	13	10	0	10	11	0	11	13	0	13	17	0	17
NC_059185.1	109973	109974	*	18	16	2	18	17	1	20	14	6	26	25	1	21	8	13	22	20	2	21	20	1	16	3	13	10	7	3	31	31	0	22	19	3	22	12	10	27	15	12	25	24	1	33	21	12	28	8	20	21	21	0	12	12	0	27	27	0	16	10	6
NC_059185.1	110010	110011	*	19	19	0	22	22	0	18	17	1	27	24	3	20	8	12	20	18	2	22	19	3	15	9	6	10	7	3	34	34	0	27	26	1	17	11	6	27	15	12	30	29	1	36	34	2	29	19	10	18	17	1	18	17	1	27	27	0	18	11	7
NC_059185.1	120907	120908	*	26	8	18	22	0	22	15	0	15	14	0	14	19	0	19	22	0	22	16	0	16	21	0	21	23	0	23	18	0	18	25	11	14	19	0	19	19	6	13	21	1	20	24	0	24	25	1	24	25	0	25	39	2	37	30	0	30	28	0	28
NC_059185.1	120940	120941	*	25	7	18	20	5	15	12	0	12	11	0	11	20	0	20	18	0	18	14	0	14	18	0	18	22	0	22	19	0	19	21	7	14	18	0	18	18	9	9	18	1	17	18	1	17	22	0	22	24	0	24	38	0	38	27	0	27	22	0	22
NC_059185.1	147974	147975	*	12	12	0	25	22	3	17	17	0	23	21	2	15	15	0	21	21	0	19	19	0	20	18	2	17	16	1	14	13	1	21	19	2	21	19	2	22	20	2	15	13	2	21	18	3	25	25	0	27	25	2	25	22	3	27	25	2	16	14	2
NC_059185.1	148010	148011	*	13	12	1	24	21	3	18	16	2	23	20	3	15	15	0	23	22	1	17	17	0	22	20	2	18	18	0	18	18	0	23	22	1	21	19	2	24	21	3	17	16	1	19	18	1	24	23	1	30	30	0	27	27	0	29	29	0	14	14	0
NC_059185.1	148166	148167	*	14	12	2	17	16	1	14	13	1	13	13	0	17	15	2	20	18	2	14	12	2	16	16	0	16	16	0	25	23	2	21	18	3	16	16	0	19	17	2	22	21	1	19	19	0	24	21	3	22	19	3	45	44	1	20	17	3	14	14	0
NC_059185.1	148187	148188	*	16	16	0	16	15	1	14	14	0	12	11	1	16	16	0	20	18	2	15	9	6	15	15	0	15	14	1	27	25	2	20	18	2	16	16	0	17	16	1	21	20	1	17	16	1	25	25	0	20	18	2	46	45	1	19	18	1	13	13	0
NC_059185.1	148214	148215	*	17	17	0	12	9	3	12	11	1	11	11	0	13	12	1	18	17	1	14	8	6	13	12	1	12	11	1	26	24	2	18	18	0	17	17	0	13	13	0	17	17	0	15	14	1	21	21	0	14	14	0	52	35	17	19	17	2	13	13	0
NC_059185.1	210192	210193	*	37	23	14	20	9	11	20	11	9	17	9	8	33	16	17	20	8	12	10	6	4	29	14	15	17	4	13	30	21	9	32	19	13	24	17	7	21	5	16	22	7	15	23	6	17	19	10	9	36	16	20	14	7	7	23	15	8	14	5	9
NC_059185.1	210236	210237	*	38	10	28	25	11	14	27	12	15	17	4	13	32	13	19	19	2	17	10	4	6	29	14	15	18	6	12	35	14	21	33	13	20	31	15	16	22	5	17	24	6	18	28	11	17	24	3	21	42	15	27	15	6	9	25	4	21	20	1	19
NC_059185.1	255142	255143	*	23	23	0	25	24	1	16	12	4	20	18	2	12	9	3	15	13	2	14	14	0	11	10	1	17	17	0	17	14	3	20	20	0	31	31	0	26	21	5	17	15	2	26	25	1	21	20	1	19	18	1	10	9	1	18	17	1	22	20	2
NC_059185.1	255197	255198	*	23	22	1	27	26	1	16	16	0	17	15	2	14	13	1	20	18	2	18	17	1	10	10	0	15	14	1	21	20	1	18	18	0	36	35	1	30	30	0	22	22	0	24	22	2	22	20	2	17	17	0	13	11	2	21	20	1	19	19	0
NC_059185.1	326326	326327	*	11	10	1	21	20	1	14	14	0	17	17	0	13	12	1	14	13	1	13	13	0	13	13	0	15	15	0	18	18	0	14	13	1	18	18	0	23	23	0	23	17	6	10	10	0	21	21	0	23	23	0	19	18	1	17	17	0	15	15	0
NC_059185.1	326337	326338	*	12	11	1	21	20	1	14	14	0	15	15	0	13	13	0	14	13	1	13	6	7	12	11	1	15	14	1	18	16	2	14	13	1	19	19	0	23	22	1	23	14	9	11	11	0	18	17	1	22	22	0	20	11	9	17	7	10	14	14	0
NC_059185.1	326487	326488	*	16	16	0	18	18	0	11	11	0	17	17	0	14	14	0	10	10	0	17	16	1	13	12	1	10	8	2	23	23	0	14	13	1	15	15	0	15	15	0	13	13	0	15	15	0	22	22	0	20	20	0	22	21	1	15	14	1	14	13	1
NC_059185.1	378893	378894	*	16	16	0	18	17	1	18	17	1	17	15	2	18	16	2	19	17	2	20	17	3	11	10	1	22	21	1	24	21	3	32	32	0	31	29	2	34	32	2	32	31	1	40	39	1	29	28	1	22	22	0	11	11	0	27	27	0	12	12	0
NC_059185.1	378975	378976	*	17	15	2	22	18	4	17	11	6	17	16	1	18	16	2	18	14	4	18	11	7	17	13	4	18	14	4	17	12	5	35	27	8	23	19	4	32	25	7	30	25	5	32	26	6	34	24	10	26	15	11	11	9	2	27	22	5	16	10	6
NC_059185.1	379017	379018	*	19	19	0	20	19	1	15	14	1	24	21	3	15	15	0	20	8	12	18	9	9	14	13	1	15	14	1	16	16	0	33	33	0	22	22	0	28	27	1	27	26	1	22	19	3	27	13	14	18	18	0	13	5	8	27	11	16	15	14	1
NC_059185.1	515750	515751	*	26	8	18	21	11	10	12	10	2	19	16	3	18	11	7	15	8	7	16	5	11	13	8	5	14	8	6	18	9	9	29	18	11	25	3	22	27	22	5	23	8	15	22	5	17	25	7	18	26	12	14	20	12	8	21	8	13	28	17	11
NC_059185.1	620176	620177	*	16	16	0	23	21	2	16	16	0	17	17	0	11	11	0	20	17	3	18	18	0	17	15	2	17	16	1	13	12	1	24	24	0	20	19	1	13	11	2	13	13	0	24	20	4	16	15	1	15	14	1	34	34	0	11	9	2	10	10	0
NC_059185.1	631906	631907	*	14	14	0	15	15	0	15	15	0	14	13	1	10	10	0	13	13	0	12	11	1	16	15	1	14	14	0	16	14	2	21	20	1	15	15	0	15	15	0	17	17	0	17	17	0	12	8	4	18	15	3	16	16	0	11	10	1	13	9	4
NC_059185.1	669697	669698	*	25	24	1	12	12	0	19	16	3	18	18	0	13	13	0	12	12	0	11	11	0	10	10	0	16	14	2	14	13	1	14	13	1	19	19	0	15	15	0	16	15	1	21	21	0	22	22	0	23	22	1	32	32	0	22	20	2	15	13	2
NC_059185.1	688987	688988	*	19	18	1	15	15	0	17	17	0	15	14	1	14	14	0	15	15	0	15	15	0	12	11	1	11	11	0	10	10	0	17	17	0	17	16	1	26	25	1	21	21	0	21	19	2	21	21	0	14	14	0	12	11	1	23	22	1	18	16	2
NC_059185.1	746180	746181	*	10	9	1	14	14	0	10	10	0	20	19	1	12	12	0	16	9	7	14	7	7	10	10	0	15	15	0	13	12	1	20	19	1	16	14	2	12	12	0	17	9	8	20	19	1	11	3	8	16	4	12	11	4	7	21	10	11	11	10	1
NC_059185.1	769973	769974	*	29	26	3	20	19	1	17	16	1	16	14	2	23	23	0	13	13	0	18	17	1	11	10	1	17	17	0	18	16	2	39	38	1	18	18	0	22	20	2	28	17	11	24	24	0	24	24	0	16	8	8	10	10	0	29	26	3	13	10	3
NC_059185.1	770250	770251	*	15	12	3	30	29	1	11	11	0	23	22	1	20	13	7	19	19	0	13	12	1	13	13	0	11	11	0	17	16	1	15	15	0	23	23	0	23	23	0	27	25	2	21	19	2	12	11	1	18	17	1	10	10	0	28	25	3	20	19	1
NC_059185.1	770253	770254	*	15	12	3	29	29	0	11	10	1	23	22	1	20	20	0	19	16	3	13	13	0	13	13	0	11	10	1	17	17	0	14	14	0	23	23	0	23	22	1	27	25	2	21	21	0	12	12	0	18	18	0	10	10	0	28	25	3	20	20	0
NC_059185.1	770265	770266	*	15	12	3	29	25	4	12	11	1	22	21	1	21	20	1	18	18	0	12	12	0	13	12	1	12	11	1	17	14	3	15	15	0	24	23	1	24	23	1	27	26	1	21	19	2	13	12	1	19	19	0	10	10	0	27	22	5	20	18	2
NC_059185.1	770297	770298	*	13	13	0	29	29	0	10	9	1	18	17	1	16	16	0	20	18	2	13	12	1	12	12	0	12	12	0	15	15	0	17	16	1	23	23	0	26	25	1	23	23	0	21	21	0	13	12	1	19	19	0	10	10	0	27	23	4	19	18	1
NC_059185.1	930303	930304	*	15	6	9	21	3	18	21	7	14	27	11	16	15	9	6	16	8	8	30	8	22	19	7	12	17	1	16	14	2	12	20	4	16	12	3	9	10	1	9	19	1	18	18	6	12	26	7	19	14	5	9	59	24	35	30	3	27	13	3	10
NC_059185.1	936724	936725	*	14	14	0	19	17	2	20	20	0	14	14	0	17	17	0	20	19	1	21	21	0	15	15	0	10	10	0	20	17	3	17	16	1	23	23	0	23	23	0	22	22	0	18	18	0	25	25	0	15	15	0	34	33	1	13	13	0	14	13	1
NC_059185.1	936872	936873	*	18	17	1	30	28	2	20	18	2	13	13	0	27	24	3	19	18	1	20	20	0	12	12	0	13	13	0	17	16	1	22	20	2	26	25	1	25	24	1	27	27	0	18	18	0	32	30	2	27	27	0	40	38	2	24	24	0	20	20	0
NC_059185.1	936897	936898	*	18	17	1	29	27	2	18	17	1	14	14	0	23	21	2	18	18	0	23	19	4	11	10	1	11	10	1	13	13	0	19	18	1	23	23	0	20	20	0	27	27	0	16	15	1	24	24	0	23	22	1	32	32	0	23	22	1	17	14	3
NC_059185.1	936954	936955	*	18	13	5	28	19	9	16	9	7	16	12	4	22	15	7	22	14	8	25	16	9	15	13	2	13	9	4	13	12	1	19	11	8	28	21	7	21	12	9	22	10	12	14	10	4	28	18	10	23	13	10	28	14	14	28	14	14	17	11	6
NC_059185.1	937024	937025	*	15	13	2	17	14	3	12	10	2	12	12	0	20	19	1	18	17	1	28	24	4	12	11	1	10	10	0	13	13	0	18	18	0	22	22	0	19	19	0	18	18	0	10	10	0	22	21	1	17	16	1	17	17	0	28	27	1	11	9	2
NC_059185.1	1176198	1176199	*	13	13	0	20	19	1	15	15	0	12	12	0	10	9	1	19	17	2	14	13	1	13	13	0	14	13	1	24	24	0	20	20	0	10	10	0	14	11	3	16	16	0	15	14	1	18	15	3	18	17	1	22	20	2	16	15	1	17	14	3
NC_059185.1	1176234	1176235	*	15	13	2	21	20	1	16	15	1	13	10	3	12	10	2	20	18	2	21	19	2	12	11	1	15	11	4	25	23	2	22	21	1	16	13	3	17	15	2	17	15	2	18	16	2	20	19	1	19	18	1	20	20	0	18	15	3	21	18	3
NC_059185.1	1176324	1176325	*	15	15	0	24	22	2	17	17	0	17	17	0	17	16	1	18	16	2	17	17	0	17	16	1	15	15	0	22	21	1	20	18	2	17	14	3	19	19	0	16	13	3	15	15	0	14	14	0	22	21	1	22	19	3	19	17	2	26	25	1
NC_059185.1	1176362	1176363	*	14	14	0	25	24	1	12	12	0	17	17	0	22	22	0	20	20	0	20	19	1	12	11	1	16	14	2	20	17	3	22	21	1	21	21	0	20	20	0	14	13	1	15	15	0	13	13	0	23	23	0	24	23	1	20	19	1	21	20	1
NC_059185.1	1180210	1180211	*	14	13	1	17	17	0	24	23	1	13	10	3	20	20	0	27	25	2	14	12	2	19	16	3	10	10	0	14	13	1	23	18	5	15	14	1	19	14	5	23	20	3	15	13	2	17	16	1	24	24	0	10	8	2	16	16	0	16	13	3
NC_059185.1	1180256	1180257	*	14	12	2	19	16	3	20	20	0	15	14	1	23	22	1	31	29	2	17	16	1	19	17	2	14	11	3	18	17	1	25	22	3	25	22	3	22	21	1	19	18	1	18	18	0	21	20	1	27	23	4	12	11	1	17	13	4	16	14	2
NC_059185.1	1180318	1180319	*	17	8	9	27	25	2	19	18	1	17	11	6	22	14	8	32	30	2	21	10	11	19	12	7	17	17	0	23	22	1	26	25	1	29	28	1	21	21	0	20	9	11	22	15	7	23	23	0	28	10	18	13	13	0	20	19	1	26	13	13
NC_059185.1	1180325	1180326	*	17	17	0	27	25	2	18	17	1	17	16	1	20	20	0	32	32	0	20	19	1	19	12	7	17	17	0	19	19	0	26	25	1	29	27	2	20	20	0	20	19	1	22	12	10	23	22	1	28	27	1	12	12	0	20	19	1	28	26	2
NC_059185.1	1531404	1531405	*	23	21	2	24	22	2	13	13	0	21	21	0	17	16	1	15	13	2	16	15	1	14	14	0	17	15	2	18	16	2	25	23	2	28	28	0	17	16	1	22	22	0	33	13	20	23	22	1	25	24	1	10	10	0	25	23	2	19	18	1
NC_059185.1	1531541	1531542	*	23	20	3	20	19	1	17	15	2	18	18	0	17	16	1	21	20	1	14	14	0	21	21	0	15	15	0	29	28	1	24	22	2	25	24	1	21	21	0	30	27	3	26	26	0	13	13	0	22	20	2	10	8	2	29	8	21	20	19	1
NC_059185.1	1531579	1531580	*	17	6	11	18	0	18	18	7	11	14	2	12	15	6	9	20	17	3	11	8	3	22	8	14	16	6	10	30	14	16	22	21	1	21	8	13	23	0	23	28	11	17	25	13	12	11	9	2	19	18	1	12	0	12	32	1	31	20	0	20
NC_059185.1	1744372	1744373	*	21	7	14	19	0	19	20	0	20	12	5	7	12	0	12	15	0	15	13	0	13	21	0	21	19	0	19	21	6	15	23	10	13	25	0	25	19	2	17	16	1	15	24	13	11	37	4	33	20	4	16	79	12	67	14	0	14	17	4	13
NC_059185.1	1745331	1745332	*	18	10	8	20	17	3	14	13	1	15	14	1	11	9	2	20	17	3	10	10	0	13	10	3	18	12	6	16	16	0	22	20	2	17	14	3	16	15	1	18	16	2	17	15	2	19	19	0	20	17	3	22	19	3	24	12	12	12	10	2
NC_059185.1	1764439	1764440	*	15	8	7	21	6	15	11	11	0	12	6	6	14	7	7	23	23	0	13	10	3	11	5	6	10	10	0	11	11	0	20	11	9	21	10	11	10	1	9	21	8	13	22	9	13	19	19	0	12	5	7	23	15	8	15	14	1	14	10	4
NC_059185.1	1764482	1764483	*	15	13	2	19	19	0	12	11	1	12	11	1	12	11	1	20	18	2	11	11	0	11	11	0	10	10	0	14	12	2	24	24	0	15	14	1	12	11	1	18	16	2	25	23	2	23	22	1	12	12	0	20	18	2	17	17	0	14	13	1
NC_059185.1	1798799	1798800	*	16	16	0	23	22	1	11	9	2	11	11	0	13	13	0	12	12	0	17	17	0	14	13	1	11	10	1	16	15	1	13	12	1	14	14	0	12	12	0	17	15	2	21	20	1	18	16	2	12	12	0	15	14	1	17	17	0	13	13	0
NC_059185.1	1868821	1868822	*	15	13	2	11	9	2	14	11	3	16	13	3	15	13	2	15	14	1	11	7	4	11	9	2	13	13	0	18	18	0	21	20	1	11	8	3	11	9	2	17	15	2	16	15	1	18	17	1	15	12	3	21	18	3	13	12	1	17	13	4
NC_059185.1	1907860	1907861	*	29	25	4	23	22	1	15	14	1	14	12	2	14	14	0	18	18	0	15	4	11	18	7	11	17	10	7	16	15	1	20	18	2	20	11	9	22	19	3	15	11	4	22	22	0	16	16	0	17	16	1	16	16	0	21	8	13	18	13	5
NC_059185.1	2067675	2067676	*	12	11	1	12	12	0	16	6	10	10	9	1	12	10	2	13	11	2	12	12	0	10	10	0	12	10	2	13	12	1	22	22	0	13	12	1	17	14	3	17	15	2	16	15	1	22	22	0	14	13	1	12	11	1	18	17	1	14	11	3
NC_059185.1	2096477	2096478	*	13	12	1	13	11	2	19	19	0	10	10	0	14	13	1	16	16	0	14	14	0	16	15	1	20	18	2	13	13	0	24	19	5	19	16	3	16	16	0	24	22	2	33	32	1	20	17	3	19	16	3	16	15	1	23	22	1	17	16	1
NC_059185.1	2140569	2140570	*	14	14	0	16	16	0	11	11	0	23	23	0	20	19	1	21	20	1	14	14	0	12	12	0	12	12	0	24	24	0	18	18	0	17	16	1	25	24	1	32	31	1	18	17	1	19	17	2	20	20	0	22	21	1	30	29	1	19	19	0
NC_059185.1	2140638	2140639	*	10	9	1	13	12	1	12	10	2	21	20	1	13	12	1	24	23	1	15	15	0	16	15	1	11	11	0	26	26	0	17	16	1	16	16	0	22	22	0	30	28	2	18	17	1	18	16	2	17	16	1	22	22	0	26	25	1	18	15	3
NC_059185.1	2177761	2177762	*	14	7	7	20	0	20	19	0	19	11	1	10	16	0	16	15	5	10	19	7	12	19	0	19	12	0	12	11	0	11	18	0	18	10	0	10	14	0	14	23	0	23	17	0	17	18	8	10	16	0	16	18	8	10	19	8	11	16	0	16
NC_059185.1	2195053	2195054	*	14	13	1	21	18	3	13	11	2	18	18	0	13	13	0	12	9	3	16	16	0	14	14	0	21	20	1	16	15	1	26	24	2	15	14	1	28	28	0	19	17	2	24	23	1	17	16	1	14	14	0	15	15	0	26	26	0	14	13	1
NC_059185.1	2232603	2232604	*	17	16	1	10	10	0	13	13	0	18	17	1	11	11	0	27	25	2	16	14	2	11	11	0	10	10	0	23	22	1	20	19	1	15	15	0	15	13	2	14	13	1	18	17	1	18	17	1	16	15	1	22	21	1	15	14	1	11	9	2
NC_059185.1	2259896	2259897	*	13	11	2	13	13	0	10	10	0	13	13	0	14	13	1	15	13	2	12	12	0	12	11	1	10	9	1	16	16	0	16	14	2	19	18	1	18	17	1	24	22	2	18	18	0	15	13	2	17	16	1	18	16	2	22	22	0	25	25	0
NC_059185.1	2259958	2259959	*	12	11	1	13	13	0	14	14	0	13	13	0	15	14	1	14	12	2	13	9	4	13	12	1	10	9	1	19	16	3	17	15	2	23	22	1	24	21	3	29	18	11	20	18	2	16	15	1	18	18	0	19	18	1	20	18	2	30	28	2
NC_059185.1	2293030	2293031	*	20	15	5	23	20	3	11	11	0	17	16	1	10	10	0	27	15	12	24	21	3	21	20	1	14	11	3	18	16	2	15	15	0	15	12	3	13	11	2	12	7	5	21	19	2	18	17	1	18	14	4	16	15	1	17	16	1	11	11	0
NC_059185.1	2424435	2424436	*	20	19	1	27	27	0	19	18	1	11	11	0	16	15	1	15	15	0	14	12	2	15	15	0	14	14	0	15	14	1	22	21	1	21	21	0	12	11	1	16	15	1	12	12	0	19	18	1	17	17	0	10	10	0	16	16	0	14	14	0
NC_059185.1	2424481	2424482	*	25	22	3	26	25	1	16	15	1	16	15	1	13	12	1	15	14	1	16	15	1	16	16	0	18	18	0	16	13	3	18	17	1	17	16	1	13	11	2	13	13	0	12	12	0	19	18	1	17	16	1	10	9	1	16	15	1	14	13	1
NC_059185.1	2456856	2456857	*	12	5	7	22	12	10	10	6	4	13	8	5	20	20	0	15	14	1	13	13	0	10	6	4	15	9	6	25	24	1	26	24	2	18	17	1	17	17	0	30	29	1	16	11	5	29	28	1	10	6	4	11	11	0	16	14	2	26	25	1
NC_059185.1	2456863	2456864	*	13	13	0	22	11	11	10	9	1	13	11	2	21	20	1	15	11	4	12	11	1	10	8	2	16	12	4	26	25	1	27	24	3	17	16	1	17	17	0	30	25	5	17	15	2	31	21	10	10	8	2	10	9	1	17	14	3	27	24	3
NC_059185.1	2612193	2612194	*	21	18	3	20	19	1	14	14	0	24	22	2	15	14	1	15	14	1	14	13	1	14	14	0	16	16	0	21	21	0	16	12	4	14	13	1	24	23	1	19	18	1	23	20	3	22	21	1	13	13	0	15	14	1	20	17	3	17	15	2
NC_059185.1	2612223	2612224	*	22	22	0	21	21	0	13	13	0	23	22	1	13	13	0	15	15	0	14	14	0	16	16	0	14	14	0	23	23	0	16	16	0	15	14	1	20	20	0	22	22	0	22	19	3	20	19	1	12	12	0	17	17	0	23	22	1	16	14	2
NC_059185.1	2612606	2612607	*	11	11	0	25	24	1	15	15	0	19	18	1	11	10	1	14	13	1	18	17	1	14	10	4	12	12	0	15	14	1	13	13	0	25	23	2	22	22	0	21	20	1	32	32	0	23	19	4	28	25	3	13	10	3	15	15	0	22	21	1
NC_059185.1	2620345	2620346	*	17	15	2	20	19	1	13	11	2	15	15	0	15	15	0	14	13	1	18	17	1	12	12	0	11	7	4	17	17	0	14	13	1	14	13	1	13	6	7	15	12	3	19	18	1	13	12	1	18	17	1	19	18	1	15	15	0	16	16	0
NC_059185.1	2655562	2655563	*	25	25	0	23	22	1	20	18	2	14	13	1	10	9	1	21	20	1	17	16	1	16	15	1	12	10	2	14	13	1	23	22	1	10	9	1	21	20	1	23	23	0	16	15	1	24	24	0	18	17	1	12	12	0	18	18	0	27	25	2
NC_059185.1	2655601	2655602	*	25	19	6	22	21	1	23	19	4	18	12	6	10	8	2	19	16	3	20	18	2	15	14	1	11	9	2	19	15	4	26	26	0	10	5	5	24	21	3	21	18	3	21	19	2	23	19	4	17	15	2	12	10	2	21	10	11	31	23	8
NC_059185.1	2655617	2655618	*	23	22	1	22	19	3	25	24	1	16	13	3	12	10	2	19	16	3	18	17	1	12	11	1	10	9	1	18	16	2	27	26	1	11	5	6	23	22	1	20	19	1	21	18	3	20	19	1	17	15	2	11	9	2	20	12	8	33	29	4
NC_059185.1	2692008	2692009	*	20	20	0	26	24	2	23	23	0	18	17	1	10	10	0	14	14	0	12	12	0	16	14	2	16	15	1	15	14	1	20	20	0	19	17	2	11	11	0	20	19	1	17	15	2	19	19	0	20	17	3	15	15	0	18	16	2	10	9	1
NC_059185.1	2916354	2916355	*	16	11	5	14	14	0	20	20	0	18	18	0	11	11	0	14	14	0	16	15	1	19	18	1	15	13	2	19	18	1	21	21	0	17	14	3	16	15	1	15	14	1	19	19	0	19	19	0	11	10	1	25	23	2	15	7	8	15	14	1
NC_059185.1	2991303	2991304	*	21	18	3	17	17	0	12	10	2	16	14	2	21	8	13	20	18	2	21	19	2	12	12	0	11	10	1	12	12	0	34	34	0	15	15	0	15	15	0	24	23	1	19	18	1	28	27	1	19	19	0	18	17	1	24	23	1	24	22	2
NC_059185.1	2991310	2991311	*	20	17	3	17	16	1	12	10	2	15	13	2	21	7	14	20	18	2	21	18	3	13	12	1	11	10	1	13	13	0	35	35	0	15	15	0	14	13	1	23	21	2	19	16	3	27	25	2	18	16	2	18	17	1	22	20	2	21	20	1
NC_059185.1	3018013	3018014	*	20	9	11	20	18	2	14	5	9	20	0	20	22	11	11	18	0	18	27	10	17	16	0	16	19	0	19	17	0	17	27	0	27	20	0	20	20	0	20	25	11	14	24	0	24	18	0	18	15	0	15	10	0	10	19	0	19	25	13	12
NC_059185.1	3122592	3122593	*	18	17	1	29	26	3	16	16	0	14	13	1	11	7	4	23	23	0	19	19	0	14	14	0	17	17	0	19	8	11	23	21	2	26	26	0	33	32	1	30	28	2	38	22	16	26	24	2	17	17	0	12	12	0	24	24	0	26	26	0
NC_059185.1	3122622	3122623	*	18	17	1	32	31	1	17	17	0	13	13	0	12	7	5	22	20	2	22	22	0	13	13	0	16	16	0	18	7	11	26	25	1	24	24	0	33	32	1	31	30	1	37	21	16	27	26	1	16	16	0	11	11	0	23	22	1	24	23	1
NC_059185.1	3122677	3122678	*	21	20	1	26	25	1	15	15	0	14	13	1	10	10	0	24	23	1	17	15	2	13	12	1	15	15	0	20	20	0	24	24	0	20	20	0	31	30	1	32	31	1	29	28	1	25	24	1	16	16	0	11	11	0	24	24	0	19	19	0
NC_059185.1	3122717	3122718	*	20	19	1	19	17	2	16	16	0	15	14	1	10	10	0	25	24	1	15	13	2	11	9	2	12	12	0	20	19	1	20	17	3	25	24	1	24	22	2	25	24	1	22	21	1	24	22	2	13	12	1	10	10	0	18	18	0	11	10	1
NC_059185.1	3134591	3134592	*	25	23	2	23	22	1	13	13	0	21	20	1	22	21	1	17	16	1	17	17	0	17	17	0	15	15	0	22	21	1	29	29	0	31	28	3	21	20	1	32	26	6	33	32	1	25	24	1	35	31	4	10	9	1	19	19	0	25	22	3
NC_059185.1	3173327	3173328	*	17	16	1	17	14	3	12	12	0	13	12	1	18	18	0	13	13	0	15	13	2	21	20	1	15	15	0	19	18	1	19	19	0	19	12	7	24	24	0	16	16	0	26	26	0	26	25	1	23	23	0	28	28	0	25	25	0	20	20	0
NC_059185.1	3414276	3414277	*	12	11	1	24	22	2	13	11	2	10	10	0	17	15	2	20	18	2	14	14	0	18	18	0	10	8	2	20	18	2	20	20	0	22	20	2	24	22	2	22	21	1	22	21	1	19	19	0	21	20	1	11	11	0	21	20	1	18	18	0
NC_059185.1	3529543	3529544	*	11	10	1	21	18	3	12	12	0	15	15	0	15	15	0	20	18	2	26	26	0	18	16	2	18	18	0	12	12	0	18	18	0	22	22	0	15	15	0	20	18	2	25	24	1	20	19	1	14	12	2	10	10	0	21	20	1	16	16	0
NC_059185.1	3529584	3529585	*	10	7	3	23	15	8	12	7	5	14	7	7	13	12	1	19	10	9	22	11	11	17	9	8	16	9	7	13	11	2	19	10	9	20	16	4	15	9	6	22	13	9	35	23	12	15	10	5	14	6	8	10	7	3	18	14	4	14	7	7
NC_059185.1	3705770	3705771	*	21	20	1	19	16	3	24	20	4	19	17	2	17	17	0	16	13	3	27	23	4	14	6	8	19	15	4	28	26	2	35	22	13	25	21	4	31	26	5	16	11	5	22	20	2	32	32	0	18	10	8	36	35	1	20	17	3	15	13	2
NC_059185.1	3705773	3705774	*	21	13	8	19	13	6	24	16	8	19	13	6	17	16	1	16	12	4	26	15	11	14	7	7	18	12	6	28	20	8	36	16	20	24	18	6	31	16	15	16	9	7	24	17	7	32	28	4	18	9	9	37	29	8	20	10	10	15	11	4
NC_059185.1	3705779	3705780	*	22	19	3	19	17	2	24	19	5	19	17	2	16	16	0	16	14	2	26	20	6	16	9	7	19	18	1	28	25	3	37	21	16	24	21	3	34	28	6	16	12	4	25	21	4	32	29	3	18	10	8	39	38	1	20	18	2	14	13	1
NC_059185.1	3705833	3705834	*	25	24	1	26	25	1	26	25	1	24	22	2	23	21	2	24	24	0	31	29	2	23	23	0	27	25	2	29	27	2	40	36	4	28	28	0	44	42	2	22	22	0	27	26	1	35	33	2	25	22	3	52	51	1	32	32	0	20	20	0
NC_059185.1	3705854	3705855	*	27	27	0	24	24	0	24	23	1	25	24	1	24	22	2	24	22	2	30	26	4	24	23	1	29	26	3	29	28	1	35	35	0	27	26	1	43	43	0	22	22	0	28	28	0	30	28	2	28	26	2	48	47	1	26	24	2	18	18	0
NC_059185.1	3705892	3705893	*	29	25	4	24	23	1	24	21	3	21	15	6	26	23	3	20	17	3	23	19	4	24	21	3	35	29	6	24	20	4	30	24	6	31	27	4	41	34	7	24	21	3	23	20	3	38	36	2	28	23	5	50	45	5	29	24	5	22	19	3
NC_059185.1	3705914	3705915	*	29	22	7	22	19	3	24	21	3	21	15	6	31	23	8	22	18	4	26	19	7	24	20	4	31	25	6	26	17	9	29	25	4	33	29	4	40	35	5	24	12	12	22	20	2	39	33	6	30	25	5	45	40	5	27	17	10	26	22	4
NC_059185.1	3705975	3705976	*	31	5	26	20	6	14	24	5	19	19	9	10	31	10	21	21	0	21	27	12	15	24	0	24	27	4	23	21	7	14	27	0	27	30	11	19	38	29	9	21	0	21	19	9	10	36	12	24	34	0	34	40	26	14	33	6	27	28	0	28
NC_059185.1	3706707	3706708	*	17	17	0	17	15	2	25	25	0	22	22	0	12	11	1	22	21	1	12	12	0	25	25	0	14	14	0	10	10	0	18	18	0	23	22	1	15	14	1	12	11	1	14	14	0	14	13	1	11	10	1	16	15	1	18	18	0	15	15	0
NC_059185.1	4045111	4045112	*	17	17	0	30	30	0	12	11	1	17	16	1	21	20	1	17	17	0	16	14	2	13	13	0	16	16	0	19	18	1	18	18	0	25	25	0	25	23	2	22	22	0	24	23	1	15	13	2	21	19	2	14	11	3	23	21	2	21	20	1
NC_059185.1	4045123	4045124	*	17	17	0	28	27	1	12	12	0	17	17	0	21	21	0	18	16	2	17	16	1	11	11	0	17	17	0	21	21	0	18	18	0	26	24	2	25	24	1	24	24	0	23	23	0	17	16	1	23	23	0	14	13	1	24	23	1	19	18	1
NC_059185.1	4189826	4189827	*	16	16	0	20	18	2	12	9	3	16	15	1	12	12	0	15	13	2	13	13	0	15	14	1	15	15	0	12	10	2	15	15	0	24	22	2	12	11	1	11	11	0	18	18	0	21	19	2	16	16	0	16	16	0	17	16	1	15	14	1
NC_059185.1	4294683	4294684	*	17	17	0	21	19	2	19	18	1	19	18	1	13	13	0	16	15	1	28	23	5	19	18	1	17	16	1	24	23	1	25	24	1	22	18	4	29	26	3	17	17	0	25	25	0	18	15	3	33	29	4	58	55	3	27	27	0	26	24	2
NC_059185.1	4302183	4302184	*	25	14	11	22	21	1	16	16	0	13	12	1	14	14	0	15	14	1	18	9	9	15	15	0	13	13	0	19	13	6	18	18	0	16	16	0	22	18	4	20	18	2	24	22	2	21	21	0	15	14	1	15	15	0	30	29	1	20	19	1
NC_059185.1	4508209	4508210	*	19	7	12	14	9	5	22	19	3	11	11	0	18	10	8	14	14	0	20	7	13	14	14	0	10	6	4	17	7	10	14	0	14	18	7	11	13	13	0	15	12	3	19	16	3	14	13	1	18	17	1	21	21	0	16	15	1	21	20	1
NC_059185.1	4610332	4610333	*	22	22	0	39	37	2	35	23	12	33	25	8	29	29	0	31	22	9	23	23	0	20	20	0	23	20	3	29	29	0	29	28	1	37	35	2	41	40	1	39	39	0	40	37	3	39	36	3	34	33	1	25	25	0	41	38	3	23	23	0
NC_059185.1	4610344	4610345	*	25	25	0	41	39	2	36	24	12	35	27	8	31	30	1	31	22	9	24	23	1	21	21	0	25	24	1	31	31	0	32	32	0	38	38	0	41	40	1	41	40	1	43	43	0	39	37	2	36	34	2	26	25	1	42	41	1	23	22	1
NC_059185.1	4610350	4610351	*	24	24	0	41	33	8	36	23	13	36	28	8	32	32	0	34	25	9	27	26	1	21	19	2	24	23	1	32	32	0	31	30	1	39	39	0	40	40	0	42	40	2	45	43	2	40	38	2	36	32	4	25	25	0	45	45	0	25	25	0
NC_059185.1	4684349	4684350	*	17	14	3	11	7	4	18	15	3	15	10	5	11	7	4	15	11	4	14	11	3	18	16	2	11	9	2	12	10	2	18	8	10	13	11	2	16	12	4	16	13	3	17	11	6	26	21	5	10	10	0	28	25	3	19	13	6	11	8	3
NC_059185.1	4684357	4684358	*	17	14	3	11	9	2	18	10	8	14	10	4	10	8	2	15	12	3	14	11	3	18	17	1	12	10	2	12	10	2	18	16	2	13	9	4	17	12	5	16	12	4	17	13	4	27	23	4	10	10	0	29	26	3	19	14	5	10	9	1
NC_059185.1	4716318	4716319	*	15	3	12	18	8	10	12	5	7	11	0	11	13	10	3	17	0	17	13	7	6	16	7	9	15	0	15	15	7	8	13	0	13	15	0	15	11	11	0	16	0	16	23	11	12	17	0	17	15	0	15	12	0	12	22	0	22	10	4	6
NC_059185.1	8426847	8426848	*	16	16	0	24	23	1	15	15	0	13	5	8	19	19	0	18	18	0	11	11	0	12	11	1	21	20	1	18	18	0	16	16	0	15	15	0	16	16	0	13	13	0	16	9	7	27	22	5	23	22	1	13	12	1	17	15	2	13	13	0
NC_059185.1	8426937	8426938	*	18	18	0	24	21	3	13	12	1	19	18	1	16	15	1	20	20	0	14	14	0	15	14	1	22	20	2	24	22	2	19	18	1	21	21	0	14	14	0	15	15	0	23	23	0	29	27	2	28	25	3	15	14	1	19	19	0	17	16	1
NC_059185.1	9494200	9494201	*	18	17	1	19	18	1	11	11	0	15	15	0	14	13	1	23	23	0	14	14	0	21	20	1	13	13	0	11	10	1	18	16	2	19	19	0	15	15	0	20	19	1	20	16	4	20	19	1	19	17	2	10	10	0	13	13	0	18	18	0
NC_059185.1	9498054	9498055	*	13	7	6	15	13	2	17	7	10	14	6	8	14	6	8	18	6	12	12	6	6	12	7	5	12	7	5	15	5	10	23	0	23	17	0	17	13	12	1	30	17	13	22	19	3	20	0	20	20	9	11	14	0	14	26	11	15	15	9	6
NC_059185.1	9498108	9498109	*	16	10	6	13	4	9	20	8	12	13	11	2	18	7	11	21	8	13	11	4	7	13	6	7	17	11	6	17	3	14	19	0	19	20	0	20	13	13	0	30	1	29	19	7	12	20	0	20	20	8	12	11	0	11	22	0	22	17	11	6
NC_059185.1	9966561	9966562	*	19	18	1	24	23	1	12	12	0	12	12	0	18	17	1	20	20	0	12	11	1	11	11	0	10	10	0	26	10	16	29	27	2	21	19	2	19	19	0	25	23	2	17	17	0	20	18	2	17	17	0	36	35	1	13	12	1	11	11	0
NC_059185.1	9966598	9966599	*	18	17	1	27	23	4	16	16	0	14	14	0	23	22	1	19	18	1	14	14	0	16	16	0	10	10	0	28	28	0	25	22	3	25	24	1	20	20	0	28	26	2	18	17	1	22	19	3	21	21	0	32	28	4	15	14	1	15	14	1
NC_059185.1	10014673	10014674	*	23	21	2	18	14	4	18	17	1	15	8	7	21	8	13	19	14	5	13	12	1	20	18	2	22	20	2	15	13	2	23	18	5	17	17	0	23	19	4	23	18	5	26	8	18	23	21	2	28	21	7	29	21	8	34	32	2	24	16	8
NC_059185.1	10089364	10089365	*	12	11	1	15	14	1	12	11	1	12	11	1	16	14	2	16	16	0	10	9	1	15	14	1	14	14	0	13	12	1	17	15	2	17	15	2	14	14	0	22	20	2	17	16	1	18	17	1	14	14	0	19	19	0	21	21	0	14	11	3
NC_059185.1	10227394	10227395	*	18	18	0	20	16	4	16	15	1	19	18	1	13	13	0	15	14	1	16	14	2	11	9	2	16	13	3	17	14	3	11	11	0	16	16	0	17	14	3	21	18	3	21	19	2	18	16	2	12	11	1	34	29	5	13	12	1	15	10	5
NC_059185.1	10227516	10227517	*	16	16	0	26	24	2	14	12	2	17	16	1	18	17	1	16	16	0	12	12	0	17	16	1	15	14	1	17	16	1	16	15	1	19	18	1	14	14	0	16	16	0	25	22	3	18	18	0	14	14	0	26	24	2	16	16	0	12	11	1
NC_059185.1	10239713	10239714	*	16	14	2	15	14	1	19	18	1	11	10	1	21	19	2	14	13	1	15	15	0	18	17	1	12	9	3	18	17	1	14	13	1	19	18	1	19	16	3	18	18	0	21	20	1	20	19	1	10	6	4	15	14	1	23	21	2	15	14	1
NC_059185.1	10239724	10239725	*	15	14	1	15	14	1	18	17	1	12	12	0	21	20	1	14	13	1	15	14	1	18	16	2	13	11	2	20	19	1	14	13	1	19	18	1	19	19	0	19	19	0	19	19	0	19	18	1	10	8	2	15	15	0	22	22	0	16	15	1
NC_059185.1	10239774	10239775	*	16	16	0	19	19	0	22	22	0	13	13	0	24	23	1	12	12	0	14	14	0	19	19	0	15	12	3	22	20	2	22	22	0	22	22	0	22	21	1	17	9	8	17	17	0	18	18	0	12	11	1	14	14	0	25	25	0	20	20	0
NC_059185.1	10267943	10267944	*	14	13	1	23	20	3	10	6	4	22	22	0	11	10	1	18	17	1	12	10	2	13	6	7	13	13	0	17	14	3	12	12	0	12	12	0	13	13	0	19	7	12	13	12	1	17	16	1	11	10	1	17	17	0	17	16	1	15	14	1
NC_059185.1	10318357	10318358	*	10	10	0	22	21	1	11	11	0	11	11	0	11	11	0	17	16	1	12	12	0	18	18	0	11	11	0	15	15	0	17	17	0	16	15	1	13	13	0	13	13	0	12	11	1	18	16	2	17	16	1	18	17	1	18	17	1	14	14	0
NC_059185.1	10405413	10405414	*	19	8	11	23	20	3	13	5	8	19	13	6	13	8	5	15	12	3	18	8	10	11	3	8	10	3	7	10	0	10	13	5	8	27	13	14	20	9	11	19	11	8	19	0	19	13	9	4	23	19	4	14	13	1	14	5	9	17	12	5
NC_059185.1	10471633	10471634	*	22	21	1	20	19	1	20	20	0	27	25	2	18	17	1	21	18	3	19	18	1	11	11	0	15	14	1	18	17	1	24	23	1	31	29	2	35	33	2	25	24	1	32	31	1	28	26	2	26	21	5	17	17	0	10	10	0	18	16	2
NC_059185.1	10603893	10603894	*	18	17	1	19	18	1	11	11	0	11	9	2	15	15	0	16	15	1	13	13	0	12	11	1	10	9	1	15	14	1	30	18	12	19	19	0	26	26	0	19	19	0	24	23	1	22	22	0	17	16	1	14	14	0	29	29	0	23	23	0
NC_059185.1	10603989	10603990	*	27	22	5	16	13	3	22	15	7	13	8	5	20	17	3	19	17	2	11	6	5	10	6	4	10	6	4	17	15	2	24	20	4	14	13	1	27	21	6	20	14	6	33	26	7	17	16	1	23	21	2	15	12	3	29	23	6	18	16	2
NC_059185.1	10608912	10608913	*	16	4	12	11	6	5	17	10	7	20	19	1	24	19	5	10	9	1	14	7	7	17	8	9	15	0	15	21	0	21	13	0	13	15	11	4	16	10	6	18	0	18	16	1	15	18	0	18	12	6	6	18	0	18	20	0	20	13	0	13
NC_059185.1	10631810	10631811	*	14	12	2	25	21	4	17	17	0	14	14	0	17	17	0	17	17	0	19	18	1	15	13	2	17	15	2	16	15	1	21	18	3	14	14	0	14	13	1	14	14	0	19	18	1	16	13	3	24	22	2	13	13	0	15	14	1	14	9	5
NC_059185.1	10631837	10631838	*	12	11	1	25	23	2	16	16	0	16	15	1	17	15	2	16	15	1	18	18	0	19	18	1	15	14	1	16	14	2	19	19	0	12	12	0	13	13	0	12	12	0	20	19	1	14	13	1	23	22	1	14	14	0	15	15	0	10	8	2
NC_059185.1	10681385	10681386	*	15	15	0	16	14	2	16	14	2	13	11	2	17	15	2	23	23	0	18	18	0	18	17	1	11	11	0	15	15	0	19	19	0	19	18	1	19	19	0	13	13	0	22	21	1	17	17	0	17	16	1	27	27	0	24	23	1	14	12	2
NC_059185.1	10810568	10810569	*	21	20	1	14	14	0	20	18	2	19	17	2	14	14	0	16	16	0	13	12	1	11	11	0	10	10	0	11	11	0	17	16	1	23	23	0	23	23	0	21	21	0	27	27	0	20	20	0	27	27	0	15	14	1	26	26	0	22	22	0
NC_059185.1	10810586	10810587	*	25	24	1	15	15	0	19	19	0	19	19	0	17	15	2	17	17	0	14	14	0	11	11	0	13	13	0	11	11	0	16	16	0	22	22	0	24	23	1	20	20	0	28	28	0	19	18	1	26	26	0	13	13	0	25	25	0	22	19	3
NC_059185.1	10810655	10810656	*	28	25	3	18	15	3	22	20	2	19	17	2	17	16	1	19	16	3	14	11	3	11	8	3	12	12	0	15	14	1	14	13	1	19	16	3	22	22	0	18	14	4	25	22	3	18	16	2	21	17	4	24	24	0	17	14	3	21	15	6
NC_059185.1	10854936	10854937	*	10	8	2	22	19	3	17	17	0	14	12	2	20	20	0	10	10	0	14	13	1	13	12	1	13	12	1	16	15	1	12	9	3	13	11	2	19	18	1	21	17	4	15	14	1	11	11	0	18	15	3	11	10	1	17	16	1	22	20	2
NC_059185.1	10870767	10870768	*	23	23	0	12	11	1	15	15	0	13	13	0	14	14	0	25	23	2	11	11	0	15	15	0	15	15	0	20	19	1	27	26	1	26	26	0	22	20	2	21	21	0	26	26	0	26	26	0	30	29	1	13	13	0	21	19	2	25	25	0
NC_059185.1	11067866	11067867	*	19	19	0	20	20	0	11	9	2	17	15	2	10	10	0	26	23	3	19	18	1	15	15	0	11	11	0	15	12	3	12	8	4	13	13	0	13	12	1	25	19	6	22	22	0	16	11	5	17	14	3	35	33	2	16	16	0	10	9	1
NC_059185.1	11067877	11067878	*	20	19	1	19	19	0	12	10	2	16	14	2	11	9	2	25	22	3	20	18	2	16	13	3	12	8	4	14	11	3	12	8	4	14	14	0	12	10	2	24	20	4	22	22	0	14	8	6	17	14	3	34	30	4	16	15	1	12	10	2
NC_059185.1	11144554	11144555	*	15	13	2	26	21	5	22	16	6	13	8	5	18	11	7	18	16	2	19	13	6	28	20	8	17	15	2	35	28	7	22	17	5	27	24	3	34	23	11	20	17	3	28	20	8	26	24	2	23	19	4	15	10	5	26	20	6	19	17	2
NC_059185.1	11180073	11180074	*	15	14	1	13	12	1	12	12	0	12	11	1	14	13	1	19	19	0	16	15	1	10	10	0	23	23	0	12	12	0	16	16	0	13	13	0	12	12	0	18	16	2	17	17	0	12	12	0	17	17	0	13	10	3	18	17	1	15	15	0
NC_059185.1	11220218	11220219	*	21	20	1	13	10	3	15	15	0	13	11	2	19	19	0	22	21	1	15	14	1	14	12	2	17	17	0	14	12	2	16	14	2	10	9	1	26	24	2	26	25	1	27	24	3	23	22	1	12	12	0	18	17	1	37	35	2	17	17	0
NC_059185.1	11256086	11256087	*	17	16	1	30	27	3	14	12	2	17	17	0	15	14	1	21	20	1	21	21	0	19	17	2	19	16	3	28	25	3	17	17	0	21	19	2	26	7	19	17	16	1	17	16	1	27	26	1	16	14	2	10	9	1	25	22	3	16	16	0
NC_059185.1	11256125	11256126	*	14	14	0	27	23	4	16	15	1	15	14	1	18	16	2	21	21	0	23	23	0	17	16	1	17	16	1	24	23	1	15	14	1	18	18	0	27	24	3	15	14	1	13	13	0	27	27	0	17	17	0	11	11	0	24	24	0	16	15	1
NC_059185.1	11355488	11355489	*	13	11	2	20	13	7	17	6	11	18	7	11	11	8	3	24	19	5	13	10	3	14	10	4	14	9	5	12	8	4	17	12	5	15	11	4	22	12	10	13	5	8	17	11	6	15	10	5	18	13	5	33	18	15	10	4	6	16	9	7
NC_059185.1	11361729	11361730	*	15	14	1	23	21	2	14	13	1	16	15	1	17	17	0	19	19	0	12	11	1	14	13	1	10	10	0	16	16	0	20	20	0	14	13	1	22	21	1	16	15	1	24	24	0	17	17	0	18	16	2	22	22	0	21	20	1	13	12	1
NC_059185.1	11392680	11392681	*	15	6	9	12	12	0	11	10	1	18	17	1	11	11	0	13	13	0	16	15	1	15	15	0	11	4	7	19	18	1	20	0	20	18	8	10	22	8	14	28	26	2	22	20	2	17	9	8	22	0	22	14	11	3	26	1	25	14	7	7
NC_059185.1	11392702	11392703	*	14	14	0	12	12	0	11	11	0	18	17	1	11	11	0	16	16	0	17	17	0	17	14	3	12	3	9	19	18	1	25	23	2	16	15	1	19	18	1	29	27	2	18	16	2	17	17	0	24	22	2	18	17	1	27	26	1	13	13	0
NC_059185.1	11521208	11521209	*	19	18	1	20	13	7	18	13	5	14	11	3	15	12	3	12	12	0	11	10	1	23	20	3	18	16	2	29	23	6	27	25	2	18	16	2	28	23	5	32	21	11	19	18	1	31	27	4	30	24	6	15	11	4	25	16	9	16	13	3
NC_059185.1	11521227	11521228	*	21	21	0	22	21	1	19	17	2	13	11	2	17	14	3	15	14	1	13	9	4	25	24	1	17	16	1	30	27	3	33	27	6	24	21	3	33	30	3	34	27	7	20	19	1	34	31	3	33	32	1	17	15	2	25	22	3	18	16	2
NC_059185.1	11521291	11521292	*	22	20	2	22	21	1	21	20	1	11	11	0	20	20	0	21	18	3	13	12	1	26	26	0	18	17	1	25	25	0	35	35	0	22	22	0	35	33	2	32	31	1	19	18	1	28	27	1	28	28	0	16	15	1	23	23	0	17	17	0
NC_059185.1	11526416	11526417	*	12	12	0	18	18	0	14	12	2	20	18	2	14	13	1	24	23	1	14	14	0	11	10	1	14	14	0	12	6	6	21	20	1	17	14	3	17	15	2	18	18	0	22	22	0	12	12	0	21	21	0	14	12	2	23	13	10	12	11	1
NC_059185.1	11526489	11526490	*	18	16	2	17	12	5	12	8	4	20	14	6	12	10	2	23	22	1	15	12	3	17	14	3	14	13	1	14	8	6	18	14	4	20	16	4	21	17	4	17	9	8	15	15	0	13	12	1	19	16	3	18	14	4	23	17	6	13	10	3
NC_059185.1	11526610	11526611	*	21	19	2	13	12	1	18	17	1	15	15	0	14	14	0	17	16	1	13	13	0	17	17	0	14	14	0	17	16	1	22	22	0	22	21	1	23	21	2	24	23	1	21	21	0	15	14	1	21	21	0	15	15	0	14	14	0	19	18	1
NC_059185.1	11596338	11596339	*	23	22	1	16	13	3	13	12	1	20	19	1	16	16	0	20	19	1	19	19	0	30	30	0	15	14	1	29	27	2	28	28	0	25	25	0	26	26	0	28	27	1	23	23	0	24	24	0	14	11	3	10	10	0	22	22	0	17	17	0
NC_059185.1	11596380	11596381	*	26	23	3	14	10	4	15	14	1	21	19	2	13	13	0	22	19	3	19	15	4	30	23	7	17	14	3	31	29	2	27	25	2	29	27	2	21	18	3	29	28	1	30	27	3	31	28	3	14	12	2	12	12	0	25	22	3	16	15	1
NC_059185.1	11596409	11596410	*	24	23	1	11	9	2	14	14	0	22	19	3	12	12	0	18	5	13	22	14	8	24	24	0	16	14	2	28	27	1	23	22	1	26	26	0	21	21	0	23	22	1	33	33	0	31	30	1	14	12	2	12	12	0	26	26	0	13	12	1
NC_059185.1	11636559	11636560	*	18	16	2	13	12	1	14	12	2	17	14	3	15	15	0	24	20	4	20	19	1	17	14	3	15	15	0	16	15	1	28	26	2	19	16	3	13	10	3	10	9	1	25	18	7	20	17	3	20	16	4	11	10	1	15	11	4	17	10	7
NC_059185.1	11636589	11636590	*	17	15	2	12	11	1	17	17	0	15	13	2	15	15	0	21	20	1	23	21	2	20	18	2	13	12	1	15	14	1	23	21	2	18	15	3	13	11	2	14	14	0	17	14	3	18	17	1	16	10	6	11	11	0	16	13	3	19	15	4
NC_059185.1	11735853	11735854	*	22	22	0	21	20	1	15	14	1	16	16	0	10	7	3	16	16	0	16	16	0	15	14	1	11	10	1	25	25	0	24	23	1	24	24	0	21	21	0	23	23	0	18	18	0	20	17	3	18	18	0	25	25	0	15	14	1	11	10	1
NC_059185.1	11735882	11735883	*	13	13	0	17	17	0	13	13	0	16	15	1	10	9	1	14	13	1	15	15	0	13	13	0	11	11	0	24	24	0	22	22	0	20	20	0	21	21	0	20	19	1	15	15	0	21	20	1	17	17	0	26	26	0	17	16	1	11	11	0
NC_059185.1	11745081	11745082	*	26	26	0	15	14	1	19	18	1	11	10	1	12	12	0	24	23	1	14	14	0	19	19	0	11	11	0	26	26	0	36	35	1	23	22	1	21	20	1	27	27	0	26	24	2	23	22	1	19	19	0	10	10	0	31	29	2	18	17	1
NC_059185.1	11745105	11745106	*	22	21	1	14	13	1	22	20	2	13	12	1	11	11	0	21	20	1	18	17	1	20	19	1	12	11	1	28	26	2	32	28	4	21	19	2	21	19	2	30	28	2	27	27	0	22	21	1	22	21	1	14	12	2	36	18	18	16	15	1
NC_059185.1	11834900	11834901	*	17	13	4	28	26	2	17	13	4	18	13	5	23	21	2	11	8	3	17	14	3	11	9	2	17	14	3	21	19	2	27	21	6	24	21	3	18	15	3	22	20	2	18	14	4	26	23	3	23	19	4	10	10	0	23	21	2	17	14	3
NC_059185.1	11834985	11834986	*	20	14	6	23	20	3	22	18	4	18	14	4	25	22	3	16	16	0	24	9	15	13	12	1	24	19	5	19	15	4	31	24	7	27	20	7	20	15	5	28	17	11	21	18	3	18	14	4	16	5	11	10	5	5	21	19	2	18	13	5
NC_059185.1	11835024	11835025	*	19	14	5	17	11	6	15	7	8	14	10	4	25	21	4	15	13	2	20	12	8	11	11	0	21	13	8	18	13	5	28	22	6	24	20	4	23	19	4	33	17	16	18	10	8	13	11	2	21	17	4	12	9	3	22	17	5	14	9	5
NC_059185.1	11947318	11947319	*	16	9	7	20	13	7	15	4	11	14	9	5	18	16	2	28	20	8	17	7	10	25	11	14	11	6	5	23	20	3	27	23	4	20	9	11	10	4	6	19	14	5	27	15	12	32	20	12	25	12	13	29	18	11	26	12	14	15	8	7
NC_059185.1	11947372	11947373	*	22	15	7	23	10	13	18	8	10	15	7	8	17	11	6	29	13	16	24	10	14	31	16	15	13	10	3	27	15	12	28	20	8	22	13	9	13	3	10	24	15	9	24	14	10	30	18	12	25	13	12	34	21	13	29	17	12	18	10	8
NC_059185.1	11947402	11947403	*	22	11	11	18	12	6	15	7	8	16	15	1	14	9	5	26	16	10	22	9	13	28	14	14	15	11	4	25	14	11	27	22	5	23	16	7	14	7	7	21	20	1	25	14	11	29	24	5	23	15	8	30	26	4	27	19	8	18	11	7
NC_059185.1	11989871	11989872	*	16	16	0	10	9	1	12	12	0	22	22	0	18	18	0	16	14	2	14	13	1	21	21	0	17	16	1	11	9	2	17	17	0	19	18	1	23	23	0	17	17	0	15	15	0	16	16	0	17	17	0	13	13	0	24	24	0	26	26	0
NC_059185.1	11989889	11989890	*	14	13	1	10	10	0	11	11	0	22	21	1	16	16	0	19	18	1	14	13	1	21	21	0	17	17	0	10	8	2	16	15	1	19	17	2	25	25	0	17	15	2	13	12	1	17	17	0	20	20	0	12	12	0	27	26	1	25	23	2
NC_059185.1	11989980	11989981	*	17	16	1	11	11	0	10	4	6	22	21	1	17	7	10	23	0	23	15	6	9	11	0	11	16	5	11	13	5	8	17	10	7	14	5	9	23	15	8	18	17	1	13	4	9	15	7	8	22	22	0	14	7	7	30	12	18	20	11	9
NC_059185.1	12069175	12069176	*	28	22	6	20	14	6	15	8	7	12	7	5	10	8	2	21	12	9	11	11	0	17	15	2	14	8	6	21	18	3	26	18	8	16	12	4	22	14	8	27	19	8	15	9	6	15	13	2	18	14	4	10	9	1	14	10	4	13	12	1
NC_059185.1	12137131	12137132	*	15	12	3	18	17	1	13	12	1	13	12	1	13	12	1	17	16	1	12	11	1	12	12	0	15	14	1	17	16	1	21	21	0	17	17	0	14	13	1	13	10	3	18	17	1	13	10	3	17	15	2	15	13	2	23	23	0	13	10	3
NC_059185.1	12137217	12137218	*	18	18	0	18	16	2	15	15	0	15	14	1	15	15	0	18	16	2	12	11	1	16	14	2	17	14	3	20	19	1	22	20	2	19	17	2	20	20	0	15	15	0	23	20	3	17	16	1	22	18	4	15	15	0	24	22	2	14	14	0
NC_059185.1	12137230	12137231	*	18	17	1	21	21	0	16	16	0	14	13	1	14	14	0	18	16	2	12	11	1	13	11	2	16	16	0	19	18	1	19	19	0	19	19	0	23	23	0	17	17	0	20	19	1	16	14	2	21	20	1	15	15	0	23	23	0	13	12	1
NC_059185.1	12137250	12137251	*	20	20	0	20	20	0	15	15	0	14	13	1	13	12	1	19	18	1	11	10	1	12	12	0	16	15	1	16	16	0	23	23	0	18	16	2	24	23	1	19	17	2	19	17	2	14	14	0	21	19	2	15	15	0	24	24	0	12	12	0
NC_059185.1	12255752	12255753	*	11	11	0	30	28	2	14	14	0	17	15	2	25	25	0	24	24	0	24	22	2	17	17	0	20	19	1	17	14	3	22	21	1	17	17	0	19	16	3	19	19	0	19	17	2	16	16	0	20	18	2	18	18	0	26	26	0	22	21	1
NC_059185.1	12255779	12255780	*	10	10	0	26	25	1	15	13	2	16	15	1	25	24	1	24	24	0	19	18	1	18	17	1	17	16	1	14	12	2	21	20	1	18	16	2	12	12	0	21	20	1	21	20	1	15	15	0	22	21	1	18	18	0	23	22	1	24	24	0
NC_059185.1	12272890	12272891	*	21	19	2	14	12	2	19	17	2	14	13	1	17	17	0	16	13	3	11	11	0	12	9	3	15	14	1	12	12	0	23	23	0	20	18	2	19	17	2	20	19	1	28	26	2	29	27	2	10	9	1	11	11	0	18	15	3	17	16	1
NC_059185.1	12272997	12272998	*	17	15	2	17	15	2	12	12	0	15	13	2	16	16	0	13	13	0	17	15	2	11	11	0	17	16	1	10	10	0	20	20	0	21	21	0	19	19	0	19	19	0	27	26	1	22	21	1	12	12	0	15	14	1	14	13	1	12	12	0
NC_059185.1	12283409	12283410	*	19	17	2	24	24	0	15	15	0	18	17	1	10	10	0	15	15	0	18	16	2	24	24	0	20	19	1	16	15	1	22	18	4	18	17	1	20	19	1	25	25	0	18	18	0	24	22	2	15	13	2	29	28	1	20	20	0	19	17	2
NC_059185.1	12923171	12923172	*	21	12	9	12	0	12	20	3	17	11	3	8	11	0	11	15	0	15	18	0	18	20	0	20	13	0	13	18	0	18	12	5	7	14	0	14	25	0	25	27	18	9	12	0	12	21	16	5	11	0	11	35	0	35	12	0	12	21	0	21
NC_059185.1	13107421	13107422	*	36	5	31	12	4	8	42	13	29	33	0	33	44	19	25	36	0	36	20	5	15	21	8	13	33	0	33	37	0	37	36	0	36	22	6	16	66	17	49	26	2	24	32	1	31	13	0	13	31	2	29	25	0	25	72	0	72	28	13	15
NC_059185.1	13107440	13107441	*	41	5	36	12	7	5	41	12	29	36	0	36	46	16	30	42	0	42	20	4	16	25	10	15	35	4	31	33	0	33	36	0	36	23	5	18	62	15	47	31	4	27	34	0	34	10	0	10	31	0	31	31	3	28	74	0	74	29	12	17
NC_059185.1	13107444	13107445	*	40	7	33	12	6	6	41	13	28	35	1	34	45	19	26	39	2	37	23	5	18	27	13	14	36	5	31	33	1	32	36	1	35	23	5	18	63	17	46	31	5	26	36	0	36	10	0	10	30	0	30	31	5	26	73	0	73	29	13	16
NC_059185.1	13107508	13107509	*	31	27	4	13	11	2	32	29	3	30	19	11	48	44	4	42	30	12	30	25	5	22	18	4	36	33	3	32	27	5	34	30	4	23	20	3	60	53	7	33	30	3	39	32	7	10	10	0	32	16	16	40	29	11	73	51	22	30	28	2
NC_059185.1	13107561	13107562	*	32	15	17	16	12	4	35	22	13	29	17	12	43	35	8	44	19	25	28	13	15	15	9	6	32	27	5	26	12	14	31	10	21	28	23	5	58	43	15	32	20	12	29	20	9	11	10	1	33	11	22	50	37	13	60	31	29	17	10	7
NC_059185.1	13110007	13110008	*	40	20	20	17	11	6	49	16	33	34	12	22	52	6	46	45	20	25	45	15	30	35	0	35	37	3	34	38	21	17	52	40	12	29	3	26	74	0	74	30	24	6	46	28	18	19	16	3	33	16	17	38	12	26	73	10	63	23	8	15
NC_059185.1	13110018	13110019	*	40	18	22	18	10	8	47	18	29	35	16	19	47	5	42	42	18	24	45	12	33	33	0	33	37	3	34	41	22	19	50	37	13	28	3	25	72	1	71	29	22	7	45	31	14	20	16	4	32	17	15	33	10	23	74	11	63	22	9	13
NC_059185.1	13110035	13110036	*	38	12	26	18	0	18	44	17	27	32	0	32	47	0	47	43	8	35	45	0	45	38	0	38	35	0	35	40	6	34	47	10	37	32	0	32	75	2	73	26	0	26	42	12	30	19	0	19	35	9	26	34	5	29	74	0	74	24	0	24
NC_059185.1	13110043	13110044	*	40	20	20	17	9	8	45	17	28	37	16	21	53	5	48	45	19	26	53	16	37	40	0	40	38	4	34	40	22	18	54	37	17	35	5	30	78	0	78	32	26	6	43	28	15	20	15	5	35	19	16	36	10	26	73	10	63	28	12	16
NC_059185.1	13110076	13110077	*	39	13	26	17	6	11	40	10	30	37	12	25	56	5	51	42	6	36	57	14	43	36	0	36	34	3	31	36	16	20	49	24	25	36	11	25	79	0	79	31	15	16	44	12	32	21	7	14	37	17	20	30	8	22	75	9	66	33	14	19
NC_059185.1	13110179	13110180	*	29	21	8	12	5	7	24	19	5	29	19	10	42	10	32	32	17	15	39	17	22	16	3	13	17	6	11	29	19	10	36	25	11	26	10	16	46	34	12	33	25	8	21	16	5	18	13	5	26	14	12	17	10	7	54	37	17	29	17	12
NC_059185.1	13133933	13133934	*	38	6	32	18	0	18	31	0	31	31	4	27	40	16	24	35	11	24	26	7	19	20	8	12	19	8	11	32	10	22	29	6	23	37	8	29	30	0	30	15	0	15	33	12	21	20	1	19	27	8	19	19	4	15	36	0	36	35	11	24
NC_059185.1	13133988	13133989	*	31	6	25	14	0	14	25	0	25	26	0	26	36	10	26	32	4	28	28	0	28	18	7	11	16	3	13	25	9	16	16	2	14	30	0	30	21	0	21	11	0	11	23	0	23	17	0	17	21	0	21	31	6	25	28	0	28	24	8	16
NC_059185.1	13134625	13134626	*	15	4	11	14	13	1	19	12	7	15	0	15	13	1	12	37	0	37	17	1	16	18	12	6	25	3	22	17	4	13	25	3	22	18	5	13	18	3	15	11	10	1	25	5	20	12	8	4	24	6	18	38	5	33	14	2	12	10	3	7
NC_059185.1	13134689	13134690	*	18	4	14	15	15	0	21	10	11	16	10	6	21	8	13	32	7	25	19	10	9	17	13	4	26	15	11	23	11	12	26	12	14	20	10	10	23	7	16	14	14	0	25	11	14	12	10	2	24	10	14	24	9	15	21	13	8	17	9	8
NC_059185.1	13134706	13134707	*	20	6	14	17	15	2	21	9	12	18	12	6	25	9	16	40	9	31	20	11	9	14	11	3	28	14	14	27	13	14	30	13	17	20	10	10	26	9	17	13	12	1	26	12	14	14	12	2	24	11	13	22	8	14	25	16	9	20	11	9
NC_059185.1	13134727	13134728	*	22	7	15	16	16	0	22	9	13	19	13	6	28	10	18	42	12	30	22	12	10	17	14	3	25	14	11	30	14	16	29	13	16	21	10	11	26	9	17	11	10	1	27	11	16	14	13	1	24	10	14	22	9	13	25	16	9	20	10	10
NC_059185.1	13134774	13134775	*	25	9	16	16	14	2	22	13	9	17	12	5	28	11	17	40	15	25	25	16	9	16	11	5	26	14	12	33	19	14	31	17	14	20	13	7	27	13	14	11	11	0	25	12	13	19	18	1	29	20	9	18	8	10	25	16	9	19	12	7
NC_059185.1	13145845	13145846	*	23	21	2	16	15	1	18	18	0	21	19	2	13	12	1	14	13	1	21	19	2	15	14	1	11	11	0	20	18	2	15	14	1	18	17	1	20	20	0	19	19	0	27	22	5	24	20	4	23	18	5	15	15	0	29	27	2	18	16	2
NC_059185.1	13168248	13168249	*	16	14	2	18	17	1	12	10	2	19	18	1	13	13	0	13	13	0	14	14	0	11	11	0	10	9	1	13	11	2	20	20	0	12	11	1	13	13	0	31	31	0	21	19	2	18	18	0	11	11	0	16	16	0	17	17	0	16	14	2
NC_059185.1	13189169	13189170	*	21	20	1	20	20	0	15	13	2	12	12	0	20	20	0	19	18	1	13	12	1	17	17	0	11	11	0	21	21	0	31	31	0	13	13	0	19	19	0	24	22	2	25	25	0	22	22	0	20	20	0	19	17	2	24	23	1	12	12	0
NC_059185.1	13204024	13204025	*	27	27	0	10	10	0	11	11	0	17	15	2	13	12	1	24	24	0	16	15	1	16	15	1	18	17	1	20	19	1	18	18	0	17	15	2	27	26	1	14	11	3	28	27	1	17	16	1	33	29	4	36	33	3	16	16	0	16	16	0
NC_059185.1	13206294	13206295	*	12	11	1	15	14	1	14	13	1	13	13	0	10	10	0	16	15	1	16	15	1	11	8	3	15	14	1	16	15	1	21	19	2	17	17	0	15	15	0	19	16	3	22	19	3	13	13	0	10	10	0	29	26	3	19	16	3	19	16	3
NC_059185.1	13237395	13237396	*	22	5	17	26	0	26	16	0	16	26	7	19	18	4	14	25	9	16	17	0	17	25	7	18	14	0	14	28	10	18	27	8	19	22	0	22	29	1	28	14	0	14	33	9	24	15	0	15	12	6	6	24	8	16	19	5	14	28	6	22
NC_059185.1	13237402	13237403	*	20	5	15	26	0	26	16	1	15	26	8	18	14	5	9	22	7	15	16	0	16	24	5	19	14	3	11	22	8	14	22	8	14	22	0	22	31	0	31	13	0	13	32	8	24	15	0	15	11	7	4	22	8	14	19	8	11	25	8	17
NC_059185.1	13237413	13237414	*	20	4	16	25	0	25	16	1	15	24	6	18	14	5	9	19	6	13	18	0	18	25	5	20	14	3	11	22	10	12	24	9	15	23	0	23	30	0	30	14	3	11	29	7	22	14	0	14	11	6	5	23	7	16	21	10	11	23	7	16
NC_059185.1	13237465	13237466	*	18	3	15	26	0	26	17	1	16	30	5	25	16	2	14	15	0	15	15	0	15	26	7	19	15	8	7	18	7	11	29	8	21	22	0	22	29	0	29	10	8	2	23	7	16	15	0	15	11	4	7	24	5	19	14	3	11	21	5	16
NC_059185.1	13250853	13250854	*	12	12	0	15	14	1	19	16	3	18	16	2	20	19	1	25	24	1	16	15	1	16	11	5	10	9	1	23	20	3	15	14	1	18	15	3	22	18	4	22	18	4	27	25	2	19	15	4	20	18	2	11	9	2	12	12	0	18	15	3
NC_059185.1	13250914	13250915	*	16	15	1	12	6	6	22	21	1	19	15	4	20	20	0	25	21	4	19	17	2	19	17	2	13	12	1	21	21	0	18	12	6	15	12	3	28	18	10	21	16	5	26	25	1	19	18	1	21	19	2	16	16	0	16	14	2	19	16	3
NC_059186.1	90410	90411	*	20	20	0	14	14	0	22	21	1	16	13	3	21	21	0	15	15	0	20	19	1	14	14	0	10	9	1	12	12	0	27	25	2	21	21	0	17	17	0	16	15	1	27	23	4	24	20	4	18	18	0	16	16	0	23	20	3	13	11	2
NC_059186.1	95262	95263	*	11	10	1	21	11	10	10	0	10	17	0	17	10	5	5	20	8	12	12	1	11	14	8	6	20	11	9	17	0	17	11	7	4	17	7	10	11	11	0	10	10	0	17	0	17	24	10	14	13	5	8	11	0	11	22	16	6	10	7	3
NC_059186.1	157128	157129	*	25	23	2	17	11	6	16	5	11	11	2	9	12	11	1	19	13	6	13	11	2	13	12	1	15	13	2	13	13	0	16	15	1	15	13	2	23	19	4	12	10	2	17	14	3	14	13	1	19	18	1	34	31	3	21	19	2	12	11	1
NC_059186.1	157151	157152	*	21	20	1	19	19	0	18	18	0	11	10	1	11	11	0	22	22	0	14	14	0	11	11	0	14	13	1	12	12	0	17	17	0	11	10	1	21	20	1	13	13	0	19	19	0	10	10	0	17	17	0	32	32	0	22	22	0	10	10	0
NC_059186.1	157303	157304	*	14	14	0	21	20	1	21	21	0	18	18	0	11	11	0	24	22	2	13	13	0	10	9	1	13	13	0	17	17	0	21	19	2	12	12	0	26	26	0	16	16	0	28	26	2	13	12	1	10	9	1	23	22	1	25	25	0	15	14	1
NC_059186.1	157322	157323	*	11	11	0	21	19	2	19	18	1	17	15	2	11	10	1	19	19	0	13	13	0	11	11	0	12	12	0	14	14	0	21	18	3	12	12	0	21	20	1	16	16	0	27	25	2	15	15	0	11	10	1	21	21	0	25	25	0	14	13	1
NC_059186.1	237595	237596	*	23	21	2	17	15	2	16	15	1	14	13	1	20	18	2	18	17	1	16	15	1	16	15	1	12	12	0	11	11	0	25	24	1	20	20	0	17	16	1	19	19	0	22	21	1	26	25	1	19	17	2	16	16	0	15	15	0	18	17	1
NC_059186.1	237605	237606	*	23	21	2	18	18	0	15	15	0	14	12	2	20	20	0	18	16	2	16	16	0	16	16	0	12	11	1	11	11	0	24	23	1	21	21	0	16	14	2	20	20	0	23	23	0	26	25	1	19	17	2	19	19	0	16	16	0	18	16	2
NC_059186.1	254510	254511	*	23	10	13	32	30	2	24	20	4	23	20	3	26	26	0	20	20	0	21	18	3	19	19	0	26	25	1	34	34	0	35	34	1	37	34	3	34	33	1	35	34	1	44	43	1	26	25	1	28	27	1	11	10	1	42	41	1	44	43	1
NC_059186.1	254538	254539	*	23	11	12	32	30	2	24	23	1	24	24	0	27	26	1	18	18	0	20	15	5	16	14	2	23	21	2	29	28	1	34	33	1	37	33	4	33	33	0	30	29	1	37	37	0	26	23	3	27	25	2	10	10	0	36	33	3	43	42	1
NC_059186.1	254845	254846	*	11	11	0	18	17	1	19	16	3	19	18	1	20	20	0	22	22	0	12	11	1	19	19	0	23	22	1	13	12	1	28	27	1	15	15	0	30	28	2	20	18	2	21	19	2	21	18	3	19	19	0	10	9	1	27	26	1	16	14	2
NC_059186.1	254861	254862	*	11	11	0	23	21	2	19	19	0	19	16	3	21	20	1	21	20	1	14	13	1	19	19	0	26	25	1	15	14	1	31	31	0	16	15	1	31	30	1	24	23	1	24	23	1	22	22	0	21	21	0	10	9	1	30	29	1	17	15	2
NC_059186.1	254912	254913	*	11	10	1	25	21	4	18	13	5	16	12	4	21	19	2	21	16	5	15	12	3	19	17	2	23	17	6	19	13	6	29	24	5	17	17	0	33	28	5	29	21	8	27	25	2	26	24	2	20	17	3	10	8	2	25	19	6	17	13	4
NC_059186.1	323088	323089	*	15	15	0	19	18	1	14	14	0	13	13	0	17	17	0	18	17	1	13	13	0	17	17	0	15	6	9	19	19	0	14	13	1	19	8	11	25	25	0	23	22	1	19	19	0	14	8	6	15	8	7	15	15	0	19	19	0	21	21	0
NC_059186.1	323130	323131	*	15	13	2	23	23	0	12	12	0	14	14	0	15	15	0	14	14	0	14	12	2	12	10	2	12	12	0	18	17	1	14	14	0	17	6	11	22	22	0	23	23	0	20	18	2	17	17	0	16	10	6	13	8	5	18	18	0	17	16	1
NC_059186.1	323151	323152	*	16	15	1	20	20	0	11	11	0	12	9	3	15	15	0	14	12	2	13	13	0	11	11	0	11	10	1	16	15	1	10	10	0	16	8	8	23	23	0	21	20	1	16	16	0	18	17	1	17	11	6	15	6	9	14	14	0	18	15	3
NC_059186.1	325696	325697	*	10	9	1	14	14	0	15	15	0	14	12	2	10	10	0	13	10	3	11	11	0	15	14	1	12	12	0	19	18	1	20	20	0	17	17	0	15	14	1	13	12	1	17	17	0	12	2	10	13	11	2	11	11	0	26	24	2	16	14	2
NC_059186.1	352134	352135	*	20	18	2	22	19	3	15	14	1	16	15	1	21	20	1	21	20	1	21	21	0	16	15	1	10	8	2	18	16	2	23	21	2	15	14	1	23	20	3	20	16	4	27	23	4	29	27	2	23	19	4	15	14	1	28	25	3	14	13	1
NC_059186.1	452481	452482	*	18	7	11	27	18	9	11	4	7	21	8	13	17	5	12	18	5	13	12	6	6	18	0	18	16	6	10	22	6	16	23	18	5	31	13	18	18	15	3	21	12	9	20	7	13	27	15	12	21	0	21	24	21	3	30	1	29	25	0	25
NC_059186.1	461879	461880	*	14	13	1	15	6	9	11	6	5	14	14	0	13	6	7	14	7	7	15	9	6	13	13	0	12	7	5	13	0	13	19	17	2	18	7	11	13	13	0	15	10	5	22	10	12	14	11	3	11	3	8	10	10	0	19	11	8	13	0	13
NC_059186.1	463465	463466	*	13	12	1	19	9	10	14	5	9	17	10	7	10	2	8	25	0	25	20	9	11	18	15	3	10	5	5	18	15	3	18	16	2	18	7	11	16	4	12	26	13	13	29	24	5	19	8	11	12	8	4	18	6	12	24	20	4	22	17	5
NC_059186.1	725299	725300	*	27	27	0	14	14	0	15	15	0	13	13	0	13	13	0	17	14	3	19	19	0	16	16	0	15	14	1	13	13	0	21	20	1	19	18	1	13	13	0	10	8	2	15	14	1	18	16	2	26	25	1	45	44	1	19	18	1	10	10	0
NC_059186.1	860661	860662	*	10	9	1	18	17	1	15	15	0	17	17	0	14	14	0	17	15	2	10	9	1	12	11	1	16	16	0	21	20	1	16	16	0	19	19	0	19	19	0	17	16	1	13	12	1	14	14	0	17	16	1	12	12	0	18	16	2	11	11	0
NC_059186.1	860669	860670	*	10	10	0	17	15	2	15	15	0	16	15	1	14	13	1	17	14	3	11	11	0	12	11	1	16	15	1	18	17	1	15	15	0	18	16	2	19	19	0	16	14	2	14	13	1	13	12	1	19	17	2	11	11	0	16	16	0	11	11	0
NC_059186.1	860711	860712	*	13	12	1	18	17	1	12	9	3	15	15	0	13	9	4	17	12	5	15	11	4	17	16	1	18	12	6	16	13	3	15	14	1	19	16	3	21	13	8	17	11	6	19	13	6	15	12	3	26	22	4	16	13	3	19	14	5	12	9	3
NC_059186.1	860765	860766	*	15	15	0	15	13	2	14	13	1	14	12	2	13	12	1	18	17	1	18	15	3	16	12	4	21	19	2	13	12	1	13	12	1	15	13	2	17	15	2	16	11	5	17	16	1	14	14	0	25	22	3	20	18	2	18	13	5	12	9	3
NC_059186.1	860774	860775	*	17	17	0	15	14	1	13	12	1	16	16	0	13	12	1	18	18	0	17	17	0	16	13	3	21	21	0	14	14	0	13	13	0	15	15	0	18	17	1	18	17	1	16	15	1	15	15	0	23	23	0	20	20	0	18	18	0	12	10	2
NC_059186.1	860847	860848	*	16	15	1	11	10	1	13	12	1	15	14	1	15	15	0	19	19	0	15	15	0	17	17	0	17	13	4	13	10	3	17	16	1	11	11	0	14	13	1	14	8	6	21	19	2	17	17	0	24	23	1	15	15	0	20	14	6	14	13	1
NC_059186.1	860859	860860	*	16	14	2	10	9	1	13	12	1	13	11	2	16	14	2	18	17	1	16	15	1	16	16	0	17	11	6	12	9	3	16	14	2	11	11	0	14	13	1	15	8	7	21	17	4	16	15	1	24	22	2	15	14	1	20	10	10	14	9	5
NC_059186.1	874136	874137	*	13	12	1	10	10	0	14	11	3	13	12	1	10	9	1	15	15	0	10	7	3	11	10	1	16	16	0	15	13	2	24	21	3	18	16	2	13	13	0	10	10	0	16	15	1	14	12	2	18	16	2	10	10	0	18	16	2	17	14	3
NC_059186.1	958955	958956	*	16	3	13	57	0	57	40	1	39	28	1	27	37	0	37	32	0	32	23	0	23	36	0	36	38	1	37	35	0	35	41	1	40	39	0	39	43	0	43	44	0	44	51	0	51	48	0	48	34	0	34	20	0	20	35	1	34	46	0	46
NC_059186.1	959001	959002	*	21	3	18	68	0	68	44	1	43	39	0	39	44	0	44	38	0	38	25	0	25	62	0	62	45	0	45	49	0	49	57	0	57	52	0	52	54	0	54	59	0	59	80	0	80	58	0	58	43	0	43	21	0	21	44	1	43	68	0	68
NC_059186.1	959024	959025	*	21	3	18	68	0	68	44	0	44	40	0	40	44	0	44	42	0	42	24	0	24	65	0	65	47	0	47	52	0	52	62	0	62	54	0	54	55	0	55	63	0	63	94	1	93	64	0	64	44	0	44	23	0	23	47	1	46	82	0	82
NC_059186.1	1012870	1012871	*	17	15	2	19	16	3	18	17	1	13	9	4	12	12	0	12	10	2	20	11	9	15	6	9	15	14	1	18	18	0	21	19	2	23	23	0	13	13	0	21	20	1	16	16	0	22	22	0	20	9	11	13	8	5	25	11	14	16	15	1
NC_059186.1	2883462	2883463	*	22	11	11	19	7	12	15	9	6	20	8	12	26	7	19	17	4	13	16	0	16	13	4	9	15	3	12	15	5	10	28	4	24	19	1	18	25	0	25	26	7	19	26	12	14	11	4	7	30	0	30	17	0	17	16	3	13	23	7	16
NC_059186.1	2883604	2883605	*	22	5	17	18	7	11	10	5	5	16	11	5	16	10	6	16	6	10	25	11	14	22	15	7	12	6	6	19	9	10	24	12	12	40	22	18	26	17	9	30	15	15	20	7	13	21	10	11	27	20	7	50	23	27	17	8	9	18	8	10
NC_059186.1	2912058	2912059	*	28	3	25	41	0	41	24	0	24	23	0	23	37	0	37	26	0	26	15	0	15	18	0	18	25	0	25	45	0	45	48	0	48	35	0	35	19	0	19	35	2	33	33	0	33	24	0	24	20	0	20	13	0	13	43	0	43	22	1	21
NC_059186.1	3005779	3005780	*	14	12	2	22	19	3	10	9	1	11	10	1	13	12	1	14	14	0	14	12	2	12	10	2	17	13	4	15	12	3	14	12	2	18	16	2	15	15	0	14	10	4	16	14	2	15	15	0	16	13	3	12	11	1	14	12	2	10	10	0
NC_059186.1	3458448	3458449	*	12	11	1	12	11	1	10	8	2	18	15	3	12	12	0	21	21	0	18	17	1	14	12	2	10	9	1	12	10	2	19	18	1	14	12	2	14	10	4	20	17	3	13	12	1	22	19	3	20	17	3	13	12	1	13	12	1	17	14	3
NC_059186.1	3458665	3458666	*	21	20	1	13	13	0	10	10	0	16	15	1	17	17	0	22	21	1	22	21	1	14	13	1	10	10	0	17	16	1	19	19	0	22	21	1	24	23	1	18	18	0	24	24	0	20	17	3	17	16	1	11	10	1	24	22	2	24	24	0
NC_059186.1	3458678	3458679	*	20	20	0	15	14	1	10	10	0	17	17	0	18	18	0	21	21	0	20	19	1	14	14	0	11	10	1	17	15	2	19	19	0	22	22	0	25	24	1	18	18	0	24	24	0	18	16	2	14	13	1	12	11	1	24	24	0	25	23	2
NC_059186.1	3458807	3458808	*	11	10	1	14	7	7	12	9	3	13	10	3	13	9	4	13	10	3	24	20	4	13	9	4	13	8	5	10	10	0	11	7	4	14	9	5	17	16	1	24	19	5	14	8	6	14	11	3	13	6	7	12	9	3	12	10	2	17	13	4
NC_059186.1	3634962	3634963	*	18	10	8	15	4	11	17	10	7	14	8	6	15	11	4	14	6	8	16	10	6	12	9	3	15	13	2	24	2	22	25	9	16	16	10	6	21	12	9	23	10	13	13	6	7	19	10	9	13	8	5	16	1	15	25	15	10	13	8	5
NC_059186.1	3634994	3634995	*	18	17	1	18	18	0	22	20	2	15	14	1	15	14	1	18	17	1	20	20	0	12	12	0	20	20	0	23	21	2	28	28	0	14	13	1	26	25	1	24	22	2	16	16	0	18	18	0	17	17	0	16	16	0	25	24	1	12	11	1
NC_059186.1	3635065	3635066	*	25	21	4	21	18	3	25	23	2	17	7	10	15	14	1	22	19	3	19	15	4	12	10	2	17	16	1	31	28	3	36	32	4	24	21	3	28	25	3	24	22	2	17	16	1	24	22	2	23	22	1	22	20	2	31	24	7	22	20	2
NC_059186.1	3635074	3635075	*	28	24	4	22	21	1	25	23	2	17	8	9	15	14	1	24	23	1	17	15	2	11	10	1	17	15	2	32	31	1	34	34	0	22	21	1	28	25	3	24	24	0	17	17	0	25	23	2	22	21	1	22	22	0	30	26	4	23	17	6
NC_059186.1	3635093	3635094	*	25	23	2	23	22	1	24	20	4	17	10	7	15	14	1	25	23	2	16	13	3	10	6	4	19	18	1	26	26	0	36	35	1	23	19	4	28	28	0	22	21	1	20	19	1	25	23	2	19	18	1	23	21	2	30	30	0	21	18	3
NC_059186.1	4999174	4999175	*	23	21	2	15	12	3	21	20	1	10	9	1	17	16	1	16	11	5	15	13	2	17	17	0	14	14	0	29	28	1	18	15	3	19	18	1	20	19	1	18	15	3	23	22	1	25	25	0	28	28	0	28	28	0	24	23	1	21	20	1
NC_059186.1	4999197	4999198	*	25	22	3	15	12	3	18	16	2	10	8	2	17	16	1	18	17	1	17	9	8	20	18	2	14	13	1	31	28	3	16	15	1	21	19	2	19	17	2	17	16	1	23	21	2	26	24	2	31	28	3	29	28	1	25	24	1	24	18	6
NC_059186.1	4999363	4999364	*	13	13	0	17	16	1	15	13	2	15	13	2	13	10	3	18	18	0	16	14	2	19	19	0	13	11	2	28	24	4	10	9	1	14	13	1	16	15	1	15	15	0	26	24	2	19	19	0	14	14	0	28	27	1	23	22	1	12	12	0
NC_059186.1	5198294	5198295	*	30	27	3	20	18	2	16	14	2	20	19	1	10	10	0	17	17	0	12	11	1	20	20	0	10	10	0	21	20	1	14	14	0	21	17	4	20	20	0	21	17	4	27	25	2	17	16	1	19	18	1	18	18	0	21	20	1	17	14	3
NC_059186.1	5198422	5198423	*	16	15	1	15	15	0	14	14	0	12	11	1	11	10	1	11	11	0	12	12	0	18	18	0	14	13	1	16	16	0	16	15	1	13	13	0	10	10	0	12	11	1	19	18	1	11	11	0	14	13	1	17	16	1	16	15	1	12	12	0
NC_059186.1	6761045	6761046	*	13	13	0	16	15	1	12	12	0	11	11	0	15	14	1	10	9	1	23	23	0	15	15	0	10	8	2	14	14	0	22	21	1	15	15	0	29	27	2	21	19	2	15	14	1	15	13	2	11	11	0	14	14	0	19	19	0	12	12	0
NC_059186.1	6866210	6866211	*	19	17	2	14	13	1	15	15	0	13	12	1	17	16	1	16	16	0	12	12	0	13	12	1	10	9	1	11	10	1	24	24	0	13	13	0	16	16	0	11	11	0	19	17	2	12	9	3	18	15	3	21	20	1	11	9	2	11	11	0
NC_059186.1	6892324	6892325	*	17	15	2	17	16	1	13	9	4	17	15	2	21	19	2	17	16	1	11	10	1	17	17	0	10	10	0	14	14	0	20	19	1	22	21	1	15	13	2	28	27	1	17	16	1	26	24	2	16	12	4	13	13	0	23	21	2	18	14	4
NC_059186.1	7410859	7410860	*	14	12	2	16	14	2	24	22	2	13	13	0	19	17	2	26	25	1	16	16	0	19	18	1	11	11	0	19	17	2	24	24	0	19	18	1	30	30	0	17	16	1	22	20	2	18	17	1	21	21	0	33	30	3	26	25	1	22	21	1
NC_059186.1	7410898	7410899	*	14	12	2	13	13	0	23	21	2	15	14	1	18	17	1	26	25	1	18	17	1	21	20	1	12	12	0	20	20	0	26	26	0	20	20	0	28	28	0	21	20	1	23	23	0	23	22	1	23	21	2	31	30	1	23	23	0	25	22	3
NC_059186.1	7411122	7411123	*	21	11	10	12	4	8	17	7	10	14	13	1	13	5	8	17	15	2	21	15	6	13	7	6	14	2	12	19	0	19	22	19	3	25	11	14	19	16	3	16	12	4	17	9	8	22	21	1	14	8	6	28	16	12	25	9	16	16	14	2
NC_059186.1	7411129	7411130	*	21	12	9	12	4	8	16	5	11	14	13	1	13	4	9	16	15	1	22	19	3	12	6	6	15	0	15	20	0	20	21	20	1	25	10	15	20	16	4	18	15	3	18	9	9	23	23	0	15	7	8	29	16	13	26	9	17	17	15	2
NC_059186.1	7613177	7613178	*	11	4	7	13	10	3	16	7	9	15	6	9	19	13	6	23	13	10	13	5	8	12	9	3	13	5	8	13	7	6	23	18	5	13	7	6	19	16	3	28	21	7	26	9	17	14	6	8	24	15	9	16	12	4	17	9	8	19	10	9
NC_059186.1	7881187	7881188	*	12	12	0	16	12	4	14	14	0	10	9	1	15	15	0	15	14	1	18	17	1	11	10	1	14	13	1	10	10	0	16	16	0	19	18	1	17	17	0	12	12	0	18	17	1	22	21	1	16	15	1	33	32	1	20	19	1	15	14	1
NC_059186.1	7881236	7881237	*	14	14	0	17	14	3	17	17	0	16	15	1	19	19	0	19	17	2	18	18	0	12	10	2	15	14	1	13	12	1	25	25	0	24	23	1	20	20	0	12	11	1	23	19	4	21	19	2	20	20	0	27	25	2	22	22	0	19	19	0
NC_059186.1	7881277	7881278	*	15	15	0	14	12	2	15	15	0	14	13	1	16	16	0	18	18	0	14	13	1	12	11	1	15	15	0	13	13	0	25	24	1	22	22	0	20	20	0	15	14	1	21	20	1	16	16	0	21	21	0	23	23	0	23	22	1	16	16	0
NC_059186.1	7892752	7892753	*	21	9	12	25	24	1	11	9	2	17	16	1	15	11	4	26	25	1	15	15	0	10	4	6	13	9	4	19	18	1	28	13	15	21	21	0	18	9	9	29	21	8	19	18	1	31	31	0	23	23	0	15	15	0	17	14	3	23	22	1
NC_059186.1	7892873	7892874	*	27	25	2	30	29	1	15	13	2	16	16	0	11	11	0	17	17	0	18	17	1	21	20	1	12	12	0	24	23	1	36	32	4	21	20	1	18	18	0	23	23	0	20	20	0	22	20	2	16	15	1	20	20	0	19	17	2	19	18	1
NC_059186.1	7893083	7893084	*	22	17	5	27	27	0	10	9	1	14	14	0	20	19	1	13	13	0	15	14	1	22	19	3	24	21	3	17	16	1	23	20	3	21	20	1	14	13	1	15	15	0	22	21	1	21	20	1	14	13	1	15	15	0	22	21	1	17	17	0
NC_059186.1	7957211	7957212	*	10	9	1	15	15	0	10	9	1	10	10	0	11	10	1	12	9	3	10	9	1	11	8	3	11	11	0	11	11	0	12	10	2	16	14	2	15	14	1	12	10	2	13	7	6	11	10	1	14	11	3	12	11	1	19	16	3	17	16	1
NC_059186.1	7989746	7989747	*	19	18	1	18	17	1	13	13	0	18	17	1	12	11	1	16	15	1	11	11	0	16	15	1	13	13	0	16	15	1	21	19	2	23	21	2	20	18	2	22	21	1	15	14	1	22	21	1	12	11	1	18	18	0	15	15	0	15	14	1
NC_059186.1	8105216	8105217	*	10	10	0	15	14	1	11	11	0	21	20	1	18	18	0	12	10	2	20	19	1	18	18	0	12	12	0	13	13	0	17	17	0	16	15	1	17	17	0	16	15	1	13	12	1	15	15	0	20	19	1	34	33	1	17	17	0	13	12	1
NC_059186.1	8105233	8105234	*	10	10	0	14	13	1	13	6	7	21	21	0	18	18	0	15	14	1	19	18	1	18	18	0	11	11	0	13	13	0	16	16	0	16	15	1	18	18	0	15	14	1	14	13	1	15	15	0	19	11	8	35	34	1	14	14	0	14	14	0
NC_059186.1	8105290	8105291	*	10	9	1	17	15	2	11	9	2	21	17	4	13	12	1	15	11	4	15	11	4	13	12	1	12	11	1	10	8	2	12	12	0	19	19	0	19	18	1	12	10	2	11	10	1	12	12	0	15	12	3	34	30	4	10	9	1	12	9	3
NC_059186.1	8144031	8144032	*	11	11	0	16	15	1	20	19	1	18	17	1	13	12	1	25	24	1	22	21	1	15	14	1	18	17	1	17	15	2	23	23	0	19	17	2	28	27	1	17	16	1	12	12	0	24	23	1	23	23	0	27	27	0	15	13	2	22	21	1
NC_059186.1	8211543	8211544	*	21	18	3	18	16	2	13	13	0	12	11	1	12	11	1	15	14	1	13	13	0	14	12	2	19	18	1	12	11	1	14	12	2	12	12	0	18	16	2	20	18	2	25	25	0	19	19	0	19	17	2	10	9	1	15	13	2	14	11	3
NC_059186.1	8262197	8262198	*	10	3	7	19	5	14	15	2	13	17	3	14	13	4	9	23	6	17	19	1	18	18	4	14	13	2	11	14	4	10	24	6	18	23	1	22	18	1	17	14	4	10	19	1	18	15	1	14	18	4	14	35	1	34	27	2	25	11	2	9
NC_059186.1	8310894	8310895	*	16	16	0	14	14	0	18	18	0	22	22	0	18	13	5	20	19	1	16	14	2	20	19	1	19	16	3	21	21	0	23	22	1	14	14	0	26	26	0	23	21	2	25	23	2	28	26	2	29	19	10	14	13	1	28	26	2	17	15	2
NC_059186.1	8310900	8310901	*	18	17	1	14	14	0	18	13	5	22	18	4	18	13	5	22	18	4	16	14	2	20	15	5	20	15	5	22	20	2	24	22	2	15	15	0	26	26	0	23	20	3	26	19	7	28	25	3	27	19	8	14	13	1	26	21	5	18	16	2
NC_059186.1	8311030	8311031	*	19	18	1	18	17	1	18	18	0	25	23	2	22	21	1	25	24	1	14	14	0	20	19	1	22	20	2	20	19	1	24	23	1	15	14	1	27	24	3	14	12	2	39	38	1	33	31	2	22	21	1	17	17	0	26	26	0	20	19	1
NC_059186.1	8311053	8311054	*	17	14	3	17	17	0	19	19	0	25	23	2	20	20	0	23	22	1	13	13	0	19	18	1	24	23	1	24	24	0	19	17	2	17	16	1	26	26	0	13	12	1	35	27	8	29	29	0	22	21	1	17	17	0	24	24	0	17	16	1
NC_059186.1	8311107	8311108	*	15	15	0	21	21	0	20	19	1	15	15	0	20	19	1	21	19	2	16	16	0	16	15	1	26	22	4	28	26	2	17	17	0	19	19	0	23	22	1	18	17	1	32	32	0	30	29	1	29	26	3	23	22	1	25	22	3	19	19	0
NC_059186.1	8311139	8311140	*	16	14	2	20	15	5	19	17	2	16	15	1	20	19	1	19	18	1	19	15	4	15	12	3	24	11	13	25	23	2	14	14	0	22	21	1	24	24	0	15	12	3	32	30	2	34	28	6	23	22	1	21	21	0	24	21	3	18	16	2
NC_059186.1	8350432	8350433	*	25	22	3	29	27	2	16	15	1	18	15	3	11	10	1	23	19	4	23	17	6	24	21	3	14	10	4	29	24	5	33	26	7	20	16	4	32	24	8	29	23	6	30	26	4	30	24	6	36	28	8	26	23	3	32	25	7	21	12	9
NC_059186.1	8350445	8350446	*	22	21	1	28	25	3	16	16	0	17	15	2	13	13	0	26	25	1	23	22	1	22	21	1	13	13	0	29	28	1	33	29	4	20	19	1	29	26	3	27	26	1	30	29	1	29	25	4	37	35	2	26	24	2	32	31	1	21	19	2
NC_059186.1	8350472	8350473	*	20	20	0	27	26	1	14	14	0	14	14	0	16	14	2	28	27	1	22	21	1	18	18	0	12	12	0	27	27	0	32	30	2	18	18	0	28	28	0	27	25	2	25	25	0	33	32	1	35	33	2	30	28	2	26	24	2	24	22	2
NC_059186.1	8350579	8350580	*	11	9	2	25	20	5	15	10	5	12	10	2	19	16	3	19	12	7	15	13	2	13	11	2	12	9	3	19	17	2	25	18	7	17	12	5	14	11	3	20	17	3	11	6	5	26	17	9	25	20	5	41	35	6	19	14	5	15	7	8
NC_059186.1	8350609	8350610	*	10	9	1	23	23	0	15	13	2	11	9	2	17	16	1	19	18	1	12	12	0	14	13	1	11	10	1	15	13	2	24	22	2	16	14	2	12	10	2	16	15	1	10	9	1	26	24	2	22	22	0	38	35	3	14	12	2	14	13	1
NC_059186.1	8356063	8356064	*	21	8	13	19	14	5	18	0	18	12	7	5	20	18	2	18	10	8	20	11	9	18	5	13	10	0	10	27	12	15	21	0	21	19	11	8	22	19	3	20	9	11	15	1	14	27	26	1	22	22	0	10	0	10	24	0	24	17	0	17
NC_059186.1	8370749	8370750	*	15	7	8	11	3	8	22	0	22	13	0	13	10	10	0	15	0	15	16	9	7	15	8	7	14	7	7	14	6	8	11	7	4	11	7	4	13	0	13	17	0	17	20	5	15	17	0	17	20	0	20	12	0	12	24	24	0	15	9	6
NC_059186.1	8388899	8388900	*	15	12	3	23	16	7	13	6	7	14	7	7	11	9	2	16	10	6	18	10	8	13	5	8	14	6	8	14	11	3	17	6	11	21	6	15	16	12	4	23	16	7	21	19	2	22	15	7	23	17	6	12	10	2	11	7	4	20	17	3
NC_059186.1	8388948	8388949	*	15	7	8	22	11	11	14	10	4	16	7	9	14	2	12	15	1	14	15	1	14	11	0	11	16	5	11	12	0	12	26	12	14	21	0	21	16	10	6	19	5	14	22	11	11	24	3	21	18	4	14	12	11	1	16	0	16	22	20	2
NC_059186.1	8388953	8388954	*	15	6	9	24	8	16	13	9	4	16	5	11	13	0	13	16	5	11	16	7	9	11	5	6	16	14	2	13	3	10	26	12	14	20	10	10	16	9	7	19	5	14	22	19	3	23	0	23	19	5	14	12	10	2	16	6	10	22	17	5
NC_059186.1	8570503	8570504	*	12	11	1	17	17	0	22	21	1	19	18	1	13	12	1	20	20	0	14	14	0	20	19	1	13	13	0	25	25	0	12	12	0	15	14	1	23	22	1	23	22	1	16	16	0	15	15	0	20	20	0	10	9	1	27	25	2	14	14	0
NC_059186.1	8570521	8570522	*	10	7	3	15	14	1	21	17	4	20	14	6	12	10	2	19	14	5	13	9	4	19	18	1	15	11	4	23	20	3	10	8	2	13	11	2	21	19	2	22	17	5	16	14	2	16	13	3	18	17	1	13	11	2	23	18	5	11	8	3
NC_059186.1	8622085	8622086	*	24	4	20	20	0	20	17	7	10	12	3	9	18	0	18	19	6	13	15	8	7	18	8	10	11	5	6	25	14	11	20	0	20	14	7	7	27	0	27	31	1	30	26	0	26	31	0	31	15	0	15	15	5	10	21	12	9	17	0	17
NC_059186.1	8638795	8638796	*	10	10	0	17	16	1	10	9	1	16	15	1	11	8	3	15	15	0	13	13	0	13	12	1	10	10	0	10	10	0	13	13	0	17	17	0	14	13	1	12	10	2	20	19	1	16	15	1	12	11	1	25	25	0	14	14	0	10	9	1
NC_059186.1	8665018	8665019	*	20	12	8	14	12	2	13	4	9	20	0	20	24	1	23	26	2	24	21	4	17	20	5	15	16	11	5	24	0	24	25	16	9	20	2	18	10	5	5	25	9	16	21	16	5	23	1	22	25	14	11	21	1	20	22	11	11	14	9	5
NC_059186.1	8665095	8665096	*	27	27	0	23	20	3	13	12	1	20	20	0	21	8	13	34	20	14	21	20	1	19	19	0	16	15	1	28	26	2	24	24	0	18	14	4	18	17	1	21	21	0	23	23	0	18	14	4	26	24	2	17	17	0	19	7	12	17	14	3
NC_059186.1	8665135	8665136	*	30	20	10	22	10	12	15	5	10	22	12	10	21	1	20	38	19	19	23	11	12	17	10	7	15	6	9	26	17	9	27	16	11	21	12	9	22	9	13	28	16	12	22	15	7	24	17	7	30	23	7	17	10	7	22	7	15	22	8	14
NC_059186.1	8665164	8665165	*	29	24	5	21	18	3	17	16	1	20	19	1	19	11	8	35	26	9	20	16	4	17	13	4	15	14	1	25	15	10	26	25	1	21	19	2	22	21	1	28	25	3	20	18	2	23	21	2	28	24	4	18	15	3	21	14	7	20	16	4
NC_059186.1	8665249	8665250	*	26	26	0	19	18	1	16	15	1	14	13	1	16	15	1	31	29	2	14	12	2	20	20	0	12	12	0	21	21	0	27	27	0	19	18	1	21	21	0	24	21	3	14	12	2	16	15	1	18	18	0	10	10	0	19	18	1	16	16	0
NC_059186.1	8665252	8665253	*	26	24	2	18	17	1	16	14	2	13	13	0	16	15	1	29	27	2	13	13	0	20	20	0	11	11	0	21	20	1	27	27	0	18	18	0	21	20	1	24	22	2	14	14	0	17	17	0	17	17	0	10	10	0	19	17	2	17	17	0
NC_059186.1	8853628	8853629	*	13	10	3	14	12	2	14	11	3	14	12	2	11	9	2	14	14	0	16	15	1	12	10	2	11	10	1	18	14	4	17	14	3	14	14	0	18	14	4	19	15	4	19	18	1	27	18	9	20	17	3	14	13	1	15	15	0	21	18	3
NC_059186.1	8880097	8880098	*	29	22	7	35	22	13	19	16	3	18	15	3	33	29	4	26	22	4	27	20	7	23	18	5	21	14	7	35	31	4	33	17	16	37	34	3	34	14	20	32	25	7	29	15	14	32	27	5	32	20	12	10	9	1	33	17	16	32	22	10
NC_059186.1	8880244	8880245	*	18	14	4	19	14	5	17	14	3	14	10	4	19	15	4	16	14	2	20	16	4	14	12	2	18	15	3	12	8	4	17	14	3	15	14	1	18	13	5	28	16	12	28	25	3	17	12	5	21	19	2	15	11	4	23	21	2	22	17	5
NC_059186.1	8880318	8880319	*	17	17	0	21	7	14	18	8	10	10	5	5	14	14	0	17	0	17	21	0	21	18	9	9	18	6	12	13	7	6	21	18	3	24	22	2	24	22	2	23	21	2	23	22	1	18	10	8	21	12	9	23	10	13	19	8	11	18	17	1
NC_059186.1	8900120	8900121	*	13	13	0	20	18	2	18	17	1	14	13	1	10	10	0	18	18	0	14	13	1	12	10	2	11	11	0	17	17	0	12	12	0	20	19	1	12	12	0	18	18	0	16	15	1	17	17	0	16	14	2	17	16	1	15	14	1	12	11	1
NC_059186.1	8964071	8964072	*	28	12	16	21	11	10	19	9	10	22	13	9	25	6	19	26	24	2	20	10	10	19	17	2	12	9	3	25	23	2	25	0	25	26	11	15	24	12	12	27	12	15	21	12	9	23	12	11	34	30	4	19	19	0	29	11	18	13	5	8
NC_059186.1	8964075	8964076	*	27	17	10	21	18	3	18	14	4	22	11	11	25	13	12	26	23	3	19	15	4	19	15	4	12	9	3	25	23	2	25	20	5	25	22	3	24	12	12	27	22	5	22	19	3	22	16	6	33	27	6	17	17	0	29	21	8	12	0	12
NC_059186.1	8964105	8964106	*	27	23	4	21	13	8	17	14	3	18	8	10	22	16	6	27	21	6	17	11	6	17	10	7	15	11	4	26	21	5	23	20	3	20	19	1	25	13	12	22	17	5	21	17	4	22	17	5	31	25	6	20	16	4	28	19	9	13	0	13
NC_059186.1	9368872	9368873	*	16	14	2	21	18	3	13	13	0	15	14	1	13	12	1	18	13	5	15	14	1	14	12	2	14	13	1	15	13	2	18	17	1	16	16	0	17	14	3	11	10	1	14	12	2	18	18	0	18	16	2	17	15	2	17	16	1	17	17	0
NC_059186.1	9430145	9430146	*	11	10	1	25	20	5	11	8	3	11	10	1	12	11	1	21	19	2	15	11	4	16	15	1	11	8	3	10	10	0	15	11	4	21	19	2	11	7	4	20	14	6	23	14	9	10	9	1	19	15	4	31	31	0	14	9	5	21	12	9
NC_059186.1	9441734	9441735	*	21	20	1	18	17	1	17	16	1	18	18	0	19	17	2	20	19	1	10	7	3	16	16	0	13	12	1	20	18	2	14	13	1	25	25	0	25	24	1	25	22	3	14	14	0	21	19	2	15	14	1	11	11	0	21	21	0	17	16	1
NC_059186.1	9844853	9844854	*	12	12	0	13	12	1	14	14	0	13	13	0	17	14	3	14	2	12	17	16	1	11	11	0	11	11	0	15	15	0	16	6	10	18	18	0	14	13	1	13	13	0	17	12	5	14	11	3	17	16	1	16	16	0	18	11	7	12	12	0
NC_059186.1	9844914	9844915	*	13	13	0	15	11	4	17	16	1	12	11	1	18	17	1	11	8	3	14	14	0	10	9	1	15	13	2	12	11	1	18	17	1	19	19	0	20	20	0	12	12	0	19	17	2	17	16	1	17	17	0	12	12	0	18	15	3	13	13	0
NC_059186.1	9945477	9945478	*	18	18	0	19	19	0	13	13	0	10	10	0	13	12	1	13	13	0	21	21	0	10	10	0	10	10	0	17	16	1	15	15	0	13	13	0	10	10	0	12	12	0	15	15	0	10	10	0	21	20	1	25	24	1	14	14	0	10	8	2
NC_059186.1	10023121	10023122	*	13	13	0	24	23	1	15	15	0	16	15	1	16	15	1	25	23	2	14	14	0	19	19	0	16	16	0	21	19	2	26	26	0	31	29	2	19	17	2	30	27	3	23	21	2	27	25	2	14	14	0	11	11	0	21	20	1	20	18	2
NC_059186.1	10103471	10103472	*	21	19	2	16	7	9	18	15	3	20	14	6	23	19	4	16	16	0	10	6	4	15	1	14	14	13	1	20	18	2	25	13	12	33	17	16	20	1	19	22	21	1	29	27	2	31	30	1	33	30	3	20	20	0	35	35	0	20	7	13
NC_059186.1	10112538	10112539	*	21	18	3	11	11	0	14	14	0	14	13	1	12	12	0	18	17	1	15	13	2	15	13	2	15	10	5	19	17	2	13	13	0	13	11	2	16	15	1	18	16	2	24	24	0	19	19	0	12	10	2	10	10	0	25	23	2	15	13	2
NC_059186.1	10114290	10114291	*	12	12	0	11	11	0	10	10	0	10	10	0	14	14	0	23	21	2	12	12	0	10	10	0	14	13	1	13	13	0	14	14	0	18	18	0	11	11	0	17	17	0	18	17	1	27	27	0	21	20	1	26	26	0	24	24	0	23	23	0
NC_059186.1	10201887	10201888	*	17	16	1	35	20	15	16	16	0	17	10	7	20	9	11	25	8	17	14	6	8	14	13	1	22	15	7	15	0	15	21	1	20	18	7	11	22	8	14	19	9	10	31	16	15	17	8	9	17	13	4	16	13	3	16	14	2	22	14	8
NC_059186.1	10201968	10201969	*	19	17	2	29	8	21	12	10	2	15	7	8	17	17	0	17	14	3	15	3	12	10	9	1	16	13	3	13	11	2	18	9	9	15	8	7	17	14	3	14	10	4	20	10	10	17	6	11	15	14	1	13	12	1	13	9	4	18	12	6
NC_059186.1	10201977	10201978	*	19	14	5	29	13	16	14	13	1	17	6	11	16	15	1	16	12	4	16	3	13	10	9	1	15	13	2	14	12	2	17	7	10	15	7	8	15	13	2	15	11	4	21	10	11	15	5	10	15	14	1	13	11	2	12	5	7	18	12	6
NC_059186.1	10202033	10202034	*	19	18	1	21	21	0	13	13	0	14	14	0	19	19	0	16	13	3	15	15	0	11	10	1	16	16	0	10	10	0	15	14	1	13	12	1	14	13	1	15	14	1	19	16	3	12	9	3	14	12	2	14	14	0	11	11	0	13	11	2
NC_059186.1	10218274	10218275	*	18	18	0	14	13	1	17	13	4	17	16	1	15	15	0	17	16	1	10	9	1	23	23	0	15	15	0	29	29	0	22	21	1	23	22	1	16	16	0	25	25	0	25	25	0	22	22	0	28	27	1	12	12	0	24	23	1	23	23	0
NC_059186.1	10218291	10218292	*	18	16	2	12	11	1	19	17	2	17	17	0	14	13	1	17	17	0	10	9	1	20	19	1	16	15	1	27	27	0	20	19	1	21	20	1	18	18	0	24	23	1	25	23	2	20	20	0	28	27	1	11	10	1	23	22	1	22	22	0
NC_059186.1	10218331	10218332	*	23	17	6	15	13	2	18	16	2	17	10	7	11	11	0	10	8	2	11	8	3	16	15	1	16	13	3	20	18	2	21	21	0	20	16	4	19	16	3	25	23	2	22	19	3	22	17	5	26	24	2	11	10	1	24	16	8	17	16	1
NC_059186.1	10750045	10750046	*	14	12	2	23	23	0	18	17	1	13	13	0	11	10	1	25	24	1	14	14	0	16	16	0	15	13	2	31	31	0	14	13	1	28	28	0	21	21	0	20	20	0	33	32	1	24	21	3	23	21	2	29	29	0	23	21	2	19	18	1
NC_059186.1	10803179	10803180	*	20	4	16	23	22	1	16	5	11	19	17	2	11	11	0	10	10	0	20	19	1	14	1	13	19	18	1	19	18	1	22	10	12	22	13	9	21	21	0	18	10	8	23	22	1	18	8	10	28	28	0	20	13	7	33	14	19	22	21	1
NC_059186.1	10890884	10890885	*	24	18	6	28	24	4	16	14	2	13	11	2	16	15	1	22	15	7	16	12	4	22	20	2	13	10	3	11	7	4	33	30	3	15	12	3	26	25	1	21	19	2	16	14	2	22	21	1	32	29	3	21	19	2	29	24	5	17	14	3
NC_059186.1	10890973	10890974	*	28	25	3	25	22	3	19	19	0	17	17	0	19	19	0	14	12	2	11	11	0	24	24	0	16	16	0	10	8	2	25	24	1	13	13	0	17	15	2	19	17	2	15	15	0	21	21	0	33	32	1	22	21	1	20	19	1	16	16	0
NC_059186.1	10891095	10891096	*	19	17	2	25	22	3	15	15	0	22	20	2	15	14	1	14	14	0	10	9	1	14	13	1	13	12	1	14	13	1	16	16	0	15	15	0	17	17	0	25	25	0	23	21	2	19	19	0	23	19	4	17	14	3	20	17	3	17	15	2
NC_059186.1	10891108	10891109	*	20	19	1	27	23	4	16	14	2	21	20	1	15	15	0	16	15	1	10	10	0	15	14	1	14	12	2	14	12	2	16	16	0	17	17	0	19	19	0	31	30	1	25	24	1	19	18	1	24	19	5	15	12	3	20	18	2	19	16	3
NC_059186.1	11254658	11254659	*	23	21	2	22	21	1	13	13	0	12	12	0	23	21	2	13	13	0	16	16	0	16	15	1	15	13	2	24	20	4	20	19	1	21	19	2	11	11	0	16	15	1	20	20	0	20	19	1	22	18	4	16	16	0	18	18	0	17	17	0
NC_059186.1	11254670	11254671	*	21	19	2	21	19	2	14	13	1	12	12	0	24	21	3	13	12	1	17	15	2	15	14	1	15	13	2	23	21	2	20	18	2	21	20	1	13	13	0	15	12	3	20	19	1	19	18	1	21	19	2	17	16	1	18	17	1	17	16	1
NC_059186.1	11259014	11259015	*	12	10	2	21	18	3	12	12	0	17	15	2	10	10	0	20	18	2	12	10	2	11	10	1	11	9	2	16	16	0	11	10	1	15	14	1	16	16	0	17	17	0	25	24	1	14	14	0	11	9	2	10	9	1	16	16	0	11	11	0
NC_059186.1	11281238	11281239	*	21	12	9	15	11	4	19	15	4	22	19	3	14	12	2	22	18	4	21	17	4	15	14	1	11	5	6	20	10	10	20	18	2	17	14	3	15	14	1	26	19	7	20	19	1	24	18	6	23	20	3	23	19	4	20	6	14	22	17	5
NC_059186.1	11411298	11411299	*	15	15	0	16	15	1	15	15	0	11	10	1	13	11	2	13	12	1	17	16	1	13	13	0	11	11	0	17	17	0	12	12	0	13	11	2	15	15	0	13	13	0	19	18	1	12	11	1	13	13	0	10	10	0	10	10	0	12	12	0
NC_059186.1	11645057	11645058	*	29	28	1	22	21	1	19	18	1	12	12	0	17	16	1	20	20	0	17	15	2	11	11	0	14	13	1	14	14	0	17	16	1	12	12	0	19	18	1	18	17	1	11	11	0	19	19	0	17	17	0	67	67	0	16	15	1	16	16	0
NC_059186.1	11645132	11645133	*	30	29	1	21	19	2	19	19	0	13	12	1	22	21	1	21	20	1	16	16	0	13	11	2	17	15	2	18	14	4	21	21	0	15	14	1	21	21	0	23	22	1	12	11	1	21	21	0	20	18	2	68	66	2	15	15	0	15	15	0
NC_059186.1	11652461	11652462	*	15	15	0	12	11	1	17	16	1	15	15	0	17	16	1	11	11	0	12	10	2	20	16	4	13	12	1	23	22	1	13	13	0	23	22	1	17	16	1	13	13	0	15	14	1	19	18	1	20	18	2	36	36	0	19	18	1	11	10	1
NC_059186.1	11652495	11652496	*	15	13	2	12	12	0	16	15	1	15	15	0	15	15	0	16	15	1	13	12	1	16	15	1	15	15	0	22	22	0	14	14	0	25	24	1	16	15	1	13	13	0	16	16	0	13	11	2	23	22	1	33	32	1	16	14	2	14	12	2
NC_059186.1	11665594	11665595	*	24	23	1	21	20	1	14	13	1	24	24	0	19	18	1	23	21	2	12	12	0	12	11	1	20	19	1	22	21	1	24	23	1	23	22	1	18	18	0	28	27	1	26	26	0	23	22	1	14	14	0	15	13	2	27	27	0	27	27	0
NC_059186.1	11665608	11665609	*	25	24	1	22	22	0	15	15	0	24	24	0	21	21	0	24	23	1	12	10	2	14	14	0	20	20	0	23	22	1	24	24	0	23	22	1	21	20	1	28	28	0	25	25	0	27	26	1	17	16	1	16	15	1	27	27	0	27	27	0
NC_059186.1	11665676	11665677	*	19	17	2	25	17	8	14	12	2	21	13	8	19	18	1	20	18	2	12	5	7	11	10	1	18	13	5	20	16	4	28	16	12	25	22	3	22	18	4	25	22	3	22	18	4	23	20	3	16	12	4	19	17	2	25	19	6	22	19	3
NC_059186.1	11671857	11671858	*	17	15	2	11	10	1	14	14	0	14	14	0	10	9	1	11	11	0	16	16	0	15	15	0	11	9	2	15	15	0	20	19	1	13	11	2	11	11	0	11	11	0	22	22	0	12	11	1	14	14	0	19	18	1	16	16	0	10	10	0
NC_059186.1	11683039	11683040	*	22	22	0	20	18	2	16	14	2	17	16	1	16	16	0	18	17	1	13	11	2	14	14	0	10	10	0	19	18	1	18	18	0	18	17	1	22	22	0	21	20	1	20	20	0	29	28	1	14	14	0	17	17	0	27	26	1	23	21	2
NC_059186.1	11741696	11741697	*	25	22	3	22	20	2	15	13	2	15	7	8	11	3	8	19	17	2	14	9	5	13	11	2	16	13	3	15	12	3	22	18	4	11	6	5	19	18	1	18	16	2	23	18	5	22	20	2	20	19	1	14	13	1	19	19	0	20	11	9
NC_059186.1	11741720	11741721	*	22	21	1	23	21	2	11	10	1	14	7	7	10	3	7	16	14	2	15	13	2	14	13	1	12	9	3	15	10	5	17	16	1	11	5	6	18	17	1	17	17	0	19	19	0	21	21	0	15	15	0	13	13	0	20	20	0	16	10	6
NC_059186.1	11840093	11840094	*	16	16	0	19	18	1	11	11	0	18	14	4	21	18	3	19	19	0	13	9	4	13	13	0	11	10	1	16	14	2	27	24	3	22	19	3	25	22	3	21	20	1	21	19	2	23	22	1	14	12	2	13	13	0	20	18	2	10	8	2
NC_059186.1	11923918	11923919	*	25	21	4	16	14	2	16	13	3	19	18	1	18	17	1	18	15	3	12	12	0	10	6	4	10	8	2	21	19	2	20	18	2	19	18	1	12	12	0	17	13	4	29	25	4	20	15	5	22	16	6	13	12	1	22	19	3	13	10	3
NC_059186.1	12034900	12034901	*	19	18	1	18	17	1	21	21	0	18	17	1	11	11	0	25	23	2	17	15	2	15	14	1	29	28	1	23	20	3	23	21	2	27	26	1	18	17	1	20	19	1	33	32	1	16	13	3	25	24	1	40	40	0	20	20	0	17	17	0
NC_059186.1	12034938	12034939	*	17	16	1	20	18	2	27	27	0	20	20	0	13	13	0	28	27	1	17	17	0	19	17	2	28	28	0	27	26	1	25	23	2	23	20	3	20	20	0	19	19	0	32	31	1	14	14	0	27	27	0	51	50	1	21	21	0	17	17	0
NC_059186.1	12034941	12034942	*	16	15	1	20	19	1	27	27	0	20	19	1	13	11	2	27	26	1	17	17	0	18	16	2	28	27	1	27	27	0	26	23	3	24	21	3	19	18	1	19	19	0	31	29	2	14	14	0	27	27	0	51	51	0	22	21	1	17	17	0
NC_059186.1	12034971	12034972	*	12	12	0	17	17	0	27	27	0	18	18	0	14	14	0	29	29	0	17	16	1	17	16	1	27	24	3	28	28	0	24	22	2	24	22	2	20	20	0	15	15	0	30	26	4	13	13	0	26	24	2	53	49	4	21	20	1	15	13	2
NC_059186.1	12092566	12092567	*	19	17	2	16	15	1	23	21	2	19	19	0	19	19	0	12	11	1	12	12	0	23	23	0	15	15	0	16	16	0	30	30	0	23	19	4	18	18	0	23	23	0	22	21	1	17	16	1	21	19	2	17	16	1	19	19	0	19	19	0
NC_059186.1	12203945	12203946	*	10	10	0	24	22	2	17	15	2	18	17	1	18	18	0	26	24	2	19	19	0	15	13	2	20	20	0	16	15	1	14	12	2	22	22	0	32	31	1	23	23	0	23	23	0	20	19	1	27	26	1	52	51	1	12	12	0	19	19	0
NC_059186.1	12219807	12219808	*	22	19	3	11	11	0	14	13	1	13	13	0	22	21	1	27	25	2	18	15	3	14	13	1	15	15	0	13	12	1	18	17	1	23	21	2	16	16	0	12	11	1	14	11	3	15	13	2	21	20	1	16	16	0	14	13	1	17	16	1
NC_059186.1	12219844	12219845	*	16	13	3	13	12	1	12	12	0	11	11	0	19	19	0	25	22	3	15	15	0	14	13	1	12	11	1	12	12	0	11	11	0	17	16	1	16	14	2	11	10	1	15	13	2	15	13	2	25	25	0	16	15	1	10	10	0	19	18	1
NC_059186.1	12219852	12219853	*	17	16	1	12	11	1	13	13	0	12	12	0	17	17	0	25	21	4	15	13	2	14	13	1	12	10	2	12	12	0	11	11	0	16	16	0	16	16	0	11	10	1	14	12	2	15	14	1	26	24	2	18	16	2	10	10	0	20	19	1
NC_059186.1	12219904	12219905	*	14	8	6	11	8	3	12	5	7	12	0	12	13	11	2	20	0	20	12	11	1	11	5	6	12	8	4	12	5	7	11	4	7	10	5	5	12	8	4	14	0	14	15	7	8	15	14	1	26	12	14	24	19	5	11	0	11	14	8	6
NC_059187.1	93471	93472	*	14	14	0	13	12	1	12	12	0	11	11	0	13	12	1	18	18	0	15	14	1	10	10	0	12	11	1	10	10	0	15	13	2	13	12	1	15	12	3	18	18	0	20	19	1	18	17	1	15	15	0	21	21	0	14	12	2	14	14	0
NC_059187.1	99520	99521	*	17	14	3	18	9	9	15	9	6	16	13	3	16	10	6	16	15	1	14	11	3	11	9	2	10	5	5	10	8	2	10	9	1	12	9	3	16	5	11	20	15	5	12	10	2	16	12	4	18	9	9	28	14	14	20	7	13	13	9	4
NC_059187.1	153238	153239	*	14	3	11	15	0	15	12	0	12	18	0	18	21	0	21	28	0	28	20	0	20	21	0	21	18	0	18	25	0	25	22	0	22	27	0	27	25	0	25	22	0	22	24	0	24	17	0	17	24	0	24	17	0	17	30	1	29	25	0	25
NC_059187.1	233134	233135	*	20	18	2	15	12	3	11	10	1	15	12	3	14	11	3	16	16	0	14	12	2	18	17	1	13	11	2	15	14	1	23	20	3	21	7	14	22	21	1	26	25	1	27	25	2	17	15	2	22	19	3	24	21	3	24	23	1	18	16	2
NC_059187.1	233218	233219	*	18	14	4	16	13	3	14	11	3	15	10	5	17	12	5	12	8	4	12	9	3	21	16	5	10	8	2	17	15	2	24	21	3	21	17	4	17	11	6	22	17	5	24	20	4	11	10	1	19	16	3	20	16	4	27	18	9	15	14	1
NC_059187.1	233237	233238	*	18	6	12	16	8	8	14	4	10	16	4	12	19	5	14	11	2	9	12	3	9	20	10	10	10	4	6	17	6	11	22	8	14	21	9	12	15	5	10	21	6	15	25	13	12	12	2	10	14	5	9	19	5	14	24	2	22	17	6	11
NC_059187.1	248937	248938	*	16	13	3	22	16	6	14	11	3	12	5	7	15	13	2	19	16	3	21	16	5	11	6	5	16	10	6	17	14	3	25	15	10	18	7	11	17	8	9	19	12	7	20	14	6	13	7	6	31	21	10	43	37	6	12	8	4	16	12	4
NC_059187.1	249035	249036	*	17	15	2	23	22	1	21	21	0	14	8	6	24	24	0	22	22	0	27	23	4	13	12	1	24	21	3	19	19	0	24	23	1	22	20	2	15	15	0	23	23	0	26	26	0	16	16	0	30	26	4	47	46	1	12	12	0	17	17	0
NC_059187.1	249038	249039	*	17	14	3	23	20	3	21	11	10	14	8	6	24	23	1	23	23	0	25	22	3	14	12	2	24	20	4	19	19	0	23	23	0	22	20	2	15	15	0	23	22	1	25	24	1	14	14	0	30	28	2	48	47	1	11	11	0	17	16	1
NC_059187.1	297312	297313	*	20	13	7	14	6	8	12	3	9	11	0	11	17	0	17	13	0	13	18	9	9	11	9	2	10	4	6	14	0	14	25	0	25	19	0	19	14	0	14	10	0	10	15	0	15	22	1	21	24	0	24	35	1	34	19	0	19	11	0	11
NC_059187.1	307045	307046	*	42	18	24	29	19	10	37	20	17	33	15	18	42	19	23	45	21	24	37	17	20	53	36	17	19	8	11	45	35	10	49	23	26	42	27	15	30	16	14	48	22	26	67	36	31	23	9	14	40	17	23	39	17	22	46	17	29	39	23	16
NC_059187.1	484544	484545	*	14	13	1	22	20	2	13	13	0	14	14	0	18	17	1	18	16	2	15	15	0	12	12	0	16	14	2	23	20	3	16	16	0	23	22	1	28	28	0	22	19	3	11	9	2	33	32	1	15	13	2	22	21	1	22	21	1	21	21	0
NC_059187.1	484591	484592	*	14	14	0	22	21	1	11	11	0	17	17	0	20	20	0	17	17	0	13	12	1	13	13	0	17	17	0	19	19	0	16	16	0	15	15	0	26	26	0	17	16	1	12	12	0	31	30	1	13	13	0	24	24	0	23	21	2	21	19	2
NC_059187.1	484605	484606	*	12	12	0	20	20	0	12	12	0	16	16	0	19	18	1	16	15	1	13	13	0	13	13	0	17	16	1	18	18	0	16	15	1	16	15	1	27	27	0	15	14	1	10	10	0	27	27	0	11	11	0	24	23	1	23	22	1	22	21	1
NC_059187.1	486576	486577	*	18	16	2	26	22	4	19	18	1	15	11	4	10	9	1	26	23	3	12	10	2	18	14	4	12	8	4	19	16	3	22	19	3	22	20	2	12	11	1	23	21	2	14	12	2	14	12	2	21	14	7	22	21	1	19	16	3	21	19	2
NC_059187.1	496129	496130	*	10	10	0	21	20	1	15	15	0	23	21	2	11	11	0	17	16	1	17	17	0	17	15	2	12	12	0	18	17	1	22	20	2	18	16	2	21	20	1	23	23	0	17	17	0	21	21	0	18	17	1	22	21	1	15	14	1	16	16	0
NC_059187.1	496139	496140	*	10	9	1	22	20	2	15	14	1	23	21	2	11	11	0	17	17	0	18	18	0	16	15	1	12	12	0	18	16	2	22	20	2	18	18	0	21	21	0	21	21	0	19	18	1	21	20	1	18	17	1	24	24	0	15	15	0	15	15	0
NC_059187.1	673234	673235	*	15	8	7	29	28	1	15	15	0	19	17	2	13	13	0	13	12	1	23	22	1	10	10	0	11	11	0	19	18	1	32	27	5	20	20	0	17	16	1	24	21	3	12	10	2	20	19	1	20	20	0	29	27	2	22	20	2	24	20	4
NC_059187.1	673290	673291	*	20	18	2	22	19	3	16	16	0	20	17	3	14	11	3	15	14	1	22	18	4	14	11	3	12	11	1	17	16	1	27	24	3	24	23	1	22	19	3	22	20	2	15	13	2	23	21	2	24	21	3	32	26	6	18	16	2	24	22	2
NC_059187.1	754943	754944	*	13	13	0	19	19	0	17	17	0	12	12	0	19	19	0	15	15	0	23	22	1	13	13	0	10	10	0	12	12	0	18	17	1	22	20	2	12	12	0	10	10	0	16	16	0	16	14	2	17	16	1	19	18	1	14	14	0	15	14	1
NC_059187.1	754963	754964	*	18	18	0	21	0	21	15	0	15	12	6	6	21	11	10	17	8	9	21	10	11	12	0	12	10	0	10	12	0	12	19	0	19	23	12	11	11	0	11	13	5	8	18	8	10	15	6	9	18	0	18	16	0	16	15	3	12	17	9	8
NC_059187.1	754992	754993	*	18	17	1	23	0	23	15	0	15	12	4	8	23	13	10	15	7	8	18	9	9	13	0	13	13	0	13	13	0	13	19	0	19	22	11	11	11	0	11	14	7	7	18	9	9	17	5	12	22	0	22	11	0	11	19	4	15	15	7	8
NC_059187.1	879357	879358	*	25	12	13	23	1	22	27	0	27	23	0	23	20	0	20	20	1	19	16	7	9	15	15	0	16	16	0	23	0	23	22	21	1	25	15	10	24	13	11	27	15	12	28	11	17	33	0	33	28	0	28	37	0	37	21	13	8	16	0	16
NC_059187.1	879452	879453	*	23	22	1	12	12	0	17	17	0	14	14	0	14	12	2	13	13	0	13	13	0	14	13	1	11	11	0	23	21	2	19	16	3	23	23	0	21	21	0	22	21	1	20	19	1	28	25	3	23	20	3	30	30	0	17	16	1	12	12	0
NC_059187.1	893468	893469	*	14	13	1	14	12	2	19	19	0	15	14	1	10	9	1	23	20	3	14	14	0	13	10	3	15	15	0	19	19	0	25	21	4	15	15	0	10	10	0	19	14	5	14	13	1	15	14	1	14	14	0	21	19	2	21	19	2	23	22	1
NC_059187.1	934168	934169	*	18	17	1	18	15	3	19	19	0	14	14	0	11	9	2	17	17	0	10	10	0	16	15	1	17	17	0	18	17	1	18	17	1	24	24	0	15	14	1	26	24	2	15	14	1	24	22	2	17	17	0	10	10	0	23	22	1	16	15	1
NC_059187.1	934321	934322	*	28	27	1	16	15	1	11	10	1	17	17	0	20	20	0	20	20	0	16	15	1	19	18	1	13	11	2	20	18	2	18	17	1	20	19	1	20	19	1	20	20	0	19	16	3	16	16	0	15	15	0	18	18	0	21	19	2	11	8	3
NC_059187.1	934324	934325	*	26	24	2	16	14	2	11	10	1	14	12	2	20	19	1	20	19	1	16	14	2	21	19	2	14	12	2	21	20	1	18	16	2	20	19	1	20	18	2	20	16	4	18	13	5	17	17	0	15	14	1	19	16	3	21	17	4	11	8	3
NC_059187.1	934359	934360	*	23	21	2	17	10	7	12	5	7	14	0	14	20	19	1	18	17	1	17	9	8	23	22	1	14	7	7	19	19	0	22	22	0	15	10	5	20	20	0	22	21	1	20	19	1	19	10	9	16	16	0	18	18	0	22	22	0	12	7	5
NC_059187.1	1024014	1024015	*	17	6	11	17	0	17	14	0	14	10	0	10	13	0	13	15	0	15	12	0	12	19	0	19	10	0	10	11	0	11	19	0	19	13	0	13	17	0	17	16	0	16	25	1	24	16	0	16	12	2	10	10	0	10	23	0	23	15	0	15
NC_059187.1	1168578	1168579	*	21	19	2	13	12	1	17	16	1	14	11	3	11	9	2	15	13	2	13	12	1	14	14	0	10	9	1	16	16	0	15	15	0	22	20	2	21	19	2	16	13	3	21	20	1	13	13	0	11	10	1	10	9	1	13	12	1	16	16	0
NC_059187.1	1188882	1188883	*	27	15	12	15	0	15	21	0	21	12	0	12	17	0	17	24	0	24	22	1	21	15	0	15	10	0	10	17	0	17	19	1	18	14	0	14	13	0	13	16	0	16	15	0	15	20	0	20	21	0	21	26	1	25	13	0	13	15	0	15
NC_059187.1	1188922	1188923	*	24	13	11	14	0	14	17	0	17	14	0	14	16	0	16	24	0	24	22	0	22	14	0	14	14	0	14	22	0	22	26	0	26	21	0	21	20	0	20	22	0	22	17	0	17	20	1	19	22	0	22	18	0	18	15	0	15	23	1	22
NC_059187.1	1188951	1188952	*	25	14	11	15	0	15	17	0	17	16	0	16	18	0	18	25	0	25	23	0	23	13	0	13	14	0	14	24	0	24	24	0	24	21	0	21	22	0	22	25	0	25	19	1	18	22	0	22	21	0	21	15	0	15	17	1	16	24	0	24
NC_059187.1	1188963	1188964	*	26	15	11	16	0	16	18	0	18	15	0	15	19	0	19	22	0	22	24	0	24	12	0	12	13	0	13	25	0	25	23	0	23	21	0	21	22	0	22	23	1	22	18	0	18	20	0	20	22	1	21	14	0	14	18	1	17	21	0	21
NC_059187.1	1259950	1259951	*	11	11	0	18	13	5	11	7	4	17	11	6	14	10	4	11	6	5	15	6	9	11	9	2	16	13	3	18	14	4	11	9	2	17	15	2	10	7	3	18	6	12	14	7	7	15	14	1	16	11	5	13	4	9	15	9	6	10	5	5
NC_059187.1	1260331	1260332	*	26	25	1	26	13	13	22	17	5	13	6	7	19	18	1	13	13	0	16	7	9	12	11	1	13	11	2	16	14	2	25	23	2	16	16	0	22	11	11	22	10	12	33	32	1	25	12	13	17	14	3	12	5	7	27	16	11	22	9	13
NC_059187.1	1532504	1532505	*	14	14	0	27	13	14	15	10	5	16	7	9	17	0	17	13	1	12	21	20	1	22	10	12	10	7	3	20	8	12	21	0	21	20	8	12	18	6	12	16	11	5	21	10	11	26	15	11	18	11	7	14	8	6	16	9	7	16	4	12
NC_059187.1	1532547	1532548	*	15	8	7	28	1	27	15	10	5	14	4	10	16	0	16	15	0	15	21	17	4	19	9	10	10	0	10	17	8	9	18	0	18	19	0	19	21	7	14	17	4	13	25	1	24	26	2	24	21	4	17	19	8	11	13	0	13	16	0	16
NC_059187.1	1532629	1532630	*	16	7	9	20	9	11	11	8	3	18	0	18	11	0	11	17	0	17	13	10	3	19	16	3	13	0	13	14	6	8	19	0	19	18	0	18	18	6	12	13	0	13	28	14	14	21	0	21	28	16	12	16	8	8	16	1	15	15	0	15
NC_059187.1	1551936	1551937	*	16	16	0	24	23	1	11	8	3	18	17	1	18	17	1	24	21	3	11	10	1	16	15	1	16	14	2	19	17	2	20	19	1	26	25	1	18	16	2	27	25	2	27	25	2	24	22	2	21	19	2	24	23	1	22	21	1	20	19	1
NC_059187.1	1603830	1603831	*	18	18	0	19	17	2	20	20	0	16	16	0	16	16	0	19	18	1	18	16	2	18	18	0	19	18	1	18	17	1	14	13	1	25	24	1	20	19	1	26	26	0	21	19	2	29	25	4	21	18	3	15	14	1	15	14	1	17	17	0
NC_059187.1	1631587	1631588	*	33	30	3	27	24	3	23	21	2	17	15	2	14	14	0	11	11	0	18	14	4	13	12	1	20	14	6	33	32	1	36	22	14	34	32	2	33	30	3	27	23	4	26	23	3	30	29	1	29	28	1	10	10	0	31	26	5	24	24	0
NC_059187.1	1631626	1631627	*	35	26	9	25	17	8	19	14	5	17	12	5	20	14	6	12	9	3	21	15	6	12	9	3	20	13	7	35	30	5	36	30	6	29	28	1	34	24	10	25	21	4	28	24	4	31	23	8	29	21	8	11	9	2	32	25	7	24	17	7
NC_059187.1	1673010	1673011	*	10	9	1	20	18	2	11	9	2	15	15	0	11	11	0	13	13	0	17	17	0	12	12	0	12	12	0	12	12	0	17	16	1	10	9	1	10	10	0	15	6	9	13	13	0	13	11	2	11	10	1	11	11	0	16	15	1	10	9	1
NC_059187.1	1720612	1720613	*	22	17	5	31	27	4	19	13	6	10	10	0	19	15	4	17	17	0	20	17	3	16	15	1	21	18	3	28	25	3	25	21	4	28	25	3	31	28	3	32	25	7	33	30	3	33	28	5	21	15	6	12	11	1	13	11	2	24	21	3
NC_059187.1	1720674	1720675	*	21	18	3	34	31	3	21	13	8	11	11	0	22	19	3	22	21	1	23	22	1	18	17	1	23	23	0	31	28	3	28	27	1	31	28	3	32	31	1	33	29	4	36	30	6	33	32	1	24	22	2	17	16	1	18	18	0	29	28	1
NC_059187.1	1720703	1720704	*	22	20	2	35	33	2	18	14	4	11	11	0	20	19	1	25	24	1	24	24	0	19	18	1	28	26	2	30	28	2	29	29	0	30	30	0	25	25	0	31	30	1	35	34	1	29	29	0	23	22	1	18	17	1	19	18	1	29	28	1
NC_059187.1	1720710	1720711	*	22	20	2	34	33	1	17	15	2	10	10	0	19	18	1	26	26	0	23	23	0	20	20	0	28	26	2	29	27	2	28	28	0	28	27	1	26	25	1	31	31	0	35	33	2	29	29	0	23	22	1	20	19	1	20	18	2	30	28	2
NC_059187.1	1755561	1755562	*	15	3	12	13	11	2	17	10	7	13	11	2	10	5	5	12	11	1	11	6	5	19	13	6	11	7	4	17	13	4	22	15	7	20	12	8	17	10	7	14	9	5	20	13	7	19	14	5	15	11	4	14	13	1	18	11	7	14	6	8
NC_059187.1	2351465	2351466	*	15	15	0	26	26	0	16	15	1	25	22	3	13	12	1	23	22	1	21	21	0	10	10	0	19	18	1	11	11	0	15	13	2	17	17	0	16	13	3	23	21	2	20	19	1	21	19	2	20	19	1	24	23	1	16	14	2	10	9	1
NC_059187.1	2360482	2360483	*	18	16	2	14	13	1	17	16	1	14	14	0	16	15	1	16	15	1	11	11	0	10	7	3	17	17	0	23	21	2	12	11	1	15	14	1	13	11	2	17	17	0	22	21	1	23	22	1	18	14	4	24	22	2	13	12	1	22	21	1
NC_059187.1	2360520	2360521	*	22	19	3	17	15	2	18	15	3	16	14	2	14	12	2	16	14	2	14	13	1	14	11	3	18	14	4	26	22	4	16	14	2	19	18	1	14	12	2	19	16	3	24	21	3	27	21	6	23	19	4	24	22	2	19	15	4	25	20	5
NC_059187.1	2360553	2360554	*	17	17	0	22	18	4	19	18	1	14	14	0	15	14	1	15	15	0	12	12	0	15	15	0	16	16	0	23	23	0	21	19	2	21	18	3	20	17	3	16	16	0	27	27	0	28	25	3	22	21	1	22	20	2	18	17	1	23	21	2
NC_059187.1	2360562	2360563	*	17	17	0	23	21	2	17	15	2	13	13	0	15	13	2	16	16	0	12	12	0	17	17	0	16	16	0	24	24	0	22	19	3	22	20	2	19	18	1	17	17	0	30	29	1	24	22	2	22	22	0	22	21	1	20	18	2	25	23	2
NC_059187.1	2360646	2360647	*	24	21	3	21	20	1	15	13	2	12	11	1	15	14	1	16	16	0	15	14	1	18	16	2	13	11	2	16	16	0	22	20	2	21	20	1	21	18	3	20	20	0	31	28	3	22	22	0	19	16	3	17	13	4	20	20	0	17	15	2
NC_059187.1	2494003	2494004	*	12	9	3	22	6	16	16	8	8	10	9	1	18	16	2	19	17	2	20	18	2	14	12	2	17	9	8	26	11	15	32	22	10	17	10	7	23	17	6	17	13	4	31	27	4	18	17	1	14	13	1	17	16	1	16	11	5	20	13	7
NC_059187.1	2574512	2574513	*	15	12	3	13	12	1	14	13	1	13	10	3	13	13	0	19	14	5	14	10	4	14	13	1	11	9	2	14	12	2	10	8	2	11	9	2	15	10	5	18	14	4	15	15	0	12	9	3	17	11	6	11	10	1	22	19	3	10	8	2
NC_059187.1	2663049	2663050	*	21	20	1	13	12	1	11	10	1	17	16	1	21	19	2	13	9	4	21	19	2	19	12	7	10	10	0	17	13	4	24	11	13	17	17	0	17	17	0	21	14	7	51	50	1	44	41	3	14	12	2	28	28	0	22	19	3	30	26	4
NC_059187.1	2674578	2674579	*	33	33	0	19	18	1	14	14	0	11	9	2	15	13	2	23	20	3	20	19	1	16	16	0	19	17	2	15	13	2	18	16	2	15	15	0	24	23	1	13	13	0	50	49	1	35	34	1	13	13	0	43	42	1	20	20	0	22	20	2
NC_059187.1	2674617	2674618	*	35	34	1	17	17	0	11	11	0	12	12	0	15	14	1	21	20	1	21	20	1	17	17	0	18	18	0	15	13	2	19	19	0	20	19	1	23	23	0	11	11	0	46	44	2	37	36	1	12	11	1	43	41	2	20	19	1	19	18	1
NC_059187.1	2674650	2674651	*	33	32	1	14	13	1	11	11	0	11	10	1	16	14	2	22	20	2	19	19	0	14	14	0	19	17	2	12	12	0	18	17	1	17	17	0	19	18	1	11	11	0	37	35	2	30	30	0	13	10	3	33	32	1	18	14	4	18	17	1
NC_059187.1	2675667	2675668	*	35	14	21	17	0	17	12	0	12	15	6	9	10	0	10	20	1	19	20	0	20	15	0	15	19	1	18	17	0	17	16	0	16	26	0	26	11	0	11	11	0	11	52	13	39	37	9	28	19	1	18	33	2	31	15	0	15	18	0	18
NC_059187.1	2675695	2675696	*	31	12	19	21	0	21	11	0	11	14	5	9	11	0	11	20	1	19	21	0	21	12	0	12	21	1	20	17	0	17	19	0	19	23	0	23	12	1	11	11	0	11	54	15	39	33	7	26	22	0	22	29	9	20	16	0	16	14	0	14
NC_059187.1	2675702	2675703	*	28	11	17	20	0	20	10	0	10	12	5	7	12	0	12	22	0	22	19	0	19	12	1	11	23	0	23	14	0	14	18	1	17	19	0	19	11	1	10	11	0	11	47	12	35	32	5	27	22	0	22	24	4	20	17	0	17	11	1	10
NC_059187.1	2695196	2695197	*	25	8	17	55	21	34	42	21	21	48	7	41	22	10	12	54	17	37	57	11	46	46	12	34	29	7	22	14	9	5	31	3	28	53	20	33	38	18	20	42	14	28	43	13	30	44	14	30	31	7	24	68	37	31	26	4	22	35	15	20
NC_059187.1	2695335	2695336	*	16	10	6	36	29	7	33	27	6	25	15	10	14	8	6	30	25	5	40	28	12	27	24	3	26	18	8	13	13	0	21	17	4	41	29	12	24	22	2	30	18	12	26	16	10	31	22	9	23	17	6	50	43	7	23	20	3	25	16	9
NC_059187.1	2695480	2695481	*	22	19	3	35	26	9	46	35	11	27	12	15	22	16	6	29	21	8	32	23	9	26	22	4	32	23	9	15	14	1	16	10	6	33	28	5	22	12	10	28	20	8	15	11	4	25	24	1	31	26	5	35	32	3	24	17	7	22	12	10
NC_059187.1	2695514	2695515	*	38	30	8	55	40	15	60	40	20	43	21	22	29	23	6	45	28	17	50	31	19	42	30	12	37	27	10	30	21	9	23	11	12	53	39	14	38	24	14	40	28	12	41	26	15	38	32	6	49	38	11	38	34	4	36	24	12	32	20	12
NC_059187.1	2724911	2724912	*	23	22	1	14	14	0	17	14	3	13	13	0	13	12	1	16	15	1	16	15	1	18	18	0	14	14	0	22	22	0	22	22	0	22	22	0	17	15	2	17	17	0	20	20	0	15	14	1	23	21	2	10	10	0	27	27	0	17	17	0
NC_059187.1	2724953	2724954	*	23	19	4	18	14	4	17	16	1	11	9	2	16	11	5	13	10	3	17	14	3	17	13	4	12	7	5	18	13	5	17	16	1	24	22	2	16	13	3	20	14	6	20	18	2	18	14	4	24	16	8	10	10	0	30	28	2	16	12	4
NC_059187.1	2735433	2735434	*	19	11	8	17	14	3	18	15	3	14	6	8	11	6	5	11	7	4	12	9	3	10	9	1	17	9	8	18	17	1	23	12	11	30	28	2	18	17	1	19	16	3	20	18	2	16	12	4	20	15	5	17	16	1	18	15	3	13	12	1
NC_059187.1	2754929	2754930	*	13	5	8	19	16	3	16	5	11	16	16	0	17	9	8	17	16	1	10	5	5	16	13	3	11	6	5	25	21	4	17	8	9	24	23	1	21	21	0	18	1	17	17	16	1	15	14	1	17	16	1	11	7	4	26	22	4	24	23	1
NC_059187.1	2776857	2776858	*	15	6	9	19	12	7	22	6	16	26	5	21	19	9	10	24	13	11	22	3	19	14	12	2	22	4	18	18	11	7	20	14	6	15	8	7	22	16	6	21	6	15	18	11	7	18	11	7	17	9	8	17	8	9	17	8	9	13	3	10
NC_059187.1	2778484	2778485	*	14	13	1	15	15	0	10	9	1	19	15	4	10	10	0	16	16	0	13	12	1	10	4	6	11	11	0	13	11	2	17	10	7	12	11	1	10	9	1	11	5	6	10	9	1	11	10	1	17	15	2	26	24	2	11	10	1	12	12	0
NC_059187.1	2854059	2854060	*	28	23	5	19	19	0	19	16	3	14	12	2	12	11	1	16	14	2	12	9	3	12	10	2	12	8	4	17	14	3	18	17	1	16	14	2	15	8	7	24	18	6	20	18	2	29	26	3	19	14	5	17	15	2	18	18	0	16	13	3
NC_059187.1	2854148	2854149	*	24	24	0	24	23	1	21	19	2	11	8	3	13	12	1	17	15	2	15	14	1	20	17	3	14	12	2	21	20	1	23	14	9	16	14	2	18	17	1	26	24	2	20	16	4	27	26	1	18	15	3	16	16	0	19	18	1	15	14	1
NC_059187.1	2858826	2858827	*	18	16	2	15	15	0	22	22	0	11	10	1	11	11	0	20	19	1	13	13	0	13	13	0	17	15	2	12	11	1	22	22	0	17	17	0	11	11	0	18	18	0	13	13	0	10	10	0	14	14	0	12	12	0	17	15	2	17	17	0
NC_059187.1	2859088	2859089	*	17	14	3	18	16	2	24	22	2	15	14	1	17	9	8	20	16	4	14	12	2	16	15	1	14	14	0	19	17	2	20	17	3	26	23	3	25	23	2	20	17	3	26	21	5	23	23	0	25	21	4	18	15	3	19	18	1	21	14	7
NC_059187.1	2859115	2859116	*	18	16	2	21	19	2	22	20	2	17	16	1	18	17	1	18	16	2	13	11	2	20	20	0	15	14	1	19	18	1	23	22	1	27	26	1	26	24	2	22	21	1	26	24	2	24	24	0	27	27	0	17	16	1	23	22	1	20	19	1
NC_059187.1	2859161	2859162	*	17	16	1	17	15	2	18	18	0	17	17	0	19	17	2	18	16	2	12	11	1	15	15	0	12	12	0	17	15	2	18	17	1	25	23	2	23	23	0	20	19	1	22	20	2	22	22	0	27	26	1	13	6	7	22	22	0	19	19	0
NC_059187.1	2865571	2865572	*	18	18	0	19	18	1	13	12	1	18	16	2	18	18	0	29	28	1	26	24	2	19	19	0	20	19	1	15	15	0	17	17	0	21	20	1	26	26	0	16	15	1	25	24	1	13	12	1	22	21	1	40	39	1	17	17	0	24	22	2
NC_059187.1	2865659	2865660	*	22	22	0	24	24	0	16	16	0	18	17	1	20	20	0	30	28	2	23	22	1	21	21	0	19	19	0	18	18	0	18	18	0	20	20	0	26	26	0	17	15	2	34	33	1	11	11	0	23	23	0	43	42	1	21	20	1	21	21	0
NC_059187.1	2865699	2865700	*	18	17	1	24	23	1	14	14	0	18	18	0	16	16	0	23	22	1	20	20	0	17	17	0	18	17	1	17	17	0	17	16	1	16	13	3	24	22	2	14	14	0	28	24	4	10	10	0	20	19	1	46	43	3	20	17	3	18	15	3
NC_059187.1	2900410	2900411	*	14	14	0	20	18	2	14	14	0	17	17	0	12	11	1	17	16	1	11	10	1	13	12	1	12	12	0	21	21	0	23	23	0	16	16	0	19	19	0	12	12	0	23	23	0	16	14	2	16	13	3	17	16	1	22	22	0	14	14	0
NC_059187.1	3120984	3120985	*	14	13	1	17	11	6	12	11	1	18	16	2	14	11	3	12	8	4	15	12	3	14	14	0	11	9	2	19	16	3	22	19	3	34	32	2	14	11	3	23	22	1	23	20	3	16	15	1	20	20	0	10	9	1	17	17	0	13	13	0
NC_059187.1	3271016	3271017	*	15	7	8	17	0	17	11	0	11	13	0	13	17	0	17	25	0	25	10	0	10	12	0	12	11	0	11	17	0	17	16	0	16	18	0	18	15	0	15	16	0	16	17	0	17	13	0	13	10	0	10	11	0	11	15	0	15	13	0	13
NC_059187.1	3271020	3271021	*	15	7	8	17	0	17	11	0	11	13	0	13	17	0	17	25	0	25	10	0	10	12	1	11	11	0	11	16	0	16	17	1	16	20	0	20	14	0	14	15	0	15	17	0	17	12	0	12	10	0	10	10	0	10	15	0	15	12	0	12
NC_059187.1	3287116	3287117	*	19	19	0	18	16	2	14	13	1	13	9	4	13	12	1	26	24	2	20	19	1	12	10	2	11	10	1	22	21	1	23	23	0	10	9	1	30	30	0	20	15	5	18	14	4	14	14	0	32	29	3	30	27	3	22	21	1	20	14	6
NC_059187.1	3287219	3287220	*	14	12	2	23	18	5	16	15	1	12	11	1	11	11	0	27	27	0	14	12	2	13	12	1	15	15	0	19	18	1	18	18	0	11	11	0	29	28	1	22	22	0	13	11	2	13	12	1	25	25	0	28	27	1	14	12	2	18	16	2
NC_059187.1	3414530	3414531	*	18	18	0	21	20	1	16	15	1	19	19	0	16	13	3	13	13	0	17	16	1	20	19	1	15	15	0	14	14	0	16	16	0	19	19	0	27	27	0	25	24	1	22	20	2	23	22	1	22	22	0	16	16	0	21	21	0	19	19	0
NC_059187.1	3414606	3414607	*	23	20	3	21	20	1	21	19	2	20	18	2	20	19	1	16	16	0	15	15	0	19	18	1	13	13	0	27	21	6	20	19	1	27	25	2	36	33	3	29	28	1	33	32	1	27	23	4	25	21	4	14	14	0	26	21	5	22	20	2
NC_059187.1	3497380	3497381	*	13	10	3	17	14	3	17	11	6	17	14	3	11	10	1	16	14	2	15	12	3	18	14	4	12	6	6	16	15	1	15	14	1	17	12	5	10	10	0	10	8	2	17	12	5	17	16	1	16	11	5	21	19	2	15	12	3	13	11	2
NC_059187.1	3508906	3508907	*	14	11	3	18	7	11	11	9	2	13	12	1	13	11	2	15	13	2	15	10	5	19	14	5	15	7	8	14	11	3	20	11	9	10	8	2	14	8	6	17	10	7	10	8	2	13	9	4	17	13	4	22	19	3	14	5	9	16	11	5
NC_059187.1	3734000	3734001	*	14	12	2	16	13	3	20	9	11	19	15	4	10	8	2	11	6	5	13	7	6	11	8	3	11	8	3	17	15	2	16	14	2	21	21	0	14	13	1	13	7	6	23	11	12	13	10	3	13	11	2	41	36	5	15	10	5	10	8	2
NC_059187.1	3756357	3756358	*	20	11	9	24	13	11	16	15	1	11	11	0	21	21	0	22	19	3	24	15	9	12	8	4	20	8	12	12	12	0	23	7	16	19	19	0	20	8	12	12	6	6	23	0	23	20	19	1	18	3	15	15	14	1	20	9	11	12	5	7
NC_059187.1	3774347	3774348	*	19	18	1	23	20	3	22	20	2	10	10	0	13	13	0	18	16	2	10	10	0	13	11	2	12	11	1	14	14	0	20	20	0	18	18	0	18	18	0	19	16	3	19	19	0	18	13	5	11	11	0	24	22	2	25	25	0	14	14	0
NC_059187.1	3774475	3774476	*	10	7	3	23	15	8	19	15	4	18	10	8	20	13	7	16	12	4	10	9	1	12	11	1	20	14	6	13	8	5	22	14	8	17	13	4	18	12	6	13	7	6	18	14	4	16	10	6	14	7	7	24	15	9	21	15	6	13	7	6
NC_059187.1	3867909	3867910	*	22	20	2	29	26	3	15	15	0	12	12	0	24	23	1	18	18	0	13	13	0	20	18	2	20	20	0	17	16	1	36	35	1	29	29	0	39	39	0	27	27	0	23	20	3	21	19	2	28	26	2	17	17	0	22	19	3	11	11	0
NC_059187.1	3867949	3867950	*	23	21	2	36	30	6	15	13	2	17	14	3	23	20	3	14	8	6	15	8	7	20	18	2	16	15	1	23	18	5	40	32	8	28	25	3	41	35	6	24	20	4	26	21	5	26	21	5	33	28	5	18	17	1	31	26	5	12	10	2
NC_059187.1	3867976	3867977	*	21	16	5	35	28	7	18	13	5	19	12	7	20	12	8	21	11	10	16	8	8	20	15	5	16	12	4	26	16	10	39	29	10	28	23	5	42	26	16	26	19	7	25	14	11	25	23	2	34	23	11	17	15	2	33	24	9	15	13	2
NC_059187.1	3868237	3868238	*	15	14	1	24	24	0	21	21	0	26	25	1	11	9	2	29	24	5	23	22	1	17	17	0	17	17	0	34	31	3	18	17	1	23	21	2	31	27	4	22	22	0	28	26	2	30	30	0	18	17	1	12	11	1	36	35	1	19	16	3
NC_059187.1	3994376	3994377	*	21	19	2	35	35	0	17	16	1	13	13	0	11	10	1	24	23	1	21	21	0	19	18	1	11	10	1	19	18	1	24	23	1	17	15	2	21	20	1	23	21	2	33	32	1	28	28	0	20	20	0	23	21	2	24	22	2	15	15	0
NC_059187.1	3994423	3994424	*	21	21	0	36	34	2	18	17	1	14	13	1	13	12	1	23	22	1	21	19	2	15	15	0	11	11	0	22	21	1	24	23	1	19	19	0	21	20	1	20	20	0	34	34	0	23	22	1	17	16	1	20	20	0	23	22	1	15	13	2
NC_059187.1	3994487	3994488	*	24	23	1	29	29	0	14	14	0	12	10	2	14	10	4	24	22	2	18	18	0	16	14	2	13	12	1	21	18	3	26	26	0	10	10	0	16	14	2	19	17	2	25	25	0	19	18	1	12	11	1	22	21	1	20	19	1	13	13	0
NC_059187.1	4010154	4010155	*	16	15	1	22	20	2	13	13	0	16	15	1	10	10	0	15	14	1	13	12	1	24	24	0	13	12	1	15	15	0	14	13	1	12	12	0	14	14	0	14	13	1	23	23	0	21	20	1	12	10	2	31	31	0	12	12	0	12	12	0
NC_059187.1	4138029	4138030	*	16	16	0	17	17	0	16	16	0	13	13	0	15	15	0	19	18	1	12	9	3	18	16	2	13	12	1	13	13	0	20	19	1	14	13	1	10	10	0	22	22	0	17	17	0	18	18	0	14	14	0	15	15	0	15	15	0	18	16	2
NC_059187.1	4171334	4171335	*	12	5	7	30	16	14	14	3	11	12	4	8	11	3	8	27	18	9	13	8	5	13	4	9	14	5	9	16	0	16	21	10	11	18	6	12	12	1	11	15	9	6	16	10	6	10	6	4	21	8	13	18	12	6	16	5	11	11	7	4
NC_059187.1	4171341	4171342	*	12	5	7	31	14	17	14	3	11	10	4	6	12	2	10	27	19	8	13	9	4	16	6	10	15	7	8	16	0	16	21	9	12	19	5	14	13	1	12	16	9	7	17	9	8	11	5	6	21	6	15	21	12	9	15	4	11	11	7	4
NC_059187.1	4181791	4181792	*	21	7	14	23	9	14	29	9	20	21	8	13	12	3	9	12	5	7	14	12	2	17	13	4	32	13	19	36	21	15	19	13	6	34	4	30	13	0	13	13	0	13	29	2	27	37	7	30	29	6	23	23	8	15	29	14	15	19	16	3
NC_059187.1	4181833	4181834	*	21	7	14	22	14	8	28	12	16	19	9	10	13	6	7	14	12	2	14	10	4	14	9	5	39	18	21	34	22	12	14	7	7	32	18	14	13	3	10	16	7	9	20	11	9	43	15	28	34	10	24	28	18	10	33	13	20	14	10	4
NC_059187.1	4181898	4181899	*	21	13	8	21	13	8	28	10	18	22	12	10	18	8	10	13	11	2	19	19	0	16	10	6	34	15	19	36	23	13	33	14	19	35	16	19	17	1	16	16	9	7	27	20	7	43	19	24	30	13	17	30	17	13	46	21	25	12	8	4
NC_059187.1	4181940	4181941	*	22	7	15	36	11	25	26	4	22	20	12	8	18	8	10	11	10	1	20	13	7	20	11	9	43	16	27	35	7	28	38	18	20	34	9	25	24	2	22	19	14	5	31	17	14	43	13	30	32	10	22	28	8	20	58	23	35	13	9	4
NC_059187.1	4181980	4181981	*	21	16	5	46	12	34	25	12	13	24	12	12	17	7	10	16	12	4	19	13	6	21	10	11	46	12	34	41	11	30	39	14	25	44	15	29	26	4	22	19	9	10	34	13	21	52	17	35	36	9	27	40	16	24	62	22	40	16	4	12
NC_059187.1	4182038	4182039	*	21	16	5	47	24	23	25	13	12	25	15	10	13	5	8	18	13	5	14	13	1	19	11	8	46	15	31	35	9	26	40	14	26	45	19	26	23	4	19	17	9	8	41	22	19	45	17	28	38	13	25	58	24	34	54	26	28	16	11	5
NC_059187.1	4191713	4191714	*	14	13	1	18	18	0	15	15	0	21	20	1	14	14	0	22	22	0	15	15	0	18	17	1	21	14	7	15	15	0	19	19	0	20	19	1	25	25	0	21	20	1	24	24	0	16	13	3	20	20	0	11	10	1	31	31	0	13	7	6
NC_059187.1	4191756	4191757	*	13	13	0	19	17	2	15	14	1	18	15	3	15	14	1	23	20	3	12	12	0	16	12	4	20	9	11	15	14	1	19	18	1	20	18	2	25	24	1	24	22	2	20	17	3	18	15	3	20	19	1	12	11	1	32	27	5	15	13	2
NC_059187.1	4191758	4191759	*	13	12	1	19	18	1	15	14	1	18	15	3	15	13	2	23	20	3	12	12	0	15	14	1	20	12	8	14	12	2	19	18	1	20	17	3	26	23	3	24	20	4	18	15	3	17	16	1	20	18	2	12	11	1	29	26	3	15	14	1
NC_059187.1	4191833	4191834	*	12	10	2	13	12	1	13	12	1	14	14	0	15	15	0	16	15	1	11	10	1	17	15	2	14	12	2	12	12	0	17	17	0	13	13	0	15	14	1	17	16	1	16	16	0	17	15	2	18	18	0	11	10	1	21	21	0	11	10	1
NC_059187.1	4208047	4208048	*	11	10	1	19	19	0	17	16	1	24	23	1	21	19	2	12	12	0	10	10	0	10	10	0	10	9	1	14	13	1	10	10	0	16	16	0	15	14	1	17	17	0	12	12	0	26	25	1	20	20	0	13	11	2	11	10	1	16	16	0
NC_059187.1	4237988	4237989	*	23	21	2	14	12	2	14	14	0	18	15	3	14	14	0	17	17	0	21	17	4	11	9	2	18	17	1	20	19	1	23	21	2	14	14	0	13	12	1	18	15	3	22	19	3	13	13	0	13	11	2	33	32	1	10	10	0	16	13	3
NC_059187.1	4238075	4238076	*	26	25	1	18	15	3	20	20	0	18	17	1	17	15	2	20	18	2	17	17	0	11	10	1	17	14	3	28	26	2	26	25	1	13	10	3	16	15	1	21	17	4	28	26	2	14	12	2	22	21	1	25	24	1	20	19	1	26	25	1
NC_059187.1	4238128	4238129	*	24	12	12	18	17	1	24	23	1	17	15	2	17	9	8	19	16	3	17	16	1	16	15	1	18	18	0	27	17	10	31	31	0	12	7	5	23	21	2	18	18	0	35	15	20	17	17	0	23	20	3	19	17	2	18	3	15	26	26	0
NC_059187.1	4238138	4238139	*	25	11	14	18	17	1	23	22	1	19	18	1	16	8	8	19	17	2	15	14	1	16	15	1	19	19	0	25	16	9	31	29	2	14	8	6	23	23	0	20	19	1	34	13	21	17	17	0	24	22	2	19	18	1	19	4	15	24	24	0
NC_059187.1	4238152	4238153	*	22	9	13	22	20	2	22	20	2	21	18	3	16	6	10	20	17	3	15	12	3	15	15	0	19	18	1	24	15	9	27	27	0	14	8	6	23	23	0	21	15	6	32	12	20	18	16	2	23	20	3	19	17	2	17	1	16	26	26	0
NC_059187.1	4913677	4913678	*	18	18	0	19	18	1	10	10	0	10	10	0	13	11	2	12	12	0	14	13	1	20	20	0	12	12	0	18	17	1	10	8	2	13	12	1	21	20	1	15	14	1	18	17	1	12	12	0	18	18	0	12	12	0	17	16	1	15	15	0
NC_059187.1	5060303	5060304	*	19	19	0	15	13	2	10	9	1	12	11	1	12	11	1	13	13	0	13	13	0	14	14	0	11	10	1	12	10	2	14	13	1	17	15	2	11	10	1	12	11	1	13	11	2	20	19	1	17	16	1	18	18	0	17	16	1	14	12	2
NC_059187.1	5067459	5067460	*	13	13	0	22	21	1	20	19	1	14	14	0	15	15	0	14	12	2	19	19	0	18	17	1	11	11	0	18	18	0	22	22	0	17	17	0	25	9	16	20	19	1	18	17	1	19	19	0	17	16	1	16	16	0	16	16	0	12	11	1
NC_059187.1	5067504	5067505	*	17	16	1	22	22	0	20	20	0	19	19	0	13	13	0	19	18	1	22	21	1	15	15	0	13	13	0	19	18	1	24	23	1	18	16	2	25	25	0	22	20	2	22	20	2	24	23	1	20	17	3	20	18	2	16	16	0	15	13	2
NC_059187.1	5067692	5067693	*	17	15	2	18	17	1	18	17	1	21	20	1	19	19	0	19	17	2	17	16	1	18	18	0	12	11	1	19	17	2	28	28	0	22	21	1	19	19	0	27	26	1	27	25	2	24	20	4	22	21	1	14	13	1	22	21	1	22	21	1
NC_059187.1	5104907	5104908	*	10	10	0	12	10	2	10	7	3	15	12	3	13	12	1	16	12	4	14	14	0	11	10	1	10	8	2	11	11	0	13	11	2	13	10	3	14	12	2	14	13	1	10	7	3	16	12	4	14	10	4	14	13	1	25	19	6	11	10	1
NC_059187.1	6018500	6018501	*	10	10	0	12	5	7	15	13	2	10	10	0	16	16	0	15	4	11	19	9	10	16	14	2	10	5	5	10	10	0	14	14	0	10	5	5	16	16	0	19	13	6	13	12	1	19	18	1	13	13	0	27	26	1	19	18	1	10	10	0
NC_059187.1	6040207	6040208	*	10	10	0	16	14	2	14	13	1	14	12	2	10	10	0	19	18	1	10	10	0	16	15	1	13	13	0	19	18	1	14	13	1	23	17	6	20	19	1	22	20	2	26	25	1	16	15	1	23	21	2	19	17	2	16	14	2	18	15	3
NC_059187.1	6377601	6377602	*	10	10	0	13	13	0	16	16	0	13	13	0	19	19	0	13	11	2	15	14	1	22	22	0	19	19	0	16	14	2	11	11	0	15	15	0	19	17	2	23	21	2	21	21	0	18	17	1	17	17	0	12	12	0	24	24	0	12	11	1
NC_059187.1	6621661	6621662	*	72	8	64	40	0	40	36	0	36	26	0	26	52	2	50	32	0	32	31	1	30	28	0	28	23	0	23	34	0	34	40	0	40	21	0	21	37	0	37	24	0	24	79	7	72	23	0	23	46	1	45	52	0	52	46	3	43	19	0	19
NC_059187.1	6621725	6621726	*	65	8	57	36	7	29	37	0	37	25	0	25	53	1	52	34	1	33	30	0	30	27	0	27	22	0	22	30	0	30	37	1	36	16	0	16	26	0	26	28	0	28	56	1	55	20	0	20	46	0	46	50	1	49	44	0	44	19	0	19
NC_059187.1	6621898	6621899	*	46	4	42	23	1	22	32	0	32	21	0	21	34	0	34	24	1	23	17	0	17	18	0	18	17	0	17	21	1	20	33	0	33	11	0	11	41	0	41	29	0	29	31	0	31	24	0	24	26	0	26	31	0	31	23	0	23	23	0	23
NC_059187.1	7076287	7076288	*	11	10	1	13	9	4	12	10	2	10	3	7	20	16	4	14	13	1	16	12	4	12	11	1	19	13	6	15	11	4	22	15	7	20	17	3	14	10	4	14	11	3	16	14	2	12	10	2	17	13	4	34	29	5	14	13	1	12	11	1
NC_059187.1	7403580	7403581	*	16	15	1	14	14	0	12	11	1	12	12	0	12	12	0	18	17	1	16	16	0	19	17	2	11	10	1	15	14	1	19	18	1	15	15	0	18	17	1	15	15	0	25	25	0	19	19	0	22	22	0	22	21	1	20	20	0	17	16	1
NC_059187.1	7995167	7995168	*	21	20	1	17	17	0	14	9	5	14	14	0	11	11	0	22	22	0	10	10	0	14	13	1	11	11	0	16	16	0	18	18	0	16	16	0	17	15	2	12	12	0	21	20	1	18	17	1	17	16	1	25	23	2	16	16	0	19	18	1
NC_059187.1	7995191	7995192	*	21	18	3	17	14	3	12	6	6	13	12	1	12	11	1	20	17	3	10	7	3	14	11	3	12	12	0	17	14	3	20	19	1	17	14	3	17	15	2	12	11	1	20	13	7	20	18	2	18	15	3	25	23	2	16	13	3	20	18	2
NC_059187.1	8031010	8031011	*	19	17	2	17	12	5	16	13	3	20	0	20	11	6	5	13	7	6	12	8	4	10	10	0	14	13	1	20	11	9	29	14	15	16	10	6	12	5	7	22	12	10	22	21	1	18	18	0	29	0	29	26	25	1	15	1	14	17	9	8
NC_059187.1	8032954	8032955	*	12	12	0	20	19	1	16	16	0	15	13	2	14	14	0	22	20	2	14	14	0	14	14	0	10	10	0	19	19	0	19	19	0	16	16	0	21	21	0	20	18	2	16	16	0	17	17	0	22	20	2	29	27	2	21	19	2	11	11	0
NC_059187.1	8156377	8156378	*	14	13	1	27	25	2	20	20	0	18	17	1	19	18	1	27	27	0	24	22	2	15	14	1	15	13	2	18	16	2	16	14	2	12	11	1	18	16	2	20	17	3	19	18	1	22	20	2	28	26	2	10	10	0	22	21	1	19	18	1
NC_059187.1	8156474	8156475	*	15	14	1	26	24	2	20	19	1	13	10	3	24	21	3	21	21	0	25	23	2	17	17	0	24	23	1	24	24	0	19	17	2	20	17	3	26	26	0	25	25	0	26	24	2	30	30	0	25	24	1	12	12	0	25	24	1	18	18	0
NC_059187.1	8156489	8156490	*	16	9	7	26	16	10	19	19	0	15	0	15	25	13	12	19	0	19	26	16	10	20	12	8	22	21	1	25	24	1	18	15	3	21	0	21	27	27	0	25	1	24	26	15	11	32	31	1	24	10	14	13	13	0	26	8	18	16	1	15
NC_059187.1	8156567	8156568	*	13	13	0	12	12	0	17	17	0	15	15	0	19	19	0	18	17	1	17	15	2	22	20	2	18	18	0	21	20	1	23	23	0	20	19	1	23	23	0	22	20	2	19	18	1	26	25	1	15	15	0	14	14	0	21	20	1	15	14	1
NC_059187.1	8156582	8156583	*	13	11	2	12	12	0	17	17	0	15	15	0	20	20	0	18	17	1	17	17	0	23	23	0	17	17	0	22	21	1	20	19	1	19	18	1	22	22	0	19	16	3	17	16	1	26	25	1	15	14	1	17	16	1	20	20	0	14	14	0
NC_059187.1	8156601	8156602	*	12	11	1	11	11	0	16	15	1	14	14	0	22	21	1	16	15	1	15	14	1	20	19	1	16	15	1	17	17	0	21	20	1	17	17	0	19	19	0	15	15	0	14	13	1	21	19	2	13	13	0	16	15	1	18	18	0	12	12	0
NC_059187.1	8616250	8616251	*	17	10	7	30	14	16	43	18	25	28	18	10	17	13	4	30	13	17	22	14	8	32	17	15	35	17	18	16	14	2	29	21	8	34	21	13	41	21	20	43	15	28	27	15	12	42	27	15	13	5	8	73	47	26	26	14	12	12	6	6
NC_059187.1	8654803	8654804	*	22	20	2	20	18	2	13	10	3	20	16	4	20	16	4	19	17	2	14	13	1	12	10	2	16	11	5	15	15	0	17	12	5	21	20	1	29	22	7	13	11	2	16	12	4	21	19	2	19	15	4	27	26	1	22	19	3	16	13	3
NC_059187.1	8654817	8654818	*	22	21	1	19	18	1	12	10	2	21	17	4	21	21	0	18	16	2	14	13	1	12	11	1	17	11	6	15	14	1	17	16	1	22	19	3	31	28	3	13	11	2	17	16	1	23	21	2	20	18	2	25	25	0	25	23	2	17	16	1
NC_059187.1	8654918	8654919	*	28	26	2	17	14	3	13	10	3	21	14	7	20	18	2	20	13	7	18	14	4	15	12	3	15	14	1	24	21	3	19	15	4	22	20	2	36	31	5	20	14	6	22	21	1	23	20	3	19	14	5	19	18	1	27	24	3	20	14	6
NC_059187.1	8654924	8654925	*	27	27	0	16	13	3	14	13	1	20	18	2	19	18	1	19	13	6	17	14	3	14	10	4	14	14	0	24	22	2	20	17	3	22	21	1	36	30	6	19	15	4	23	22	1	23	18	5	20	14	6	18	16	2	27	26	1	20	15	5
NC_059187.1	8654952	8654953	*	25	25	0	17	17	0	14	14	0	19	18	1	23	22	1	18	18	0	18	15	3	16	9	7	13	13	0	28	24	4	20	19	1	23	20	3	39	36	3	20	20	0	21	20	1	22	21	1	18	16	2	22	22	0	30	29	1	18	17	1
NC_059187.1	8654962	8654963	*	25	23	2	16	15	1	15	14	1	19	17	2	20	19	1	17	16	1	16	15	1	17	12	5	12	11	1	30	28	2	21	20	1	22	22	0	37	32	5	20	19	1	21	20	1	21	19	2	17	14	3	21	20	1	28	25	3	18	17	1
NC_059187.1	8654991	8654992	*	25	25	0	14	14	0	15	15	0	15	15	0	17	17	0	16	13	3	17	15	2	19	19	0	12	12	0	27	24	3	20	17	3	20	19	1	35	34	1	18	18	0	17	16	1	19	17	2	20	18	2	22	22	0	25	23	2	16	15	1
NC_059187.1	8659639	8659640	*	12	12	0	16	16	0	17	17	0	11	10	1	22	22	0	12	12	0	16	16	0	14	13	1	13	11	2	17	17	0	17	16	1	21	21	0	23	23	0	23	22	1	18	18	0	13	13	0	12	12	0	19	18	1	26	26	0	11	11	0
NC_059187.1	8686982	8686983	*	21	16	5	28	25	3	20	16	4	14	13	1	15	11	4	18	16	2	14	13	1	18	16	2	27	24	3	18	17	1	20	17	3	25	22	3	19	14	5	23	23	0	25	21	4	28	22	6	23	20	3	20	16	4	25	19	6	13	13	0
NC_059187.1	8691639	8691640	*	17	17	0	25	25	0	12	11	1	12	12	0	26	25	1	22	19	3	11	10	1	11	11	0	17	17	0	15	14	1	25	24	1	21	21	0	16	15	1	22	22	0	25	23	2	14	14	0	18	16	2	25	25	0	23	22	1	19	18	1
NC_059187.1	8908019	8908020	*	18	16	2	22	13	9	14	11	3	11	5	6	13	12	1	20	13	7	14	9	5	29	23	6	15	11	4	26	20	6	13	3	10	21	17	4	10	6	4	15	4	11	11	8	3	22	15	7	20	17	3	13	12	1	17	10	7	16	4	12
NC_059187.1	8980183	8980184	*	16	15	1	30	29	1	17	9	8	13	0	13	19	10	9	23	1	22	17	5	12	16	14	2	17	15	2	24	24	0	18	18	0	18	8	10	19	11	8	27	25	2	22	21	1	20	20	0	26	24	2	10	9	1	19	18	1	34	33	1
NC_059187.1	8980324	8980325	*	22	22	0	25	25	0	13	11	2	15	15	0	14	14	0	17	17	0	17	16	1	16	16	0	14	13	1	19	16	3	16	16	0	12	11	1	15	15	0	18	18	0	22	20	2	16	16	0	21	20	1	12	12	0	14	14	0	23	21	2
NC_059187.1	9005844	9005845	*	15	14	1	15	14	1	12	12	0	10	10	0	12	10	2	15	13	2	10	9	1	11	10	1	20	16	4	19	18	1	14	13	1	13	12	1	12	12	0	11	10	1	18	17	1	21	21	0	16	16	0	14	14	0	16	16	0	13	13	0
NC_059187.1	9326175	9326176	*	12	9	3	15	15	0	20	12	8	12	7	5	12	9	3	23	16	7	15	12	3	13	13	0	26	18	8	16	15	1	22	19	3	18	16	2	21	18	3	18	18	0	18	16	2	19	14	5	19	16	3	38	32	6	25	19	6	24	19	5
NC_059187.1	9326199	9326200	*	14	12	2	15	15	0	20	19	1	13	10	3	12	12	0	19	15	4	16	15	1	13	12	1	23	20	3	15	13	2	24	22	2	20	17	3	18	16	2	22	21	1	16	16	0	19	17	2	18	18	0	33	31	2	24	22	2	21	20	1
NC_059187.1	9356306	9356307	*	11	3	8	29	2	27	22	0	22	15	0	15	11	0	11	21	0	21	18	0	18	14	4	10	13	0	13	21	0	21	19	0	19	18	0	18	19	0	19	17	5	12	18	0	18	20	0	20	22	0	22	13	0	13	18	0	18	16	0	16
NC_059187.1	9402157	9402158	*	13	13	0	11	11	0	15	15	0	22	22	0	18	16	2	20	20	0	15	15	0	10	10	0	15	14	1	22	22	0	22	22	0	11	11	0	21	20	1	12	11	1	17	17	0	17	17	0	15	15	0	10	10	0	21	21	0	13	13	0
NC_059187.1	9407829	9407830	*	21	20	1	32	31	1	20	14	6	26	25	1	16	14	2	25	23	2	10	4	6	13	13	0	15	15	0	22	22	0	15	13	2	26	24	2	16	4	12	11	9	2	17	16	1	23	22	1	22	22	0	35	34	1	14	13	1	16	15	1
NC_059187.1	9407869	9407870	*	17	17	0	32	31	1	19	19	0	24	23	1	15	14	1	29	27	2	10	10	0	12	12	0	16	16	0	21	19	2	19	18	1	31	31	0	15	15	0	11	9	2	18	18	0	27	25	2	23	21	2	42	41	1	15	14	1	15	15	0
NC_059187.1	9435802	9435803	*	17	17	0	16	13	3	18	8	10	18	15	3	26	24	2	24	21	3	18	14	4	12	9	3	17	16	1	18	18	0	23	16	7	26	26	0	26	24	2	26	24	2	18	18	0	17	15	2	22	22	0	12	11	1	21	17	4	16	16	0
NC_059187.1	9684711	9684712	*	13	13	0	16	14	2	16	15	1	14	11	3	17	16	1	19	19	0	14	13	1	12	11	1	14	14	0	26	23	3	32	29	3	25	24	1	16	16	0	15	12	3	23	19	4	25	24	1	24	20	4	16	15	1	18	17	1	12	10	2
NC_059187.1	9749097	9749098	*	19	19	0	23	22	1	15	15	0	12	12	0	16	16	0	26	23	3	17	16	1	12	11	1	16	15	1	24	23	1	28	28	0	28	27	1	26	26	0	30	27	3	16	14	2	27	27	0	21	21	0	11	11	0	19	18	1	27	25	2
NC_059187.1	9749106	9749107	*	17	16	1	20	19	1	17	17	0	13	11	2	16	16	0	26	24	2	18	18	0	11	11	0	15	15	0	23	23	0	27	26	1	27	26	1	26	25	1	28	26	2	16	14	2	25	24	1	21	19	2	10	10	0	18	16	2	27	25	2
NC_059187.1	9749112	9749113	*	17	17	0	20	19	1	19	19	0	14	14	0	17	17	0	29	24	5	18	18	0	12	12	0	15	15	0	23	23	0	27	27	0	27	27	0	25	25	0	28	25	3	16	16	0	24	23	1	22	22	0	10	10	0	20	19	1	28	27	1
NC_059187.1	9933663	9933664	*	14	4	10	21	20	1	12	12	0	14	12	2	13	13	0	19	18	1	18	17	1	15	12	3	11	11	0	13	13	0	24	23	1	17	15	2	16	16	0	23	20	3	17	16	1	25	25	0	11	10	1	11	11	0	24	22	2	21	19	2
NC_059187.1	9934927	9934928	*	17	16	1	22	21	1	16	15	1	24	22	2	18	18	0	20	18	2	13	13	0	19	18	1	11	10	1	14	14	0	22	21	1	12	12	0	16	15	1	12	12	0	15	14	1	20	18	2	18	17	1	20	19	1	11	11	0	11	10	1
NC_059187.1	9934980	9934981	*	15	15	0	26	25	1	14	13	1	18	16	2	18	18	0	17	15	2	10	10	0	17	16	1	12	12	0	14	12	2	17	17	0	16	14	2	15	15	0	14	13	1	14	13	1	12	11	1	18	18	0	22	20	2	13	13	0	10	10	0
NC_059187.1	9935169	9935170	*	20	20	0	16	13	3	13	13	0	13	13	0	16	16	0	10	9	1	14	14	0	10	9	1	13	13	0	16	15	1	15	15	0	14	13	1	16	16	0	17	17	0	19	18	1	17	17	0	17	16	1	38	36	2	17	17	0	18	18	0
NC_059187.1	9993462	9993463	*	18	10	8	18	0	18	15	0	15	17	0	17	12	0	12	16	0	16	19	0	19	17	4	13	15	0	15	11	0	11	13	0	13	20	0	20	13	0	13	18	0	18	15	0	15	22	0	22	19	0	19	24	0	24	15	1	14	11	0	11
NC_059187.1	10018728	10018729	*	12	5	7	12	5	7	17	17	0	14	12	2	10	0	10	14	8	6	10	6	4	16	12	4	11	11	0	10	0	10	25	14	11	13	6	7	22	14	8	17	8	9	18	11	7	10	0	10	16	0	16	13	12	1	24	10	14	17	9	8
NC_059187.1	10064928	10064929	*	12	12	0	18	17	1	13	13	0	16	16	0	18	17	1	15	13	2	10	10	0	10	10	0	19	19	0	15	15	0	21	21	0	13	12	1	12	12	0	11	11	0	11	11	0	17	14	3	14	11	3	20	20	0	23	22	1	14	11	3
NC_059187.1	10088793	10088794	*	12	12	0	20	19	1	10	10	0	14	14	0	17	17	0	16	16	0	14	14	0	13	13	0	12	11	1	14	14	0	17	17	0	14	13	1	18	18	0	17	17	0	17	17	0	16	15	1	14	13	1	14	14	0	24	24	0	10	9	1
NC_059187.1	10088844	10088845	*	16	15	1	22	20	2	18	17	1	19	19	0	19	18	1	17	16	1	12	11	1	13	12	1	15	14	1	18	17	1	19	18	1	16	16	0	32	31	1	17	17	0	21	21	0	21	21	0	23	23	0	14	14	0	29	25	4	14	14	0
NC_059187.1	10119088	10119089	*	12	6	6	16	16	0	14	13	1	12	12	0	10	10	0	24	24	0	17	16	1	19	12	7	23	23	0	18	16	2	16	16	0	16	16	0	15	15	0	15	15	0	16	16	0	32	31	1	15	15	0	14	13	1	15	14	1	17	16	1
NC_059187.1	10119143	10119144	*	14	14	0	17	17	0	21	21	0	16	15	1	13	13	0	29	29	0	16	16	0	15	14	1	23	21	2	20	19	1	16	16	0	14	14	0	22	22	0	15	14	1	19	18	1	29	27	2	18	18	0	12	11	1	17	17	0	19	17	2
NC_059187.1	10119347	10119348	*	10	10	0	14	12	2	16	15	1	10	10	0	13	11	2	15	14	1	18	18	0	17	16	1	11	8	3	17	14	3	20	17	3	10	10	0	13	6	7	18	16	2	13	13	0	18	18	0	16	13	3	10	8	2	11	1	10	12	5	7
NC_059187.1	10120996	10120997	*	24	11	13	18	1	17	12	12	0	17	0	17	13	7	6	27	0	27	17	7	10	15	7	8	12	3	9	15	8	7	22	6	16	26	11	15	14	8	6	16	15	1	22	8	14	15	0	15	26	6	20	18	18	0	16	7	9	16	12	4
NC_059187.1	10136428	10136429	*	14	14	0	25	24	1	10	10	0	13	11	2	11	9	2	22	21	1	10	8	2	16	15	1	15	13	2	19	19	0	14	13	1	25	23	2	22	21	1	25	23	2	15	15	0	22	22	0	18	17	1	13	12	1	28	26	2	22	20	2
NC_059187.1	10203162	10203163	*	23	8	15	20	10	10	12	0	12	11	5	6	10	0	10	18	9	9	18	0	18	16	1	15	16	5	11	20	9	11	22	6	16	20	8	12	20	14	6	24	1	23	14	4	10	23	18	5	10	1	9	34	19	15	22	0	22	12	0	12
NC_059187.1	10203368	10203369	*	18	14	4	23	11	12	17	9	8	15	10	5	13	10	3	13	8	5	13	7	6	11	7	4	19	12	7	14	13	1	17	10	7	25	19	6	10	6	4	24	16	8	21	11	10	21	14	7	22	15	7	30	27	3	20	11	9	15	12	3
NC_059187.1	10203398	10203399	*	19	16	3	24	24	0	17	16	1	18	15	3	14	12	2	13	13	0	18	15	3	14	10	4	19	16	3	16	16	0	20	15	5	24	20	4	12	11	1	28	28	0	25	25	0	24	23	1	25	23	2	28	28	0	24	19	5	15	13	2
NC_059187.1	10203423	10203424	*	21	21	0	24	22	2	19	18	1	19	18	1	14	14	0	13	11	2	17	15	2	14	11	3	16	16	0	18	17	1	20	20	0	24	22	2	13	12	1	30	29	1	26	25	1	23	23	0	25	25	0	21	20	1	27	26	1	15	14	1
NC_059187.1	10203481	10203482	*	22	17	5	25	13	12	21	16	5	20	13	7	14	10	4	12	7	5	17	11	6	15	10	5	14	10	4	19	13	6	22	17	5	23	18	5	23	15	8	29	19	10	26	19	7	24	17	7	19	14	5	19	16	3	24	18	6	14	9	5
NC_059187.1	10324362	10324363	*	13	12	1	14	14	0	14	12	2	11	11	0	16	16	0	11	11	0	12	11	1	12	12	0	13	12	1	14	13	1	16	15	1	11	11	0	18	18	0	12	12	0	21	20	1	18	17	1	12	12	0	16	16	0	17	17	0	14	13	1
NC_059187.1	10324520	10324521	*	17	16	1	27	12	15	18	11	7	16	16	0	18	1	17	22	16	6	17	11	6	17	15	2	15	1	14	23	11	12	31	12	19	29	11	18	29	9	20	22	4	18	44	44	0	19	18	1	24	20	4	15	12	3	29	17	12	23	11	12
NC_059187.1	10346157	10346158	*	12	4	8	12	10	2	13	13	0	22	22	0	11	11	0	18	16	2	19	16	3	16	13	3	11	8	3	16	13	3	19	18	1	17	16	1	18	15	3	11	10	1	18	17	1	17	17	0	15	15	0	23	12	11	20	14	6	12	12	0
NC_059187.1	10346215	10346216	*	18	10	8	17	10	7	13	5	8	25	17	8	14	8	6	23	15	8	16	10	6	17	5	12	11	9	2	21	15	6	15	6	9	23	17	6	14	7	7	15	12	3	25	17	8	24	18	6	20	10	10	24	10	14	28	18	10	19	16	3
NC_059188.1	89780	89781	*	14	11	3	11	7	4	10	1	9	20	15	5	14	12	2	10	8	2	12	11	1	16	12	4	23	0	23	11	8	3	10	8	2	15	12	3	12	11	1	19	13	6	14	13	1	14	11	3	19	0	19	12	10	2	24	21	3	16	6	10
NC_059188.1	93145	93146	*	23	22	1	23	19	4	14	4	10	17	3	14	18	11	7	14	7	7	20	0	20	18	15	3	10	0	10	22	18	4	29	13	16	18	0	18	27	0	27	24	0	24	13	10	3	25	8	17	17	0	17	16	15	1	20	7	13	15	0	15
NC_059188.1	166186	166187	*	20	16	4	20	17	3	15	14	1	12	9	3	21	18	3	19	16	3	24	13	11	21	18	3	16	6	10	22	18	4	17	12	5	27	20	7	15	6	9	30	13	17	22	19	3	17	11	6	18	14	4	31	21	10	26	18	8	14	10	4
NC_059188.1	166235	166236	*	20	20	0	20	18	2	12	8	4	15	8	7	19	15	4	19	14	5	21	14	7	22	16	6	15	14	1	20	16	4	13	13	0	25	23	2	14	11	3	25	18	7	21	16	5	16	11	5	16	11	5	27	22	5	23	16	7	15	8	7
NC_059188.1	166246	166247	*	19	18	1	19	14	5	12	7	5	15	7	8	18	9	9	16	9	7	20	10	10	19	14	5	13	10	3	20	16	4	12	10	2	24	16	8	13	8	5	24	12	12	21	17	4	15	9	6	15	11	4	24	18	6	22	11	11	13	7	6
NC_059188.1	490527	490528	*	24	24	0	24	22	2	14	13	1	20	18	2	26	24	2	18	18	0	14	13	1	11	11	0	10	5	5	24	23	1	25	24	1	21	21	0	22	22	0	18	17	1	29	26	3	22	22	0	14	14	0	20	20	0	24	23	1	14	14	0
NC_059188.1	490597	490598	*	19	18	1	25	21	4	15	15	0	22	19	3	22	20	2	20	18	2	13	10	3	14	14	0	13	12	1	22	20	2	30	28	2	25	23	2	21	20	1	21	18	3	34	32	2	26	25	1	17	15	2	27	24	3	19	18	1	18	15	3
NC_059188.1	514493	514494	*	18	7	11	24	0	24	13	3	10	16	12	4	20	19	1	26	20	6	16	13	3	16	8	8	18	16	2	23	21	2	10	10	0	13	13	0	20	17	3	26	24	2	18	12	6	19	18	1	17	1	16	16	13	3	22	19	3	16	7	9
NC_059188.1	555253	555254	*	23	23	0	20	18	2	14	6	8	12	8	4	16	14	2	19	17	2	17	16	1	14	14	0	10	0	10	22	22	0	24	17	7	15	15	0	15	14	1	27	25	2	18	17	1	16	16	0	17	0	17	21	9	12	16	16	0	11	10	1
NC_059188.1	679883	679884	*	13	10	3	17	10	7	12	9	3	13	10	3	18	13	5	10	8	2	11	11	0	13	12	1	11	7	4	13	13	0	14	7	7	17	12	5	12	10	2	13	10	3	11	10	1	18	16	2	15	10	5	29	24	5	23	17	6	11	6	5
NC_059188.1	699874	699875	*	23	20	3	28	27	1	25	24	1	15	15	0	17	16	1	17	16	1	14	14	0	13	13	0	19	19	0	19	18	1	23	22	1	20	20	0	20	19	1	21	21	0	26	25	1	23	22	1	23	22	1	18	15	3	18	17	1	14	13	1
NC_059188.1	699895	699896	*	26	25	1	30	30	0	27	24	3	17	16	1	19	18	1	18	18	0	16	15	1	15	14	1	23	22	1	23	21	2	27	27	0	20	18	2	24	24	0	24	23	1	31	31	0	22	21	1	23	22	1	17	15	2	16	15	1	18	18	0
NC_059188.1	699939	699940	*	28	27	1	28	27	1	26	26	0	17	16	1	20	20	0	23	22	1	13	12	1	16	16	0	23	23	0	30	27	3	27	25	2	21	20	1	24	23	1	26	25	1	33	31	2	26	25	1	24	23	1	16	16	0	16	15	1	19	19	0
NC_059188.1	802185	802186	*	17	14	3	24	22	2	15	13	2	13	12	1	14	14	0	20	19	1	15	13	2	11	9	2	12	10	2	22	20	2	27	27	0	21	20	1	16	15	1	19	18	1	17	17	0	17	17	0	10	10	0	13	12	1	22	21	1	21	18	3
NC_059188.1	802201	802202	*	14	13	1	20	18	2	14	14	0	11	11	0	14	12	2	21	20	1	16	15	1	11	10	1	12	11	1	22	16	6	26	26	0	20	18	2	16	14	2	18	14	4	19	18	1	19	17	2	11	11	0	14	12	2	21	19	2	21	17	4
NC_059188.1	804516	804517	*	26	20	6	22	20	2	19	17	2	18	13	5	23	14	9	15	11	4	10	9	1	13	12	1	15	13	2	33	30	3	25	21	4	18	15	3	31	28	3	22	19	3	18	16	2	25	21	4	16	5	11	25	21	4	36	30	6	16	14	2
NC_059188.1	813087	813088	*	18	17	1	13	12	1	12	11	1	11	11	0	11	10	1	12	10	2	13	12	1	18	17	1	15	15	0	21	18	3	26	26	0	18	16	2	22	22	0	24	23	1	13	13	0	18	17	1	15	15	0	14	12	2	14	13	1	22	21	1
NC_059188.1	813126	813127	*	19	18	1	14	13	1	12	9	3	12	12	0	10	10	0	14	12	2	14	10	4	17	16	1	16	16	0	22	18	4	27	26	1	18	18	0	24	23	1	21	18	3	12	11	1	16	14	2	16	15	1	11	10	1	14	11	3	24	21	3
NC_059188.1	813318	813319	*	22	21	1	14	13	1	12	12	0	14	14	0	16	15	1	12	12	0	14	14	0	17	16	1	17	15	2	14	13	1	21	20	1	17	17	0	12	12	0	16	15	1	27	26	1	24	21	3	15	14	1	12	10	2	13	13	0	20	18	2
NC_059188.1	813412	813413	*	13	12	1	23	20	3	17	13	4	12	7	5	13	12	1	11	9	2	13	11	2	17	16	1	13	11	2	14	13	1	17	17	0	19	19	0	15	10	5	12	12	0	20	16	4	24	21	3	18	17	1	16	15	1	19	17	2	14	11	3
NC_059188.1	820450	820451	*	19	19	0	19	17	2	15	15	0	14	13	1	17	17	0	17	15	2	18	18	0	12	12	0	14	13	1	19	18	1	19	18	1	20	17	3	16	15	1	18	18	0	38	31	7	23	21	2	16	13	3	12	12	0	24	24	0	19	17	2
NC_059188.1	912564	912565	*	25	22	3	22	20	2	19	18	1	16	15	1	15	14	1	20	18	2	15	12	3	22	22	0	17	14	3	22	22	0	21	18	3	15	14	1	24	23	1	26	23	3	24	23	1	29	29	0	17	16	1	10	10	0	17	14	3	21	15	6
NC_059188.1	912731	912732	*	15	14	1	27	24	3	15	15	0	16	14	2	14	14	0	12	12	0	14	14	0	14	13	1	18	16	2	20	19	1	16	14	2	12	12	0	16	15	1	14	11	3	17	16	1	24	20	4	24	23	1	18	18	0	20	19	1	18	18	0
NC_059188.1	912749	912750	*	17	17	0	24	24	0	16	16	0	18	18	0	14	13	1	14	14	0	16	15	1	11	9	2	17	16	1	14	13	1	17	15	2	14	14	0	17	16	1	16	13	3	19	19	0	23	19	4	24	24	0	17	17	0	21	20	1	19	18	1
NC_059188.1	918441	918442	*	17	15	2	17	16	1	14	6	8	16	15	1	11	11	0	28	23	5	13	11	2	10	0	10	13	4	9	22	8	14	26	12	14	22	19	3	20	13	7	30	30	0	25	23	2	12	11	1	17	9	8	25	22	3	25	8	17	18	9	9
NC_059188.1	918462	918463	*	19	18	1	17	16	1	14	6	8	21	21	0	13	13	0	34	34	0	19	18	1	11	5	6	12	7	5	28	13	15	26	23	3	22	22	0	24	13	11	31	30	1	30	30	0	14	14	0	17	9	8	29	28	1	29	13	16	24	12	12
NC_059188.1	918515	918516	*	23	22	1	21	20	1	19	18	1	25	23	2	19	18	1	35	31	4	20	19	1	15	13	2	11	11	0	31	28	3	27	25	2	28	28	0	25	22	3	36	31	5	29	13	16	18	18	0	20	18	2	32	31	1	30	25	5	27	26	1
NC_059188.1	918640	918641	*	16	15	1	15	15	0	18	18	0	22	20	2	15	12	3	18	17	1	16	14	2	13	11	2	10	9	1	22	22	0	18	17	1	16	15	1	21	19	2	21	17	4	21	19	2	15	15	0	23	21	2	28	28	0	17	17	0	13	11	2
NC_059188.1	923417	923418	*	25	25	0	22	19	3	14	12	2	12	10	2	12	11	1	19	19	0	13	11	2	17	15	2	13	9	4	13	11	2	14	12	2	15	15	0	13	13	0	24	18	6	17	16	1	14	14	0	19	17	2	14	14	0	17	16	1	12	8	4
NC_059188.1	926592	926593	*	12	11	1	22	19	3	11	9	2	12	10	2	14	13	1	14	13	1	15	14	1	17	14	3	16	14	2	13	11	2	18	17	1	13	13	0	15	13	2	16	14	2	15	15	0	15	11	4	20	15	5	11	11	0	15	12	3	16	14	2
NC_059188.1	928954	928955	*	21	18	3	28	9	19	21	16	5	16	13	3	22	6	16	23	12	11	24	19	5	28	20	8	14	6	8	19	0	19	27	11	16	23	14	9	39	11	28	29	17	12	29	20	9	38	10	28	29	21	8	19	3	16	23	16	7	27	11	16
NC_059188.1	990796	990797	*	23	17	6	29	18	11	15	15	0	13	8	5	18	10	8	27	18	9	11	6	5	16	11	5	14	11	3	21	16	5	19	10	9	21	4	17	21	12	9	15	8	7	13	10	3	22	19	3	30	16	14	18	13	5	20	12	8	15	9	6
NC_059188.1	990848	990849	*	22	20	2	19	18	1	15	13	2	11	10	1	15	13	2	25	22	3	12	12	0	13	11	2	10	9	1	21	20	1	17	15	2	13	12	1	15	15	0	14	13	1	12	11	1	16	15	1	21	18	3	15	15	0	18	16	2	14	14	0
NC_059188.1	1016705	1016706	*	30	13	17	22	12	10	17	17	0	24	10	14	17	17	0	27	9	18	11	4	7	12	12	0	14	13	1	16	14	2	19	11	8	21	11	10	20	18	2	20	1	19	22	7	15	27	26	1	24	22	2	11	11	0	21	8	13	22	21	1
NC_059188.1	1089797	1089798	*	15	14	1	19	18	1	17	17	0	13	13	0	18	17	1	18	17	1	15	15	0	13	13	0	16	15	1	19	19	0	22	20	2	20	20	0	26	23	3	26	21	5	22	20	2	19	19	0	28	26	2	37	33	4	16	16	0	21	19	2
NC_059188.1	1254159	1254160	*	23	18	5	15	13	2	11	11	0	17	17	0	23	22	1	26	23	3	16	14	2	16	16	0	15	14	1	18	18	0	15	15	0	15	15	0	31	31	0	30	29	1	14	14	0	23	22	1	17	17	0	25	24	1	18	17	1	16	15	1
NC_059188.1	1254193	1254194	*	19	19	0	16	16	0	13	13	0	16	15	1	19	18	1	24	22	2	15	13	2	16	15	1	13	13	0	16	16	0	16	14	2	20	18	2	29	27	2	28	28	0	16	16	0	23	23	0	18	18	0	22	20	2	20	18	2	15	14	1
NC_059188.1	1254216	1254217	*	19	19	0	19	17	2	13	12	1	19	18	1	19	18	1	22	20	2	15	14	1	15	14	1	15	15	0	17	17	0	16	15	1	21	19	2	32	31	1	29	29	0	17	16	1	20	20	0	17	16	1	20	19	1	19	19	0	18	17	1
NC_059188.1	1254265	1254266	*	15	14	1	19	16	3	15	15	0	19	18	1	19	17	2	16	16	0	14	14	0	11	11	0	20	19	1	17	16	1	16	14	2	15	15	0	28	26	2	28	24	4	18	18	0	19	18	1	16	15	1	13	13	0	22	22	0	14	13	1
NC_059188.1	1254286	1254287	*	12	11	1	22	20	2	14	14	0	20	20	0	17	16	1	15	15	0	14	12	2	10	9	1	20	18	2	16	16	0	18	17	1	13	12	1	24	22	2	27	27	0	20	19	1	19	19	0	15	15	0	15	15	0	21	20	1	15	14	1
NC_059188.1	1305203	1305204	*	23	23	0	19	18	1	15	15	0	21	18	3	19	19	0	17	16	1	19	19	0	14	13	1	11	11	0	10	9	1	20	18	2	15	15	0	17	16	1	18	18	0	15	15	0	14	14	0	17	17	0	13	13	0	17	16	1	21	20	1
NC_059188.1	1372132	1372133	*	17	17	0	22	22	0	11	11	0	19	19	0	26	24	2	13	13	0	11	10	1	22	22	0	16	15	1	13	13	0	33	31	2	22	21	1	25	25	0	14	11	3	32	31	1	22	22	0	22	20	2	15	14	1	17	17	0	21	21	0
NC_059188.1	1372141	1372142	*	17	16	1	22	22	0	11	11	0	21	19	2	24	23	1	13	13	0	10	10	0	22	22	0	15	14	1	14	14	0	32	28	4	20	20	0	24	23	1	14	10	4	32	31	1	23	22	1	23	22	1	15	14	1	18	18	0	21	20	1
NC_059188.1	1866852	1866853	*	29	13	16	27	8	19	20	0	20	19	0	19	18	0	18	23	0	23	18	10	8	25	0	25	18	4	14	21	0	21	27	1	26	20	8	12	28	9	19	22	5	17	24	4	20	29	12	17	20	0	20	16	5	11	18	6	12	12	4	8
NC_059188.1	1866883	1866884	*	30	14	16	28	7	21	21	0	21	16	0	16	17	0	17	19	0	19	20	13	7	23	0	23	17	5	12	23	0	23	29	0	29	19	13	6	28	10	18	21	7	14	24	7	17	27	13	14	20	0	20	12	6	6	20	15	5	13	0	13
NC_059188.1	2001321	2001322	*	13	12	1	10	4	6	21	13	8	14	13	1	14	0	14	10	9	1	21	11	10	16	3	13	21	6	15	12	8	4	13	6	7	16	14	2	19	7	12	24	11	13	20	20	0	24	22	2	17	16	1	30	25	5	17	14	3	15	15	0
NC_059188.1	2001738	2001739	*	18	18	0	24	24	0	24	24	0	20	20	0	10	9	1	23	20	3	15	15	0	17	17	0	17	17	0	19	19	0	20	18	2	23	23	0	18	18	0	12	11	1	19	16	3	28	26	2	26	26	0	24	24	0	27	26	1	13	13	0
NC_059188.1	2001816	2001817	*	16	15	1	17	16	1	20	15	5	14	13	1	10	10	0	22	18	4	13	10	3	12	11	1	18	16	2	14	12	2	14	11	3	15	11	4	15	14	1	11	10	1	17	16	1	22	21	1	19	17	2	20	18	2	22	18	4	14	12	2
NC_059188.1	2001835	2001836	*	13	13	0	16	14	2	23	21	2	13	13	0	11	10	1	22	19	3	12	11	1	13	13	0	20	19	1	18	16	2	15	14	1	15	12	3	13	13	0	12	12	0	16	16	0	22	19	3	19	18	1	22	21	1	19	19	0	13	12	1
NC_059188.1	2057226	2057227	*	15	15	0	13	13	0	13	13	0	16	16	0	16	16	0	12	11	1	24	23	1	16	16	0	16	16	0	23	23	0	17	17	0	15	14	1	11	11	0	10	8	2	11	10	1	14	13	1	20	20	0	34	34	0	22	20	2	11	11	0
NC_059188.1	2110178	2110179	*	20	20	0	24	23	1	10	10	0	12	11	1	16	16	0	14	13	1	15	15	0	17	17	0	16	16	0	15	14	1	14	13	1	19	18	1	21	20	1	17	17	0	23	21	2	17	15	2	18	18	0	10	10	0	18	17	1	11	11	0
NC_059188.1	2136838	2136839	*	26	23	3	38	35	3	25	24	1	20	19	1	21	19	2	18	17	1	28	28	0	28	27	1	19	19	0	28	28	0	43	43	0	28	25	3	24	23	1	34	31	3	20	19	1	27	24	3	28	28	0	13	13	0	36	36	0	30	29	1
NC_059188.1	2136849	2136850	*	29	27	2	39	36	3	26	25	1	19	19	0	23	22	1	18	18	0	28	28	0	33	30	3	19	18	1	29	29	0	43	42	1	30	27	3	27	25	2	29	25	4	25	22	3	27	25	2	27	27	0	12	12	0	35	32	3	29	28	1
NC_059188.1	2136937	2136938	*	24	23	1	39	34	5	24	21	3	12	8	4	22	19	3	19	19	0	20	19	1	26	23	3	22	17	5	23	22	1	43	40	3	23	23	0	34	30	4	29	23	6	30	28	2	27	24	3	25	18	7	10	9	1	29	26	3	28	24	4
NC_059188.1	2137003	2137004	*	24	23	1	23	21	2	21	21	0	10	8	2	17	17	0	17	16	1	15	12	3	24	23	1	20	19	1	27	25	2	32	30	2	22	20	2	28	28	0	22	19	3	28	27	1	22	22	0	17	16	1	15	15	0	19	18	1	20	20	0
NC_059188.1	2201172	2201173	*	19	16	3	14	13	1	14	4	10	12	5	7	11	0	11	22	11	11	12	4	8	13	9	4	10	8	2	18	10	8	18	5	13	12	12	0	24	12	12	18	2	16	22	19	3	19	18	1	10	4	6	21	10	11	13	0	13	10	5	5
NC_059188.1	3720602	3720603	*	20	19	1	20	20	0	19	18	1	14	13	1	18	17	1	18	17	1	18	16	2	12	11	1	12	12	0	22	21	1	20	18	2	22	21	1	30	30	0	24	23	1	26	25	1	31	31	0	16	15	1	12	12	0	33	32	1	12	12	0
NC_059188.1	3915102	3915103	*	25	24	1	25	25	0	12	12	0	18	15	3	18	18	0	20	20	0	17	17	0	15	12	3	22	20	2	22	14	8	19	17	2	20	20	0	23	23	0	18	18	0	23	23	0	16	14	2	27	27	0	21	19	2	22	21	1	19	19	0
NC_059188.1	3915116	3915117	*	24	22	2	22	21	1	11	11	0	19	17	2	18	18	0	19	19	0	15	15	0	14	13	1	23	22	1	23	16	7	14	13	1	22	21	1	23	23	0	16	16	0	22	22	0	16	15	1	27	26	1	21	20	1	18	17	1	19	19	0
NC_059188.1	3915204	3915205	*	17	13	4	16	14	2	11	10	1	15	12	3	10	7	3	15	12	3	16	12	4	17	16	1	14	11	3	17	16	1	16	13	3	21	18	3	20	12	8	12	10	2	18	13	5	22	18	4	21	11	10	28	25	3	23	18	5	13	11	2
NC_059188.1	4849996	4849997	*	26	6	20	34	0	34	15	0	15	34	0	34	14	0	14	20	0	20	30	0	30	13	0	13	16	0	16	27	0	27	27	0	27	28	0	28	22	0	22	56	2	54	61	0	61	17	0	17	13	1	12	11	0	11	17	0	17	58	0	58
NC_059188.1	8413956	8413957	*	14	13	1	15	15	0	22	21	1	13	13	0	12	10	2	24	23	1	17	14	3	16	15	1	16	15	1	14	13	1	16	15	1	10	10	0	20	20	0	16	16	0	16	16	0	22	21	1	12	11	1	20	19	1	12	11	1	14	13	1
NC_059188.1	8414027	8414028	*	17	15	2	27	17	10	24	19	5	15	12	3	15	14	1	26	24	2	18	11	7	18	16	2	14	10	4	21	17	4	19	17	2	15	14	1	24	18	6	22	15	7	17	13	4	25	21	4	20	15	5	27	20	7	14	10	4	22	16	6
NC_059188.1	8414071	8414072	*	15	10	5	29	26	3	24	22	2	12	10	2	20	19	1	23	22	1	15	11	4	20	18	2	11	8	3	24	22	2	25	22	3	15	14	1	26	24	2	20	18	2	20	14	6	24	21	3	20	18	2	25	24	1	15	11	4	23	20	3
NC_059188.1	8414093	8414094	*	13	13	0	28	25	3	23	22	1	12	10	2	19	13	6	22	20	2	18	17	1	22	22	0	11	10	1	25	25	0	28	26	2	14	11	3	25	24	1	21	20	1	21	13	8	24	23	1	20	20	0	25	25	0	15	14	1	23	22	1
NC_059188.1	8513935	8513936	*	10	10	0	21	19	2	16	15	1	13	13	0	10	10	0	17	15	2	13	13	0	14	13	1	11	10	1	13	13	0	13	11	2	24	21	3	12	11	1	12	10	2	16	16	0	17	15	2	15	12	3	24	23	1	19	16	3	15	14	1
NC_059188.1	9664921	9664922	*	17	14	3	10	5	5	12	12	0	13	5	8	13	13	0	17	7	10	12	12	0	14	5	9	12	10	2	13	11	2	20	12	8	12	8	4	17	6	11	20	18	2	22	21	1	21	21	0	12	6	6	16	15	1	19	19	0	10	9	1
NC_059188.1	9792497	9792498	*	21	19	2	20	17	3	11	8	3	17	17	0	12	12	0	18	18	0	16	10	6	14	12	2	11	10	1	12	0	12	21	8	13	23	11	12	11	11	0	17	17	0	23	11	12	21	9	12	14	9	5	27	26	1	15	0	15	21	21	0
NC_059188.1	9792520	9792521	*	19	18	1	20	16	4	12	7	5	17	16	1	12	12	0	20	18	2	15	8	7	14	13	1	13	11	2	14	1	13	19	8	11	24	12	12	12	12	0	19	19	0	22	11	11	22	12	10	14	8	6	26	26	0	13	0	13	22	20	2
NC_059188.1	9988033	9988034	*	18	11	7	26	12	14	15	15	0	20	19	1	11	11	0	19	19	0	13	12	1	13	11	2	15	14	1	17	17	0	18	18	0	15	13	2	13	13	0	11	9	2	12	5	7	15	15	0	18	15	3	21	19	2	18	4	14	14	4	10
NC_059188.1	9988054	9988055	*	19	11	8	30	15	15	17	16	1	19	19	0	11	11	0	19	19	0	13	13	0	15	15	0	16	16	0	17	16	1	21	21	0	15	13	2	14	14	0	13	13	0	11	4	7	15	15	0	20	14	6	24	23	1	19	8	11	15	6	9
NC_059188.1	9988066	9988067	*	20	12	8	30	16	14	18	17	1	17	17	0	11	11	0	19	18	1	15	15	0	14	14	0	15	15	0	17	17	0	24	24	0	15	9	6	13	13	0	13	12	1	13	4	9	16	16	0	21	15	6	24	23	1	19	10	9	16	7	9
NC_059188.1	9988102	9988103	*	19	16	3	29	27	2	22	21	1	18	17	1	12	12	0	20	20	0	16	9	7	15	15	0	14	14	0	16	16	0	24	21	3	14	13	1	14	14	0	15	13	2	12	9	3	14	14	0	21	19	2	26	26	0	20	18	2	17	16	1
NC_059188.1	9999174	9999175	*	22	16	6	19	14	5	13	11	2	10	5	5	13	5	8	22	13	9	17	12	5	25	19	6	20	15	5	21	15	6	28	20	8	22	19	3	20	11	9	20	15	5	25	18	7	19	10	9	22	15	7	27	20	7	32	22	10	15	11	4
NC_059188.1	9999177	9999178	*	22	15	7	19	12	7	13	11	2	10	4	6	13	6	7	22	11	11	16	11	5	25	18	7	20	13	7	21	13	8	28	19	9	22	17	5	20	9	11	20	13	7	25	19	6	19	11	8	22	15	7	26	20	6	32	22	10	15	10	5
NC_059188.1	10079945	10079946	*	15	13	2	10	9	1	18	17	1	15	15	0	12	11	1	13	11	2	19	18	1	19	17	2	11	11	0	12	11	1	22	21	1	16	16	0	15	12	3	15	13	2	32	30	2	15	15	0	15	14	1	12	11	1	20	20	0	15	13	2
NC_059188.1	10210536	10210537	*	18	17	1	23	21	2	12	12	0	15	13	2	19	17	2	15	15	0	13	12	1	12	12	0	11	11	0	17	16	1	16	15	1	13	13	0	15	13	2	12	12	0	19	18	1	18	16	2	20	18	2	12	12	0	10	10	0	14	14	0
NC_059188.1	10210564	10210565	*	17	17	0	26	25	1	11	11	0	15	15	0	18	18	0	16	16	0	11	10	1	13	12	1	11	9	2	19	18	1	19	18	1	12	12	0	14	14	0	12	12	0	22	21	1	16	16	0	18	16	2	12	11	1	15	15	0	13	13	0
NC_059188.1	10210603	10210604	*	19	19	0	29	28	1	16	16	0	13	12	1	15	15	0	17	16	1	10	5	5	16	14	2	10	9	1	21	19	2	23	22	1	22	22	0	17	17	0	13	12	1	24	22	2	19	17	2	18	15	3	14	13	1	21	11	10	17	17	0
NC_059188.1	10293052	10293053	*	15	12	3	23	12	11	17	4	13	24	10	14	23	7	16	19	13	6	17	6	11	23	15	8	11	7	4	22	18	4	19	10	9	27	12	15	25	16	9	20	11	9	25	15	10	19	14	5	18	5	13	11	10	1	19	7	12	27	19	8
NC_059188.1	10339392	10339393	*	17	15	2	22	18	4	14	11	3	15	14	1	17	16	1	20	15	5	16	12	4	15	13	2	13	9	4	11	9	2	26	22	4	16	11	5	17	15	2	17	12	5	12	11	1	23	19	4	18	13	5	11	9	2	16	12	4	11	10	1
NC_059188.1	10421531	10421532	*	20	15	5	13	12	1	16	13	3	11	6	5	11	10	1	12	9	3	13	12	1	11	7	4	18	17	1	15	12	3	15	11	4	11	11	0	11	10	1	20	17	3	16	14	2	12	8	4	12	7	5	11	10	1	13	10	3	12	10	2
NC_059188.1	10424721	10424722	*	18	8	10	17	0	17	11	1	10	18	0	18	18	9	9	14	4	10	17	0	17	13	8	5	16	7	9	19	0	19	26	12	14	11	0	11	21	0	21	21	8	13	26	0	26	10	0	10	16	0	16	11	3	8	19	5	14	12	1	11
NC_059188.1	10430801	10430802	*	14	8	6	21	8	13	18	3	15	14	14	0	14	8	6	16	16	0	11	2	9	12	11	1	20	17	3	20	0	20	18	15	3	22	0	22	14	12	2	11	7	4	18	0	18	16	5	11	18	0	18	12	3	9	16	6	10	22	0	22
NC_059188.1	10561588	10561589	*	19	18	1	16	16	0	14	14	0	11	11	0	13	13	0	23	23	0	13	13	0	16	14	2	10	10	0	13	13	0	28	26	2	25	25	0	21	21	0	25	25	0	25	25	0	26	26	0	19	19	0	20	19	1	24	23	1	25	25	0
NC_059188.1	10862477	10862478	*	20	17	3	32	29	3	17	10	7	22	20	2	35	12	23	25	23	2	23	22	1	16	15	1	14	9	5	19	19	0	21	20	1	22	22	0	25	23	2	28	26	2	27	25	2	15	12	3	12	11	1	16	16	0	19	19	0	15	13	2
NC_059188.1	10862561	10862562	*	23	13	10	31	1	30	15	8	7	21	20	1	28	7	21	19	12	7	18	11	7	17	8	9	11	11	0	22	20	2	17	17	0	19	4	15	19	19	0	27	17	10	26	4	22	14	8	6	13	11	2	18	16	2	20	12	8	11	7	4
NC_059188.1	11040923	11040924	*	16	16	0	22	20	2	20	17	3	16	15	1	13	13	0	17	16	1	21	20	1	18	18	0	10	9	1	16	16	0	29	28	1	17	17	0	13	12	1	15	13	2	17	16	1	19	16	3	20	20	0	19	18	1	16	16	0	20	20	0
NC_059188.1	11041006	11041007	*	21	17	4	25	18	7	24	16	8	17	12	5	19	10	9	24	14	10	25	12	13	20	16	4	12	9	3	19	10	9	29	24	5	23	22	1	25	20	5	22	15	7	22	11	11	32	18	14	29	17	12	19	14	5	26	14	12	26	14	12
NC_059188.1	11041108	11041109	*	19	19	0	28	28	0	20	19	1	13	13	0	13	9	4	21	20	1	17	17	0	16	15	1	11	11	0	17	16	1	30	29	1	21	20	1	28	27	1	13	13	0	21	19	2	29	27	2	22	22	0	20	18	2	21	20	1	20	19	1
NC_059188.1	11041112	11041113	*	19	19	0	28	28	0	19	19	0	13	13	0	13	12	1	21	20	1	16	16	0	16	15	1	11	11	0	18	17	1	30	29	1	21	18	3	27	27	0	13	13	0	22	22	0	29	28	1	23	23	0	20	20	0	22	21	1	19	19	0
NC_059188.1	11073028	11073029	*	10	9	1	15	14	1	18	16	2	22	21	1	12	12	0	12	11	1	11	9	2	13	11	2	10	9	1	10	9	1	17	17	0	11	10	1	22	21	1	18	16	2	15	12	3	22	21	1	17	17	0	34	29	5	20	20	0	13	11	2
NC_059188.1	11081057	11081058	*	26	20	6	31	24	7	24	11	13	16	14	2	22	15	7	27	15	12	16	14	2	41	24	17	20	14	6	31	22	9	24	17	7	26	20	6	20	15	5	34	22	12	27	14	13	20	12	8	19	14	5	19	15	4	32	20	12	29	16	13
NC_059188.1	11081120	11081121	*	24	19	5	33	24	9	26	14	12	16	8	8	25	14	11	25	12	13	22	16	6	42	25	17	24	16	8	29	19	10	29	13	16	29	21	8	24	10	14	33	13	20	29	11	18	24	11	13	17	7	10	24	18	6	31	19	12	33	15	18
NC_059188.1	11084217	11084218	*	25	16	9	27	21	6	27	16	11	25	7	18	20	5	15	25	18	7	19	12	7	22	14	8	18	8	10	18	14	4	24	16	8	21	14	7	24	16	8	18	13	5	18	11	7	31	23	8	14	7	7	35	21	14	22	16	6	14	9	5
NC_059188.1	11084326	11084327	*	19	12	7	19	11	8	24	7	17	23	11	12	10	5	5	24	12	12	16	6	10	22	13	9	14	9	5	19	8	11	31	11	20	22	12	10	20	10	10	18	9	9	16	10	6	17	8	9	25	12	13	20	10	10	28	12	16	18	8	10
NC_059188.1	11107197	11107198	*	19	18	1	20	15	5	19	18	1	16	16	0	12	10	2	10	10	0	15	15	0	20	18	2	25	22	3	16	15	1	17	15	2	22	20	2	24	22	2	18	15	3	22	21	1	21	19	2	35	33	2	34	34	0	23	21	2	23	20	3
NC_059188.1	11107323	11107324	*	20	20	0	23	20	3	20	17	3	12	12	0	10	10	0	17	13	4	16	16	0	16	15	1	22	18	4	15	13	2	19	19	0	19	16	3	23	21	2	16	16	0	27	26	1	30	27	3	20	19	1	19	19	0	20	20	0	23	22	1
NC_059188.1	11115683	11115684	*	16	11	5	19	11	8	15	14	1	16	0	16	21	11	10	14	7	7	12	0	12	10	8	2	12	4	8	17	11	6	16	12	4	12	9	3	14	13	1	18	0	18	17	0	17	21	19	2	12	12	0	17	11	6	11	2	9	14	9	5
NC_059188.1	11319587	11319588	*	21	21	0	25	22	3	18	14	4	25	24	1	23	23	0	16	15	1	12	12	0	13	13	0	17	17	0	21	20	1	23	22	1	17	17	0	19	18	1	15	15	0	20	20	0	13	12	1	24	23	1	43	39	4	26	26	0	20	19	1
NC_059188.1	11319753	11319754	*	24	24	0	26	25	1	12	11	1	18	18	0	21	20	1	12	11	1	15	15	0	18	16	2	15	14	1	19	17	2	19	18	1	14	13	1	23	23	0	14	13	1	20	19	1	19	17	2	27	23	4	33	31	2	35	33	2	19	18	1
NC_059188.1	11416573	11416574	*	22	22	0	24	22	2	12	12	0	12	12	0	10	10	0	24	23	1	14	12	2	19	19	0	15	14	1	14	14	0	28	28	0	24	24	0	13	12	1	20	20	0	17	16	1	25	25	0	23	19	4	15	15	0	17	17	0	24	24	0
NC_059188.1	11459690	11459691	*	14	13	1	19	0	19	10	10	0	11	0	11	12	3	9	13	0	13	17	1	16	11	4	7	16	9	7	15	15	0	21	0	21	13	12	1	18	10	8	14	0	14	18	10	8	16	8	8	11	3	8	10	6	4	21	19	2	17	0	17
NC_059188.1	11709341	11709342	*	21	19	2	27	25	2	22	21	1	22	22	0	17	17	0	18	18	0	17	16	1	15	15	0	12	12	0	23	23	0	15	15	0	27	27	0	19	19	0	15	15	0	14	12	2	26	26	0	24	22	2	34	34	0	24	23	1	20	18	2
NC_059188.1	11709452	11709453	*	18	18	0	20	20	0	18	17	1	12	10	2	18	18	0	17	15	2	11	10	1	16	15	1	13	13	0	21	20	1	13	13	0	21	20	1	16	15	1	17	16	1	16	14	2	21	20	1	19	18	1	33	32	1	18	17	1	15	14	1
NC_059188.1	11732326	11732327	*	13	10	3	21	12	9	14	10	4	13	7	6	14	14	0	14	14	0	16	14	2	18	17	1	15	13	2	16	15	1	16	14	2	24	20	4	16	16	0	18	17	1	27	22	5	13	12	1	12	11	1	17	14	3	19	16	3	11	10	1
NC_059188.1	11737663	11737664	*	15	15	0	20	19	1	15	14	1	13	11	2	16	14	2	20	17	3	11	10	1	14	12	2	11	11	0	11	11	0	24	22	2	26	25	1	22	21	1	19	17	2	15	15	0	16	14	2	18	17	1	10	9	1	21	21	0	16	15	1
NC_059188.1	11963228	11963229	*	16	16	0	18	17	1	19	16	3	13	13	0	17	15	2	19	18	1	16	15	1	12	11	1	15	12	3	14	14	0	18	17	1	16	14	2	10	10	0	14	13	1	16	16	0	17	17	0	14	14	0	30	28	2	13	12	1	15	15	0
NC_059188.1	11963289	11963290	*	19	19	0	18	17	1	13	12	1	11	11	0	23	23	0	20	19	1	16	16	0	14	14	0	13	13	0	16	15	1	17	17	0	13	13	0	13	12	1	18	16	2	23	23	0	15	15	0	13	12	1	22	22	0	15	15	0	16	16	0
NC_059188.1	11963329	11963330	*	18	17	1	18	16	2	14	14	0	10	10	0	26	25	1	21	18	3	15	14	1	16	16	0	11	11	0	17	16	1	16	16	0	15	13	2	14	14	0	18	17	1	24	24	0	19	19	0	18	18	0	22	21	1	19	18	1	18	15	3
NC_059188.1	11964783	11964784	*	36	14	22	15	0	15	12	0	12	24	0	24	16	8	8	25	0	25	13	0	13	18	0	18	12	0	12	24	10	14	18	6	12	25	0	25	28	0	28	16	0	16	28	0	28	27	7	20	24	1	23	44	19	25	19	9	10	19	9	10
NC_059188.1	11964889	11964890	*	33	30	3	17	16	1	13	13	0	27	25	2	23	22	1	30	28	2	17	17	0	15	15	0	20	20	0	25	25	0	28	26	2	23	22	1	34	33	1	22	20	2	32	29	3	24	22	2	24	22	2	53	48	5	18	17	1	25	23	2
NC_059188.1	11964997	11964998	*	19	19	0	20	19	1	16	16	0	17	14	3	19	17	2	26	25	1	16	13	3	12	12	0	23	20	3	15	12	3	27	24	3	14	14	0	25	23	2	26	25	1	22	20	2	27	25	2	22	21	1	50	46	4	19	17	2	16	14	2
NC_059188.1	11965045	11965046	*	14	12	2	15	15	0	20	19	1	15	15	0	13	13	0	27	26	1	14	13	1	12	12	0	21	20	1	10	10	0	16	16	0	13	13	0	18	18	0	22	21	1	16	16	0	24	22	2	17	17	0	37	33	4	17	17	0	13	12	1
NC_059188.1	11981988	11981989	*	22	21	1	14	14	0	12	11	1	14	13	1	13	13	0	19	18	1	16	14	2	17	14	3	13	11	2	14	14	0	22	22	0	18	16	2	18	18	0	29	27	2	15	15	0	25	23	2	22	22	0	14	12	2	19	19	0	10	10	0
NC_059188.1	12010542	12010543	*	20	20	0	19	18	1	17	16	1	14	12	2	14	14	0	14	12	2	19	17	2	21	20	1	13	13	0	21	20	1	18	17	1	13	12	1	24	23	1	15	15	0	30	28	2	17	17	0	20	19	1	12	11	1	14	12	2	17	17	0
NC_059188.1	12010577	12010578	*	17	16	1	17	15	2	18	18	0	15	12	3	13	13	0	13	11	2	19	19	0	18	18	0	10	10	0	16	15	1	16	16	0	12	12	0	21	20	1	12	11	1	24	22	2	16	14	2	17	17	0	13	12	1	14	13	1	14	14	0
NC_059188.1	12046032	12046033	*	20	20	0	20	19	1	16	15	1	14	14	0	11	11	0	19	16	3	12	12	0	11	11	0	13	13	0	12	12	0	19	18	1	15	14	1	10	10	0	29	27	2	21	19	2	11	10	1	16	16	0	10	10	0	25	24	1	13	11	2
NC_059188.1	12098271	12098272	*	27	26	1	20	19	1	20	20	0	16	15	1	17	17	0	20	20	0	22	19	3	16	14	2	10	7	3	20	19	1	25	25	0	20	19	1	14	13	1	25	24	1	21	18	3	29	29	0	26	26	0	15	15	0	21	21	0	14	14	0
NC_059188.1	12099418	12099419	*	13	8	5	23	14	9	21	0	21	17	13	4	10	4	6	10	6	4	15	6	9	10	8	2	13	6	7	15	8	7	22	12	10	25	22	3	19	10	9	19	10	9	15	8	7	17	17	0	15	12	3	20	18	2	21	20	1	10	0	10
NC_059188.1	12099445	12099446	*	12	9	3	24	16	8	21	10	11	15	15	0	13	12	1	14	11	3	13	10	3	12	12	0	15	9	6	17	13	4	26	19	7	27	24	3	22	17	5	20	15	5	15	11	4	18	17	1	17	16	1	19	19	0	21	18	3	13	7	6
NC_059188.1	12127514	12127515	*	13	12	1	17	16	1	14	14	0	10	9	1	17	17	0	18	18	0	18	15	3	17	17	0	17	17	0	15	14	1	28	28	0	24	23	1	22	22	0	21	21	0	25	25	0	14	14	0	14	14	0	12	11	1	16	16	0	12	11	1
NC_059188.1	12210017	12210018	*	19	17	2	20	20	0	20	19	1	19	16	3	13	13	0	20	20	0	14	14	0	12	10	2	10	10	0	23	22	1	25	24	1	21	20	1	28	28	0	21	21	0	20	20	0	23	23	0	26	23	3	14	14	0	25	25	0	26	25	1
NC_059188.1	12210061	12210062	*	18	17	1	19	17	2	18	18	0	12	12	0	14	14	0	17	15	2	15	15	0	11	10	1	10	10	0	24	23	1	27	25	2	20	20	0	25	25	0	22	21	1	19	19	0	19	17	2	25	22	3	17	16	1	23	22	1	27	27	0
NC_059188.1	12217624	12217625	*	16	16	0	19	19	0	14	13	1	13	13	0	16	16	0	10	8	2	25	25	0	16	16	0	11	10	1	14	13	1	18	18	0	15	15	0	16	15	1	24	23	1	21	10	11	16	8	8	20	9	11	15	15	0	10	9	1	15	15	0
NC_059188.1	12406544	12406545	*	15	14	1	20	19	1	10	9	1	14	13	1	11	11	0	15	15	0	12	12	0	11	11	0	13	12	1	14	12	2	15	15	0	17	17	0	15	14	1	14	14	0	19	16	3	13	13	0	23	22	1	22	21	1	23	21	2	19	19	0
NC_059188.1	12411141	12411142	*	21	7	14	31	0	31	25	0	25	41	0	41	41	15	26	21	11	10	19	0	19	40	0	40	26	9	17	27	12	15	40	6	34	38	0	38	52	8	44	25	0	25	24	0	24	23	0	23	37	0	37	63	2	61	41	0	41	25	7	18
NC_059188.1	12411160	12411161	*	22	6	16	33	0	33	24	0	24	43	0	43	41	12	29	23	10	13	20	0	20	43	0	43	26	9	17	30	12	18	43	1	42	42	0	42	55	2	53	27	0	27	26	0	26	23	0	23	37	0	37	65	0	65	38	0	38	26	7	19
NC_059188.1	12412129	12412130	*	20	16	4	23	7	16	21	17	4	23	5	18	18	5	13	16	10	6	10	3	7	28	15	13	24	13	11	11	2	9	23	0	23	24	1	23	24	5	19	18	11	7	17	6	11	23	18	5	26	13	13	23	5	18	25	6	19	12	0	12
NC_059188.1	12440573	12440574	*	19	17	2	15	12	3	14	13	1	17	17	0	13	13	0	12	11	1	13	12	1	13	13	0	17	14	3	27	25	2	19	18	1	18	18	0	20	19	1	23	22	1	29	28	1	16	15	1	13	13	0	11	11	0	20	20	0	20	19	1
NC_059188.1	12440625	12440626	*	21	20	1	14	12	2	16	15	1	20	19	1	11	11	0	12	12	0	12	12	0	18	15	3	19	17	2	27	25	2	21	21	0	21	21	0	19	17	2	22	21	1	25	23	2	16	15	1	10	9	1	13	12	1	23	23	0	18	18	0
NC_059188.1	12440674	12440675	*	21	21	0	16	13	3	17	17	0	19	17	2	12	12	0	12	12	0	10	10	0	18	18	0	18	17	1	28	28	0	20	19	1	20	18	2	18	15	3	22	21	1	16	16	0	15	15	0	10	10	0	11	11	0	16	16	0	21	19	2
NC_059188.1	12535921	12535922	*	12	12	0	16	15	1	15	14	1	14	14	0	14	13	1	15	15	0	10	10	0	15	4	11	13	0	13	20	19	1	10	7	3	12	12	0	17	10	7	21	20	1	15	8	7	11	10	1	33	32	1	22	22	0	12	11	1	15	12	3
NC_059188.1	12535935	12535936	*	13	12	1	16	14	2	14	14	0	14	14	0	15	15	0	16	16	0	12	11	1	14	5	9	13	0	13	21	18	3	11	9	2	14	14	0	19	10	9	21	21	0	16	8	8	12	11	1	32	32	0	23	23	0	16	15	1	15	11	4
NC_059188.1	12535948	12535949	*	12	11	1	19	18	1	14	14	0	11	11	0	16	16	0	16	15	1	13	12	1	13	5	8	14	0	14	21	20	1	12	9	3	14	14	0	20	11	9	21	20	1	19	9	10	14	13	1	33	32	1	23	22	1	18	18	0	15	11	4
NC_059188.1	12536061	12536062	*	15	15	0	20	20	0	13	13	0	10	9	1	17	15	2	28	25	3	17	16	1	15	6	9	12	0	12	24	19	5	22	13	9	24	21	3	19	8	11	31	25	6	28	11	17	17	16	1	28	25	3	20	20	0	22	17	5	21	17	4
NC_059188.1	12588958	12588959	*	32	28	4	31	30	1	19	18	1	23	22	1	25	23	2	28	22	6	19	18	1	27	24	3	13	11	2	20	18	2	31	29	2	26	25	1	28	13	15	35	32	3	28	26	2	32	27	5	26	26	0	13	13	0	32	31	1	30	28	2
NC_059188.1	12588970	12588971	*	33	17	16	30	15	15	19	0	19	21	0	21	25	11	14	29	11	18	21	7	14	26	8	18	15	0	15	21	0	21	34	1	33	27	0	27	29	1	28	34	13	21	30	0	30	30	0	30	27	17	10	12	0	12	32	0	32	29	0	29
NC_059188.1	12589025	12589026	*	30	27	3	28	24	4	28	27	1	20	19	1	24	19	5	28	25	3	22	19	3	20	17	3	13	12	1	26	19	7	33	28	5	32	27	5	32	27	5	36	33	3	32	27	5	35	30	5	24	22	2	14	14	0	33	30	3	30	28	2
NC_059188.1	12589055	12589056	*	27	26	1	25	23	2	31	29	2	20	20	0	19	19	0	26	25	1	21	20	1	17	16	1	13	13	0	29	27	2	30	29	1	32	30	2	29	29	0	31	29	2	32	31	1	36	30	6	25	24	1	13	13	0	37	34	3	29	27	2
NC_059188.1	12589077	12589078	*	24	24	0	20	18	2	31	29	2	18	17	1	19	19	0	24	23	1	19	17	2	15	13	2	12	12	0	29	29	0	30	28	2	34	31	3	26	26	0	30	29	1	29	28	1	39	36	3	21	21	0	11	10	1	38	38	0	28	24	4
NC_059188.1	12589119	12589120	*	24	20	4	24	23	1	30	12	18	15	14	1	19	17	2	25	22	3	21	19	2	15	15	0	13	11	2	27	26	1	33	32	1	34	33	1	16	16	0	33	32	1	34	15	19	40	38	2	20	18	2	10	9	1	38	36	2	33	29	4
NC_059188.1	12589172	12589173	*	24	22	2	26	25	1	26	26	0	12	12	0	15	15	0	20	19	1	19	17	2	15	14	1	11	6	5	27	27	0	33	30	3	32	27	5	16	16	0	31	29	2	33	31	2	34	34	0	15	12	3	10	9	1	32	31	1	27	25	2
NC_059188.1	12602063	12602064	*	21	21	0	25	25	0	14	14	0	15	14	1	11	11	0	14	14	0	15	15	0	10	9	1	12	12	0	17	17	0	23	21	2	13	12	1	16	16	0	19	18	1	25	23	2	21	20	1	15	14	1	15	15	0	21	21	0	15	14	1
NC_059188.1	12615651	12615652	*	16	5	11	18	10	8	13	7	6	16	8	8	13	5	8	16	10	6	16	11	5	14	5	9	14	0	14	18	16	2	24	16	8	16	13	3	12	4	8	22	14	8	20	5	15	18	13	5	29	23	6	12	10	2	30	18	12	18	5	13
NC_059188.1	12694925	12694926	*	21	21	0	11	11	0	19	17	2	10	9	1	14	13	1	10	10	0	17	17	0	13	13	0	13	13	0	10	10	0	19	18	1	22	22	0	11	11	0	19	18	1	17	16	1	15	15	0	22	21	1	10	10	0	19	19	0	11	10	1
NC_059188.1	12695168	12695169	*	23	18	5	24	20	4	14	14	0	23	21	2	19	17	2	25	22	3	25	24	1	18	16	2	14	12	2	21	19	2	30	26	4	25	20	5	19	17	2	18	16	2	19	18	1	19	15	4	23	18	5	19	18	1	22	18	4	20	15	5
NC_059188.1	12695210	12695211	*	20	19	1	24	23	1	13	13	0	26	25	1	19	18	1	21	20	1	26	25	1	18	18	0	16	15	1	27	26	1	28	28	0	26	25	1	19	19	0	16	16	0	19	19	0	23	22	1	27	24	3	28	27	1	21	20	1	20	18	2
NC_059188.1	12695235	12695236	*	17	16	1	25	22	3	11	11	0	27	26	1	20	20	0	20	19	1	27	25	2	16	15	1	13	12	1	23	22	1	28	28	0	25	24	1	20	19	1	17	16	1	18	18	0	25	21	4	26	25	1	33	33	0	20	20	0	20	20	0
NC_059188.1	12695252	12695253	*	16	6	10	22	9	13	11	6	5	25	13	12	20	11	9	19	13	6	28	15	13	15	9	6	12	0	12	24	24	0	29	14	15	24	12	12	21	10	11	16	12	4	19	12	7	24	22	2	26	17	9	35	34	1	19	19	0	20	11	9
NC_059188.1	12695268	12695269	*	14	13	1	22	19	3	10	9	1	25	23	2	18	17	1	21	19	2	26	25	1	13	12	1	11	9	2	25	25	0	28	28	0	23	21	2	19	18	1	16	16	0	18	17	1	25	22	3	24	23	1	35	35	0	19	19	0	19	19	0
NC_059188.1	12756339	12756340	*	25	9	16	17	10	7	20	0	20	14	0	14	12	12	0	12	5	7	12	0	12	20	0	20	18	0	18	15	8	7	20	11	9	21	8	13	10	1	9	19	5	14	19	8	11	15	15	0	10	1	9	14	7	7	23	1	22	20	0	20
NC_059188.1	12758619	12758620	*	20	16	4	18	13	5	19	17	2	11	8	3	12	12	0	20	17	3	15	11	4	16	14	2	13	12	1	17	15	2	29	25	4	15	14	1	20	18	2	18	15	3	30	28	2	17	15	2	15	12	3	11	9	2	20	20	0	19	16	3
NC_059188.1	12790469	12790470	*	20	6	14	20	0	20	20	0	20	14	0	14	16	0	16	14	1	13	15	0	15	10	0	10	13	0	13	19	0	19	20	0	20	27	0	27	25	0	25	26	0	26	19	0	19	24	0	24	22	1	21	12	0	12	20	0	20	13	0	13
NC_059188.1	12796486	12796487	*	14	6	8	22	0	22	16	0	16	14	0	14	14	0	14	13	0	13	14	0	14	16	0	16	16	0	16	13	0	13	19	0	19	19	1	18	20	0	20	11	0	11	15	0	15	10	0	10	19	0	19	24	0	24	22	0	22	16	0	16
NC_059188.1	12801674	12801675	*	15	7	8	23	0	23	13	0	13	12	0	12	21	0	21	19	0	19	20	0	20	13	0	13	16	0	16	22	0	22	27	0	27	24	0	24	34	0	34	31	2	29	39	0	39	24	0	24	18	0	18	12	0	12	28	0	28	23	0	23
NC_059188.1	12802678	12802679	*	16	5	11	12	4	8	14	8	6	12	2	10	16	7	9	21	7	14	12	6	6	13	11	2	14	7	7	15	0	15	11	5	6	16	9	7	15	4	11	23	8	15	19	7	12	14	6	8	17	6	11	25	0	25	16	0	16	11	3	8
NC_059188.1	12952685	12952686	*	17	16	1	15	7	8	11	1	10	11	10	1	11	11	0	18	16	2	13	10	3	10	9	1	24	13	11	16	14	2	25	23	2	19	6	13	20	19	1	18	16	2	21	20	1	30	16	14	14	12	2	21	18	3	14	11	3	13	12	1
NC_059188.1	12967462	12967463	*	11	10	1	11	9	2	14	9	5	12	9	3	13	11	2	14	10	4	14	11	3	11	10	1	12	9	3	14	12	2	18	17	1	16	14	2	18	13	5	10	6	4	13	10	3	18	13	5	13	9	4	32	27	5	11	10	1	11	8	3
NC_059188.1	12979927	12979928	*	20	20	0	18	15	3	10	9	1	18	18	0	18	18	0	16	16	0	12	12	0	15	15	0	16	15	1	21	20	1	18	18	0	14	14	0	19	19	0	22	21	1	24	23	1	26	24	2	15	13	2	17	17	0	20	18	2	21	21	0
NC_059188.1	12980001	12980002	*	22	22	0	20	20	0	15	14	1	15	15	0	16	16	0	20	19	1	16	16	0	18	17	1	12	10	2	19	19	0	18	17	1	13	12	1	19	18	1	16	16	0	23	23	0	26	25	1	22	21	1	18	18	0	21	19	2	18	18	0
NC_059188.1	12981820	12981821	*	16	13	3	22	21	1	20	20	0	18	18	0	11	11	0	19	19	0	15	14	1	11	10	1	10	9	1	21	20	1	12	12	0	14	14	0	14	14	0	18	17	1	13	13	0	17	16	1	11	11	0	13	13	0	10	10	0	11	11	0
NC_059188.1	13025819	13025820	*	15	15	0	14	12	2	17	14	3	18	17	1	15	15	0	19	18	1	14	13	1	19	17	2	19	12	7	10	9	1	24	22	2	15	14	1	22	20	2	34	26	8	14	14	0	20	18	2	20	18	2	27	24	3	22	18	4	22	20	2
NC_059188.1	13071870	13071871	*	25	25	0	22	22	0	16	15	1	18	18	0	19	19	0	29	25	4	15	14	1	13	13	0	14	13	1	15	14	1	18	9	9	24	24	0	13	10	3	18	16	2	27	27	0	26	10	16	21	20	1	12	11	1	21	20	1	15	14	1
NC_059188.1	13071884	13071885	*	25	25	0	23	22	1	16	14	2	22	20	2	19	19	0	30	26	4	14	13	1	13	12	1	14	13	1	16	16	0	18	9	9	24	24	0	16	14	2	20	19	1	27	26	1	29	13	16	21	20	1	12	11	1	24	23	1	13	11	2
NC_059188.1	13074366	13074367	*	14	5	9	32	17	15	18	7	11	12	4	8	10	5	5	12	8	4	11	7	4	12	8	4	10	8	2	10	5	5	12	8	4	17	8	9	19	5	14	15	10	5	10	6	4	17	11	6	22	12	10	20	11	9	10	3	7	17	7	10
NC_059188.1	13182650	13182651	*	16	16	0	24	20	4	11	10	1	15	15	0	18	18	0	24	23	1	24	22	2	16	16	0	22	21	1	23	22	1	20	19	1	24	22	2	30	30	0	29	28	1	16	16	0	19	19	0	20	19	1	10	10	0	29	27	2	22	22	0
NC_059188.1	13182710	13182711	*	17	17	0	24	22	2	10	10	0	19	19	0	14	14	0	24	23	1	23	22	1	15	13	2	27	25	2	19	17	2	23	22	1	24	23	1	31	29	2	31	29	2	21	17	4	21	21	0	21	21	0	10	10	0	26	25	1	18	18	0
NC_059188.1	13182743	13182744	*	17	14	3	21	16	5	10	9	1	18	14	4	14	14	0	24	21	3	19	18	1	12	11	1	25	21	4	17	15	2	23	23	0	23	19	4	25	20	5	25	20	5	18	16	2	15	12	3	20	14	6	10	9	1	26	21	5	16	14	2
NC_059188.1	13394958	13394959	*	19	18	1	25	23	2	15	12	3	15	15	0	18	18	0	16	15	1	22	19	3	18	16	2	11	3	8	24	24	0	19	17	2	16	16	0	15	15	0	17	17	0	25	25	0	18	15	3	24	23	1	12	12	0	19	18	1	11	11	0
NC_059188.1	13395043	13395044	*	16	16	0	20	19	1	14	14	0	14	14	0	19	19	0	17	16	1	26	26	0	13	12	1	11	11	0	18	18	0	21	21	0	17	16	1	17	16	1	24	23	1	27	26	1	18	17	1	21	21	0	11	11	0	22	22	0	16	16	0
NC_059188.1	13402995	13402996	*	21	15	6	15	8	7	17	13	4	16	14	2	10	10	0	21	19	2	30	14	16	11	9	2	10	8	2	13	11	2	12	7	5	16	14	2	16	14	2	19	7	12	12	1	11	17	11	6	22	15	7	34	27	7	16	14	2	11	1	10
NC_059188.1	13510054	13510055	*	19	15	4	19	10	9	18	9	9	19	10	9	14	11	3	10	7	3	20	18	2	14	8	6	11	7	4	18	15	3	19	14	5	22	16	6	17	14	3	19	12	7	29	21	8	20	17	3	19	11	8	11	8	3	24	17	7	18	12	6
NC_059188.1	13510085	13510086	*	19	16	3	18	17	1	21	21	0	21	21	0	12	10	2	14	13	1	19	18	1	15	13	2	11	10	1	17	17	0	16	15	1	20	18	2	16	15	1	17	17	0	32	29	3	15	15	0	15	14	1	11	11	0	25	23	2	16	15	1
NC_059188.1	13510108	13510109	*	19	19	0	17	17	0	22	22	0	20	20	0	13	11	2	13	13	0	18	17	1	18	18	0	10	9	1	17	17	0	20	18	2	20	20	0	17	16	1	17	16	1	30	30	0	16	15	1	14	14	0	11	11	0	22	21	1	17	14	3
NC_059188.1	13510380	13510381	*	14	13	1	12	10	2	14	12	2	13	11	2	12	9	3	13	10	3	10	6	4	16	11	5	17	9	8	15	13	2	13	10	3	20	15	5	23	21	2	14	12	2	19	16	3	17	14	3	17	14	3	21	16	5	17	11	6	14	11	3
NC_059188.1	13574259	13574260	*	15	14	1	14	14	0	24	23	1	13	13	0	15	15	0	23	21	2	15	14	1	12	11	1	12	12	0	29	26	3	27	23	4	35	35	0	29	28	1	26	25	1	35	33	2	15	15	0	23	22	1	11	9	2	35	31	4	22	22	0
NC_059188.1	13574271	13574272	*	14	13	1	17	15	2	23	23	0	14	14	0	15	15	0	18	17	1	12	10	2	12	12	0	12	11	1	29	26	3	26	25	1	35	34	1	30	30	0	26	25	1	35	33	2	14	12	2	26	25	1	10	9	1	31	30	1	25	23	2
NC_059188.1	13574288	13574289	*	12	12	0	16	16	0	21	21	0	14	14	0	14	14	0	16	15	1	11	11	0	11	11	0	13	13	0	27	25	2	25	25	0	35	34	1	29	28	1	24	23	1	32	30	2	14	14	0	26	25	1	10	10	0	31	31	0	25	23	2
NC_059188.1	13574303	13574304	*	13	13	0	20	19	1	17	17	0	14	14	0	14	14	0	20	19	1	12	12	0	10	9	1	13	13	0	29	28	1	24	22	2	35	35	0	33	31	2	21	20	1	32	32	0	16	15	1	26	25	1	11	10	1	29	25	4	26	23	3
NC_059188.1	13574324	13574325	*	18	18	0	24	22	2	17	14	3	16	14	2	15	14	1	21	21	0	14	14	0	10	8	2	13	12	1	30	30	0	21	21	0	30	28	2	33	33	0	25	23	2	31	29	2	19	18	1	27	25	2	13	13	0	32	30	2	27	26	1
NC_059188.1	13574373	13574374	*	16	14	2	29	24	5	14	13	1	20	19	1	16	14	2	23	21	2	17	15	2	10	8	2	17	15	2	24	24	0	16	14	2	29	24	5	37	28	9	23	19	4	30	25	5	25	22	3	30	23	7	13	13	0	28	26	2	27	22	5
NC_059188.1	13574393	13574394	*	17	17	0	29	26	3	15	13	2	22	20	2	17	16	1	22	21	1	14	12	2	11	10	1	17	16	1	24	22	2	15	15	0	28	26	2	35	31	4	25	24	1	32	30	2	25	25	0	33	31	2	14	14	0	25	25	0	29	26	3
NC_059188.1	13574401	13574402	*	17	15	2	32	29	3	16	14	2	21	18	3	17	16	1	19	17	2	15	15	0	11	10	1	19	15	4	23	20	3	15	15	0	30	28	2	36	32	4	24	23	1	30	25	5	25	25	0	33	30	3	12	10	2	25	22	3	26	24	2
NC_059188.1	13574417	13574418	*	18	18	0	34	31	3	16	16	0	20	18	2	16	16	0	18	18	0	17	17	0	13	11	2	19	18	1	25	24	1	21	20	1	28	27	1	36	35	1	27	26	1	29	27	2	26	25	1	32	30	2	12	10	2	23	23	0	27	27	0
NC_059188.1	13574439	13574440	*	21	21	0	33	29	4	17	17	0	20	18	2	15	15	0	21	21	0	18	15	3	12	11	1	18	18	0	24	24	0	21	21	0	27	25	2	33	31	2	28	27	1	31	29	2	26	24	2	28	28	0	13	12	1	24	23	1	25	25	0
NC_059188.1	13574460	13574461	*	21	20	1	31	28	3	15	15	0	19	17	2	17	17	0	23	22	1	18	18	0	11	10	1	19	19	0	25	23	2	23	23	0	26	26	0	28	27	1	28	28	0	26	23	3	25	21	4	28	28	0	12	12	0	24	24	0	25	23	2
NC_059188.1	13574497	13574498	*	24	21	3	29	27	2	16	13	3	18	16	2	16	14	2	21	14	7	15	14	1	13	12	1	16	12	4	23	22	1	16	14	2	24	22	2	25	20	5	29	23	6	26	19	7	22	14	8	28	26	2	11	10	1	17	17	0	22	18	4
NC_059188.1	13602388	13602389	*	17	16	1	16	15	1	16	13	3	20	13	7	21	20	1	15	12	3	14	11	3	15	12	3	12	8	4	15	13	2	21	18	3	18	8	10	29	23	6	21	14	7	18	13	5	33	29	4	19	13	6	12	9	3	25	23	2	15	13	2
NC_059188.1	13602424	13602425	*	16	15	1	18	18	0	13	12	1	21	20	1	21	20	1	16	15	1	14	14	0	18	18	0	13	12	1	14	12	2	19	18	1	17	16	1	23	21	2	21	19	2	16	16	0	31	30	1	21	21	0	15	14	1	20	20	0	15	14	1
NC_059188.1	13602452	13602453	*	20	20	0	19	18	1	12	11	1	22	22	0	19	18	1	13	13	0	15	15	0	19	19	0	11	11	0	14	13	1	16	16	0	16	15	1	21	20	1	22	22	0	16	15	1	27	27	0	18	18	0	17	17	0	16	16	0	14	14	0
NC_059188.1	13602480	13602481	*	21	21	0	15	12	3	12	12	0	17	16	1	16	16	0	12	12	0	10	8	2	18	17	1	11	11	0	13	11	2	17	17	0	15	14	1	17	17	0	20	19	1	14	14	0	23	21	2	15	15	0	19	19	0	18	18	0	13	12	1
NC_059188.1	13602499	13602500	*	20	20	0	14	13	1	13	13	0	16	14	2	15	14	1	12	12	0	10	8	2	20	19	1	11	10	1	13	12	1	17	17	0	15	14	1	15	15	0	18	18	0	13	13	0	23	20	3	15	14	1	18	17	1	15	14	1	13	12	1
NC_059188.1	13636956	13636957	*	24	23	1	22	8	14	14	10	4	14	6	8	20	18	2	24	22	2	11	11	0	22	22	0	17	15	2	22	11	11	26	25	1	25	22	3	26	25	1	25	23	2	29	29	0	29	27	2	16	13	3	12	11	1	26	23	3	18	15	3
NC_059189.1	55737	55738	*	15	7	8	20	4	16	13	1	12	14	7	7	12	0	12	25	7	18	19	8	11	11	1	10	13	4	9	10	0	10	20	0	20	19	0	19	15	0	15	12	0	12	10	0	10	23	2	21	18	2	16	23	1	22	17	0	17	29	0	29
NC_059189.1	81496	81497	*	24	19	5	19	14	5	16	9	7	17	8	9	18	13	5	25	18	7	14	12	2	19	16	3	16	11	5	19	12	7	18	14	4	26	21	5	33	26	7	31	26	5	30	25	5	22	17	5	28	18	10	10	9	1	23	17	6	19	10	9
NC_059189.1	81523	81524	*	24	22	2	20	20	0	19	17	2	15	13	2	20	19	1	22	22	0	11	11	0	18	17	1	15	13	2	20	18	2	16	13	3	26	25	1	33	31	2	27	26	1	28	27	1	22	19	3	30	28	2	13	12	1	24	24	0	18	17	1
NC_059189.1	81613	81614	*	26	16	10	21	19	2	15	5	10	13	5	8	16	0	16	24	10	14	12	11	1	18	18	0	11	11	0	19	0	19	19	19	0	19	12	7	26	13	13	23	0	23	24	13	11	18	10	8	25	24	1	14	14	0	24	17	7	16	14	2
NC_059189.1	81635	81636	*	24	23	1	22	20	2	13	12	1	12	8	4	15	14	1	20	18	2	12	12	0	15	14	1	10	10	0	21	21	0	19	18	1	20	20	0	26	26	0	20	20	0	24	23	1	19	19	0	23	22	1	18	18	0	22	20	2	14	13	1
NC_059189.1	137268	137269	*	13	12	1	13	12	1	17	15	2	12	10	2	11	9	2	19	19	0	21	17	4	16	14	2	19	19	0	16	13	3	21	21	0	19	15	4	15	15	0	18	17	1	21	18	3	19	17	2	18	18	0	10	9	1	20	17	3	13	12	1
NC_059189.1	154730	154731	*	25	7	18	27	3	24	23	11	12	24	9	15	22	4	18	19	6	13	24	0	24	21	9	12	18	5	13	18	10	8	17	8	9	13	6	7	17	6	11	23	8	15	24	0	24	27	15	12	19	3	16	39	17	22	28	21	7	16	4	12
NC_059189.1	402365	402366	*	13	11	2	22	11	11	11	9	2	13	8	5	10	9	1	11	9	2	10	8	2	14	11	3	10	10	0	13	10	3	20	17	3	18	17	1	16	9	7	15	8	7	27	25	2	10	10	0	13	11	2	14	5	9	21	14	7	17	4	13
NC_059189.1	620675	620676	*	13	8	5	22	0	22	19	0	19	21	7	14	14	0	14	28	28	0	16	0	16	17	0	17	14	0	14	17	0	17	20	0	20	27	1	26	21	0	21	23	0	23	26	0	26	35	1	34	26	0	26	11	0	11	26	0	26	25	0	25
NC_059189.1	731656	731657	*	15	12	3	15	8	7	20	18	2	13	9	4	15	15	0	22	18	4	15	14	1	18	10	8	12	0	12	16	8	8	12	4	8	20	0	20	18	15	3	20	19	1	15	14	1	18	11	7	22	1	21	23	0	23	30	26	4	20	13	7
NC_059189.1	731681	731682	*	17	14	3	17	9	8	18	17	1	12	10	2	16	15	1	23	21	2	16	16	0	22	10	12	11	0	11	18	10	8	14	6	8	18	0	18	19	17	2	21	20	1	18	17	1	19	11	8	21	0	21	23	0	23	28	24	4	22	13	9
NC_059189.1	772090	772091	*	14	7	7	17	5	12	16	8	8	18	7	11	14	14	0	14	6	8	12	5	7	10	9	1	16	0	16	19	18	1	18	9	9	15	0	15	22	21	1	26	24	2	22	22	0	14	8	6	19	0	19	24	0	24	24	12	12	11	5	6
NC_059189.1	772208	772209	*	16	13	3	14	12	2	15	14	1	22	11	11	17	13	4	10	10	0	10	10	0	16	13	3	19	15	4	22	20	2	18	15	3	17	15	2	22	15	7	19	16	3	20	17	3	16	11	5	20	19	1	16	14	2	22	20	2	15	13	2
NC_059189.1	789812	789813	*	22	18	4	20	17	3	19	13	6	19	15	4	14	10	4	20	18	2	18	11	7	10	9	1	11	10	1	14	14	0	18	15	3	29	25	4	17	15	2	20	16	4	23	19	4	16	14	2	18	13	5	29	26	3	23	18	5	15	12	3
NC_059189.1	789858	789859	*	20	16	4	17	16	1	18	16	2	18	14	4	14	11	3	15	11	4	14	9	5	10	7	3	13	12	1	13	12	1	16	11	5	26	25	1	13	12	1	17	13	4	22	19	3	14	12	2	16	11	5	32	28	4	21	16	5	13	9	4
NC_059189.1	791717	791718	*	20	15	5	16	13	3	15	10	5	12	10	2	19	11	8	14	12	2	15	9	6	17	11	6	16	15	1	23	18	5	23	17	6	13	9	4	21	16	5	34	24	10	20	12	8	31	24	7	18	15	3	11	7	4	16	12	4	15	10	5
NC_059189.1	837731	837732	*	19	7	12	30	22	8	14	5	9	12	8	4	19	6	13	23	17	6	14	9	5	19	9	10	13	9	4	21	1	20	23	16	7	15	9	6	24	20	4	26	12	14	22	13	9	17	11	6	23	19	4	13	8	5	21	11	10	18	7	11
NC_059189.1	837791	837792	*	16	13	3	30	26	4	16	12	4	15	12	3	17	15	2	22	17	5	10	8	2	19	14	5	15	11	4	24	11	13	24	21	3	18	14	4	19	0	19	19	13	6	18	15	3	17	5	12	19	17	2	16	12	4	17	12	5	17	7	10
NC_059189.1	837854	837855	*	15	13	2	34	28	6	16	13	3	17	10	7	14	5	9	21	17	4	17	14	3	19	17	2	18	16	2	31	13	18	27	21	6	18	14	4	20	5	15	17	12	5	16	6	10	21	4	17	21	19	2	20	16	4	16	12	4	15	9	6
NC_059189.1	906741	906742	*	12	10	2	10	9	1	10	9	1	13	12	1	10	9	1	11	11	0	13	11	2	18	17	1	13	12	1	19	19	0	23	23	0	21	20	1	13	13	0	16	14	2	21	20	1	12	12	0	16	15	1	17	17	0	19	19	0	15	11	4
NC_059189.1	907597	907598	*	10	10	0	19	19	0	12	11	1	19	11	8	12	12	0	26	10	16	16	15	1	21	19	2	10	5	5	12	6	6	10	7	3	16	14	2	17	13	4	19	15	4	22	21	1	19	15	4	16	14	2	18	14	4	15	9	6	20	16	4
NC_059189.1	907676	907677	*	10	7	3	21	20	1	15	13	2	16	15	1	11	10	1	25	23	2	12	8	4	16	14	2	15	13	2	13	10	3	11	10	1	16	13	3	24	22	2	19	17	2	24	23	1	12	8	4	19	18	1	16	14	2	17	16	1	21	19	2
NC_059189.1	907741	907742	*	10	7	3	17	13	4	12	6	6	13	7	6	10	4	6	20	15	5	10	3	7	15	5	10	12	11	1	14	5	9	13	10	3	11	8	3	18	10	8	16	10	6	18	15	3	15	12	3	18	15	3	13	8	5	15	13	2	17	12	5
NC_059189.1	996152	996153	*	36	19	17	59	26	33	43	33	10	24	10	14	51	8	43	51	29	22	25	14	11	47	25	22	20	13	7	42	13	29	39	13	26	60	40	20	59	20	39	39	27	12	22	16	6	51	17	34	24	14	10	77	35	42	52	12	40	28	14	14
NC_059189.1	996298	996299	*	53	25	28	61	36	25	60	49	11	39	19	20	78	34	44	46	39	7	25	10	15	63	41	22	31	16	15	67	53	14	53	32	21	72	52	20	105	44	61	45	33	12	38	28	10	65	33	32	40	24	16	61	32	29	78	36	42	61	36	25
NC_059189.1	996367	996368	*	63	34	29	52	23	29	57	45	12	36	7	29	68	21	47	36	34	2	19	16	3	52	30	22	25	20	5	64	37	27	50	34	16	60	30	30	95	42	53	38	23	15	30	18	12	60	28	32	46	15	31	34	17	17	72	33	39	61	37	24
NC_059189.1	996436	996437	*	65	40	25	35	21	14	47	45	2	28	12	16	55	31	24	31	30	1	16	11	5	47	35	12	20	20	0	41	26	15	46	27	19	50	24	26	81	30	51	41	27	14	28	24	4	50	19	31	44	15	29	39	21	18	64	32	32	47	26	21
NC_059189.1	996475	996476	*	58	42	16	30	18	12	42	39	3	26	12	14	48	25	23	33	23	10	16	6	10	51	39	12	20	20	0	37	35	2	49	28	21	50	26	24	85	42	43	36	32	4	33	24	9	54	26	28	47	16	31	41	22	19	63	39	24	51	29	22
NC_059189.1	996553	996554	*	52	33	19	36	15	21	38	28	10	35	16	19	46	21	25	29	21	8	16	5	11	66	42	24	17	15	2	31	13	18	43	16	27	40	22	18	61	32	29	35	19	16	34	24	10	55	18	37	46	20	26	51	22	29	63	31	32	42	22	20
NC_059189.1	996664	996665	*	26	5	21	28	3	25	25	20	5	32	1	31	38	13	25	21	4	17	14	3	11	57	47	10	16	8	8	23	3	20	31	16	15	18	10	8	38	4	34	12	2	10	21	14	7	28	5	23	25	5	20	63	15	48	36	12	24	25	9	16
NC_059189.1	1060668	1060669	*	15	15	0	25	25	0	15	13	2	24	23	1	13	13	0	10	10	0	16	15	1	20	20	0	21	20	1	19	17	2	17	15	2	14	14	0	17	15	2	20	18	2	17	15	2	21	20	1	20	18	2	20	19	1	18	17	1	21	18	3
NC_059189.1	1389727	1389728	*	22	20	2	14	10	4	10	8	2	18	12	6	23	20	3	23	5	18	10	2	8	11	8	3	14	10	4	14	11	3	17	15	2	13	11	2	25	19	6	29	20	9	28	24	4	15	10	5	13	8	5	13	12	1	16	7	9	16	11	5
NC_059189.1	1413076	1413077	*	20	17	3	22	19	3	18	17	1	17	14	3	12	12	0	17	16	1	16	16	0	12	11	1	10	9	1	25	19	6	18	17	1	18	17	1	20	19	1	25	23	2	31	29	2	18	16	2	19	19	0	12	10	2	17	16	1	13	13	0
NC_059189.1	1413139	1413140	*	21	15	6	22	18	4	23	19	4	20	17	3	14	9	5	24	22	2	16	13	3	12	11	1	10	7	3	25	20	5	19	15	4	20	15	5	22	18	4	23	19	4	33	27	6	21	19	2	23	20	3	12	10	2	21	16	5	15	12	3
NC_059189.1	1413296	1413297	*	11	10	1	11	8	3	15	9	6	16	14	2	17	15	2	27	21	6	11	10	1	13	13	0	13	11	2	14	13	1	12	11	1	11	9	2	14	11	3	17	14	3	18	13	5	21	20	1	21	13	8	24	19	5	12	7	5	18	14	4
NC_059189.1	1413331	1413332	*	11	9	2	14	13	1	18	15	3	15	13	2	20	17	3	29	26	3	13	11	2	14	12	2	18	10	8	13	12	1	14	9	5	10	6	4	14	10	4	20	15	5	19	15	4	30	26	4	24	16	8	25	19	6	17	14	3	18	13	5
NC_059189.1	1511384	1511385	*	16	7	9	20	0	20	18	6	12	17	17	0	11	11	0	12	9	3	13	11	2	10	6	4	11	7	4	16	15	1	21	11	10	14	7	7	19	13	6	14	13	1	12	3	9	13	5	8	20	0	20	10	10	0	20	0	20	13	1	12
NC_059189.1	1511391	1511392	*	16	14	2	19	18	1	19	12	7	17	7	10	10	3	7	12	11	1	13	13	0	10	10	0	11	11	0	16	13	3	21	21	0	14	14	0	17	5	12	14	13	1	11	10	1	13	13	0	19	19	0	10	10	0	18	18	0	14	12	2
NC_059189.1	1551879	1551880	*	16	13	3	25	18	7	22	10	12	16	7	9	14	8	6	20	12	8	15	6	9	23	15	8	15	7	8	12	9	3	17	15	2	13	12	1	11	6	5	14	7	7	23	13	10	16	14	2	25	17	8	25	19	6	22	10	12	20	11	9
NC_059189.1	1569815	1569816	*	25	22	3	25	20	5	15	14	1	24	22	2	16	9	7	17	7	10	15	14	1	15	14	1	23	22	1	17	15	2	24	22	2	19	18	1	16	15	1	26	22	4	27	25	2	25	24	1	19	17	2	16	16	0	19	17	2	25	22	3
NC_059189.1	1671872	1671873	*	16	14	2	14	12	2	26	25	1	25	23	2	14	14	0	14	13	1	13	10	3	16	15	1	17	16	1	23	21	2	23	23	0	21	18	3	24	22	2	21	20	1	17	17	0	24	21	3	18	17	1	10	9	1	28	26	2	12	11	1
NC_059189.1	1671891	1671892	*	17	14	3	16	14	2	23	22	1	22	22	0	17	16	1	14	14	0	12	11	1	21	19	2	19	17	2	24	23	1	28	27	1	22	19	3	24	20	4	22	21	1	17	17	0	23	22	1	16	16	0	10	9	1	26	24	2	12	11	1
NC_059189.1	1671970	1671971	*	21	20	1	26	23	3	19	18	1	21	19	2	20	20	0	21	19	2	21	21	0	19	18	1	24	24	0	23	21	2	32	28	4	22	20	2	25	25	0	26	24	2	28	25	3	23	23	0	26	23	3	18	17	1	36	33	3	19	18	1
NC_059189.1	1672039	1672040	*	22	22	0	24	22	2	21	21	0	24	23	1	23	22	1	25	25	0	24	22	2	14	12	2	25	23	2	21	19	2	31	28	3	22	20	2	30	29	1	32	31	1	32	32	0	32	29	3	25	25	0	21	20	1	31	30	1	20	20	0
NC_059189.1	1675254	1675255	*	16	13	3	20	20	0	10	9	1	12	10	2	13	11	2	18	17	1	23	21	2	15	13	2	15	14	1	13	11	2	18	13	5	21	20	1	12	11	1	17	14	3	23	21	2	29	26	3	22	21	1	22	22	0	23	21	2	21	21	0
NC_059189.1	1841351	1841352	*	14	13	1	11	11	0	10	9	1	10	8	2	15	12	3	16	13	3	17	17	0	15	13	2	11	10	1	12	11	1	10	9	1	22	20	2	22	21	1	14	14	0	10	9	1	23	22	1	17	16	1	16	12	4	15	14	1	13	13	0
NC_059189.1	2027703	2027704	*	15	6	9	23	6	17	17	2	15	10	10	0	10	7	3	16	8	8	19	12	7	11	0	11	15	14	1	16	6	10	23	21	2	23	11	12	23	0	23	24	9	15	19	19	0	18	18	0	19	18	1	18	13	5	18	6	12	11	6	5
NC_059189.1	2027706	2027707	*	14	6	8	24	9	15	17	1	16	10	10	0	10	7	3	17	8	9	20	14	6	11	0	11	15	13	2	18	7	11	22	21	1	23	11	12	23	0	23	24	9	15	18	18	0	18	18	0	19	18	1	18	14	4	20	7	13	11	5	6
NC_059189.1	2027721	2027722	*	17	7	10	23	7	16	21	8	13	10	10	0	10	7	3	19	8	11	21	13	8	11	0	11	16	13	3	17	6	11	23	21	2	23	11	12	25	0	25	23	9	14	18	18	0	18	16	2	18	17	1	16	12	4	22	9	13	11	5	6
NC_059189.1	2027727	2027728	*	17	5	12	23	8	15	21	5	16	10	9	1	10	7	3	19	9	10	20	13	7	11	0	11	14	12	2	17	5	12	22	21	1	23	10	13	25	0	25	24	8	16	19	17	2	18	17	1	19	16	3	14	11	3	24	9	15	10	5	5
NC_059189.1	2067083	2067084	*	13	13	0	14	13	1	15	15	0	10	10	0	10	10	0	20	20	0	15	15	0	13	12	1	12	11	1	19	18	1	31	30	1	17	17	0	15	15	0	17	16	1	22	21	1	16	16	0	14	13	1	25	23	2	18	16	2	15	15	0
NC_059189.1	2071012	2071013	*	24	5	19	26	11	15	23	13	10	15	10	5	18	15	3	20	16	4	22	18	4	11	7	4	13	9	4	27	23	4	24	11	13	16	14	2	35	31	4	31	15	16	24	15	9	24	9	15	23	23	0	27	23	4	27	21	6	23	22	1
NC_059189.1	2074006	2074007	*	13	5	8	17	0	17	10	0	10	18	0	18	17	0	17	16	0	16	24	24	0	18	0	18	16	0	16	23	1	22	25	0	25	24	10	14	18	0	18	27	12	15	20	9	11	19	0	19	25	1	24	31	0	31	21	0	21	16	7	9
NC_059189.1	2109580	2109581	*	13	13	0	22	21	1	18	17	1	16	16	0	12	11	1	20	19	1	12	12	0	17	16	1	11	11	0	16	14	2	24	24	0	18	17	1	19	19	0	14	14	0	16	16	0	14	14	0	14	12	2	17	16	1	12	11	1	16	16	0
NC_059189.1	2319121	2319122	*	11	11	0	21	20	1	12	11	1	13	11	2	11	10	1	19	18	1	30	25	5	14	14	0	12	10	2	21	18	3	28	25	3	26	23	3	28	27	1	29	27	2	23	22	1	26	23	3	26	22	4	40	37	3	25	22	3	20	17	3
NC_059189.1	2319180	2319181	*	26	26	0	25	24	1	16	16	0	17	17	0	15	15	0	24	22	2	22	21	1	15	15	0	13	12	1	19	18	1	20	20	0	26	25	1	30	28	2	33	33	0	34	32	2	21	21	0	27	24	3	32	32	0	22	20	2	20	17	3
NC_059189.1	2319201	2319202	*	27	25	2	24	24	0	18	18	0	18	18	0	16	16	0	21	20	1	22	22	0	15	15	0	15	14	1	18	18	0	19	18	1	25	25	0	31	27	4	31	30	1	33	32	1	23	22	1	24	24	0	26	25	1	24	22	2	19	18	1
NC_059189.1	2319242	2319243	*	27	25	2	22	22	0	20	19	1	18	17	1	16	16	0	18	18	0	18	18	0	13	13	0	19	18	1	16	16	0	15	15	0	22	21	1	23	22	1	25	25	0	25	25	0	18	17	1	16	16	0	19	19	0	21	21	0	19	19	0
NC_059189.1	2522015	2522016	*	19	18	1	16	15	1	11	11	0	15	14	1	15	15	0	18	17	1	26	22	4	12	12	0	10	10	0	22	19	3	12	12	0	18	18	0	14	13	1	14	14	0	19	19	0	19	18	1	22	20	2	10	10	0	21	19	2	18	16	2
NC_059189.1	2675484	2675485	*	33	20	13	34	31	3	22	10	12	50	28	22	18	12	6	39	24	15	46	37	9	10	8	2	16	9	7	14	8	6	18	15	3	31	21	10	19	12	7	39	21	18	45	22	23	30	18	12	24	16	8	35	31	4	22	16	6	36	15	21
NC_059189.1	2729893	2729894	*	16	14	2	19	12	7	11	10	1	14	11	3	18	14	4	17	14	3	19	16	3	16	11	5	14	11	3	15	11	4	22	17	5	19	15	4	24	20	4	27	20	7	19	15	4	14	13	1	20	17	3	37	23	14	19	15	4	15	11	4
NC_059189.1	2729926	2729927	*	13	12	1	15	14	1	13	13	0	11	11	0	18	18	0	21	21	0	16	16	0	15	15	0	15	15	0	12	11	1	18	18	0	18	17	1	23	22	1	27	25	2	19	18	1	14	13	1	17	17	0	34	34	0	16	16	0	15	15	0
NC_059189.1	2729931	2729932	*	13	11	2	14	10	4	14	13	1	10	8	2	16	15	1	21	21	0	16	16	0	15	14	1	14	14	0	12	12	0	18	17	1	18	17	1	23	22	1	26	25	1	20	20	0	14	14	0	18	16	2	35	33	2	16	15	1	13	13	0
NC_059189.1	2729963	2729964	*	13	12	1	11	11	0	16	16	0	14	14	0	13	13	0	20	19	1	17	17	0	11	10	1	14	14	0	12	11	1	18	18	0	17	17	0	17	16	1	23	23	0	18	18	0	13	12	1	16	16	0	35	33	2	11	11	0	13	11	2
NC_059189.1	2746077	2746078	*	15	14	1	19	17	2	14	13	1	13	12	1	11	9	2	22	20	2	18	18	0	13	12	1	15	14	1	13	12	1	14	14	0	22	21	1	16	15	1	19	19	0	16	13	3	20	20	0	24	23	1	41	40	1	11	10	1	13	11	2
NC_059189.1	2746093	2746094	*	15	13	2	25	20	5	16	12	4	12	8	4	11	7	4	24	20	4	18	16	2	12	11	1	16	11	5	15	11	4	17	16	1	23	22	1	17	15	2	22	21	1	17	13	4	22	18	4	26	23	3	41	33	8	14	13	1	14	13	1
NC_059189.1	2802790	2802791	*	20	19	1	11	10	1	17	16	1	13	11	2	13	12	1	26	25	1	25	23	2	10	10	0	14	13	1	20	20	0	21	19	2	17	15	2	25	25	0	13	13	0	26	24	2	24	23	1	13	13	0	26	25	1	13	11	2	17	15	2
NC_059189.1	2802811	2802812	*	18	16	2	11	11	0	16	14	2	14	14	0	16	15	1	30	29	1	26	25	1	11	10	1	17	12	5	25	25	0	23	19	4	22	22	0	30	29	1	13	13	0	30	29	1	28	27	1	16	16	0	25	25	0	15	15	0	19	19	0
NC_059189.1	2802946	2802947	*	24	23	1	18	17	1	16	16	0	15	15	0	18	17	1	32	31	1	19	18	1	16	15	1	15	14	1	30	30	0	21	20	1	24	23	1	24	23	1	23	21	2	26	26	0	16	15	1	17	15	2	20	19	1	18	17	1	13	11	2
NC_059189.1	2802969	2802970	*	23	22	1	16	14	2	16	16	0	12	11	1	16	16	0	27	25	2	17	16	1	13	13	0	16	15	1	27	26	1	22	22	0	24	23	1	20	19	1	27	27	0	24	23	1	14	11	3	16	13	3	21	21	0	16	15	1	13	12	1
NC_059189.1	2868322	2868323	*	21	19	2	10	9	1	16	10	6	13	13	0	14	14	0	18	17	1	19	18	1	14	6	8	12	12	0	14	14	0	22	21	1	14	13	1	11	11	0	14	12	2	23	21	2	32	30	2	14	11	3	19	16	3	17	16	1	20	16	4
NC_059189.1	2868337	2868338	*	20	20	0	12	10	2	15	9	6	13	12	1	17	17	0	16	14	2	21	20	1	19	7	12	12	11	1	14	14	0	23	21	2	17	16	1	12	12	0	14	12	2	25	24	1	31	30	1	13	12	1	22	21	1	18	17	1	21	10	11
NC_059189.1	2959462	2959463	*	17	15	2	15	14	1	12	11	1	13	13	0	16	16	0	10	10	0	12	12	0	12	11	1	11	11	0	12	11	1	19	17	2	14	14	0	16	16	0	27	23	4	17	16	1	15	15	0	16	16	0	15	14	1	11	11	0	11	11	0
NC_059189.1	2959465	2959466	*	17	16	1	16	15	1	12	10	2	13	13	0	17	17	0	11	11	0	12	12	0	13	12	1	10	10	0	14	13	1	18	18	0	14	14	0	16	16	0	27	24	3	17	17	0	15	14	1	16	16	0	14	14	0	10	10	0	11	11	0
NC_059189.1	2959525	2959526	*	21	18	3	16	13	3	10	10	0	11	10	1	19	18	1	10	9	1	11	11	0	17	17	0	12	12	0	20	20	0	20	18	2	17	17	0	21	21	0	29	29	0	20	20	0	19	19	0	14	13	1	15	14	1	16	16	0	16	14	2
NC_059189.1	2979737	2979738	*	27	24	3	11	11	0	16	15	1	18	18	0	13	13	0	17	16	1	14	14	0	20	20	0	14	12	2	11	11	0	17	16	1	15	15	0	15	15	0	18	15	3	14	14	0	16	16	0	17	15	2	14	13	1	23	21	2	10	8	2
NC_059189.1	2985191	2985192	*	14	13	1	22	19	3	12	11	1	11	9	2	13	12	1	14	12	2	22	22	0	18	17	1	12	11	1	18	17	1	22	22	0	23	23	0	12	12	0	19	17	2	22	21	1	22	17	5	15	12	3	11	10	1	26	10	16	20	19	1
NC_059189.1	3021307	3021308	*	12	10	2	14	14	0	14	13	1	20	19	1	24	13	11	32	18	14	20	7	13	19	17	2	17	16	1	10	10	0	10	9	1	19	18	1	19	14	5	20	14	6	12	9	3	22	20	2	23	18	5	13	12	1	15	15	0	14	12	2
NC_059189.1	3057626	3057627	*	26	26	0	20	19	1	14	13	1	15	15	0	16	16	0	18	15	3	18	18	0	14	13	1	14	14	0	19	19	0	28	28	0	24	23	1	21	21	0	16	16	0	17	17	0	13	13	0	19	19	0	42	42	0	16	16	0	24	22	2
NC_059189.1	3057752	3057753	*	19	18	1	20	18	2	16	15	1	14	11	3	16	15	1	27	27	0	19	18	1	13	12	1	15	15	0	13	12	1	30	30	0	32	31	1	32	31	1	23	23	0	23	23	0	19	19	0	24	22	2	56	56	0	19	19	0	25	24	1
NC_059189.1	3057785	3057786	*	16	16	0	21	21	0	14	14	0	14	14	0	15	15	0	28	26	2	18	18	0	13	11	2	15	15	0	13	13	0	28	28	0	29	29	0	26	25	1	20	19	1	25	25	0	18	17	1	23	22	1	59	59	0	16	14	2	25	25	0
NC_059189.1	3057814	3057815	*	16	15	1	18	16	2	15	15	0	13	12	1	16	15	1	20	19	1	17	17	0	11	9	2	18	16	2	12	12	0	22	22	0	25	24	1	22	21	1	20	20	0	20	20	0	17	17	0	22	19	3	60	58	2	15	14	1	23	20	3
NC_059189.1	3171474	3171475	*	21	19	2	17	14	3	16	16	0	10	10	0	11	11	0	23	22	1	14	14	0	13	13	0	14	13	1	19	19	0	17	17	0	18	15	3	28	25	3	14	13	1	13	13	0	12	12	0	23	21	2	16	16	0	16	16	0	17	13	4
NC_059189.1	3171537	3171538	*	23	23	0	24	21	3	17	17	0	16	15	1	13	13	0	23	20	3	20	20	0	14	13	1	16	14	2	21	21	0	20	17	3	22	8	14	25	25	0	23	23	0	23	22	1	20	20	0	29	27	2	16	15	1	17	16	1	17	16	1
NC_059189.1	3171563	3171564	*	23	22	1	27	23	4	17	16	1	16	15	1	14	14	0	20	18	2	17	16	1	16	15	1	14	13	1	21	18	3	21	21	0	20	9	11	24	23	1	22	20	2	28	28	0	19	18	1	26	24	2	18	17	1	15	15	0	19	18	1
NC_059189.1	3171622	3171623	*	19	19	0	27	24	3	19	17	2	13	11	2	13	13	0	17	11	6	18	15	3	18	16	2	14	14	0	19	8	11	16	14	2	16	8	8	22	20	2	25	23	2	32	29	3	22	20	2	22	21	1	18	17	1	16	15	1	19	15	4
NC_059189.1	3451905	3451906	*	20	19	1	20	18	2	14	12	2	11	11	0	14	14	0	17	16	1	13	8	5	13	13	0	12	10	2	14	10	4	22	19	3	20	19	1	13	9	4	21	16	5	23	20	3	16	16	0	14	13	1	20	19	1	21	19	2	17	16	1
NC_059189.1	3589017	3589018	*	24	22	2	13	13	0	15	15	0	16	16	0	11	11	0	15	15	0	11	11	0	14	12	2	13	13	0	17	14	3	21	20	1	16	15	1	14	12	2	21	21	0	21	20	1	14	14	0	14	14	0	17	15	2	16	15	1	14	13	1
NC_059189.1	3605458	3605459	*	11	9	2	21	20	1	13	12	1	13	11	2	19	16	3	10	9	1	12	9	3	14	13	1	24	23	1	16	16	0	21	21	0	16	15	1	14	14	0	19	18	1	21	19	2	17	16	1	13	13	0	24	22	2	29	29	0	12	12	0
NC_059189.1	3605514	3605515	*	12	12	0	19	18	1	18	17	1	13	12	1	21	19	2	12	11	1	13	11	2	13	10	3	22	22	0	17	17	0	20	20	0	13	11	2	11	11	0	23	23	0	18	16	2	13	11	2	13	12	1	17	15	2	22	22	0	14	13	1
NC_059189.1	3605518	3605519	*	12	11	1	19	19	0	18	17	1	13	11	2	20	19	1	12	12	0	14	14	0	11	11	0	21	20	1	17	17	0	20	19	1	13	12	1	11	10	1	23	21	2	18	16	2	10	9	1	13	13	0	16	13	3	22	22	0	14	13	1
NC_059189.1	3694701	3694702	*	11	5	6	15	15	0	14	14	0	12	8	4	13	5	8	18	18	0	15	15	0	17	15	2	14	11	3	14	6	8	17	17	0	15	7	8	15	15	0	18	16	2	25	24	1	15	15	0	13	13	0	18	18	0	12	12	0	13	13	0
NC_059189.1	3694740	3694741	*	14	5	9	16	12	4	14	13	1	16	0	16	13	0	13	18	6	12	18	9	9	15	10	5	14	12	2	16	0	16	19	11	8	20	0	20	20	10	10	19	9	10	27	25	2	19	19	0	16	0	16	16	8	8	11	7	4	12	11	1
NC_059189.1	3694794	3694795	*	14	7	7	12	2	10	13	0	13	17	0	17	15	0	15	13	0	13	13	5	8	15	11	4	15	8	7	15	0	15	21	5	16	27	0	27	20	6	14	23	7	16	26	9	17	20	16	4	18	0	18	15	7	8	13	7	6	19	9	10
NC_059189.1	3738311	3738312	*	16	15	1	17	17	0	11	11	0	13	13	0	14	13	1	13	13	0	16	16	0	19	17	2	13	13	0	10	10	0	14	14	0	17	14	3	14	12	2	13	13	0	17	15	2	15	14	1	21	20	1	12	10	2	20	19	1	12	11	1
NC_059189.1	3794054	3794055	*	11	4	7	16	5	11	20	19	1	15	4	11	11	5	6	17	0	17	18	5	13	14	9	5	17	6	11	28	14	14	19	19	0	18	12	6	33	33	0	16	16	0	19	18	1	12	12	0	14	4	10	21	8	13	22	16	6	16	13	3
NC_059189.1	3953767	3953768	*	28	9	19	30	0	30	17	0	17	11	7	4	24	9	15	16	3	13	26	13	13	13	10	3	21	0	21	27	14	13	24	9	15	25	7	18	33	1	32	24	0	24	28	0	28	23	0	23	31	7	24	38	0	38	20	0	20	13	8	5
NC_059189.1	4011765	4011766	*	13	13	0	14	13	1	15	15	0	13	13	0	13	13	0	16	16	0	19	16	3	18	18	0	13	13	0	19	18	1	17	16	1	24	24	0	28	28	0	25	23	2	27	27	0	17	17	0	27	25	2	25	21	4	21	20	1	18	18	0
NC_059189.1	4011822	4011823	*	13	13	0	15	15	0	16	14	2	15	14	1	14	14	0	19	18	1	18	18	0	22	20	2	17	16	1	21	21	0	20	20	0	27	27	0	26	26	0	23	23	0	29	27	2	18	17	1	30	29	1	34	32	2	21	21	0	17	17	0
NC_059189.1	4071746	4071747	*	19	15	4	26	22	4	23	22	1	21	14	7	16	15	1	22	19	3	15	13	2	18	15	3	14	12	2	19	18	1	26	23	3	24	18	6	21	17	4	20	16	4	16	14	2	22	15	7	22	17	5	14	12	2	22	19	3	13	7	6
NC_059189.1	4071777	4071778	*	17	16	1	20	20	0	24	23	1	21	18	3	14	13	1	20	20	0	13	13	0	16	15	1	15	14	1	18	18	0	24	24	0	21	20	1	18	17	1	19	18	1	14	14	0	20	19	1	22	19	3	15	15	0	23	22	1	10	10	0
NC_059189.1	4098964	4098965	*	18	10	8	11	7	4	13	7	6	12	10	2	11	11	0	18	5	13	14	12	2	17	14	3	10	9	1	15	13	2	11	6	5	13	11	2	16	12	4	11	5	6	15	5	10	19	9	10	20	17	3	30	27	3	22	18	4	10	7	3
NC_059189.1	4099098	4099099	*	16	13	3	13	13	0	13	12	1	15	12	3	15	14	1	11	9	2	15	10	5	10	7	3	12	12	0	14	14	0	15	10	5	13	11	2	10	8	2	10	10	0	16	16	0	20	16	4	14	11	3	20	16	4	19	18	1	10	8	2
NC_059189.1	4107737	4107738	*	14	13	1	20	18	2	11	11	0	15	8	7	11	11	0	17	16	1	17	17	0	17	16	1	10	8	2	18	18	0	17	16	1	18	18	0	21	21	0	12	11	1	22	21	1	17	15	2	20	18	2	25	24	1	19	19	0	20	12	8
NC_059189.1	4107746	4107747	*	16	15	1	21	21	0	13	12	1	16	9	7	11	11	0	18	17	1	19	18	1	17	16	1	12	12	0	16	14	2	19	12	7	19	19	0	23	11	12	13	11	2	22	22	0	18	17	1	22	21	1	29	25	4	23	22	1	21	13	8
NC_059189.1	4107800	4107801	*	17	16	1	23	16	7	19	19	0	17	17	0	12	12	0	20	17	3	22	18	4	21	20	1	14	14	0	22	21	1	17	14	3	24	21	3	27	27	0	18	16	2	30	27	3	18	17	1	25	22	3	29	27	2	25	23	2	23	22	1
NC_059189.1	4107868	4107869	*	16	15	1	16	14	2	21	19	2	17	17	0	15	13	2	25	24	1	19	17	2	22	20	2	12	12	0	25	24	1	18	16	2	25	23	2	25	24	1	29	27	2	32	32	0	18	15	3	27	26	1	30	29	1	27	25	2	28	24	4
NC_059189.1	4107880	4107881	*	16	14	2	16	15	1	23	20	3	17	17	0	14	14	0	22	20	2	18	18	0	23	22	1	13	13	0	26	25	1	18	15	3	23	22	1	23	19	4	28	24	4	29	29	0	17	15	2	25	24	1	28	27	1	28	28	0	27	27	0
NC_059189.1	4107909	4107910	*	15	12	3	12	10	2	23	19	4	18	18	0	15	13	2	20	16	4	14	13	1	20	17	3	13	7	6	25	22	3	19	15	4	24	20	4	22	13	9	27	18	9	28	27	1	15	9	6	23	18	5	24	22	2	31	29	2	25	22	3
NC_059189.1	4459965	4459966	*	25	24	1	24	21	3	11	11	0	17	16	1	14	13	1	13	13	0	14	14	0	22	20	2	14	14	0	13	11	2	13	9	4	19	15	4	22	22	0	23	20	3	24	24	0	23	23	0	15	14	1	12	12	0	20	17	3	19	19	0
NC_059189.1	4459971	4459972	*	26	25	1	25	21	4	11	11	0	17	16	1	13	11	2	14	13	1	14	11	3	23	21	2	12	11	1	13	12	1	14	9	5	22	20	2	21	21	0	23	18	5	24	24	0	24	23	1	17	15	2	15	15	0	21	20	1	18	16	2
NC_059189.1	4460043	4460044	*	32	30	2	26	25	1	12	11	1	15	14	1	19	19	0	12	12	0	12	10	2	25	25	0	14	14	0	18	16	2	12	12	0	22	22	0	18	18	0	24	22	2	27	27	0	30	30	0	16	16	0	15	14	1	22	18	4	15	14	1
NC_059189.1	4477926	4477927	*	14	12	2	17	13	4	12	11	1	14	12	2	11	11	0	18	17	1	16	16	0	19	19	0	17	16	1	16	16	0	27	26	1	14	14	0	13	11	2	21	20	1	22	22	0	13	11	2	24	20	4	24	23	1	11	9	2	22	18	4
NC_059189.1	4488675	4488676	*	24	19	5	27	22	5	17	9	8	31	29	2	21	19	2	26	23	3	26	21	5	21	12	9	20	18	2	24	21	3	27	22	5	22	17	5	30	18	12	24	17	7	29	23	6	35	30	5	15	15	0	12	11	1	24	18	6	24	19	5
NC_059189.1	4488802	4488803	*	33	32	1	40	37	3	38	32	6	38	38	0	40	38	2	32	23	9	47	44	3	39	37	2	32	26	6	34	27	7	47	43	4	50	41	9	44	41	3	42	32	10	52	49	3	46	45	1	26	20	6	16	14	2	55	48	7	47	46	1
NC_059189.1	4488881	4488882	*	19	18	1	32	31	1	38	36	2	30	29	1	27	27	0	28	26	2	43	39	4	34	32	2	32	25	7	30	24	6	30	29	1	47	45	2	28	27	1	35	35	0	34	32	2	30	30	0	22	22	0	29	28	1	45	42	3	33	31	2
NC_059189.1	4516416	4516417	*	19	19	0	11	9	2	12	12	0	19	11	8	10	9	1	14	14	0	13	11	2	13	13	0	14	13	1	13	12	1	17	17	0	21	19	2	16	16	0	14	14	0	24	24	0	22	20	2	17	17	0	22	20	2	18	18	0	12	12	0
NC_059189.1	5012480	5012481	*	27	24	3	15	13	2	15	14	1	23	21	2	13	13	0	21	20	1	17	17	0	17	16	1	15	14	1	20	20	0	19	17	2	23	23	0	17	15	2	28	26	2	27	26	1	22	22	0	22	21	1	29	29	0	16	16	0	17	16	1
NC_059189.1	5012508	5012509	*	26	24	2	12	12	0	14	12	2	20	18	2	12	12	0	20	19	1	14	14	0	15	14	1	14	14	0	18	18	0	13	13	0	20	18	2	15	14	1	23	21	2	25	25	0	18	18	0	22	18	4	30	29	1	15	14	1	16	14	2
NC_059189.1	5855455	5855456	*	10	10	0	22	21	1	13	12	1	12	11	1	11	11	0	11	11	0	11	11	0	11	11	0	13	13	0	10	10	0	22	22	0	18	18	0	13	13	0	11	10	1	16	16	0	17	17	0	14	14	0	28	28	0	16	16	0	19	19	0
NC_059189.1	6068875	6068876	*	16	3	13	35	0	35	23	0	23	31	1	30	22	0	22	22	0	22	43	0	43	30	0	30	19	1	18	23	1	22	29	0	29	18	0	18	17	0	17	30	0	30	44	1	43	14	0	14	15	0	15	70	1	69	32	2	30	30	0	30
NC_059189.1	6082170	6082171	*	17	5	12	20	0	20	16	1	15	25	1	24	20	10	10	18	9	9	11	2	9	17	3	14	17	1	16	19	1	18	50	9	41	23	3	20	30	9	21	13	0	13	25	0	25	19	0	19	15	2	13	40	26	14	26	0	26	22	2	20
NC_059189.1	6082189	6082190	*	16	4	12	18	0	18	16	2	14	22	0	22	18	9	9	18	9	9	10	1	9	16	3	13	16	1	15	17	2	15	49	8	41	23	5	18	28	7	21	13	0	13	19	0	19	18	0	18	13	1	12	36	21	15	25	0	25	22	1	21
NC_059189.1	6538255	6538256	*	31	27	4	29	27	2	17	16	1	15	14	1	26	25	1	25	25	0	16	14	2	24	22	2	20	19	1	32	31	1	29	28	1	25	23	2	31	28	3	29	24	5	34	33	1	27	26	1	27	27	0	14	14	0	27	24	3	22	22	0
NC_059189.1	6538274	6538275	*	26	23	3	26	23	3	14	13	1	16	15	1	25	25	0	22	22	0	17	17	0	24	21	3	17	16	1	19	19	0	29	29	0	23	22	1	26	24	2	25	24	1	30	29	1	22	22	0	26	26	0	17	16	1	23	21	2	25	25	0
NC_059189.1	6538289	6538290	*	22	21	1	27	25	2	16	16	0	15	15	0	24	23	1	21	21	0	16	14	2	24	22	2	18	15	3	18	18	0	24	23	1	21	21	0	24	21	3	25	25	0	28	25	3	22	20	2	25	24	1	22	21	1	25	25	0	24	23	1
NC_059189.1	6538352	6538353	*	21	19	2	20	17	3	13	12	1	13	13	0	17	17	0	18	18	0	17	14	3	17	15	2	10	10	0	18	15	3	23	23	0	16	15	1	19	18	1	20	19	1	22	19	3	17	16	1	23	21	2	35	32	3	18	16	2	22	19	3
NC_059189.1	6561927	6561928	*	10	9	1	20	19	1	11	11	0	12	11	1	20	19	1	21	20	1	18	10	8	16	12	4	11	11	0	17	17	0	13	12	1	11	11	0	17	17	0	20	20	0	24	23	1	27	26	1	16	14	2	21	21	0	18	18	0	28	28	0
NC_059189.1	6561987	6561988	*	11	9	2	22	20	2	13	11	2	12	10	2	15	15	0	17	17	0	14	12	2	14	12	2	14	14	0	13	11	2	13	13	0	15	13	2	14	14	0	17	16	1	20	18	2	26	24	2	22	20	2	18	16	2	19	18	1	23	21	2
NC_059189.1	6562014	6562015	*	12	9	3	21	20	1	15	14	1	14	13	1	17	16	1	16	14	2	12	12	0	15	14	1	11	11	0	13	13	0	12	12	0	16	15	1	12	12	0	15	13	2	19	18	1	28	26	2	21	19	2	16	16	0	19	19	0	19	17	2
NC_059189.1	6765138	6765139	*	24	4	20	19	1	18	14	0	14	15	6	9	10	5	5	16	5	11	19	2	17	15	3	12	11	0	11	16	6	10	11	5	6	21	6	15	18	1	17	15	3	12	16	2	14	24	12	12	11	3	8	14	10	4	19	3	16	11	10	1
NC_059189.1	6765247	6765248	*	12	12	0	17	15	2	15	5	10	15	14	1	11	11	0	10	9	1	14	11	3	10	9	1	13	12	1	16	15	1	10	10	0	25	23	2	13	12	1	16	16	0	12	11	1	16	16	0	13	13	0	16	16	0	16	15	1	12	12	0
NC_059189.1	6785100	6785101	*	20	19	1	19	15	4	19	19	0	20	20	0	25	24	1	24	23	1	20	19	1	19	17	2	16	16	0	23	20	3	23	22	1	27	26	1	31	28	3	25	24	1	15	13	2	21	19	2	23	19	4	27	27	0	22	20	2	19	18	1
NC_059189.1	6785232	6785233	*	19	16	3	23	22	1	18	18	0	21	21	0	27	27	0	25	12	13	18	18	0	17	17	0	17	16	1	26	26	0	25	25	0	21	21	0	22	18	4	23	21	2	15	15	0	23	21	2	23	23	0	33	30	3	20	19	1	21	21	0
NC_059189.1	7268782	7268783	*	28	3	25	22	0	22	28	0	28	16	0	16	25	0	25	24	0	24	15	0	15	27	0	27	18	0	18	23	0	23	27	0	27	24	0	24	50	0	50	32	0	32	20	1	19	25	0	25	20	0	20	37	1	36	35	0	35	20	0	20
NC_059189.1	7440641	7440642	*	16	9	7	16	0	16	22	0	22	11	0	11	15	0	15	15	0	15	12	0	12	15	0	15	15	0	15	16	1	15	22	0	22	14	0	14	14	0	14	16	0	16	23	0	23	21	0	21	20	0	20	45	0	45	23	0	23	16	0	16
NC_059189.1	7536798	7536799	*	25	3	22	27	0	27	25	0	25	26	0	26	28	0	28	16	0	16	22	1	21	17	0	17	19	0	19	19	0	19	28	0	28	22	1	21	31	0	31	24	0	24	23	0	23	26	0	26	32	1	31	42	0	42	21	0	21	18	0	18
NC_059189.1	7536906	7536907	*	45	6	39	28	0	28	27	0	27	26	0	26	25	0	25	17	0	17	24	0	24	16	0	16	21	1	20	18	0	18	39	0	39	22	0	22	36	0	36	35	0	35	35	1	34	28	0	28	36	1	35	31	0	31	22	0	22	16	0	16
NC_059189.1	7536970	7536971	*	48	8	40	24	0	24	25	0	25	24	0	24	30	0	30	13	0	13	26	0	26	20	0	20	26	1	25	23	1	22	41	1	40	21	0	21	44	0	44	35	0	35	30	0	30	22	0	22	32	0	32	23	0	23	22	0	22	22	0	22
NC_059189.1	7536992	7536993	*	46	6	40	28	0	28	24	0	24	26	0	26	29	0	29	16	0	16	29	0	29	26	0	26	26	0	26	23	0	23	40	0	40	19	0	19	50	1	49	36	1	35	30	1	29	24	0	24	40	1	39	26	0	26	23	0	23	23	0	23
NC_059189.1	7537054	7537055	*	45	8	37	28	0	28	24	0	24	28	0	28	29	2	27	16	0	16	36	0	36	31	0	31	35	0	35	33	0	33	37	0	37	25	0	25	52	0	52	33	1	32	44	0	44	33	1	32	55	1	54	32	3	29	24	1	23	32	0	32
NC_059189.1	7537140	7537141	*	52	10	42	25	1	24	22	0	22	33	0	33	42	0	42	18	0	18	41	0	41	27	1	26	39	2	37	42	0	42	30	0	30	28	0	28	46	1	45	40	0	40	45	2	43	37	0	37	58	2	56	42	5	37	35	0	35	29	1	28
NC_059189.1	7537226	7537227	*	58	16	42	33	1	32	28	0	28	30	3	27	60	5	55	19	0	19	48	2	46	26	0	26	34	2	32	42	0	42	39	1	38	30	0	30	43	2	41	42	0	42	45	0	45	43	1	42	60	0	60	59	6	53	49	0	49	34	0	34
NC_059189.1	7537312	7537313	*	66	11	55	52	0	52	32	0	32	34	0	34	54	1	53	37	0	37	47	1	46	30	2	28	28	1	27	40	0	40	50	0	50	31	0	31	44	1	43	50	0	50	55	0	55	50	0	50	47	1	46	57	1	56	53	4	49	33	0	33
NC_059189.1	7537398	7537399	*	70	4	66	47	2	45	29	0	29	28	0	28	34	2	32	38	0	38	33	0	33	26	0	26	35	1	34	37	0	37	45	2	43	19	1	18	36	0	36	35	1	34	50	0	50	44	1	43	32	0	32	49	0	49	57	1	56	27	0	27
NC_059189.1	7540514	7540515	*	16	4	12	26	0	26	22	0	22	16	0	16	24	0	24	24	0	24	21	0	21	12	0	12	21	0	21	22	0	22	25	0	25	13	0	13	25	0	25	17	0	17	29	0	29	18	0	18	25	0	25	18	0	18	22	0	22	22	0	22
NC_059189.1	7555871	7555872	*	23	7	16	18	0	18	14	0	14	16	0	16	21	0	21	26	0	26	12	0	12	25	0	25	11	0	11	25	0	25	23	0	23	22	0	22	29	0	29	21	0	21	33	0	33	12	0	12	23	2	21	27	0	27	18	0	18	20	0	20
NC_059189.1	7833445	7833446	*	17	17	0	28	27	1	14	14	0	15	15	0	14	14	0	33	31	2	15	10	5	18	17	1	10	9	1	17	16	1	30	28	2	27	26	1	29	28	1	33	31	2	31	30	1	23	20	3	24	22	2	10	10	0	25	22	3	25	23	2
NC_059189.1	7833543	7833544	*	15	15	0	18	17	1	16	16	0	16	14	2	11	11	0	29	27	2	19	15	4	14	14	0	11	11	0	15	15	0	26	26	0	24	22	2	28	28	0	26	24	2	19	19	0	17	17	0	19	18	1	11	9	2	17	15	2	22	22	0
NC_059189.1	7833569	7833570	*	17	16	1	18	15	3	14	14	0	14	14	0	14	13	1	30	29	1	16	16	0	15	12	3	12	12	0	13	13	0	25	24	1	24	21	3	26	26	0	23	22	1	20	19	1	15	14	1	20	19	1	10	10	0	20	20	0	19	19	0
NC_059189.1	7833669	7833670	*	17	14	3	21	21	0	13	12	1	18	15	3	19	18	1	19	19	0	17	14	3	14	14	0	12	11	1	11	9	2	19	16	3	22	21	1	23	21	2	13	11	2	19	17	2	15	13	2	25	22	3	11	9	2	23	17	6	15	11	4
NC_059189.1	7833674	7833675	*	17	12	5	21	15	6	13	11	2	18	15	3	19	13	6	18	17	1	17	15	2	13	13	0	12	7	5	11	6	5	19	15	4	21	19	2	24	18	6	14	8	6	19	12	7	16	15	1	25	22	3	10	8	2	23	15	8	15	6	9
NC_059189.1	7833680	7833681	*	19	14	5	21	20	1	13	12	1	18	14	4	18	16	2	18	16	2	16	15	1	12	10	2	12	10	2	13	9	4	20	15	5	21	20	1	23	19	4	13	12	1	23	18	5	16	14	2	25	24	1	11	11	0	21	17	4	16	12	4
NC_059189.1	7833713	7833714	*	19	16	3	20	20	0	12	10	2	14	12	2	17	16	1	22	21	1	15	15	0	13	13	0	12	11	1	13	11	2	24	24	0	19	18	1	21	17	4	13	13	0	23	21	2	16	16	0	29	27	2	12	12	0	19	17	2	18	14	4
NC_059189.1	7833753	7833754	*	17	17	0	21	21	0	16	14	2	17	17	0	15	14	1	21	18	3	15	14	1	12	12	0	14	13	1	14	13	1	24	23	1	20	20	0	20	20	0	14	12	2	24	24	0	21	21	0	28	27	1	11	11	0	19	18	1	23	21	2
NC_059189.1	7843988	7843989	*	16	15	1	18	18	0	17	17	0	22	21	1	12	11	1	21	20	1	21	20	1	13	13	0	13	13	0	18	17	1	22	22	0	17	15	2	20	19	1	22	21	1	24	23	1	18	18	0	26	22	4	15	15	0	21	20	1	17	15	2
NC_059189.1	8865217	8865218	*	18	17	1	17	16	1	14	12	2	16	15	1	18	18	0	13	10	3	18	16	2	17	15	2	10	9	1	20	18	2	23	20	3	16	14	2	17	15	2	17	15	2	21	18	3	22	18	4	17	11	6	11	10	1	27	25	2	16	16	0
NC_059189.1	8875251	8875252	*	43	39	4	30	26	4	11	8	3	33	33	0	20	15	5	33	31	2	33	30	3	15	15	0	21	21	0	20	18	2	44	41	3	13	12	1	27	24	3	23	15	8	34	31	3	13	12	1	12	10	2	18	17	1	25	22	3	22	16	6
NC_059189.1	8875312	8875313	*	45	42	3	29	24	5	12	11	1	27	25	2	21	20	1	37	33	4	35	33	2	19	19	0	17	15	2	16	16	0	45	45	0	11	11	0	27	26	1	29	27	2	29	28	1	11	11	0	11	11	0	16	16	0	31	30	1	21	20	1
NC_059189.1	9077367	9077368	*	17	8	9	23	10	13	16	8	8	16	8	8	10	0	10	21	9	12	18	9	9	19	19	0	17	0	17	16	0	16	20	0	20	19	9	10	18	0	18	18	9	9	19	18	1	16	14	2	18	0	18	48	23	25	11	0	11	14	14	0
NC_059189.1	9130648	9130649	*	21	18	3	11	10	1	19	15	4	11	8	3	12	10	2	12	11	1	15	14	1	14	11	3	11	9	2	17	15	2	31	27	4	16	15	1	15	12	3	11	10	1	23	20	3	17	14	3	18	16	2	10	8	2	16	15	1	13	12	1
NC_059189.1	9524579	9524580	*	22	20	2	15	15	0	12	12	0	21	21	0	18	18	0	22	21	1	18	18	0	12	12	0	10	10	0	20	19	1	24	24	0	19	18	1	17	17	0	19	17	2	17	16	1	28	28	0	33	32	1	18	17	1	22	22	0	19	19	0
NC_059189.1	9691036	9691037	*	13	7	6	19	18	1	14	12	2	10	9	1	13	10	3	21	16	5	13	10	3	12	12	0	11	10	1	19	18	1	11	9	2	12	12	0	26	23	3	12	10	2	18	15	3	21	18	3	22	18	4	12	9	3	22	17	5	20	18	2
NC_059189.1	10371887	10371888	*	13	11	2	10	9	1	20	19	1	16	13	3	19	17	2	26	22	4	11	6	5	15	14	1	10	9	1	27	24	3	20	19	1	13	12	1	12	9	3	10	8	2	26	25	1	26	25	1	18	14	4	40	36	4	21	15	6	16	15	1
NC_059189.1	10371914	10371915	*	13	12	1	12	9	3	21	16	5	18	16	2	18	16	2	25	23	2	11	4	7	14	12	2	10	10	0	25	21	4	20	19	1	13	10	3	15	11	4	14	10	4	27	25	2	26	22	4	21	14	7	39	37	2	21	17	4	14	11	3
NC_059189.1	10694740	10694741	*	26	23	3	18	18	0	20	17	3	14	12	2	12	12	0	18	15	3	19	18	1	17	16	1	13	9	4	17	16	1	21	21	0	24	21	3	10	7	3	24	20	4	27	24	3	30	26	4	25	20	5	18	15	3	19	17	2	22	18	4
NC_059189.1	10694878	10694879	*	23	20	3	20	18	2	18	17	1	14	14	0	14	13	1	16	16	0	14	12	2	16	16	0	12	12	0	19	18	1	17	16	1	13	12	1	22	20	2	30	29	1	30	26	4	28	26	2	22	19	3	15	14	1	19	19	0	16	14	2
NC_059189.1	10694988	10694989	*	13	13	0	13	11	2	14	14	0	14	13	1	11	7	4	14	13	1	12	10	2	19	17	2	10	10	0	16	16	0	14	13	1	11	10	1	23	21	2	21	19	2	27	26	1	21	19	2	19	19	0	13	12	1	23	22	1	15	12	3
NC_059189.1	10766625	10766626	*	13	6	7	20	13	7	15	13	2	17	12	5	23	21	2	16	11	5	12	7	5	12	10	2	12	6	6	13	3	10	26	10	16	14	12	2	18	5	13	27	13	14	22	19	3	21	0	21	13	8	5	28	22	6	20	14	6	15	9	6
NC_059189.1	10769632	10769633	*	23	19	4	20	13	7	22	11	11	22	13	9	14	13	1	21	9	12	14	8	6	16	8	8	16	8	8	16	11	5	16	10	6	15	7	8	19	10	9	18	14	4	29	18	11	18	13	5	17	11	6	26	17	9	17	12	5	17	10	7
NC_059189.1	10769648	10769649	*	22	18	4	21	13	8	22	11	11	21	11	10	14	14	0	22	9	13	13	7	6	16	7	9	18	11	7	18	12	6	17	10	7	16	10	6	19	10	9	15	10	5	30	18	12	18	13	5	16	10	6	26	17	9	16	11	5	19	11	8
NC_059189.1	10814893	10814894	*	16	15	1	24	24	0	14	13	1	10	10	0	11	11	0	20	19	1	18	17	1	19	18	1	18	18	0	12	11	1	21	20	1	20	18	2	25	23	2	17	14	3	28	25	3	23	22	1	20	19	1	12	12	0	15	14	1	16	16	0
NC_059189.1	10814920	10814921	*	17	17	0	25	25	0	15	14	1	10	9	1	14	14	0	23	22	1	17	17	0	16	14	2	20	20	0	13	13	0	24	22	2	19	19	0	28	25	3	19	18	1	34	33	1	25	25	0	22	21	1	11	11	0	19	19	0	20	18	2
NC_059189.1	10953315	10953316	*	30	8	22	31	8	23	43	12	31	39	14	25	28	9	19	36	8	28	28	8	20	46	17	29	33	10	23	21	7	14	49	4	45	34	7	27	28	5	23	32	15	17	39	7	32	42	10	32	25	9	16	60	15	45	33	7	26	29	5	24
NC_059189.1	10953487	10953488	*	15	13	2	17	11	6	33	26	7	25	18	7	16	8	8	37	26	11	15	9	6	37	26	11	17	11	6	14	11	3	17	14	3	17	10	7	11	9	2	16	12	4	30	27	3	20	11	9	10	4	6	75	50	25	17	7	10	17	11	6
NC_059189.1	11028465	11028466	*	25	5	20	39	23	16	22	8	14	24	11	13	23	13	10	30	12	18	27	10	17	23	9	14	30	14	16	22	6	16	37	21	16	15	0	15	37	1	36	30	15	15	35	16	19	22	10	12	27	6	21	26	17	9	21	11	10	17	1	16
NC_059189.1	11028467	11028468	*	27	12	15	39	22	17	22	8	14	24	11	13	23	13	10	31	14	17	27	9	18	23	9	14	29	14	15	23	9	14	37	21	16	17	8	9	40	21	19	30	15	15	35	17	18	22	10	12	29	14	15	26	16	10	24	18	6	18	5	13
NC_059190.1	51882	51883	*	18	17	1	23	22	1	11	11	0	14	13	1	10	10	0	19	18	1	11	11	0	12	12	0	18	17	1	17	17	0	14	12	2	24	22	2	23	20	3	15	14	1	16	16	0	20	18	2	23	21	2	21	21	0	17	17	0	11	10	1
NC_059190.1	52054	52055	*	13	5	8	15	0	15	12	0	12	11	11	0	12	0	12	17	5	12	16	5	11	19	9	10	14	6	8	15	8	7	21	9	12	15	7	8	21	0	21	23	20	3	27	23	4	17	7	10	16	8	8	19	17	2	19	0	19	14	14	0
NC_059190.1	52062	52063	*	12	10	2	16	16	0	12	11	1	11	10	1	12	12	0	18	18	0	16	16	0	20	19	1	15	14	1	15	15	0	21	18	3	16	16	0	21	21	0	23	22	1	27	26	1	17	16	1	17	16	1	19	19	0	21	21	0	14	14	0
NC_059190.1	52176	52177	*	10	8	2	14	13	1	13	13	0	14	14	0	11	11	0	15	14	1	15	15	0	22	20	2	11	10	1	12	11	1	14	13	1	15	14	1	14	14	0	18	17	1	14	14	0	19	19	0	10	10	0	23	22	1	17	16	1	14	14	0
NC_059190.1	96307	96308	*	19	15	4	17	17	0	11	11	0	16	4	12	18	16	2	13	13	0	12	11	1	12	10	2	21	20	1	13	13	0	18	14	4	16	16	0	16	15	1	22	19	3	17	16	1	20	19	1	16	15	1	16	15	1	18	17	1	10	6	4
NC_059190.1	96310	96311	*	19	17	2	17	16	1	11	11	0	15	13	2	18	17	1	13	12	1	13	13	0	12	11	1	21	16	5	13	13	0	17	15	2	17	17	0	16	14	2	22	21	1	17	17	0	20	19	1	16	16	0	16	15	1	18	18	0	10	10	0
NC_059190.1	220595	220596	*	17	15	2	17	14	3	22	22	0	14	13	1	11	7	4	17	7	10	13	13	0	10	7	3	12	12	0	19	18	1	15	14	1	21	7	14	13	12	1	12	10	2	17	17	0	15	15	0	14	14	0	26	19	7	19	8	11	16	12	4
NC_059190.1	220639	220640	*	17	16	1	19	19	0	17	16	1	12	12	0	12	11	1	16	15	1	18	18	0	12	11	1	12	11	1	22	22	0	15	15	0	16	8	8	13	12	1	13	10	3	18	17	1	11	10	1	15	15	0	17	14	3	24	23	1	14	13	1
NC_059190.1	370257	370258	*	15	14	1	15	14	1	16	16	0	15	13	2	19	18	1	14	14	0	16	15	1	20	20	0	19	16	3	10	10	0	18	17	1	14	12	2	11	10	1	22	20	2	19	18	1	22	20	2	15	15	0	31	29	2	17	16	1	17	15	2
NC_059190.1	373024	373025	*	16	14	2	11	11	0	12	10	2	17	15	2	13	12	1	13	13	0	10	10	0	14	14	0	14	12	2	18	17	1	15	15	0	11	9	2	13	13	0	13	11	2	19	16	3	18	18	0	13	13	0	21	19	2	18	16	2	12	11	1
NC_059190.1	383625	383626	*	17	16	1	21	19	2	17	17	0	10	10	0	17	17	0	19	19	0	14	13	1	12	12	0	10	10	0	19	18	1	22	20	2	14	14	0	10	9	1	23	21	2	20	19	1	13	13	0	25	24	1	48	46	2	15	14	1	17	17	0
NC_059190.1	509845	509846	*	11	10	1	20	20	0	24	22	2	15	14	1	21	20	1	22	21	1	19	18	1	22	19	3	14	14	0	25	23	2	27	27	0	19	16	3	35	35	0	17	17	0	28	27	1	22	20	2	21	18	3	15	14	1	27	27	0	26	23	3
NC_059190.1	509881	509882	*	13	12	1	18	15	3	23	22	1	15	14	1	22	21	1	23	20	3	18	16	2	24	22	2	15	15	0	24	24	0	24	24	0	20	18	2	31	31	0	20	20	0	30	28	2	17	14	3	20	19	1	13	11	2	27	26	1	25	23	2
NC_059190.1	596382	596383	*	12	12	0	20	15	5	17	15	2	17	16	1	19	15	4	17	17	0	15	15	0	14	13	1	13	13	0	15	13	2	14	14	0	15	15	0	16	16	0	28	27	1	25	23	2	22	22	0	24	21	3	11	11	0	17	17	0	14	13	1
NC_059190.1	624615	624616	*	20	16	4	11	10	1	11	9	2	14	13	1	15	14	1	23	20	3	15	14	1	11	8	3	12	9	3	16	12	4	17	14	3	15	11	4	11	9	2	16	12	4	21	21	0	20	18	2	11	11	0	33	26	7	16	14	2	17	16	1
NC_059190.1	627250	627251	*	19	18	1	16	16	0	14	13	1	20	20	0	11	11	0	19	19	0	10	6	4	10	10	0	14	14	0	12	12	0	24	24	0	22	21	1	19	18	1	16	15	1	24	23	1	14	14	0	21	19	2	20	20	0	15	14	1	19	18	1
NC_059190.1	821798	821799	*	20	20	0	22	21	1	12	12	0	13	12	1	12	11	1	17	17	0	16	15	1	18	16	2	18	17	1	18	17	1	32	32	0	17	17	0	23	21	2	20	18	2	18	17	1	17	15	2	28	27	1	15	13	2	28	27	1	23	22	1
NC_059190.1	822247	822248	*	11	9	2	14	14	0	15	14	1	18	14	4	11	7	4	20	18	2	17	16	1	11	10	1	21	19	2	16	14	2	23	20	3	22	21	1	17	16	1	15	12	3	14	14	0	22	21	1	19	19	0	40	36	4	21	18	3	15	13	2
NC_059190.1	880697	880698	*	13	12	1	13	10	3	16	8	8	11	10	1	11	4	7	22	21	1	10	9	1	11	10	1	10	8	2	16	14	2	13	7	6	23	22	1	19	16	3	14	11	3	16	14	2	18	11	7	10	8	2	20	8	12	15	12	3	14	13	1
NC_059190.1	913915	913916	*	13	12	1	12	10	2	10	10	0	14	13	1	10	9	1	25	24	1	12	12	0	14	14	0	12	6	6	11	11	0	11	10	1	16	16	0	15	15	0	12	12	0	23	22	1	24	24	0	15	13	2	29	24	5	18	17	1	15	14	1
NC_059190.1	1135247	1135248	*	16	15	1	18	18	0	22	22	0	15	15	0	17	17	0	24	24	0	18	17	1	15	13	2	17	15	2	28	25	3	13	12	1	24	23	1	22	21	1	23	22	1	17	16	1	21	20	1	25	23	2	19	19	0	25	25	0	25	24	1
NC_059190.1	1213576	1213577	*	18	10	8	24	8	16	16	7	9	17	15	2	16	8	8	12	12	0	14	8	6	15	8	7	18	8	10	14	8	6	19	11	8	19	10	9	18	0	18	16	8	8	27	26	1	17	4	13	14	13	1	11	10	1	30	0	30	20	8	12
NC_059190.1	1317525	1317526	*	11	10	1	19	17	2	20	19	1	16	15	1	14	14	0	16	14	2	17	17	0	21	20	1	12	12	0	16	13	3	15	15	0	22	22	0	20	20	0	18	16	2	29	27	2	22	22	0	13	12	1	25	24	1	22	21	1	17	15	2
NC_059190.1	1423253	1423254	*	10	9	1	17	15	2	11	8	3	11	8	3	17	14	3	14	13	1	12	6	6	21	20	1	11	9	2	17	15	2	12	12	0	18	15	3	11	9	2	15	15	0	32	22	10	14	13	1	15	15	0	12	10	2	17	16	1	15	12	3
NC_059190.1	1437931	1437932	*	13	12	1	30	30	0	19	18	1	17	16	1	15	15	0	24	22	2	14	11	3	12	11	1	17	16	1	12	7	5	21	17	4	21	12	9	28	26	2	18	16	2	17	11	6	26	18	8	18	14	4	13	12	1	19	17	2	15	14	1
NC_059190.1	1437942	1437943	*	13	13	0	30	27	3	20	19	1	16	15	1	15	14	1	23	22	1	16	12	4	13	12	1	20	17	3	14	11	3	22	16	6	21	12	9	30	27	3	18	17	1	18	13	5	27	20	7	18	13	5	13	12	1	19	16	3	16	12	4
NC_059190.1	1445548	1445549	*	18	17	1	21	21	0	11	8	3	15	14	1	24	24	0	22	19	3	20	19	1	17	13	4	20	20	0	25	25	0	22	20	2	26	26	0	15	15	0	21	21	0	23	23	0	13	13	0	29	27	2	35	32	3	14	13	1	19	19	0
NC_059190.1	1445608	1445609	*	22	22	0	29	27	2	16	16	0	15	13	2	24	24	0	28	27	1	24	23	1	22	20	2	23	20	3	30	29	1	22	21	1	30	30	0	18	18	0	22	22	0	30	28	2	19	19	0	34	33	1	31	26	5	19	18	1	21	21	0
NC_059190.1	1445635	1445636	*	29	29	0	30	26	4	19	19	0	14	14	0	23	23	0	30	28	2	24	23	1	20	20	0	23	20	3	30	30	0	24	23	1	37	35	2	22	20	2	21	21	0	29	29	0	20	19	1	33	33	0	29	28	1	22	22	0	21	17	4
NC_059190.1	1445826	1445827	*	21	20	1	14	13	1	20	18	2	12	12	0	12	12	0	30	29	1	16	14	2	10	10	0	12	12	0	14	13	1	20	19	1	22	20	2	20	18	2	16	15	1	21	19	2	33	32	1	16	16	0	17	17	0	13	13	0	22	22	0
NC_059190.1	1839080	1839081	*	17	16	1	15	15	0	19	18	1	12	12	0	11	9	2	26	26	0	11	10	1	15	12	3	16	14	2	12	12	0	17	16	1	18	18	0	16	16	0	22	21	1	24	24	0	26	26	0	13	13	0	41	38	3	19	18	1	18	17	1
NC_059190.1	1839139	1839140	*	17	16	1	20	16	4	16	14	2	14	12	2	13	11	2	25	24	1	13	12	1	15	10	5	17	15	2	16	15	1	18	14	4	18	17	1	19	14	5	24	20	4	24	19	5	28	25	3	20	17	3	29	28	1	21	18	3	24	9	15
NC_059190.1	1839351	1839352	*	26	5	21	25	7	18	13	1	12	16	8	8	29	1	28	16	15	1	11	5	6	16	11	5	18	12	6	21	10	11	24	8	16	26	14	12	24	20	4	30	13	17	21	8	13	21	11	10	31	18	13	15	8	7	26	1	25	12	4	8
NC_059190.1	1851429	1851430	*	20	19	1	22	22	0	19	17	2	19	17	2	31	30	1	30	30	0	23	22	1	19	18	1	11	9	2	21	20	1	22	22	0	21	18	3	33	33	0	25	25	0	22	19	3	32	29	3	24	24	0	10	10	0	31	28	3	21	21	0
NC_059190.1	1851477	1851478	*	23	18	5	21	13	8	15	9	6	17	11	6	24	18	6	25	19	6	23	18	5	15	12	3	10	8	2	19	15	4	18	15	3	17	13	4	31	19	12	26	19	7	18	12	6	27	24	3	23	21	2	10	9	1	25	20	5	18	12	6
NC_059190.1	1851568	1851569	*	20	20	0	17	17	0	14	14	0	19	19	0	14	14	0	13	11	2	20	18	2	14	13	1	16	16	0	12	12	0	15	14	1	19	19	0	18	18	0	15	15	0	17	16	1	17	17	0	17	17	0	15	15	0	18	18	0	12	12	0
NC_059190.1	1851588	1851589	*	19	19	0	18	17	1	14	14	0	18	17	1	13	13	0	16	16	0	20	19	1	13	13	0	17	17	0	12	12	0	15	13	2	22	21	1	18	16	2	16	15	1	17	17	0	16	16	0	16	16	0	14	13	1	15	15	0	12	11	1
NC_059190.1	1959844	1959845	*	12	8	4	20	19	1	14	6	8	13	10	3	14	14	0	17	10	7	14	8	6	19	12	7	15	9	6	21	17	4	22	18	4	22	14	8	21	15	6	17	10	7	15	8	7	18	13	5	17	12	5	45	28	17	18	10	8	14	12	2
NC_059190.1	2305621	2305622	*	16	15	1	19	18	1	24	23	1	19	17	2	16	16	0	18	17	1	17	17	0	14	12	2	16	16	0	17	17	0	24	23	1	24	22	2	17	17	0	22	21	1	20	19	1	22	21	1	20	18	2	33	32	1	14	13	1	20	18	2
NC_059190.1	2305634	2305635	*	17	17	0	18	16	2	26	24	2	19	19	0	17	17	0	21	18	3	18	18	0	17	15	2	21	21	0	20	18	2	23	23	0	26	24	2	17	17	0	22	20	2	20	19	1	26	25	1	21	19	2	29	29	0	15	15	0	19	19	0
NC_059190.1	2305682	2305683	*	19	9	10	19	6	13	26	14	12	20	9	11	19	8	11	21	6	15	19	11	8	15	8	7	20	10	10	21	5	16	26	4	22	32	21	11	19	7	12	25	9	16	22	9	13	28	13	15	19	15	4	20	12	8	19	5	14	21	8	13
NC_059190.1	2305687	2305688	*	20	20	0	21	18	3	26	25	1	20	19	1	20	18	2	21	20	1	19	18	1	16	16	0	21	19	2	21	20	1	26	26	0	32	30	2	21	21	0	25	24	1	22	21	1	28	27	1	20	20	0	18	16	2	19	17	2	22	19	3
NC_059190.1	2305796	2305797	*	24	23	1	23	21	2	19	17	2	23	20	3	23	22	1	24	23	1	18	18	0	18	17	1	24	23	1	21	10	11	26	26	0	21	20	1	21	21	0	20	20	0	25	24	1	29	26	3	14	14	0	12	12	0	25	24	1	12	12	0
NC_059190.1	2515528	2515529	*	14	5	9	16	15	1	16	16	0	14	4	10	15	13	2	21	8	13	14	6	8	16	15	1	13	12	1	13	5	8	15	6	9	15	15	0	13	12	1	16	16	0	14	7	7	13	12	1	20	20	0	13	13	0	18	17	1	10	7	3
NC_059190.1	2515697	2515698	*	22	20	2	20	18	2	15	14	1	11	10	1	18	18	0	21	18	3	25	22	3	20	17	3	15	14	1	22	20	2	21	21	0	20	17	3	15	11	4	15	12	3	22	19	3	22	22	0	24	20	4	24	23	1	23	20	3	14	13	1
NC_059190.1	2515728	2515729	*	18	16	2	16	16	0	17	14	3	10	9	1	12	12	0	22	22	0	20	19	1	18	16	2	13	12	1	21	18	3	19	18	1	19	16	3	15	15	0	14	13	1	20	20	0	18	18	0	22	18	4	28	26	2	20	17	3	14	14	0
NC_059190.1	2676904	2676905	*	16	6	10	21	8	13	15	8	7	13	10	3	23	23	0	23	22	1	13	13	0	22	6	16	16	7	9	19	8	11	20	9	11	12	1	11	29	15	14	22	21	1	29	15	14	23	22	1	17	14	3	18	8	10	18	17	1	18	18	0
NC_059190.1	2676917	2676918	*	17	14	3	21	9	12	14	12	2	16	16	0	23	23	0	24	20	4	11	10	1	21	5	16	18	8	10	20	9	11	19	16	3	13	6	7	28	15	13	23	22	1	26	14	12	20	18	2	17	16	1	19	10	9	17	16	1	21	20	1
NC_059190.1	2676967	2676968	*	14	13	1	17	17	0	11	11	0	14	14	0	16	14	2	20	17	3	13	12	1	24	9	15	17	16	1	14	12	2	15	14	1	12	12	0	21	21	0	23	22	1	20	20	0	17	16	1	15	15	0	20	20	0	17	15	2	15	15	0
NC_059190.1	2712374	2712375	*	17	14	3	23	22	1	16	13	3	22	18	4	11	11	0	19	17	2	13	11	2	12	12	0	17	15	2	19	16	3	25	21	4	22	22	0	19	13	6	25	18	7	24	17	7	22	20	2	18	15	3	17	13	4	21	19	2	16	13	3
NC_059190.1	2712409	2712410	*	20	16	4	24	20	4	20	18	2	24	20	4	14	12	2	19	17	2	16	14	2	14	14	0	19	15	4	22	18	4	27	22	5	26	21	5	19	15	4	27	22	5	27	24	3	25	23	2	18	17	1	18	12	6	22	22	0	19	15	4
NC_059190.1	2712441	2712442	*	19	18	1	28	28	0	23	23	0	26	25	1	16	16	0	22	22	0	17	17	0	16	16	0	22	20	2	25	23	2	28	24	4	26	26	0	22	21	1	26	24	2	31	30	1	26	25	1	24	22	2	14	13	1	26	25	1	20	18	2
NC_059190.1	2712448	2712449	*	19	18	1	29	29	0	25	22	3	27	25	2	18	16	2	22	20	2	18	15	3	15	15	0	21	18	3	25	25	0	26	22	4	25	23	2	22	17	5	26	22	4	32	29	3	26	24	2	25	22	3	14	12	2	25	23	2	18	16	2
NC_059190.1	2712503	2712504	*	20	18	2	24	24	0	21	19	2	27	24	3	19	19	0	18	17	1	14	13	1	15	13	2	17	17	0	24	23	1	24	23	1	23	22	1	20	20	0	29	28	1	29	29	0	21	21	0	25	25	0	10	9	1	21	20	1	20	18	2
NC_059190.1	2774000	2774001	*	11	9	2	15	11	4	14	13	1	10	8	2	11	10	1	18	17	1	15	11	4	12	12	0	12	11	1	17	15	2	22	21	1	18	16	2	12	12	0	27	25	2	21	18	3	14	13	1	17	13	4	19	19	0	20	14	6	23	22	1
NC_059190.1	2786633	2786634	*	12	7	5	20	12	8	13	5	8	12	5	7	16	16	0	17	6	11	12	12	0	13	9	4	11	3	8	14	8	6	13	6	7	11	0	11	17	0	17	18	18	0	15	9	6	32	29	3	15	0	15	10	0	10	23	22	1	16	15	1
NC_059190.1	2939553	2939554	*	23	6	17	24	2	22	11	1	10	17	2	15	15	3	12	24	5	19	18	2	16	26	6	20	12	3	9	18	6	12	23	7	16	31	8	23	14	5	9	17	1	16	54	4	50	25	7	18	30	6	24	13	4	9	22	3	19	27	7	20
NC_059190.1	2958166	2958167	*	12	9	3	26	23	3	28	25	3	13	11	2	13	13	0	20	20	0	17	16	1	11	9	2	15	13	2	21	18	3	21	20	1	14	12	2	15	15	0	14	11	3	21	21	0	26	24	2	20	15	5	10	9	1	17	17	0	15	13	2
NC_059190.1	3010351	3010352	*	35	21	14	32	1	31	21	0	21	24	0	24	38	25	13	46	0	46	21	0	21	22	11	11	33	1	32	49	22	27	39	0	39	31	0	31	53	0	53	35	21	14	41	0	41	37	0	37	35	0	35	14	0	14	38	0	38	47	23	24
NC_059190.1	3012287	3012288	*	19	17	2	14	14	0	15	15	0	15	14	1	15	15	0	14	13	1	11	11	0	19	17	2	21	20	1	11	10	1	19	19	0	12	11	1	10	9	1	17	16	1	19	18	1	19	18	1	16	15	1	33	32	1	15	15	0	18	18	0
NC_059190.1	3087737	3087738	*	13	6	7	16	13	3	16	16	0	12	10	2	18	17	1	13	12	1	13	5	8	13	13	0	18	17	1	12	12	0	22	21	1	21	19	2	25	24	1	20	19	1	22	22	0	17	17	0	23	22	1	13	12	1	16	15	1	19	18	1
NC_059190.1	3104932	3104933	*	18	17	1	11	10	1	14	12	2	11	11	0	13	12	1	18	17	1	13	12	1	18	17	1	17	16	1	13	13	0	18	17	1	24	24	0	15	14	1	12	11	1	18	17	1	17	17	0	22	20	2	11	11	0	17	15	2	13	12	1
NC_059190.1	3104949	3104950	*	18	17	1	11	11	0	10	8	2	13	11	2	12	11	1	19	17	2	11	11	0	15	14	1	16	16	0	12	12	0	17	15	2	24	21	3	14	11	3	13	13	0	16	14	2	20	20	0	21	19	2	11	9	2	17	15	2	14	12	2
NC_059190.1	3143588	3143589	*	15	13	2	21	20	1	13	13	0	22	20	2	20	20	0	17	17	0	16	16	0	17	17	0	16	14	2	12	12	0	14	14	0	31	28	3	23	23	0	17	17	0	31	31	0	18	17	1	25	24	1	12	12	0	33	32	1	19	17	2
NC_059190.1	3147709	3147710	*	26	22	4	26	24	2	15	15	0	15	15	0	13	12	1	19	18	1	18	18	0	19	17	2	13	13	0	28	26	2	23	23	0	24	22	2	27	26	1	26	25	1	29	24	5	27	26	1	17	16	1	23	21	2	18	18	0	21	20	1
NC_059190.1	3239440	3239441	*	19	12	7	20	8	12	31	10	21	21	14	7	21	15	6	27	18	9	28	14	14	15	5	10	24	6	18	21	14	7	32	18	14	22	10	12	31	12	19	11	3	8	10	0	10	19	1	18	31	18	13	38	12	26	28	13	15	13	7	6
NC_059190.1	3245854	3245855	*	12	12	0	20	18	2	21	20	1	20	20	0	15	14	1	16	16	0	12	11	1	17	16	1	14	13	1	16	16	0	21	21	0	18	18	0	19	19	0	16	14	2	23	23	0	18	18	0	19	18	1	12	11	1	16	16	0	11	10	1
NC_059190.1	3310394	3310395	*	13	6	7	19	0	19	15	0	15	15	0	15	12	0	12	14	0	14	14	0	14	18	0	18	14	0	14	20	1	19	12	0	12	13	0	13	14	0	14	21	0	21	25	0	25	16	0	16	19	0	19	17	0	17	17	0	17	13	0	13
NC_059190.1	3310432	3310433	*	13	11	2	16	16	0	13	12	1	16	16	0	13	12	1	16	14	2	15	15	0	19	18	1	11	11	0	17	15	2	15	12	3	14	13	1	19	18	1	22	22	0	21	20	1	20	20	0	17	15	2	14	14	0	17	17	0	11	11	0
NC_059190.1	3566888	3566889	*	17	16	1	23	17	6	18	8	10	20	20	0	12	12	0	17	17	0	18	18	0	14	14	0	23	22	1	24	23	1	23	22	1	21	21	0	27	26	1	29	28	1	21	20	1	27	26	1	34	34	0	35	34	1	18	17	1	11	11	0
NC_059190.1	3608992	3608993	*	17	10	7	25	22	3	10	1	9	10	0	10	10	0	10	17	8	9	17	0	17	11	2	9	12	6	6	13	0	13	13	9	4	16	10	6	14	14	0	17	14	3	10	0	10	17	10	7	17	5	12	24	22	2	13	0	13	11	5	6
NC_059190.1	3622411	3622412	*	28	26	2	20	18	2	14	11	3	23	21	2	21	20	1	20	19	1	14	12	2	13	12	1	17	14	3	21	20	1	32	30	2	25	22	3	34	32	2	20	16	4	28	25	3	20	18	2	18	17	1	11	11	0	21	18	3	28	26	2
NC_059190.1	3622433	3622434	*	27	27	0	19	18	1	12	11	1	22	22	0	21	21	0	18	16	2	15	15	0	16	16	0	16	14	2	20	20	0	31	30	1	21	21	0	31	30	1	22	21	1	28	26	2	22	20	2	16	16	0	12	12	0	17	17	0	25	25	0
NC_059190.1	3622445	3622446	*	29	29	0	19	19	0	12	12	0	23	21	2	21	21	0	17	17	0	18	16	2	17	17	0	14	14	0	22	22	0	31	30	1	22	22	0	27	26	1	21	19	2	28	26	2	21	19	2	16	16	0	12	12	0	18	18	0	26	25	1
NC_059190.1	3797474	3797475	*	17	16	1	15	15	0	13	13	0	14	11	3	17	15	2	16	14	2	11	9	2	18	17	1	11	10	1	16	15	1	13	13	0	11	11	0	23	22	1	19	18	1	20	18	2	25	24	1	12	12	0	19	17	2	15	14	1	17	16	1
NC_059190.1	4413440	4413441	*	24	3	21	13	0	13	23	0	23	17	0	17	10	0	10	13	0	13	11	0	11	14	0	14	12	0	12	35	0	35	20	0	20	17	0	17	21	0	21	12	0	12	21	0	21	16	0	16	15	0	15	15	0	15	25	0	25	12	0	12
NC_059190.1	5036396	5036397	*	51	5	46	33	0	33	25	1	24	16	0	16	56	0	56	20	0	20	32	0	32	10	0	10	23	0	23	30	0	30	57	0	57	32	1	31	37	13	24	42	1	41	27	0	27	20	0	20	33	0	33	34	0	34	51	0	51	19	0	19
NC_059190.1	5671662	5671663	*	18	17	1	16	13	3	17	13	4	11	5	6	16	13	3	22	16	6	16	11	5	19	12	7	15	12	3	13	10	3	18	14	4	21	16	5	12	10	2	17	11	6	11	4	7	19	18	1	15	10	5	12	10	2	22	17	5	19	8	11
NC_059190.1	6943307	6943308	*	20	8	12	23	0	23	33	7	26	48	3	45	13	4	9	60	9	51	44	7	37	20	1	19	23	6	17	29	2	27	25	3	22	25	4	21	24	10	14	51	6	45	52	6	46	26	7	19	45	6	39	44	4	40	24	7	17	35	6	29
NC_059190.1	6943325	6943326	*	20	8	12	23	0	23	32	7	25	48	3	45	13	5	8	61	10	51	43	7	36	20	2	18	23	5	18	29	0	29	25	3	22	25	4	21	23	10	13	49	9	40	48	6	42	26	8	18	42	5	37	43	5	38	23	6	17	34	5	29
NC_059190.1	9313237	9313238	*	63	8	55	69	6	63	41	5	36	50	5	45	55	7	48	49	12	37	55	2	53	35	4	31	60	4	56	33	7	26	58	17	41	51	0	51	66	17	49	75	12	63	82	17	65	45	1	44	70	25	45	68	19	49	45	7	38	59	6	53
NC_059190.1	10174202	10174203	*	16	15	1	13	12	1	19	17	2	13	12	1	11	9	2	17	16	1	20	18	2	16	9	7	11	11	0	12	11	1	22	9	13	17	12	5	17	17	0	30	30	0	20	17	3	15	14	1	12	10	2	24	22	2	16	16	0	18	15	3
NC_059190.1	10174235	10174236	*	19	17	2	16	13	3	23	22	1	13	13	0	14	14	0	17	17	0	21	21	0	18	18	0	11	11	0	14	14	0	26	25	1	16	15	1	21	20	1	31	31	0	25	24	1	15	13	2	13	12	1	22	20	2	16	16	0	16	14	2
NC_059190.1	10174279	10174280	*	23	14	9	22	16	6	27	20	7	16	15	1	18	17	1	22	19	3	23	15	8	19	14	5	13	9	4	21	19	2	26	21	5	18	16	2	29	23	6	41	29	12	30	27	3	18	12	6	12	11	1	20	15	5	19	13	6	22	17	5
NC_059190.1	10174318	10174319	*	27	8	19	21	19	2	23	21	2	13	11	2	21	17	4	22	22	0	18	18	0	19	11	8	16	14	2	22	21	1	29	25	4	19	10	9	32	29	3	37	35	2	34	29	5	26	22	4	15	14	1	16	13	3	25	23	2	24	23	1
NC_059190.1	10174433	10174434	*	21	17	4	21	19	2	15	9	6	15	14	1	12	12	0	22	21	1	18	18	0	17	15	2	20	20	0	19	18	1	25	22	3	21	21	0	24	23	1	22	22	0	30	29	1	20	20	0	13	13	0	12	12	0	24	24	0	12	11	1
NC_059190.1	10182747	10182748	*	22	17	5	21	20	1	16	14	2	14	13	1	15	6	9	17	13	4	14	11	3	12	12	0	13	11	2	24	21	3	21	15	6	27	23	4	31	25	6	26	18	8	20	17	3	23	21	2	22	18	4	27	26	1	24	23	1	25	22	3
NC_059190.1	10209568	10209569	*	19	18	1	19	17	2	19	18	1	11	11	0	11	9	2	16	13	3	18	18	0	10	9	1	19	19	0	16	14	2	24	24	0	21	19	2	25	24	1	22	19	3	25	22	3	21	21	0	21	20	1	11	11	0	15	14	1	19	18	1
NC_059191.1	37856	37857	*	19	18	1	24	24	0	10	10	0	18	18	0	10	10	0	32	31	1	19	19	0	20	17	3	17	17	0	20	20	0	28	28	0	14	13	1	23	22	1	23	22	1	33	33	0	24	22	2	18	17	1	13	13	0	26	24	2	24	24	0
NC_059191.1	50835	50836	*	18	9	9	17	6	11	17	5	12	14	0	14	19	4	15	25	0	25	15	0	15	14	0	14	12	2	10	12	6	6	15	0	15	10	0	10	12	3	9	25	0	25	14	8	6	11	0	11	22	0	22	12	0	12	21	7	14	20	5	15
NC_059191.1	115255	115256	*	18	7	11	20	5	15	17	0	17	20	8	12	16	7	9	12	0	12	16	0	16	19	0	19	18	9	9	11	6	5	20	0	20	20	0	20	18	13	5	22	1	21	23	0	23	15	0	15	15	0	15	10	0	10	20	12	8	16	6	10
NC_059191.1	115277	115278	*	17	8	9	18	6	12	17	0	17	18	8	10	15	5	10	11	0	11	18	0	18	16	0	16	17	8	9	10	6	4	18	0	18	20	0	20	14	11	3	19	0	19	21	0	21	14	0	14	13	0	13	11	0	11	18	8	10	14	5	9
NC_059191.1	117218	117219	*	16	9	7	20	7	13	11	6	5	17	17	0	12	11	1	19	19	0	21	21	0	13	9	4	16	13	3	11	5	6	13	13	0	17	10	7	16	11	5	14	8	6	17	5	12	19	17	2	21	20	1	57	53	4	24	12	12	16	8	8
NC_059191.1	117221	117222	*	16	9	7	20	7	13	11	6	5	17	17	0	12	10	2	19	19	0	22	22	0	13	9	4	16	12	4	11	5	6	13	13	0	18	11	7	17	12	5	15	8	7	17	6	11	19	19	0	21	19	2	61	57	4	24	12	12	14	5	9
NC_059191.1	117400	117401	*	17	16	1	13	12	1	10	10	0	11	11	0	14	14	0	25	22	3	15	15	0	11	11	0	15	13	2	11	11	0	21	19	2	19	16	3	21	20	1	10	8	2	19	19	0	15	15	0	15	14	1	51	50	1	13	13	0	16	16	0
NC_059191.1	117406	117407	*	18	17	1	13	11	2	11	11	0	12	10	2	15	15	0	23	20	3	13	13	0	10	9	1	14	14	0	11	10	1	22	21	1	19	14	5	21	20	1	11	9	2	19	19	0	16	15	1	15	15	0	50	46	4	14	13	1	17	15	2
NC_059191.1	167178	167179	*	20	19	1	15	15	0	11	10	1	15	14	1	16	14	2	20	18	2	20	18	2	18	17	1	11	11	0	14	12	2	19	19	0	15	15	0	21	21	0	13	12	1	24	23	1	16	15	1	22	20	2	29	27	2	18	18	0	19	18	1
NC_059191.1	170661	170662	*	15	8	7	13	13	0	15	15	0	18	14	4	10	9	1	16	6	10	16	4	12	15	0	15	11	5	6	19	9	10	18	8	10	12	0	12	13	7	6	20	11	9	16	1	15	13	0	13	16	5	11	22	13	9	16	7	9	17	9	8
NC_059191.1	230935	230936	*	17	16	1	13	13	0	14	14	0	16	15	1	14	10	4	22	22	0	18	18	0	12	11	1	12	12	0	23	22	1	23	22	1	19	19	0	21	21	0	23	23	0	27	27	0	25	24	1	21	21	0	18	18	0	20	20	0	17	16	1
NC_059191.1	230941	230942	*	18	17	1	13	13	0	14	13	1	16	15	1	14	14	0	22	21	1	19	18	1	12	12	0	11	11	0	23	22	1	23	21	2	20	20	0	20	18	2	24	23	1	28	25	3	24	21	3	21	21	0	19	19	0	19	19	0	17	15	2
NC_059191.1	230955	230956	*	16	7	9	14	5	9	15	8	7	16	7	9	14	4	10	23	23	0	19	19	0	12	12	0	12	0	12	21	10	11	25	12	13	21	12	9	23	0	23	24	13	11	27	27	0	24	22	2	20	9	11	21	21	0	17	9	8	19	0	19
NC_059191.1	230972	230973	*	17	14	3	17	12	5	14	13	1	16	15	1	11	11	0	24	21	3	18	16	2	12	11	1	11	11	0	21	19	2	24	21	3	22	21	1	21	8	13	20	20	0	26	24	2	24	22	2	22	22	0	21	21	0	17	14	3	19	7	12
NC_059191.1	239460	239461	*	23	10	13	19	19	0	21	20	1	18	17	1	18	18	0	35	20	15	16	8	8	13	6	7	12	11	1	20	19	1	27	27	0	21	21	0	27	26	1	24	23	1	14	13	1	21	12	9	11	3	8	19	8	11	25	25	0	18	15	3
NC_059191.1	239484	239485	*	23	6	17	18	17	1	19	9	10	19	18	1	17	16	1	32	18	14	19	12	7	12	6	6	16	15	1	22	22	0	24	23	1	24	23	1	25	15	10	22	21	1	12	7	5	22	13	9	11	2	9	29	12	17	22	21	1	16	13	3
NC_059191.1	239622	239623	*	24	21	3	18	17	1	18	18	0	17	17	0	14	13	1	22	21	1	11	11	0	10	10	0	18	18	0	17	16	1	27	26	1	19	17	2	21	20	1	24	24	0	23	21	2	27	25	2	20	19	1	31	30	1	23	22	1	13	12	1
NC_059191.1	239686	239687	*	20	18	2	15	14	1	15	14	1	20	18	2	12	11	1	14	13	1	13	11	2	12	12	0	17	16	1	13	11	2	27	25	2	26	23	3	23	22	1	28	26	2	32	31	1	28	28	0	29	28	1	20	18	2	26	26	0	21	21	0
NC_059191.1	294014	294015	*	16	16	0	14	12	2	15	14	1	11	9	2	10	9	1	18	18	0	13	10	3	16	14	2	11	10	1	10	10	0	17	17	0	21	21	0	11	11	0	11	11	0	17	17	0	16	14	2	21	20	1	19	19	0	21	20	1	16	14	2
NC_059191.1	474741	474742	*	15	13	2	27	24	3	18	16	2	16	16	0	13	13	0	16	14	2	13	13	0	14	14	0	14	13	1	15	15	0	21	20	1	23	22	1	13	12	1	25	23	2	18	17	1	16	15	1	15	15	0	18	18	0	22	21	1	16	13	3
NC_059191.1	474806	474807	*	13	5	8	26	11	15	18	10	8	19	16	3	16	9	7	15	6	9	15	5	10	15	0	15	17	6	11	14	12	2	21	15	6	22	10	12	15	8	7	29	0	29	18	6	12	18	0	18	15	6	9	12	9	3	25	19	6	19	6	13
NC_059191.1	474834	474835	*	15	12	3	28	28	0	21	18	3	21	17	4	17	15	2	15	12	3	15	13	2	16	14	2	17	15	2	18	17	1	21	21	0	21	18	3	16	16	0	26	22	4	22	21	1	20	18	2	18	17	1	11	10	1	28	27	1	21	18	3
NC_059191.1	476918	476919	*	20	19	1	15	14	1	13	13	0	13	13	0	13	12	1	13	13	0	13	12	1	16	16	0	21	20	1	19	19	0	19	17	2	19	19	0	18	17	1	22	22	0	16	16	0	17	17	0	17	17	0	13	12	1	26	26	0	15	13	2
NC_059191.1	476928	476929	*	20	18	2	15	13	2	13	12	1	17	17	0	14	10	4	15	15	0	13	13	0	18	18	0	20	18	2	21	21	0	19	17	2	19	18	1	18	18	0	26	23	3	18	17	1	19	18	1	18	17	1	12	11	1	29	26	3	15	13	2
NC_059191.1	476999	477000	*	29	13	16	19	16	3	14	4	10	18	14	4	19	10	9	20	3	17	15	9	6	24	17	7	12	10	2	27	16	11	21	7	14	23	18	5	23	21	2	26	14	12	27	19	8	29	27	2	20	16	4	13	7	6	29	17	12	25	22	3
NC_059191.1	526580	526581	*	12	12	0	11	11	0	13	12	1	18	17	1	10	10	0	15	12	3	13	13	0	16	15	1	11	10	1	11	11	0	11	10	1	16	14	2	10	8	2	19	15	4	16	13	3	14	14	0	15	13	2	24	22	2	10	9	1	16	14	2
NC_059191.1	544655	544656	*	11	10	1	11	6	5	12	7	5	12	2	10	10	5	5	11	8	3	10	5	5	15	10	5	12	6	6	10	4	6	20	13	7	10	5	5	11	7	4	13	8	5	18	11	7	14	12	2	15	12	3	18	11	7	16	10	6	11	5	6
NC_059191.1	545058	545059	*	24	7	17	23	9	14	20	1	19	18	0	18	12	3	9	31	8	23	11	3	8	16	4	12	20	6	14	25	8	17	32	12	20	21	9	12	18	5	13	22	14	8	26	6	20	28	9	19	23	9	14	10	0	10	24	1	23	15	4	11
NC_059191.1	545076	545077	*	22	7	15	23	5	18	18	0	18	16	0	16	11	4	7	28	6	22	14	4	10	15	3	12	19	5	14	27	9	18	33	13	20	24	8	16	20	5	15	22	11	11	24	6	18	29	8	21	24	7	17	12	0	12	26	1	25	15	2	13
NC_059191.1	607004	607005	*	21	19	2	14	13	1	10	10	0	14	13	1	11	11	0	14	14	0	11	11	0	12	12	0	17	17	0	23	23	0	19	18	1	16	15	1	25	24	1	12	12	0	18	17	1	16	16	0	20	20	0	24	22	2	13	13	0	12	12	0
NC_059191.1	613172	613173	*	11	10	1	18	18	0	12	12	0	14	14	0	10	10	0	20	19	1	16	16	0	13	12	1	22	22	0	13	13	0	19	19	0	23	23	0	15	15	0	21	20	1	19	17	2	31	30	1	11	10	1	10	9	1	27	27	0	21	20	1
NC_059191.1	771630	771631	*	19	17	2	18	17	1	15	14	1	13	13	0	13	5	8	19	19	0	16	14	2	12	10	2	18	17	1	12	12	0	17	17	0	20	19	1	22	22	0	14	10	4	22	22	0	18	16	2	13	13	0	14	13	1	14	8	6	17	17	0
NC_059191.1	1015008	1015009	*	11	11	0	16	14	2	14	13	1	20	18	2	19	18	1	11	10	1	18	17	1	16	14	2	16	16	0	22	22	0	21	20	1	10	10	0	14	13	1	20	18	2	18	18	0	23	23	0	20	20	0	20	20	0	16	15	1	17	17	0
NC_059191.1	1015021	1015022	*	10	10	0	15	5	10	15	14	1	19	19	0	21	19	2	12	12	0	18	17	1	16	0	16	16	16	0	23	23	0	20	17	3	15	5	10	13	12	1	19	17	2	20	19	1	25	24	1	21	9	12	19	19	0	16	16	0	18	9	9
NC_059191.1	1015126	1015127	*	22	21	1	16	16	0	15	13	2	24	23	1	24	24	0	21	17	4	26	25	1	17	17	0	18	18	0	27	25	2	19	19	0	27	27	0	19	18	1	25	24	1	32	31	1	14	13	1	22	22	0	13	13	0	28	26	2	24	23	1
NC_059191.1	1015213	1015214	*	25	23	2	16	16	0	15	15	0	22	22	0	24	23	1	22	20	2	20	20	0	17	15	2	14	14	0	27	27	0	29	29	0	29	27	2	23	22	1	25	24	1	36	36	0	15	15	0	22	22	0	14	14	0	27	26	1	22	22	0
NC_059191.1	1457176	1457177	*	23	21	2	20	19	1	12	11	1	13	13	0	29	27	2	22	21	1	22	20	2	11	10	1	19	17	2	25	23	2	27	27	0	20	17	3	22	21	1	25	25	0	29	28	1	21	21	0	12	11	1	11	10	1	29	27	2	12	9	3
NC_059191.1	1688455	1688456	*	28	24	4	39	33	6	20	17	3	17	11	6	15	14	1	28	26	2	14	13	1	26	25	1	18	16	2	20	14	6	14	5	9	17	15	2	21	18	3	25	21	4	22	14	8	26	24	2	17	13	4	30	25	5	15	11	4	21	20	1
NC_059191.1	1860061	1860062	*	30	19	11	23	23	0	24	21	3	19	19	0	12	10	2	26	25	1	12	11	1	12	11	1	16	15	1	18	18	0	26	25	1	18	17	1	26	25	1	21	16	5	24	24	0	28	27	1	29	26	3	22	20	2	28	27	1	14	14	0
NC_059191.1	1860100	1860101	*	34	33	1	25	23	2	25	22	3	20	16	4	13	12	1	27	26	1	19	19	0	13	12	1	15	14	1	17	16	1	25	24	1	20	19	1	30	27	3	28	25	3	30	30	0	26	23	3	31	26	5	20	20	0	29	25	4	18	17	1
NC_059191.1	1860130	1860131	*	36	35	1	22	21	1	26	24	2	18	16	2	16	15	1	26	26	0	20	19	1	12	12	0	17	16	1	14	14	0	27	26	1	24	22	2	30	29	1	32	31	1	32	31	1	28	26	2	30	28	2	14	14	0	29	27	2	23	23	0
NC_059191.1	1860200	1860201	*	40	25	15	25	20	5	23	18	5	23	12	11	16	15	1	36	25	11	24	15	9	15	11	4	20	14	6	28	23	5	29	24	5	32	24	8	28	22	6	46	32	14	43	34	9	39	26	13	31	18	13	17	11	6	30	21	9	24	12	12
NC_059191.1	1860279	1860280	*	38	38	0	20	17	3	21	20	1	23	22	1	12	12	0	31	27	4	22	18	4	17	16	1	16	16	0	31	31	0	25	24	1	27	26	1	32	31	1	40	37	3	37	35	2	33	32	1	28	24	4	22	21	1	24	22	2	18	17	1
NC_059191.1	1860291	1860292	*	34	33	1	12	12	0	18	18	0	20	19	1	10	10	0	29	28	1	17	17	0	16	16	0	12	12	0	26	26	0	22	22	0	27	23	4	26	25	1	37	37	0	30	29	1	28	28	0	27	25	2	24	23	1	21	21	0	18	18	0
NC_059191.1	1926308	1926309	*	21	21	0	17	11	6	17	16	1	13	12	1	21	20	1	17	17	0	15	10	5	20	17	3	17	17	0	27	27	0	21	20	1	36	34	2	19	6	13	25	23	2	24	24	0	26	12	14	13	8	5	10	10	0	22	20	2	16	13	3
NC_059191.1	1954181	1954182	*	17	14	3	17	16	1	14	12	2	15	13	2	16	15	1	20	18	2	15	15	0	16	14	2	15	15	0	16	16	0	15	15	0	19	18	1	20	19	1	15	10	5	13	13	0	14	14	0	22	20	2	25	22	3	15	12	3	15	13	2
NC_059191.1	1991292	1991293	*	12	11	1	22	21	1	10	10	0	20	17	3	12	12	0	14	13	1	15	14	1	17	17	0	10	9	1	13	12	1	20	18	2	11	8	3	12	10	2	22	21	1	21	20	1	16	16	0	12	12	0	14	12	2	21	21	0	12	11	1
NC_059191.1	2402847	2402848	*	16	14	2	22	21	1	16	16	0	11	9	2	17	17	0	23	21	2	17	16	1	18	17	1	14	13	1	18	17	1	22	21	1	17	14	3	15	13	2	17	15	2	16	14	2	34	32	2	22	19	3	13	13	0	23	22	1	16	15	1
NC_059191.1	2402915	2402916	*	17	16	1	23	23	0	15	14	1	12	10	2	13	13	0	22	22	0	12	12	0	12	11	1	10	10	0	21	21	0	17	17	0	19	18	1	17	15	2	15	15	0	19	18	1	23	21	2	14	14	0	13	12	1	17	17	0	13	13	0
NC_059191.1	2407801	2407802	*	15	12	3	11	10	1	17	13	4	17	15	2	15	14	1	14	11	3	17	16	1	16	15	1	15	14	1	20	17	3	25	24	1	16	15	1	16	15	1	15	12	3	25	23	2	24	21	3	18	13	5	26	22	4	14	11	3	19	17	2
NC_059191.1	2407902	2407903	*	15	14	1	14	13	1	16	14	2	16	14	2	17	15	2	14	13	1	19	17	2	14	13	1	14	11	3	15	13	2	24	23	1	13	13	0	22	19	3	22	20	2	21	17	4	20	18	2	14	11	3	22	18	4	18	17	1	18	17	1
NC_059191.1	2407945	2407946	*	12	11	1	13	12	1	20	19	1	15	11	4	11	11	0	10	8	2	20	19	1	17	17	0	10	7	3	15	13	2	21	20	1	13	12	1	20	18	2	20	19	1	15	14	1	15	13	2	10	9	1	22	22	0	13	13	0	17	15	2
NC_059191.1	2531051	2531052	*	19	3	16	38	20	18	16	0	16	24	0	24	21	11	10	30	0	30	25	0	25	15	0	15	18	0	18	20	7	13	16	3	13	19	0	19	21	1	20	36	0	36	23	0	23	20	0	20	20	12	8	17	1	16	29	0	29	22	0	22
NC_059191.1	2589144	2589145	*	13	12	1	10	10	0	16	16	0	12	11	1	16	15	1	12	12	0	12	11	1	14	13	1	14	14	0	15	14	1	18	18	0	18	18	0	16	16	0	23	22	1	21	21	0	19	18	1	17	17	0	19	16	3	20	20	0	15	13	2
NC_059191.1	3902486	3902487	*	63	14	49	18	4	14	20	3	17	19	3	16	39	15	24	33	12	21	27	7	20	13	0	13	25	10	15	34	22	12	35	16	19	19	2	17	21	11	10	10	1	9	24	9	15	14	8	6	10	1	9	28	13	15	20	8	12	18	13	5
NC_059191.1	3907700	3907701	*	68	17	51	44	14	30	42	7	35	40	11	29	32	5	27	25	1	24	61	9	52	16	7	9	35	3	32	27	13	14	48	9	39	40	21	19	43	3	40	38	6	32	47	17	30	27	6	21	50	13	37	38	14	24	38	7	31	25	0	25
NC_059191.1	3907762	3907763	*	58	9	49	40	11	29	32	6	26	32	8	24	33	6	27	21	0	21	51	9	42	11	1	10	30	1	29	24	4	20	36	6	30	34	16	18	41	1	40	30	0	30	44	19	25	19	5	14	42	14	28	35	16	19	37	8	29	21	0	21
NC_059191.1	3907784	3907785	*	50	9	41	36	13	23	26	6	20	37	10	27	31	8	23	19	0	19	39	4	35	11	5	6	25	4	21	21	3	18	35	11	24	33	19	14	40	7	33	29	0	29	44	19	25	17	3	14	39	19	20	29	16	13	35	5	30	20	0	20
NC_059191.1	4205153	4205154	*	71	10	61	47	9	38	29	9	20	18	3	15	30	3	27	20	0	20	59	8	51	19	0	19	57	8	49	32	3	29	33	4	29	14	0	14	56	11	45	63	3	60	37	7	30	27	3	24	53	6	47	75	21	54	38	7	31	39	2	37
NC_059191.1	4252620	4252621	*	43	7	36	21	1	20	13	0	13	24	6	18	20	5	15	23	2	21	58	0	58	10	0	10	40	6	34	29	17	12	23	3	20	18	0	18	27	6	21	60	10	50	17	5	12	25	9	16	25	5	20	23	6	17	17	5	12	16	11	5
NC_059191.1	5318396	5318397	*	21	21	0	16	15	1	10	9	1	18	17	1	19	18	1	21	19	2	12	12	0	15	13	2	10	9	1	12	12	0	22	21	1	19	19	0	15	15	0	20	20	0	22	21	1	28	25	3	21	20	1	11	10	1	27	27	0	21	19	2
NC_059191.1	5455434	5455435	*	19	5	14	18	0	18	18	0	18	23	0	23	10	0	10	36	0	36	19	0	19	14	0	14	10	0	10	13	0	13	15	0	15	22	0	22	25	0	25	33	0	33	31	0	31	16	0	16	20	0	20	33	0	33	28	1	27	38	0	38
NC_059191.1	6238132	6238133	*	18	17	1	20	20	0	14	14	0	13	12	1	24	24	0	15	15	0	11	10	1	14	13	1	25	24	1	22	21	1	20	20	0	10	10	0	20	20	0	16	16	0	16	15	1	18	17	1	28	27	1	13	12	1	13	13	0	20	17	3
NC_059191.1	6238198	6238199	*	17	16	1	18	18	0	20	18	2	16	14	2	24	23	1	17	16	1	12	11	1	15	14	1	20	19	1	21	21	0	16	16	0	14	14	0	26	22	4	15	13	2	10	9	1	15	15	0	24	23	1	18	18	0	14	14	0	23	21	2
NC_059191.1	6238269	6238270	*	17	16	1	20	19	1	18	18	0	15	15	0	20	19	1	16	16	0	13	13	0	13	12	1	16	16	0	21	21	0	17	16	1	13	13	0	16	16	0	17	17	0	14	13	1	19	18	1	17	16	1	15	15	0	14	13	1	20	20	0
NC_059191.1	6238303	6238304	*	14	14	0	17	15	2	17	16	1	16	15	1	15	15	0	13	12	1	13	13	0	10	9	1	14	13	1	17	16	1	15	15	0	14	14	0	19	18	1	15	15	0	16	16	0	15	15	0	15	15	0	17	17	0	12	12	0	16	16	0
NC_059191.1	6610919	6610920	*	17	16	1	15	15	0	13	13	0	17	15	2	17	17	0	11	11	0	19	17	2	13	11	2	24	22	2	23	22	1	22	19	3	25	21	4	15	13	2	18	18	0	23	23	0	18	18	0	14	13	1	36	23	13	20	20	0	20	20	0
NC_059191.1	6610952	6610953	*	15	15	0	17	16	1	15	14	1	15	15	0	18	16	2	19	18	1	20	19	1	12	12	0	21	20	1	23	21	2	19	17	2	25	22	3	13	13	0	19	18	1	24	24	0	20	18	2	18	17	1	39	25	14	15	15	0	23	19	4
NC_059191.1	6610961	6610962	*	15	14	1	17	16	1	13	11	2	15	15	0	19	19	0	19	18	1	20	18	2	11	11	0	20	19	1	23	22	1	19	17	2	24	21	3	13	13	0	17	16	1	24	24	0	20	18	2	17	16	1	38	25	13	13	13	0	25	22	3
NC_059191.1	6611072	6611073	*	10	9	1	16	13	3	15	15	0	16	16	0	20	19	1	28	23	5	14	14	0	16	15	1	13	12	1	24	22	2	22	21	1	21	20	1	19	17	2	20	17	3	26	25	1	24	23	1	25	24	1	24	21	3	13	13	0	26	24	2
NC_059191.1	6629629	6629630	*	25	20	5	24	23	1	18	17	1	14	14	0	17	17	0	26	25	1	20	19	1	29	28	1	17	17	0	18	18	0	27	26	1	17	17	0	17	15	2	25	24	1	31	25	6	27	27	0	39	34	5	34	32	2	18	17	1	17	13	4
NC_059191.1	6642951	6642952	*	20	20	0	14	13	1	19	17	2	14	14	0	14	14	0	15	15	0	16	15	1	14	14	0	21	21	0	19	19	0	28	28	0	21	20	1	19	19	0	23	23	0	30	30	0	20	20	0	17	16	1	10	10	0	24	24	0	26	26	0
NC_059191.1	6852064	6852065	*	20	16	4	19	15	4	14	9	5	10	10	0	23	19	4	18	14	4	20	13	7	24	20	4	17	14	3	22	21	1	19	17	2	18	15	3	25	18	7	28	22	6	18	14	4	22	18	4	16	12	4	24	20	4	21	16	5	22	17	5
NC_059191.1	7101223	7101224	*	19	16	3	16	12	4	15	15	0	13	13	0	11	10	1	14	14	0	23	19	4	12	11	1	16	15	1	20	19	1	19	19	0	18	17	1	13	11	2	24	23	1	22	18	4	22	20	2	18	14	4	12	11	1	16	16	0	21	20	1
NC_059191.1	7174608	7174609	*	22	19	3	14	12	2	12	10	2	21	16	5	14	14	0	23	20	3	19	17	2	19	17	2	17	14	3	16	14	2	29	23	6	15	15	0	24	18	6	25	21	4	26	19	7	24	21	3	14	10	4	18	17	1	13	11	2	33	25	8
NC_059191.1	7174623	7174624	*	20	17	3	14	11	3	12	10	2	21	17	4	14	13	1	22	17	5	21	16	5	18	16	2	17	8	9	14	12	2	26	22	4	16	14	2	25	18	7	25	19	6	28	18	10	24	20	4	15	10	5	17	14	3	13	11	2	30	22	8
NC_059191.1	7179542	7179543	*	15	4	11	18	3	15	17	1	16	16	0	16	13	0	13	13	0	13	15	0	15	15	1	14	17	0	17	15	1	14	18	2	16	22	0	22	20	0	20	15	2	13	17	1	16	16	0	16	14	0	14	10	1	9	20	0	20	19	0	19
NC_059191.1	7386430	7386431	*	14	4	10	18	7	11	20	5	15	11	4	7	16	9	7	13	3	10	17	5	12	18	10	8	15	5	10	17	7	10	19	7	12	21	9	12	25	8	17	26	5	21	31	13	18	16	5	11	31	20	11	15	5	10	16	4	12	21	9	12
NC_059191.1	7651584	7651585	*	19	13	6	27	8	19	30	18	12	46	12	34	13	8	5	32	15	17	15	5	10	11	4	7	11	0	11	25	9	16	23	18	5	28	13	15	16	8	8	22	14	8	31	12	19	24	8	16	36	11	25	15	8	7	22	9	13	23	7	16
NC_059191.1	7651620	7651621	*	21	7	14	30	2	28	25	12	13	55	4	51	12	1	11	31	7	24	21	4	17	13	1	12	15	1	14	25	3	22	26	18	8	39	11	28	15	5	10	23	5	18	48	2	46	37	3	34	38	6	32	16	6	10	26	6	20	24	4	20
NC_059191.1	7651756	7651757	*	27	8	19	38	4	34	22	0	22	70	1	69	16	0	16	34	0	34	29	0	29	27	0	27	30	0	30	26	0	26	34	6	28	53	0	53	25	0	25	30	0	30	62	6	56	63	4	59	43	6	37	16	2	14	42	4	38	29	0	29
NC_059191.1	7651770	7651771	*	24	5	19	34	4	30	19	0	19	72	0	72	18	8	10	36	5	31	29	2	27	29	0	29	29	0	29	28	4	24	33	12	21	57	1	56	26	6	20	33	1	32	64	8	56	64	6	58	44	7	37	17	6	11	41	3	38	29	2	27
NC_059191.1	7797558	7797559	*	21	19	2	23	21	2	11	11	0	15	15	0	15	14	1	14	12	2	18	16	2	12	12	0	17	16	1	20	19	1	13	13	0	17	16	1	20	20	0	21	20	1	18	18	0	19	18	1	11	11	0	14	14	0	15	15	0	12	11	1
NC_059191.1	7965498	7965499	*	24	19	5	13	7	6	18	6	12	16	11	5	11	9	2	23	14	9	19	6	13	14	10	4	10	6	4	17	14	3	19	7	12	19	15	4	14	13	1	15	8	7	21	14	7	24	11	13	11	7	4	22	10	12	18	13	5	16	10	6
NC_059191.1	7965601	7965602	*	26	26	0	18	17	1	14	14	0	13	13	0	15	13	2	17	16	1	14	13	1	12	11	1	14	13	1	16	14	2	17	16	1	15	14	1	16	15	1	15	14	1	19	17	2	18	16	2	11	9	2	29	28	1	23	22	1	18	16	2
NC_059191.1	7970146	7970147	*	15	15	0	12	12	0	12	12	0	13	12	1	13	11	2	18	18	0	14	12	2	11	10	1	14	14	0	12	12	0	19	19	0	25	24	1	19	18	1	12	12	0	14	14	0	18	18	0	17	16	1	32	32	0	18	16	2	13	13	0
NC_059191.1	7970154	7970155	*	15	15	0	13	13	0	12	12	0	13	12	1	13	12	1	19	18	1	14	14	0	12	11	1	16	16	0	13	13	0	21	20	1	26	25	1	18	17	1	13	13	0	14	14	0	20	20	0	18	18	0	35	35	0	19	18	1	13	12	1
NC_059191.1	7993116	7993117	*	21	14	7	16	0	16	23	11	12	15	10	5	27	0	27	17	15	2	16	9	7	17	17	0	10	6	4	15	0	15	25	10	15	20	19	1	27	27	0	22	6	16	24	14	10	23	15	8	29	12	17	34	17	17	21	19	2	19	17	2
NC_059191.1	8024873	8024874	*	16	13	3	19	16	3	17	17	0	15	11	4	12	10	2	15	14	1	14	13	1	14	13	1	14	13	1	28	28	0	20	19	1	17	15	2	21	17	4	24	21	3	27	22	5	18	16	2	26	23	3	12	11	1	21	20	1	17	16	1
NC_059191.1	8066078	8066079	*	22	21	1	19	18	1	14	13	1	10	9	1	15	13	2	17	13	4	25	22	3	10	9	1	16	15	1	24	22	2	24	21	3	14	14	0	28	26	2	22	21	1	19	19	0	19	18	1	23	21	2	24	22	2	20	19	1	21	16	5
NC_059191.1	8066115	8066116	*	23	20	3	22	22	0	14	13	1	15	14	1	18	17	1	18	18	0	26	22	4	11	9	2	19	17	2	32	29	3	34	32	2	22	21	1	31	29	2	30	29	1	21	21	0	29	25	4	28	26	2	25	24	1	23	20	3	24	22	2
NC_059191.1	8066164	8066165	*	24	22	2	22	22	0	16	16	0	13	11	2	21	20	1	18	18	0	26	25	1	13	12	1	21	21	0	31	26	5	38	34	4	19	18	1	31	28	3	32	28	4	24	20	4	26	24	2	31	30	1	21	21	0	27	26	1	31	28	3
NC_059191.1	8066185	8066186	*	25	23	2	24	22	2	18	17	1	14	13	1	18	18	0	18	15	3	26	25	1	13	13	0	21	20	1	29	26	3	38	34	4	21	20	1	28	27	1	33	33	0	29	28	1	26	25	1	33	32	1	22	21	1	28	28	0	30	28	2
NC_059191.1	8341009	8341010	*	11	11	0	12	12	0	10	10	0	19	17	2	19	19	0	17	17	0	15	15	0	17	17	0	13	13	0	17	16	1	14	13	1	17	16	1	15	15	0	20	20	0	24	24	0	13	12	1	29	29	0	17	16	1	20	20	0	15	15	0
NC_059191.1	8420193	8420194	*	15	15	0	14	14	0	13	13	0	21	20	1	15	15	0	13	13	0	12	10	2	13	13	0	13	11	2	15	15	0	13	13	0	13	11	2	12	11	1	21	20	1	13	13	0	13	13	0	23	20	3	27	25	2	19	19	0	15	14	1
NC_059191.1	8420322	8420323	*	18	18	0	15	14	1	13	12	1	22	20	2	11	10	1	12	9	3	17	17	0	11	10	1	16	15	1	17	16	1	10	10	0	11	10	1	17	17	0	22	20	2	20	19	1	21	20	1	16	14	2	25	24	1	20	20	0	18	18	0
NC_059191.1	8422415	8422416	*	14	12	2	10	8	2	15	11	4	10	7	3	11	11	0	16	9	7	14	14	0	11	9	2	14	13	1	15	14	1	13	10	3	29	26	3	19	10	9	23	23	0	21	15	6	18	16	2	15	11	4	14	13	1	19	17	2	11	10	1
NC_059191.1	8425740	8425741	*	21	19	2	19	17	2	13	12	1	20	19	1	17	16	1	15	14	1	22	22	0	19	17	2	12	11	1	14	14	0	13	12	1	12	12	0	17	17	0	18	17	1	22	21	1	14	14	0	11	10	1	14	14	0	14	13	1	13	11	2
NC_059191.1	8425813	8425814	*	25	21	4	17	13	4	14	9	5	15	13	2	23	18	5	20	18	2	12	10	2	20	15	5	14	13	1	23	18	5	12	10	2	18	16	2	25	18	7	22	17	5	28	24	4	17	12	5	16	12	4	16	13	3	17	15	2	20	18	2
NC_059191.1	8425866	8425867	*	23	22	1	18	18	0	14	13	1	13	13	0	27	26	1	22	22	0	15	15	0	25	25	0	12	12	0	32	32	0	19	18	1	22	20	2	30	27	3	27	25	2	26	26	0	17	15	2	20	20	0	24	22	2	22	22	0	20	18	2
NC_059191.1	8463899	8463900	*	11	7	4	16	13	3	12	11	1	10	7	3	13	12	1	15	14	1	13	12	1	25	22	3	14	13	1	16	14	2	16	12	4	14	12	2	16	13	3	15	14	1	18	16	2	15	11	4	22	21	1	15	14	1	13	11	2	12	12	0
NC_059191.1	8463908	8463909	*	12	11	1	16	12	4	12	12	0	10	7	3	13	13	0	16	15	1	14	12	2	24	24	0	13	13	0	17	14	3	16	15	1	15	14	1	16	12	4	16	14	2	17	15	2	13	12	1	23	23	0	15	14	1	15	13	2	12	12	0
NC_059191.1	8463959	8463960	*	11	11	0	16	14	2	12	12	0	14	13	1	11	10	1	18	17	1	14	14	0	23	22	1	14	13	1	16	15	1	18	18	0	17	17	0	11	11	0	16	14	2	18	17	1	16	16	0	25	24	1	14	14	0	15	15	0	11	11	0
NC_059191.1	8710559	8710560	*	12	9	3	15	14	1	19	18	1	17	15	2	14	13	1	14	14	0	13	12	1	13	12	1	14	14	0	16	14	2	20	18	2	17	17	0	15	14	1	22	16	6	27	25	2	26	24	2	24	23	1	11	10	1	12	10	2	16	14	2
NC_059191.1	8710694	8710695	*	14	13	1	20	19	1	19	18	1	15	14	1	16	14	2	13	12	1	13	13	0	10	7	3	18	17	1	15	14	1	17	16	1	13	11	2	14	14	0	28	27	1	18	17	1	22	19	3	25	23	2	11	9	2	16	15	1	16	15	1
NC_059191.1	8787415	8787416	*	19	19	0	18	10	8	15	13	2	20	20	0	10	10	0	21	20	1	17	16	1	13	11	2	20	18	2	21	20	1	19	18	1	21	20	1	13	12	1	20	19	1	15	14	1	22	22	0	21	20	1	28	27	1	22	14	8	18	18	0
NC_059191.1	8787420	8787421	*	17	16	1	19	13	6	16	15	1	20	18	2	10	9	1	19	18	1	17	16	1	11	10	1	18	16	2	18	16	2	17	16	1	21	18	3	13	12	1	19	17	2	15	14	1	22	20	2	21	15	6	28	24	4	21	19	2	15	15	0
NC_059191.1	8822819	8822820	*	20	17	3	10	10	0	22	22	0	18	8	10	10	10	0	18	8	10	16	15	1	17	14	3	15	13	2	18	17	1	35	33	2	15	14	1	11	11	0	29	26	3	19	18	1	23	0	23	20	9	11	12	11	1	18	18	0	16	14	2
NC_059191.1	8985078	8985079	*	18	7	11	25	24	1	12	4	8	18	18	0	18	17	1	27	23	4	10	9	1	15	15	0	10	10	0	14	8	6	14	13	1	34	32	2	18	17	1	25	23	2	23	13	10	19	17	2	18	18	0	16	16	0	20	18	2	15	8	7
NC_059191.1	9002749	9002750	*	16	15	1	30	25	5	17	10	7	18	15	3	21	18	3	18	17	1	13	10	3	14	10	4	13	11	2	26	24	2	19	15	4	17	15	2	22	19	3	24	18	6	28	19	9	23	18	5	18	14	4	13	11	2	25	24	1	28	21	7
NC_059191.1	9120703	9120704	*	17	16	1	11	11	0	17	12	5	12	8	4	18	17	1	15	13	2	16	12	4	19	16	3	15	10	5	13	12	1	24	21	3	14	12	2	20	18	2	17	13	4	30	24	6	15	13	2	15	12	3	25	21	4	21	15	6	18	17	1
NC_059191.1	9120723	9120724	*	17	15	2	11	9	2	20	13	7	13	4	9	19	17	2	16	13	3	18	14	4	21	16	5	14	8	6	13	9	4	26	21	5	12	10	2	19	15	4	16	13	3	32	25	7	15	12	3	14	11	3	24	19	5	16	14	2	18	15	3
NC_059191.1	9182613	9182614	*	14	14	0	23	20	3	24	23	1	12	12	0	25	24	1	33	31	2	14	11	3	22	18	4	17	11	6	22	18	4	28	20	8	29	23	6	30	29	1	18	17	1	30	27	3	23	21	2	31	22	9	12	9	3	20	15	5	19	14	5
NC_059191.1	9182638	9182639	*	18	17	1	26	24	2	26	25	1	19	18	1	31	29	2	34	33	1	14	14	0	29	21	8	18	12	6	31	24	7	34	26	8	26	21	5	32	32	0	20	18	2	30	28	2	18	15	3	30	22	8	12	9	3	24	21	3	20	19	1
NC_059191.1	9182688	9182689	*	23	18	5	29	19	10	27	18	9	22	18	4	31	22	9	31	16	15	15	15	0	31	16	15	19	16	3	31	26	5	32	19	13	24	17	7	34	21	13	23	18	5	31	27	4	20	16	4	32	24	8	11	7	4	29	21	8	21	15	6
NC_059191.1	9182709	9182710	*	24	23	1	30	25	5	23	22	1	23	22	1	28	28	0	30	28	2	15	15	0	30	26	4	19	16	3	28	22	6	30	28	2	16	10	6	31	29	2	22	22	0	30	25	5	19	17	2	32	25	7	10	8	2	31	27	4	20	20	0
NC_059191.1	9191049	9191050	*	13	8	5	23	13	10	10	1	9	14	5	9	20	0	20	21	13	8	18	18	0	10	1	9	12	4	8	16	0	16	18	0	18	16	0	16	15	1	14	17	0	17	20	1	19	24	1	23	22	7	15	11	6	5	26	15	11	19	0	19
NC_059191.1	9191061	9191062	*	14	9	5	24	14	10	10	0	10	13	6	7	19	0	19	19	14	5	17	17	0	12	0	12	11	5	6	18	0	18	19	0	19	18	0	18	17	1	16	19	0	19	22	2	20	24	0	24	23	5	18	11	6	5	24	13	11	25	0	25
NC_059191.1	9230051	9230052	*	23	16	7	17	16	1	18	16	2	24	23	1	19	16	3	22	21	1	13	13	0	27	26	1	17	16	1	20	20	0	25	22	3	17	17	0	20	19	1	20	18	2	24	22	2	19	15	4	12	12	0	28	26	2	16	13	3	23	20	3
NC_059191.1	9230092	9230093	*	22	17	5	21	18	3	22	20	2	25	23	2	20	20	0	23	22	1	13	13	0	27	26	1	24	24	0	19	18	1	23	22	1	17	17	0	21	21	0	23	22	1	26	24	2	21	20	1	11	9	2	29	29	0	26	23	3	29	28	1
NC_059191.1	9230179	9230180	*	21	20	1	22	22	0	21	21	0	22	22	0	17	17	0	22	21	1	14	14	0	18	18	0	25	23	2	20	20	0	24	23	1	20	18	2	22	22	0	22	21	1	36	35	1	21	19	2	20	20	0	30	29	1	28	27	1	26	24	2
NC_059191.1	9236853	9236854	*	18	18	0	16	16	0	14	14	0	16	16	0	18	18	0	12	11	1	12	12	0	16	16	0	22	21	1	24	24	0	19	18	1	20	20	0	15	15	0	27	26	1	11	11	0	18	16	2	14	13	1	14	13	1	19	19	0	13	12	1
NC_059191.1	9317009	9317010	*	25	24	1	26	22	4	12	12	0	14	14	0	10	10	0	22	21	1	13	12	1	16	13	3	18	15	3	17	14	3	22	20	2	29	29	0	20	18	2	22	18	4	16	15	1	17	17	0	21	19	2	32	30	2	14	14	0	16	14	2
NC_059191.1	9317051	9317052	*	22	21	1	26	24	2	20	19	1	12	11	1	11	11	0	22	22	0	14	11	3	19	19	0	16	14	2	19	19	0	27	25	2	29	29	0	21	21	0	20	20	0	21	21	0	20	19	1	23	23	0	30	30	0	15	14	1	20	20	0
NC_059191.1	9317062	9317063	*	21	20	1	27	24	3	21	19	2	11	11	0	11	11	0	22	22	0	15	11	4	18	18	0	16	14	2	18	18	0	26	26	0	28	28	0	21	21	0	23	22	1	21	19	2	21	20	1	21	20	1	31	31	0	17	17	0	21	20	1
NC_059191.1	9317081	9317082	*	21	19	2	28	27	1	23	23	0	13	13	0	12	12	0	21	20	1	16	14	2	19	19	0	15	14	1	19	19	0	26	23	3	30	28	2	24	23	1	24	23	1	22	22	0	23	22	1	23	23	0	28	28	0	19	19	0	24	24	0
NC_059191.1	9317126	9317127	*	26	21	5	27	23	4	23	6	17	12	6	6	10	8	2	21	19	2	19	14	5	15	8	7	16	6	10	21	16	5	22	18	4	30	24	6	23	18	5	25	19	6	18	11	7	26	19	7	25	17	8	26	22	4	24	19	5	25	18	7
NC_059191.1	9317193	9317194	*	25	23	2	24	22	2	29	28	1	18	17	1	14	13	1	19	17	2	20	19	1	14	14	0	13	13	0	18	17	1	28	26	2	17	16	1	24	23	1	30	28	2	25	25	0	23	21	2	22	21	1	17	17	0	22	21	1	26	26	0
NC_059191.1	9317221	9317222	*	22	17	5	19	16	3	29	23	6	13	9	4	15	10	5	14	12	2	18	16	2	11	8	3	11	8	3	15	14	1	28	25	3	14	13	1	23	20	3	23	20	3	25	19	6	24	20	4	19	17	2	12	12	0	22	22	0	21	18	3
NC_059191.1	9345144	9345145	*	11	11	0	17	15	2	15	14	1	10	10	0	15	14	1	18	18	0	15	14	1	15	12	3	12	9	3	12	12	0	18	18	0	13	12	1	20	19	1	17	17	0	18	16	2	23	13	10	12	6	6	24	23	1	16	13	3	14	14	0
NC_059191.1	9425277	9425278	*	14	14	0	15	14	1	19	19	0	10	10	0	12	12	0	18	16	2	14	13	1	17	17	0	13	12	1	10	10	0	14	14	0	12	11	1	13	12	1	13	13	0	14	13	1	12	11	1	14	14	0	30	30	0	21	20	1	16	16	0
NC_059191.1	9489757	9489758	*	26	22	4	24	22	2	17	15	2	12	12	0	10	10	0	19	18	1	11	11	0	12	10	2	12	12	0	20	19	1	28	27	1	17	17	0	12	12	0	17	14	3	14	13	1	24	22	2	14	14	0	24	21	3	20	17	3	12	11	1
NC_059191.1	9489781	9489782	*	24	23	1	23	21	2	15	13	2	12	12	0	10	7	3	20	18	2	10	8	2	11	9	2	12	12	0	19	15	4	26	23	3	17	15	2	13	11	2	18	16	2	17	16	1	22	20	2	16	14	2	27	24	3	18	16	2	13	13	0
NC_059191.1	9489992	9489993	*	13	13	0	18	18	0	17	16	1	12	11	1	10	9	1	13	10	3	16	15	1	15	15	0	12	12	0	13	11	2	11	10	1	17	17	0	10	10	0	15	14	1	17	16	1	12	11	1	12	12	0	30	30	0	13	13	0	11	10	1
NC_059191.1	9517370	9517371	*	15	13	2	16	16	0	18	18	0	19	17	2	10	10	0	12	12	0	14	14	0	12	11	1	14	13	1	17	16	1	21	19	2	18	17	1	13	13	0	17	17	0	14	14	0	25	25	0	23	23	0	11	11	0	18	17	1	14	13	1
NC_059191.1	9517384	9517385	*	16	13	3	15	15	0	17	15	2	20	19	1	11	11	0	12	11	1	17	16	1	15	14	1	13	13	0	17	17	0	21	20	1	19	16	3	14	14	0	19	19	0	15	15	0	25	25	0	22	22	0	11	11	0	18	17	1	13	13	0
NC_059191.1	9523008	9523009	*	26	5	21	18	0	18	19	0	19	20	0	20	15	0	15	22	0	22	11	0	11	15	0	15	18	0	18	10	0	10	19	0	19	18	2	16	10	0	10	19	0	19	19	0	19	16	3	13	22	0	22	22	0	22	22	0	22	13	0	13
NC_059191.1	9523011	9523012	*	29	7	22	18	0	18	19	0	19	20	0	20	14	5	9	22	1	21	10	3	7	15	0	15	19	10	9	10	2	8	19	1	18	19	7	12	11	2	9	19	0	19	19	3	16	17	6	11	23	5	18	24	13	11	23	4	19	13	1	12
NC_059191.1	9523171	9523172	*	34	9	25	22	5	17	23	12	11	29	7	22	24	9	15	41	18	23	26	7	19	21	13	8	27	12	15	33	16	17	33	26	7	34	21	13	25	18	7	34	22	12	44	21	23	33	16	17	33	14	19	27	15	12	33	16	17	29	19	10
NC_059191.1	9523487	9523488	*	18	15	3	24	20	4	18	16	2	25	24	1	15	13	2	22	18	4	17	17	0	21	20	1	16	16	0	20	18	2	19	17	2	20	14	6	19	16	3	16	15	1	17	16	1	17	15	2	20	15	5	33	29	4	22	20	2	13	13	0
NC_059191.1	9523599	9523600	*	14	13	1	20	20	0	15	13	2	30	25	5	16	11	5	24	24	0	22	22	0	30	27	3	17	14	3	24	23	1	21	18	3	15	15	0	21	21	0	16	16	0	30	29	1	19	19	0	21	20	1	41	40	1	17	12	5	18	17	1
NC_059191.1	9523662	9523663	*	10	8	2	17	15	2	17	16	1	24	21	3	16	14	2	22	20	2	21	20	1	25	22	3	18	14	4	20	20	0	19	18	1	13	11	2	21	20	1	12	10	2	29	27	2	18	17	1	21	18	3	44	38	6	17	14	3	15	12	3
NC_059191.1	9530300	9530301	*	15	4	11	26	6	20	18	7	11	18	0	18	16	8	8	29	0	29	21	4	17	13	3	10	10	4	6	18	7	11	12	3	9	17	7	10	23	11	12	25	16	9	20	10	10	21	8	13	15	8	7	31	19	12	18	7	11	17	7	10
NC_059191.1	9579852	9579853	*	18	16	2	24	20	4	15	12	3	12	8	4	13	13	0	16	13	3	19	15	4	16	13	3	18	14	4	19	17	2	17	14	3	21	17	4	20	16	4	19	13	6	31	28	3	12	9	3	23	22	1	12	10	2	23	15	8	17	16	1
NC_059191.1	9579860	9579861	*	17	14	3	24	19	5	14	9	5	12	2	10	14	10	4	17	11	6	18	11	7	17	12	5	17	12	5	20	12	8	17	12	5	20	15	5	18	12	6	19	12	7	30	19	11	13	7	6	21	16	5	11	8	3	21	13	8	16	14	2
NC_059191.1	9579908	9579909	*	14	13	1	18	17	1	13	12	1	13	12	1	13	13	0	15	15	0	18	17	1	21	21	0	14	14	0	14	14	0	17	16	1	15	14	1	22	21	1	24	23	1	23	22	1	13	13	0	18	17	1	14	13	1	20	20	0	20	20	0
NC_059191.1	9579937	9579938	*	17	17	0	17	17	0	12	9	3	13	12	1	15	15	0	13	13	0	13	13	0	18	18	0	12	11	1	17	17	0	19	18	1	14	13	1	23	22	1	20	20	0	24	24	0	13	13	0	17	15	2	14	13	1	21	20	1	20	20	0
NC_059191.1	9580098	9580099	*	18	17	1	17	16	1	15	5	10	12	9	3	20	8	12	13	6	7	21	9	12	13	8	5	13	2	11	19	19	0	26	14	12	18	17	1	19	11	8	21	9	12	31	11	20	23	23	0	11	10	1	16	15	1	24	13	11	19	9	10
NC_059191.1	9631189	9631190	*	24	10	14	24	10	14	20	20	0	19	8	11	20	10	10	13	5	8	13	8	5	13	5	8	17	17	0	25	16	9	16	16	0	26	26	0	31	30	1	26	24	2	25	24	1	20	9	11	26	25	1	10	8	2	23	21	2	26	26	0
NC_059191.1	9638266	9638267	*	13	13	0	21	16	5	12	12	0	15	15	0	18	18	0	14	12	2	12	12	0	15	14	1	12	11	1	16	15	1	17	17	0	14	12	2	22	21	1	18	15	3	16	16	0	21	20	1	21	21	0	11	11	0	22	22	0	12	11	1
NC_059191.1	9638436	9638437	*	18	18	0	23	23	0	12	12	0	10	9	1	14	14	0	15	15	0	17	15	2	21	20	1	12	12	0	19	18	1	26	26	0	18	18	0	32	32	0	20	19	1	21	21	0	21	21	0	24	24	0	11	9	2	15	15	0	15	14	1
NW_025533118.1	1858865	1858866	*	51	8	43	28	0	28	38	4	34	52	5	47	14	3	11	60	8	52	47	9	38	14	2	12	28	5	23	26	4	22	47	10	37	23	3	20	41	11	30	44	4	40	70	7	63	30	6	24	49	6	43	89	5	84	23	1	22	55	6	49
NW_025533124.1	202212	202213	*	42	5	37	28	0	28	27	7	20	24	0	24	20	0	20	38	1	37	16	9	7	20	0	20	25	0	25	40	0	40	28	0	28	26	10	16	31	0	31	25	8	17	31	1	30	26	0	26	21	0	21	11	0	11	19	0	19	34	8	26
NW_025533124.1	202247	202248	*	42	6	36	30	0	30	31	9	22	30	0	30	20	0	20	42	0	42	17	11	6	22	4	18	24	0	24	37	0	37	28	0	28	27	10	17	33	0	33	29	10	19	30	0	30	30	0	30	21	0	21	11	0	11	24	0	24	39	0	39
NW_025533124.1	202282	202283	*	37	6	31	32	0	32	27	0	27	32	0	32	20	0	20	40	0	40	17	10	7	19	3	16	23	4	19	38	1	37	28	1	27	29	10	19	32	0	32	25	2	23	31	0	31	31	0	31	21	0	21	11	0	11	23	0	23	40	0	40
NW_025533126.1	218671	218672	*	27	3	24	18	2	16	13	2	11	18	0	18	10	0	10	15	0	15	14	1	13	11	0	11	10	0	10	15	1	14	17	7	10	16	1	15	18	0	18	18	5	13	17	5	12	17	1	16	16	0	16	15	0	15	20	5	15	11	1	10
NW_025533127.1	154360	154361	*	19	17	2	15	12	3	21	17	4	15	11	4	16	11	5	14	13	1	13	6	7	19	16	3	17	11	6	14	10	4	24	21	3	18	16	2	12	12	0	20	10	10	25	21	4	28	25	3	20	19	1	11	9	2	24	23	1	25	22	3
NW_025533127.1	279023	279024	*	15	15	0	18	18	0	14	14	0	21	19	2	12	12	0	22	21	1	14	13	1	19	18	1	14	14	0	14	14	0	24	23	1	26	26	0	17	17	0	17	17	0	16	16	0	13	13	0	19	19	0	27	27	0	11	11	0	16	15	1
NW_025533127.1	280936	280937	*	16	14	2	22	20	2	13	12	1	13	12	1	12	12	0	12	11	1	17	15	2	15	13	2	10	9	1	21	19	2	18	17	1	18	17	1	22	22	0	18	16	2	15	15	0	19	19	0	12	11	1	18	16	2	11	11	0	12	6	6
NW_025533127.1	281006	281007	*	19	19	0	25	23	2	18	18	0	14	13	1	15	15	0	14	14	0	26	24	2	15	14	1	10	10	0	24	22	2	22	22	0	24	22	2	23	23	0	21	21	0	21	21	0	27	26	1	14	14	0	20	20	0	16	16	0	18	18	0
NW_025533127.1	281019	281020	*	19	18	1	25	22	3	18	18	0	14	7	7	15	15	0	16	8	8	26	22	4	14	6	8	10	9	1	24	22	2	22	22	0	23	22	1	24	24	0	21	21	0	20	16	4	26	26	0	15	13	2	19	19	0	17	17	0	19	17	2
NW_025533130.1	221278	221279	*	44	7	37	20	3	17	24	0	24	32	8	24	31	4	27	33	4	29	31	6	25	28	9	19	33	6	27	23	0	23	48	13	35	13	0	13	46	7	39	36	5	31	21	1	20	34	2	32	36	3	33	22	0	22	27	2	25	22	3	19
NW_025533130.1	221300	221301	*	43	7	36	23	3	20	25	0	25	32	8	24	33	6	27	33	3	30	29	6	23	30	9	21	34	5	29	24	0	24	48	13	35	18	0	18	50	8	42	35	3	32	23	2	21	34	3	31	32	3	29	24	0	24	28	1	27	22	4	18
NW_025533130.1	221387	221388	*	34	3	31	17	2	15	20	3	17	28	2	26	31	4	27	25	5	20	17	3	14	22	4	18	30	0	30	23	0	23	36	8	28	15	0	15	47	6	41	21	2	19	17	0	17	25	4	21	27	1	26	24	0	24	21	1	20	22	3	19
NW_025533130.1	221451	221452	*	25	9	16	20	1	19	19	2	17	17	0	17	26	3	23	21	6	15	14	1	13	14	0	14	26	3	23	25	0	25	31	7	24	14	0	14	45	7	38	27	2	25	16	0	16	21	1	20	22	1	21	27	0	27	26	0	26	18	2	16
NW_025533130.1	221473	221474	*	19	6	13	18	1	17	17	2	15	18	3	15	23	3	20	20	4	16	13	1	12	12	0	12	25	3	22	26	0	26	28	6	22	12	1	11	40	8	32	26	1	25	14	0	14	17	2	15	20	2	18	27	0	27	21	0	21	15	2	13
NW_025533130.1	238140	238141	*	45	10	35	29	7	22	19	9	10	24	11	13	32	6	26	22	7	15	45	2	43	20	7	13	22	8	14	39	0	39	48	20	28	16	2	14	48	25	23	33	0	33	15	7	8	26	2	24	18	13	5	28	12	16	12	4	8	28	6	22
NW_025533130.1	239227	239228	*	34	3	31	18	1	17	17	1	16	28	2	26	55	3	52	40	0	40	46	2	44	26	2	24	22	3	19	40	0	40	33	3	30	29	0	29	13	0	13	18	0	18	37	1	36	13	0	13	22	0	22	42	0	42	22	3	19	32	0	32
NW_025533132.1	80513	80514	*	53	7	46	27	0	27	31	7	24	23	1	22	43	1	42	19	1	18	23	3	20	26	0	26	17	0	17	53	0	53	39	0	39	17	0	17	39	1	38	61	0	61	18	0	18	24	0	24	19	2	17	38	1	37	23	0	23	24	0	24
NW_025533136.1	17625	17626	*	35	10	25	30	0	30	15	0	15	24	0	24	17	0	17	13	0	13	19	0	19	35	0	35	50	0	50	37	4	33	23	0	23	13	0	13	34	0	34	10	0	10	44	0	44	26	0	26	38	0	38	32	0	32	21	0	21	35	0	35
NW_025533136.1	17779	17780	*	43	10	33	55	1	54	22	0	22	24	0	24	22	0	22	28	0	28	26	2	24	40	0	40	61	6	55	67	14	53	45	2	43	29	9	20	45	0	45	25	0	25	62	1	61	45	1	44	57	0	57	47	0	47	32	3	29	50	0	50
NW_025533136.1	17801	17802	*	40	8	32	59	3	56	21	0	21	21	0	21	22	0	22	29	0	29	23	2	21	34	0	34	56	6	50	71	11	60	46	2	44	30	9	21	46	0	46	26	0	26	62	2	60	45	2	43	56	4	52	42	0	42	29	2	27	49	1	48
NW_025533136.1	17973	17974	*	44	12	32	36	1	35	14	0	14	24	0	24	20	0	20	24	0	24	28	5	23	18	0	18	53	5	48	54	5	49	39	0	39	19	8	11	51	0	51	42	0	42	40	0	40	38	1	37	56	1	55	29	0	29	28	1	27	36	3	33
NW_025533136.1	18144	18145	*	47	10	37	37	0	37	13	0	13	34	0	34	24	0	24	27	5	22	33	0	33	17	0	17	48	15	33	44	4	40	51	0	51	25	5	20	41	0	41	33	0	33	48	0	48	34	0	34	55	5	50	29	0	29	16	0	16	48	7	41
NW_025533136.1	18230	18231	*	42	21	21	28	5	23	20	0	20	28	0	28	24	0	24	25	0	25	19	0	19	15	0	15	50	18	32	35	5	30	47	0	47	21	0	21	39	0	39	20	0	20	44	0	44	29	0	29	48	2	46	22	0	22	16	0	16	42	7	35
NW_025533136.1	18316	18317	*	40	15	25	30	3	27	20	0	20	29	0	29	16	0	16	24	8	16	18	0	18	14	0	14	58	8	50	35	11	24	36	0	36	16	5	11	31	0	31	18	1	17	30	0	30	29	0	29	42	0	42	20	0	20	22	0	22	32	0	32
NW_025533136.1	18467	18468	*	33	11	22	26	0	26	16	0	16	23	0	23	17	0	17	28	0	28	17	0	17	18	0	18	53	0	53	36	4	32	38	12	26	15	6	9	27	0	27	22	0	22	30	0	30	30	0	30	36	12	24	22	0	22	23	0	23	25	0	25
NW_025533136.1	18636	18637	*	32	8	24	28	7	21	20	5	15	22	5	17	26	12	14	29	0	29	12	3	9	21	4	17	61	16	45	43	5	38	31	8	23	23	11	12	37	7	30	33	0	33	45	0	45	30	0	30	49	13	36	22	0	22	17	0	17	41	1	40
NW_025533136.1	19139	19140	*	56	17	39	22	1	21	26	0	26	33	0	33	30	0	30	25	0	25	24	0	24	14	0	14	43	6	37	41	4	37	33	0	33	19	0	19	45	0	45	26	0	26	51	0	51	31	1	30	38	0	38	11	0	11	21	0	21	40	0	40
NW_025533136.1	19161	19162	*	56	15	41	20	0	20	25	0	25	36	0	36	32	8	24	24	3	21	23	0	23	16	1	15	40	4	36	36	6	30	35	1	34	22	0	22	43	2	41	27	0	27	47	0	47	27	0	27	37	1	36	13	0	13	21	0	21	40	2	38
NW_025533136.1	25446	25447	*	30	3	27	34	2	32	16	0	16	30	0	30	11	0	11	27	0	27	35	0	35	21	1	20	14	0	14	21	2	19	29	1	28	37	4	33	47	4	43	28	7	21	28	1	27	43	1	42	22	0	22	19	1	18	68	2	66	16	1	15
NW_025533136.1	25468	25469	*	40	7	33	33	2	31	18	2	16	30	0	30	10	2	8	27	2	25	36	0	36	23	3	20	15	0	15	21	3	18	28	5	23	37	4	33	49	8	41	28	7	21	25	0	25	43	0	43	23	0	23	19	2	17	70	1	69	18	1	17
NW_025533136.1	25640	25641	*	43	10	33	39	5	34	21	0	21	23	0	23	12	2	10	22	3	19	33	2	31	25	3	22	22	2	20	30	7	23	40	10	30	17	0	17	55	13	42	43	11	32	31	0	31	28	0	28	23	0	23	22	0	22	50	4	46	21	5	16
NW_025533136.1	26241	26242	*	35	7	28	29	0	29	12	0	12	22	0	22	25	0	25	26	1	25	29	0	29	15	0	15	22	0	22	23	0	23	33	0	33	13	3	10	51	0	51	29	1	28	24	0	24	20	1	19	27	0	27	18	0	18	19	1	18	14	0	14
NW_025533136.1	30208	30209	*	69	15	54	43	5	38	27	5	22	22	0	22	24	4	20	28	7	21	34	2	32	36	11	25	34	5	29	48	5	43	71	15	56	20	0	20	89	24	65	50	2	48	29	0	29	38	2	36	24	0	24	29	0	29	70	0	70	30	2	28
NW_025533136.1	30294	30295	*	49	17	32	44	3	41	21	0	21	32	0	32	26	0	26	29	0	29	31	0	31	37	9	28	37	4	33	46	3	43	76	14	62	20	0	20	85	12	73	39	7	32	29	0	29	37	0	37	26	1	25	24	0	24	72	6	66	27	2	25
NW_025533136.1	30316	30317	*	43	17	26	43	3	40	18	0	18	29	0	29	25	0	25	30	0	30	30	0	30	36	15	21	36	2	34	44	7	37	68	18	50	18	0	18	83	25	58	36	9	27	26	0	26	31	0	31	26	0	26	23	1	22	68	5	63	27	4	23
NW_025533136.1	30399	30400	*	48	10	38	41	1	40	17	0	17	30	0	30	21	0	21	28	0	28	29	0	29	21	7	14	37	5	32	46	3	43	58	13	45	11	0	11	62	5	57	28	8	20	22	0	22	29	0	29	25	0	25	23	0	23	48	1	47	29	4	25
NW_025533136.1	30484	30485	*	50	14	36	34	7	27	14	8	6	21	0	21	12	4	8	25	7	18	29	1	28	19	6	13	29	5	24	36	5	31	53	19	34	16	0	16	59	23	36	32	12	20	25	0	25	20	0	20	23	0	23	19	0	19	40	8	32	28	5	23
NW_025533136.1	30548	30549	*	76	4	72	41	6	35	19	4	15	20	0	20	14	0	14	32	1	31	36	0	36	37	4	33	28	2	26	35	0	35	58	20	38	20	0	20	48	14	34	43	2	41	28	0	28	19	0	19	21	0	21	20	0	20	46	5	41	24	3	21
NW_025533136.1	36840	36841	*	26	5	21	24	0	24	19	1	18	19	0	19	19	0	19	28	0	28	24	2	22	21	1	20	36	1	35	49	2	47	53	3	50	14	0	14	37	3	34	33	2	31	47	7	40	16	3	13	43	0	43	48	4	44	24	1	23	37	5	32
NW_025533137.1	43845	43846	*	15	14	1	14	12	2	10	9	1	21	15	6	14	13	1	23	22	1	14	14	0	13	10	3	14	14	0	13	13	0	11	10	1	22	21	1	21	10	11	15	13	2	18	18	0	20	19	1	24	22	2	26	25	1	18	8	10	19	18	1
NW_025533137.1	43903	43904	*	14	14	0	14	14	0	12	6	6	22	8	14	19	10	9	22	14	8	14	14	0	15	15	0	15	13	2	16	14	2	13	12	1	22	15	7	22	11	11	14	14	0	25	0	25	28	27	1	29	29	0	26	25	1	25	12	13	22	18	4
NW_025533137.1	43919	43920	*	14	13	1	16	16	0	10	5	5	22	7	15	18	9	9	21	13	8	12	12	0	13	13	0	15	15	0	16	16	0	15	14	1	23	11	12	22	10	12	14	14	0	28	0	28	27	26	1	31	29	2	26	25	1	23	10	13	21	20	1
NW_025533137.1	43966	43967	*	15	14	1	15	15	0	12	6	6	24	19	5	19	9	10	23	13	10	12	10	2	12	10	2	15	15	0	14	12	2	17	15	2	28	18	10	20	20	0	13	13	0	27	6	21	27	26	1	30	30	0	29	28	1	30	15	15	21	21	0
NW_025533137.1	44330	44331	*	20	20	0	21	19	2	19	19	0	11	9	2	17	13	4	19	18	1	15	14	1	16	14	2	18	16	2	17	16	1	16	16	0	23	22	1	28	27	1	10	8	2	18	18	0	25	23	2	24	24	0	58	55	3	21	20	1	27	27	0
NW_025533137.1	44353	44354	*	18	18	0	20	20	0	19	19	0	12	12	0	18	17	1	20	20	0	14	14	0	14	14	0	16	14	2	17	16	1	17	16	1	23	22	1	25	23	2	10	10	0	18	18	0	22	22	0	28	27	1	57	55	2	18	18	0	23	22	1
NW_025533146.1	71231	71232	*	64	16	48	37	0	37	38	0	38	39	0	39	35	0	35	27	0	27	40	7	33	41	2	39	28	7	21	27	0	27	31	0	31	46	0	46	46	1	45	16	0	16	72	20	52	51	4	47	20	2	18	70	11	59	43	0	43	30	6	24
NW_025533146.1	71253	71254	*	65	14	51	36	0	36	37	0	37	38	0	38	35	0	35	24	0	24	37	6	31	42	0	42	28	6	22	24	0	24	24	2	22	51	1	50	46	0	46	16	0	16	71	25	46	48	5	43	18	0	18	69	22	47	41	0	41	27	6	21
NW_025533149.1	30542	30543	*	72	19	53	30	4	26	31	3	28	45	10	35	69	10	59	56	19	37	33	13	20	17	0	17	23	7	16	78	17	61	28	6	22	35	1	34	42	2	40	53	4	49	32	4	28	68	9	59	28	0	28	77	15	62	63	17	46	19	1	18
NW_025533149.1	30626	30627	*	68	5	63	43	8	35	34	2	32	57	15	42	87	20	67	60	12	48	43	12	31	27	4	23	26	7	19	92	14	78	53	8	45	44	3	41	43	6	37	59	6	53	43	1	42	69	6	63	28	0	28	89	4	85	95	16	79	32	4	28
NW_025533149.1	30690	30691	*	60	12	48	36	4	32	28	3	25	48	9	39	73	4	69	41	6	35	42	4	38	27	3	24	22	8	14	80	7	73	46	3	43	41	2	39	41	3	38	50	5	45	39	7	32	62	9	53	26	0	26	66	7	59	81	3	78	36	4	32
NW_025533168.1	63703	63704	*	26	4	22	35	3	32	25	0	25	21	1	20	32	1	31	31	0	31	22	0	22	17	0	17	25	0	25	32	1	31	33	2	31	23	2	21	54	3	51	26	1	25	26	0	26	32	1	31	44	7	37	72	13	59	31	1	30	26	1	25
NW_025533168.1	63789	63790	*	24	8	16	30	0	30	28	0	28	13	1	12	21	0	21	20	1	19	18	0	18	14	0	14	20	0	20	34	1	33	31	0	31	20	0	20	47	0	47	30	0	30	35	0	35	26	0	26	30	0	30	59	0	59	26	1	25	31	0	31
NW_025533168.1	64645	64646	*	43	5	38	25	1	24	28	3	25	26	4	22	43	0	43	18	1	17	17	3	14	22	0	22	23	0	23	32	0	32	44	0	44	25	0	25	35	0	35	63	5	58	34	0	34	45	3	42	41	1	40	33	0	33	50	3	47	32	1	31
NW_025533168.1	64667	64668	*	44	5	39	29	1	28	30	5	25	27	5	22	45	0	45	24	0	24	20	3	17	25	0	25	26	0	26	32	0	32	47	1	46	27	0	27	35	0	35	64	3	61	35	0	35	49	3	46	42	1	41	33	0	33	53	3	50	34	1	33
NW_025533169.1	73684	73685	*	58	11	47	27	0	27	40	0	40	13	0	13	50	0	50	25	0	25	22	0	22	29	0	29	18	0	18	69	1	68	36	0	36	37	0	37	20	11	9	40	0	40	56	0	56	25	0	25	44	0	44	64	1	63	41	0	41	20	0	20
NW_025533169.1	73857	73858	*	71	9	62	26	0	26	39	0	39	16	0	16	47	0	47	21	0	21	38	0	38	45	0	45	16	0	16	60	1	59	41	5	36	53	2	51	14	0	14	49	0	49	57	0	57	24	3	21	46	1	45	56	0	56	53	1	52	28	0	28
NW_025533169.1	74777	74778	*	64	6	58	34	0	34	45	0	45	13	0	13	43	5	38	23	0	23	38	0	38	33	0	33	19	0	19	42	0	42	33	0	33	33	4	29	11	1	10	73	6	67	50	0	50	28	0	28	36	0	36	58	0	58	43	0	43	15	1	14
NW_025533169.1	75979	75980	*	66	4	62	52	4	48	37	3	34	18	0	18	56	5	51	26	4	22	44	1	43	22	0	22	19	0	19	36	1	35	52	0	52	34	0	34	29	1	28	58	1	57	36	2	34	33	1	32	40	1	39	64	5	59	29	0	29	26	0	26
NW_025533169.1	87822	87823	*	39	12	27	26	0	26	12	0	12	23	0	23	37	0	37	24	0	24	20	0	20	13	0	13	20	0	20	19	0	19	26	0	26	22	0	22	12	0	12	42	0	42	28	0	28	22	0	22	18	0	18	31	0	31	48	0	48	12	0	12
NW_025533169.1	87844	87845	*	41	7	34	28	0	28	14	0	14	19	0	19	38	0	38	24	0	24	23	0	23	11	0	11	18	0	18	20	0	20	28	0	28	24	0	24	11	0	11	43	2	41	28	1	27	19	0	19	21	0	21	30	2	28	49	0	49	13	0	13
NW_025533169.1	98321	98322	*	53	7	46	50	1	49	47	0	47	33	0	33	66	1	65	29	5	24	42	5	37	24	0	24	40	5	35	38	0	38	26	0	26	35	0	35	54	2	52	53	5	48	59	1	58	37	1	36	51	0	51	62	0	62	39	6	33	42	0	42
NW_025533169.1	98376	98377	*	63	10	53	51	2	49	53	3	50	44	0	44	80	1	79	41	2	39	55	8	47	35	0	35	45	2	43	53	0	53	38	0	38	52	0	52	57	1	56	58	0	58	81	6	75	50	5	45	46	1	45	74	2	72	52	10	42	44	1	43
NW_025533169.1	98461	98462	*	53	8	45	41	0	41	50	4	46	40	0	40	72	1	71	41	1	40	48	7	41	31	1	30	36	4	32	48	2	46	33	0	33	41	0	41	44	4	40	60	4	56	94	10	84	45	9	36	56	0	56	72	22	50	47	8	39	52	2	50
NW_025533175.1	35200	35201	*	52	7	45	28	2	26	38	7	31	22	8	14	41	1	40	38	2	36	22	3	19	29	0	29	22	2	20	48	9	39	55	0	55	28	0	28	35	2	33	53	0	53	53	0	53	35	2	33	26	0	26	35	9	26	53	0	53	29	0	29
NW_025533175.1	62380	62381	*	60	13	47	41	0	41	33	0	33	39	1	38	45	0	45	35	0	35	45	7	38	34	0	34	31	2	29	60	0	60	55	12	43	36	0	36	71	0	71	66	1	65	41	0	41	26	1	25	39	0	39	22	0	22	45	0	45	19	0	19
NW_025533209.1	80861	80862	*	29	11	18	38	10	28	33	14	19	19	5	14	41	12	29	21	8	13	26	6	20	28	4	24	23	6	17	38	20	18	34	6	28	40	16	24	30	14	16	29	15	14	28	16	12	33	11	22	38	15	23	29	10	19	55	18	37	23	9	14
NW_025533215.1	21875	21876	*	39	11	28	16	0	16	22	4	18	32	7	25	45	5	40	31	0	31	36	12	24	13	0	13	36	0	36	23	1	22	21	0	21	17	3	14	35	1	34	16	3	13	36	6	30	30	4	26	22	1	21	35	7	28	25	12	13	24	5	19
NW_025533218.1	30644	30645	*	37	9	28	29	1	28	12	2	10	26	0	26	16	2	14	33	2	31	54	8	46	12	1	11	24	2	22	27	0	27	21	0	21	13	0	13	44	9	35	50	4	46	23	1	22	30	0	30	43	8	35	30	10	20	17	0	17	15	1	14
NW_025533218.1	30666	30667	*	42	13	29	33	4	29	11	3	8	29	0	29	20	1	19	39	3	36	57	8	49	14	0	14	27	5	22	33	0	33	22	0	22	13	0	13	43	8	35	54	7	47	26	0	26	29	0	29	47	6	41	32	9	23	18	0	18	16	0	16
NW_025533218.1	39762	39763	*	51	21	30	42	0	42	17	5	12	18	0	18	27	6	21	34	4	30	64	4	60	13	4	9	35	4	31	44	15	29	76	29	47	14	1	13	76	22	54	75	12	63	20	3	17	14	0	14	40	1	39	19	0	19	15	13	2	22	4	18
NW_025533218.1	39848	39849	*	49	22	27	55	0	55	16	7	9	12	0	12	30	11	19	34	6	28	68	0	68	15	6	9	41	1	40	42	9	33	70	23	47	21	2	19	76	23	53	72	15	57	29	2	27	18	0	18	38	0	38	23	0	23	12	1	11	22	8	14
NW_025533244.1	15050	15051	*	24	3	21	21	0	21	23	0	23	40	0	40	22	0	22	36	0	36	23	0	23	27	0	27	21	0	21	47	4	43	47	4	43	29	0	29	31	0	31	43	0	43	39	0	39	37	7	30	34	0	34	23	10	13	55	6	49	30	0	30
NW_025533244.1	15067	15068	*	26	4	22	27	0	27	27	0	27	44	0	44	24	0	24	44	2	42	25	0	25	31	2	29	26	0	26	56	7	49	64	8	56	33	0	33	33	0	33	48	0	48	44	1	43	47	10	37	37	0	37	28	12	16	58	10	48	37	0	37
NW_025533244.1	15091	15092	*	31	7	24	31	0	31	28	0	28	53	0	53	26	0	26	53	4	49	28	0	28	34	1	33	28	0	28	59	8	51	69	9	60	35	0	35	37	0	37	55	0	55	49	1	48	54	13	41	44	2	42	39	14	25	63	11	52	44	0	44
NW_025533244.1	15097	15098	*	31	7	24	31	2	29	29	0	29	49	7	42	27	1	26	50	7	43	30	1	29	34	3	31	27	0	27	59	9	50	70	11	59	33	0	33	36	0	36	53	1	52	41	2	39	55	11	44	42	3	39	42	16	26	65	12	53	39	0	39
NW_025533244.1	15115	15116	*	36	10	26	32	1	31	31	1	30	56	11	45	30	3	27	58	10	48	31	1	30	38	3	35	28	1	27	65	7	58	71	6	65	36	1	35	36	1	35	55	2	53	55	2	53	55	11	44	49	2	47	49	13	36	66	10	56	48	0	48
NW_025533244.1	15136	15137	*	36	13	23	33	4	29	32	3	29	58	14	44	30	5	25	60	13	47	32	3	29	41	7	34	27	4	23	65	12	53	73	13	60	36	0	36	32	0	32	59	6	53	58	7	51	56	13	43	48	5	43	49	17	32	64	15	49	53	6	47
NW_025533244.1	15162	15163	*	37	17	20	34	6	28	32	6	26	56	23	33	26	4	22	62	21	41	31	10	21	41	9	32	27	8	19	60	17	43	69	14	55	30	0	30	30	2	28	52	14	38	54	8	46	54	20	34	47	20	27	49	26	23	64	22	42	47	13	34
NW_025533244.1	15236	15237	*	24	9	15	22	1	21	18	3	15	34	14	20	23	4	19	39	6	33	21	6	15	30	4	26	18	0	18	31	1	30	43	14	29	20	0	20	13	0	13	35	5	30	31	5	26	26	11	15	25	9	16	46	25	21	43	13	30	29	4	25
NW_025533244.1	15241	15242	*	23	7	16	22	1	21	17	2	15	30	9	21	24	3	21	39	6	33	21	4	17	29	2	27	17	0	17	29	0	29	41	12	29	16	0	16	10	0	10	32	2	30	30	2	28	24	9	15	23	7	16	42	21	21	38	12	26	27	0	27
NW_025533257.1	46799	46800	*	21	20	1	22	21	1	11	11	0	17	17	0	13	12	1	14	14	0	13	13	0	17	16	1	11	11	0	17	17	0	20	19	1	29	28	1	16	15	1	16	14	2	23	22	1	19	19	0	25	25	0	12	12	0	23	23	0	12	12	0
NW_025533257.1	46812	46813	*	21	21	0	21	20	1	13	11	2	18	17	1	16	16	0	15	14	1	13	13	0	20	19	1	12	12	0	20	19	1	20	20	0	30	27	3	15	15	0	20	20	0	25	25	0	20	20	0	25	25	0	12	12	0	23	23	0	15	14	1
NW_025533257.1	46852	46853	*	21	15	6	16	11	5	17	14	3	20	8	12	17	15	2	19	15	4	14	11	3	18	16	2	14	11	3	17	12	5	23	22	1	30	24	6	20	18	2	22	19	3	29	26	3	23	23	0	21	18	3	12	10	2	24	18	6	17	13	4
NW_025533318.1	26079	26080	*	51	17	34	35	10	25	30	8	22	27	8	19	43	0	43	30	3	27	31	9	22	14	0	14	17	2	15	65	14	51	50	7	43	35	0	35	91	8	83	69	6	63	37	7	30	66	14	52	67	22	45	82	16	66	31	8	23	27	0	27
NW_025533318.1	26143	26144	*	54	10	44	37	11	26	31	5	26	27	9	18	44	6	38	34	5	29	32	15	17	15	0	15	19	3	16	63	10	53	54	27	27	37	8	29	94	33	61	73	8	65	44	9	35	61	7	54	69	19	50	82	25	57	33	10	23	28	2	26
NW_025533318.1	26165	26166	*	48	8	40	34	8	26	31	13	18	27	11	16	43	5	38	36	10	26	30	14	16	14	0	14	19	3	16	59	14	45	54	26	28	37	8	29	91	35	56	72	8	64	43	13	30	64	12	52	68	24	44	85	25	60	32	12	20	28	0	28
NW_025533332.1	9349	9350	*	42	11	31	24	4	20	32	0	32	15	0	15	32	3	29	26	0	26	36	0	36	21	3	18	16	3	13	23	12	11	24	11	13	19	0	19	44	0	44	29	6	23	31	0	31	21	1	20	37	1	36	35	0	35	26	1	25	24	0	24
NW_025533332.1	9435	9436	*	46	4	42	23	9	14	35	0	35	16	1	15	42	1	41	27	9	18	32	6	26	24	0	24	21	0	21	34	0	34	32	2	30	14	0	14	56	3	53	31	2	29	26	0	26	21	0	21	27	0	27	38	0	38	27	1	26	23	1	22
NW_025533332.1	9520	9521	*	39	7	32	18	9	9	45	2	43	16	5	11	48	15	33	30	12	18	23	10	13	18	2	16	21	5	16	36	13	23	35	20	15	15	0	15	54	9	45	30	7	23	23	0	23	30	0	30	24	0	24	35	0	35	25	1	24	26	6	20
NW_025533332.1	9605	9606	*	37	13	24	24	13	11	37	3	34	19	6	13	56	23	33	35	23	12	19	9	10	24	5	19	21	10	11	34	18	16	35	25	10	19	0	19	47	9	38	34	5	29	28	0	28	27	0	27	18	0	18	34	0	34	25	4	21	22	0	22
NW_025533332.1	9691	9692	*	62	21	41	30	13	17	42	5	37	24	10	14	61	23	38	38	16	22	17	10	7	25	7	18	18	6	12	34	22	12	36	25	11	17	0	17	50	8	42	44	7	37	35	1	34	23	0	23	21	0	21	26	0	26	23	5	18	19	0	19
NW_025533332.1	9755	9756	*	54	20	34	29	15	14	40	6	34	26	11	15	45	15	30	29	16	13	13	7	6	22	5	17	18	8	10	31	18	13	30	18	12	16	1	15	42	4	38	41	5	36	38	1	37	18	0	18	23	0	23	23	0	23	24	4	20	14	0	14
NW_025533332.1	9777	9778	*	55	18	37	23	10	13	36	6	30	24	13	11	45	18	27	23	16	7	10	5	5	21	5	16	14	10	4	29	15	14	26	17	9	11	0	11	43	6	37	38	3	35	35	0	35	19	0	19	24	0	24	18	0	18	25	5	20	15	0	15
NW_025533332.1	9863	9864	*	48	14	34	17	11	6	42	8	34	13	7	6	38	14	24	14	8	6	13	4	9	22	5	17	17	10	7	16	8	8	19	16	3	13	0	13	35	5	30	36	4	32	28	0	28	23	1	22	22	0	22	24	0	24	25	10	15	24	1	23
NW_025533332.1	10117	10118	*	76	9	67	51	6	45	44	2	42	35	0	35	76	15	61	55	4	51	41	5	36	48	1	47	31	4	27	45	13	32	94	16	78	47	2	45	85	6	79	49	2	47	71	7	64	48	2	46	42	1	41	48	2	46	39	12	27	37	2	35
NW_025533332.1	10352	10353	*	59	7	52	20	8	12	28	3	25	10	4	6	34	7	27	33	1	32	33	1	32	35	7	28	24	8	16	28	13	15	23	13	10	30	0	30	54	9	45	44	8	36	25	0	25	27	0	27	36	0	36	30	0	30	37	5	32	17	1	16
NW_025533332.1	10374	10375	*	66	8	58	18	11	7	33	4	29	11	3	8	37	9	28	35	1	34	33	0	33	37	7	30	29	14	15	29	12	17	23	14	9	28	0	28	55	10	45	47	11	36	22	1	21	28	0	28	33	0	33	31	0	31	34	5	29	19	1	18
NW_025533332.1	10525	10526	*	48	15	33	25	14	11	26	0	26	19	6	13	38	22	16	35	16	19	30	9	21	35	4	31	27	13	14	23	15	8	26	24	2	33	0	33	36	2	34	42	6	36	27	0	27	24	1	23	27	1	26	38	0	38	26	2	24	30	0	30
NW_025533332.1	12158	12159	*	27	3	24	21	1	20	26	0	26	28	0	28	53	16	37	30	10	20	19	5	14	23	0	23	16	3	13	20	4	16	21	13	8	19	0	19	45	3	42	39	0	39	23	0	23	26	0	26	24	0	24	37	0	37	32	0	32	19	0	19
NW_025533332.1	24281	24282	*	53	11	42	25	1	24	36	1	35	18	5	13	13	0	13	17	0	17	19	0	19	36	3	33	30	1	29	17	0	17	38	0	38	10	0	10	44	1	43	48	0	48	34	2	32	70	12	58	34	0	34	66	1	65	37	0	37	22	3	19
NW_025533332.1	29050	29051	*	62	4	58	35	2	33	38	4	34	32	4	28	45	10	35	21	4	17	31	3	28	41	0	41	32	2	30	36	1	35	31	1	30	25	2	23	88	6	82	54	6	48	43	3	40	45	8	37	44	1	43	66	2	64	40	1	39	41	0	41
NW_025533332.1	29158	29159	*	64	4	60	51	0	51	43	0	43	31	2	29	57	10	47	26	1	25	38	0	38	50	0	50	31	2	29	55	1	54	38	0	38	30	1	29	107	8	99	78	1	77	47	0	47	46	5	41	55	1	54	80	2	78	34	2	32	50	3	47
NW_025533332.1	29416	29417	*	56	4	52	35	0	35	40	0	40	29	0	29	37	3	34	36	0	36	44	1	43	28	0	28	29	0	29	54	0	54	30	0	30	40	0	40	89	4	85	80	10	70	46	1	45	48	1	47	48	0	48	79	0	79	57	1	56	48	0	48
NW_025533332.1	29845	29846	*	26	6	20	22	0	22	14	0	14	17	0	17	26	0	26	20	1	19	21	0	21	16	0	16	16	0	16	31	2	29	15	0	15	16	0	16	62	11	51	47	0	47	23	0	23	28	1	27	37	0	37	45	2	43	18	0	18	17	2	15
NW_025533332.1	30399	30400	*	32	3	29	22	1	21	27	0	27	19	0	19	28	1	27	21	0	21	11	0	11	20	0	20	15	1	14	24	1	23	17	1	16	29	0	29	51	0	51	63	1	62	50	0	50	29	0	29	34	0	34	65	0	65	20	0	20	40	2	38
NW_025533362.1	27342	27343	*	33	9	24	23	8	15	22	3	19	14	0	14	27	0	27	24	4	20	16	6	10	23	9	14	28	7	21	23	3	20	47	11	36	23	9	14	35	14	21	32	6	26	26	11	15	54	6	48	33	9	24	70	27	43	26	2	24	35	8	27
NW_025533362.1	27363	27364	*	30	8	22	19	0	19	20	0	20	14	0	14	27	0	27	20	0	20	12	6	6	18	4	14	23	4	19	21	0	21	40	0	40	18	0	18	33	8	25	31	0	31	23	14	9	47	5	42	30	0	30	65	21	44	23	0	23	31	4	27
NW_025533362.1	27524	27525	*	29	9	20	35	8	27	28	4	24	15	0	15	17	0	17	13	0	13	24	6	18	11	0	11	28	10	18	33	6	27	31	8	23	17	0	17	18	3	15	35	1	34	18	4	14	33	6	27	34	14	20	50	18	32	25	1	24	14	1	13
NW_025533362.1	27588	27589	*	43	9	34	39	9	30	44	8	36	30	0	30	27	0	27	33	1	32	37	6	31	23	3	20	41	18	23	45	8	37	44	20	24	34	0	34	33	11	22	54	12	42	43	0	43	50	0	50	52	24	28	83	16	67	39	3	36	37	7	30
NW_025533362.1	27610	27611	*	51	18	33	54	12	42	57	9	48	34	0	34	33	0	33	36	2	34	44	9	35	26	3	23	47	25	22	52	10	42	47	21	26	40	0	40	43	15	28	54	15	39	50	7	43	52	0	52	57	25	32	90	32	58	43	5	38	42	6	36
NW_025533362.1	28359	28360	*	39	20	19	27	6	21	23	3	20	13	0	13	34	0	34	14	3	11	16	5	11	25	3	22	47	13	34	28	1	27	40	7	33	28	0	28	26	2	24	41	1	40	34	14	20	80	19	61	32	7	25	87	37	50	46	3	43	30	8	22
NW_025533362.1	28381	28382	*	35	16	19	20	5	15	22	2	20	11	0	11	34	0	34	14	3	11	16	6	10	24	5	19	45	11	34	25	1	24	39	11	28	27	0	27	27	5	22	41	1	40	29	12	17	71	17	54	31	10	21	75	26	49	41	7	34	25	5	20
NW_025533362.1	28467	28468	*	40	18	22	30	2	28	36	11	25	10	1	9	27	1	26	18	1	17	21	15	6	28	3	25	35	13	22	33	7	26	34	11	23	22	0	22	26	4	22	37	6	31	20	5	15	48	8	40	25	9	16	69	18	51	40	2	38	27	3	24
NW_025533362.1	29818	29819	*	29	13	16	25	9	16	15	8	7	13	0	13	14	1	13	23	5	18	20	3	17	24	3	21	25	3	22	36	6	30	34	7	27	22	2	20	28	5	23	32	2	30	17	7	10	27	4	23	30	11	19	52	15	37	26	5	21	25	5	20
NW_025533362.1	29927	29928	*	34	12	22	26	9	17	15	6	9	14	0	14	26	0	26	24	4	20	20	4	16	24	4	20	27	2	25	44	8	36	39	9	30	22	0	22	29	10	19	40	9	31	17	0	17	38	0	38	35	15	20	60	14	46	34	6	28	26	4	22
NC_059182.1	1247936	1247937	*	26	0	26	34	4	30	21	0	21	21	0	21	31	1	30	18	0	18	13	0	13	15	1	14	20	0	20	21	1	20	23	0	23	13	0	13	34	1	33	22	7	15	26	0	26	30	0	30	21	0	21	25	1	24	18	0	18	25	0	25
NC_059182.1	1522170	1522171	*	12	0	12	17	5	12	21	21	0	12	7	5	14	0	14	10	0	10	23	0	23	12	0	12	19	8	11	10	0	10	27	0	27	17	9	8	18	0	18	18	0	18	15	0	15	13	0	13	25	0	25	40	1	39	18	0	18	20	0	20
NC_059182.1	1936625	1936626	*	22	0	22	15	11	4	17	15	2	14	14	0	15	8	7	25	22	3	16	16	0	17	15	2	24	23	1	24	24	0	21	21	0	19	17	2	18	1	17	23	21	2	26	0	26	19	9	10	25	25	0	16	10	6	26	1	25	16	0	16
NC_059182.1	2051802	2051803	*	19	2	17	21	4	17	15	1	14	15	0	15	16	1	15	14	0	14	16	1	15	16	2	14	13	1	12	18	5	13	20	2	18	18	1	17	18	0	18	17	0	17	22	3	19	29	2	27	13	7	6	19	6	13	15	6	9	13	0	13
NC_059182.1	3576716	3576717	*	15	0	15	24	7	17	16	0	16	13	5	8	21	7	14	23	0	23	33	0	33	29	0	29	11	0	11	15	0	15	24	0	24	31	0	31	14	0	14	19	0	19	21	0	21	19	0	19	35	0	35	18	0	18	21	0	21	18	1	17
NC_059182.1	3576750	3576751	*	13	0	13	24	7	17	15	0	15	12	5	7	21	7	14	22	0	22	24	0	24	25	0	25	10	0	10	16	0	16	26	0	26	32	2	30	14	0	14	18	1	17	21	0	21	17	0	17	33	0	33	14	0	14	18	0	18	19	0	19
NC_059182.1	6653500	6653501	*	23	1	22	32	6	26	17	4	13	18	1	17	28	2	26	23	5	18	18	2	16	17	7	10	20	4	16	27	5	22	27	8	19	28	10	18	21	1	20	26	4	22	25	5	20	27	11	16	20	7	13	12	3	9	42	7	35	21	4	17
NC_059182.1	6697117	6697118	*	15	0	15	19	10	9	14	5	9	16	15	1	21	1	20	11	10	1	15	1	14	11	1	10	15	6	9	13	7	6	19	10	9	24	8	16	26	3	23	20	0	20	21	0	21	30	25	5	26	24	2	10	8	2	18	5	13	22	21	1
NC_059182.1	10840583	10840584	*	26	0	26	23	5	18	20	0	20	10	0	10	18	0	18	20	0	20	11	0	11	16	0	16	28	0	28	17	0	17	16	0	16	15	0	15	25	0	25	32	0	32	11	1	10	16	0	16	16	0	16	20	0	20	16	0	16	13	0	13
NC_059182.1	10868400	10868401	*	74	3	71	41	4	37	33	3	30	37	0	37	40	2	38	36	1	35	43	8	35	28	4	24	28	0	28	35	10	25	28	1	27	43	3	40	45	1	44	21	1	20	50	6	44	42	6	36	36	3	33	29	3	26	69	8	61	16	4	12
NC_059182.1	10868913	10868914	*	56	1	55	18	4	14	25	0	25	35	10	25	48	12	36	18	2	16	24	0	24	31	0	31	26	4	22	54	12	42	27	9	18	15	0	15	36	0	36	21	4	17	42	15	27	15	0	15	26	3	23	16	0	16	39	0	39	12	6	6
NC_059182.1	10868998	10868999	*	77	1	76	26	7	19	37	0	37	45	10	35	64	12	52	30	1	29	45	1	44	41	0	41	40	11	29	66	30	36	36	7	29	29	0	29	42	1	41	45	3	42	55	3	52	23	0	23	39	1	38	40	2	38	58	14	44	20	1	19
NC_059182.1	10869170	10869171	*	65	2	63	25	4	21	29	0	29	27	7	20	39	9	30	33	3	30	46	2	44	26	0	26	36	7	29	26	15	11	30	3	27	35	1	34	46	0	46	37	3	34	29	2	27	24	1	23	36	6	30	33	5	28	31	1	30	28	0	28
NC_059182.1	12424580	12424581	*	24	0	24	27	6	21	17	2	15	14	0	14	12	1	11	15	0	15	16	1	15	18	5	13	14	1	13	19	3	16	32	2	30	16	0	16	15	0	15	19	0	19	20	2	18	30	3	27	25	3	22	12	2	10	14	1	13	14	0	14
NC_059182.1	12763793	12763794	*	19	0	19	28	16	12	12	0	12	20	0	20	33	0	33	16	0	16	18	0	18	19	0	19	23	0	23	17	0	17	42	0	42	35	0	35	26	0	26	26	0	26	19	0	19	27	0	27	19	0	19	17	0	17	30	0	30	22	0	22
NC_059182.1	12767652	12767653	*	11	0	11	14	3	11	10	0	10	17	0	17	10	0	10	16	0	16	18	0	18	12	1	11	11	0	11	22	0	22	15	0	15	18	0	18	13	0	13	14	0	14	31	1	30	19	0	19	19	0	19	20	2	18	17	0	17	16	0	16
NC_059182.1	12771155	12771156	*	16	0	16	20	9	11	18	0	18	14	0	14	11	5	6	15	0	15	11	1	10	13	0	13	18	9	9	21	0	21	15	9	6	17	6	11	14	0	14	25	0	25	24	13	11	25	0	25	15	1	14	19	0	19	25	12	13	21	0	21
NC_059182.1	15142730	15142731	*	23	0	23	24	4	20	20	1	19	17	0	17	17	1	16	18	0	18	10	1	9	18	3	15	12	1	11	10	2	8	22	0	22	23	4	19	17	0	17	23	4	19	21	1	20	19	1	18	23	3	20	14	0	14	19	2	17	19	0	19
NC_059182.1	15166840	15166841	*	14	0	14	22	3	19	16	1	15	19	0	19	13	1	12	13	0	13	16	0	16	15	0	15	11	0	11	10	0	10	12	0	12	13	0	13	18	0	18	13	0	13	13	0	13	11	0	11	10	0	10	13	5	8	20	1	19	10	1	9
NC_059182.1	15789843	15789844	*	19	0	19	14	7	7	18	0	18	18	0	18	19	0	19	13	0	13	11	0	11	12	1	11	10	0	10	12	0	12	18	0	18	13	0	13	23	11	12	17	0	17	15	0	15	16	1	15	16	0	16	11	0	11	16	0	16	16	0	16
NC_059182.1	17037992	17037993	*	12	0	12	16	7	9	18	9	9	11	0	11	13	0	13	21	0	21	13	0	13	23	3	20	17	0	17	15	0	15	24	11	13	17	0	17	12	6	6	20	1	19	21	0	21	21	1	20	20	0	20	10	0	10	30	1	29	19	0	19
NC_059182.1	17038001	17038002	*	11	0	11	18	9	9	18	9	9	13	0	13	12	0	12	20	0	20	14	0	14	22	2	20	17	0	17	16	0	16	23	12	11	18	0	18	13	7	6	22	0	22	21	0	21	22	1	21	19	2	17	11	0	11	29	1	28	18	0	18
NC_059182.1	17038013	17038014	*	11	0	11	19	10	9	18	9	9	13	0	13	10	0	10	18	0	18	14	0	14	19	1	18	18	0	18	16	0	16	22	11	11	16	0	16	14	7	7	23	0	23	20	0	20	23	1	22	19	0	19	11	1	10	26	1	25	17	0	17
NC_059182.1	17108609	17108610	*	23	0	23	16	8	8	17	0	17	17	0	17	16	9	7	18	0	18	18	8	10	13	0	13	11	4	7	14	0	14	17	1	16	14	7	7	24	0	24	17	0	17	14	6	8	12	0	12	16	0	16	25	17	8	13	0	13	11	0	11
NC_059183.1	161801	161802	*	13	0	13	15	4	11	10	0	10	17	9	8	10	0	10	12	0	12	12	4	8	12	5	7	11	0	11	10	0	10	16	0	16	19	0	19	11	0	11	21	0	21	17	0	17	12	0	12	20	17	3	10	3	7	13	0	13	21	0	21
NC_059183.1	1328306	1328307	*	23	0	23	18	3	15	13	0	13	10	0	10	16	1	15	22	0	22	16	0	16	17	0	17	16	0	16	23	1	22	33	0	33	11	0	11	30	0	30	25	1	24	21	0	21	13	0	13	20	0	20	22	0	22	17	0	17	16	0	16
NC_059183.1	1660893	1660894	*	19	0	19	29	12	17	10	3	7	18	2	16	10	1	9	20	0	20	20	3	17	26	12	14	27	10	17	16	3	13	17	1	16	23	3	20	13	2	11	20	7	13	26	9	17	29	14	15	22	10	12	16	6	10	21	6	15	17	3	14
NC_059183.1	4965945	4965946	*	24	0	24	28	13	15	19	0	19	16	6	10	17	0	17	20	5	15	19	8	11	19	0	19	15	0	15	16	0	16	34	8	26	21	0	21	24	0	24	22	0	22	26	0	26	33	13	20	29	0	29	18	4	14	29	1	28	19	13	6
NC_059183.1	4965951	4965952	*	24	0	24	28	16	12	19	0	19	17	10	7	17	0	17	19	7	12	19	11	8	20	0	20	15	0	15	18	0	18	34	11	23	21	0	21	24	0	24	23	0	23	27	0	27	34	16	18	30	1	29	18	5	13	29	0	29	21	19	2
NC_059183.1	4965958	4965959	*	24	0	24	28	15	13	20	0	20	17	11	6	17	0	17	20	8	12	19	9	10	21	0	21	16	0	16	20	0	20	33	10	23	22	0	22	25	0	25	24	0	24	26	0	26	33	12	21	31	0	31	17	3	14	29	0	29	23	19	4
NC_059183.1	4965973	4965974	*	25	0	25	29	11	18	21	0	21	18	7	11	18	0	18	20	7	13	18	7	11	21	0	21	16	0	16	20	0	20	32	7	25	25	1	24	24	0	24	25	0	25	26	0	26	33	0	33	31	0	31	14	0	14	31	0	31	21	14	7
NC_059183.1	5017198	5017199	*	10	0	10	20	7	13	11	0	11	23	11	12	17	11	6	19	0	19	10	0	10	17	12	5	11	1	10	21	9	12	26	1	25	19	8	11	19	0	19	24	0	24	22	11	11	20	0	20	15	10	5	10	5	5	18	0	18	21	1	20
NC_059183.1	5662380	5662381	*	18	0	18	19	9	10	15	15	0	15	0	15	16	0	16	23	0	23	16	0	16	13	1	12	16	8	8	18	17	1	17	11	6	24	0	24	27	1	26	24	0	24	28	12	16	24	0	24	15	0	15	37	20	17	15	8	7	17	16	1
NC_059183.1	5662401	5662402	*	22	0	22	19	10	9	16	0	16	15	0	15	16	0	16	22	0	22	17	0	17	12	0	12	11	0	11	15	0	15	16	9	7	22	0	22	24	0	24	24	0	24	30	0	30	27	0	27	17	0	17	36	0	36	13	8	5	15	0	15
NC_059183.1	5662439	5662440	*	25	0	25	18	7	11	12	0	12	16	0	16	20	0	20	23	0	23	14	0	14	11	3	8	12	0	12	15	15	0	15	8	7	20	0	20	23	0	23	23	13	10	26	15	11	31	0	31	16	0	16	42	41	1	16	7	9	12	7	5
NC_059183.1	5662469	5662470	*	20	0	20	19	3	16	10	0	10	14	0	14	19	0	19	24	0	24	15	0	15	10	5	5	10	1	9	11	6	5	16	8	8	20	0	20	23	0	23	22	1	21	25	14	11	28	0	28	20	0	20	39	20	19	16	1	15	12	0	12
NC_059183.1	5662473	5662474	*	21	0	21	19	3	16	10	0	10	15	0	15	19	0	19	23	0	23	17	0	17	11	5	6	11	0	11	10	5	5	17	7	10	18	0	18	22	0	22	22	0	22	26	14	12	29	0	29	21	1	20	38	21	17	16	0	16	13	0	13
NC_059183.1	5964632	5964633	*	10	0	10	16	7	9	15	0	15	16	0	16	12	0	12	16	0	16	11	4	7	10	0	10	13	10	3	13	5	8	18	8	10	15	6	9	13	0	13	16	11	5	16	5	11	24	18	6	23	10	13	18	9	9	11	7	4	12	0	12
NC_059183.1	7053046	7053047	*	21	0	21	22	19	3	11	4	7	17	16	1	15	9	6	23	22	1	19	18	1	16	0	16	24	0	24	20	0	20	23	7	16	33	16	17	14	7	7	24	10	14	18	18	0	21	10	11	20	11	9	29	16	13	21	0	21	24	2	22
NC_059183.1	7053155	7053156	*	17	0	17	15	15	0	11	5	6	14	13	1	16	8	8	14	14	0	19	18	1	10	0	10	16	0	16	11	6	5	12	6	6	14	6	8	23	10	13	25	11	14	18	18	0	14	6	8	19	9	10	14	12	2	19	0	19	24	0	24
NC_059183.1	11501048	11501049	*	11	0	11	21	10	11	13	0	13	18	0	18	12	0	12	23	0	23	18	0	18	17	0	17	17	0	17	17	0	17	17	0	17	24	0	24	19	0	19	19	0	19	22	0	22	19	1	18	13	2	11	13	0	13	13	0	13	14	0	14
NC_059183.1	12422352	12422353	*	56	2	54	23	3	20	30	0	30	24	0	24	19	0	19	31	0	31	26	0	26	28	5	23	21	0	21	28	1	27	32	0	32	26	0	26	30	4	26	48	2	46	53	0	53	20	9	11	36	1	35	12	1	11	30	1	29	43	13	30
NC_059183.1	12883267	12883268	*	13	0	13	13	5	8	16	6	10	14	5	9	14	14	0	16	0	16	10	9	1	14	10	4	14	10	4	19	0	19	19	13	6	12	0	12	12	0	12	21	7	14	12	6	6	10	5	5	10	5	5	11	7	4	15	0	15	16	16	0
NC_059183.1	13120165	13120166	*	18	0	18	31	4	27	20	0	20	13	0	13	17	0	17	21	0	21	18	0	18	23	4	19	16	0	16	26	1	25	29	1	28	29	0	29	23	0	23	18	0	18	29	1	28	20	2	18	28	1	27	10	0	10	27	1	26	29	1	28
NC_059183.1	13434099	13434100	*	24	0	24	21	3	18	21	0	21	28	0	28	16	0	16	27	0	27	25	1	24	20	5	15	16	2	14	22	0	22	27	0	27	24	4	20	18	0	18	38	0	38	23	0	23	25	0	25	32	0	32	52	0	52	37	0	37	24	1	23
NC_059183.1	13747033	13747034	*	12	0	12	23	10	13	15	0	15	10	5	5	12	0	12	16	0	16	19	17	2	10	1	9	12	0	12	14	0	14	20	13	7	17	1	16	16	0	16	17	1	16	15	0	15	20	0	20	19	0	19	31	1	30	16	3	13	15	0	15
NC_059183.1	13747047	13747048	*	14	0	14	25	13	12	16	0	16	10	5	5	13	0	13	15	0	15	19	18	1	10	0	10	12	0	12	15	0	15	21	11	10	17	0	17	15	1	14	17	0	17	14	0	14	24	0	24	17	0	17	29	0	29	15	0	15	15	0	15
NC_059183.1	14460369	14460370	*	16	0	16	19	10	9	20	0	20	16	0	16	11	0	11	16	10	6	15	0	15	16	5	11	12	0	12	11	0	11	17	8	9	16	5	11	25	0	25	21	0	21	29	15	14	13	0	13	20	18	2	13	0	13	14	6	8	14	0	14
NC_059183.1	14460402	14460403	*	16	0	16	20	7	13	21	8	13	17	0	17	14	1	13	17	10	7	14	0	14	13	6	7	13	6	7	17	0	17	18	7	11	17	6	11	29	1	28	24	1	23	26	16	10	15	0	15	20	19	1	14	0	14	14	5	9	16	0	16
NC_059183.1	15435474	15435475	*	17	0	17	12	6	6	10	2	8	14	4	10	13	0	13	14	7	7	17	0	17	12	0	12	10	0	10	19	0	19	18	0	18	14	5	9	18	0	18	23	0	23	24	0	24	24	0	24	22	0	22	11	0	11	26	0	26	24	0	24
NC_059183.1	15435507	15435508	*	21	0	21	14	8	6	13	1	12	17	7	10	14	0	14	13	6	7	19	0	19	11	0	11	14	0	14	19	0	19	18	0	18	15	4	11	19	0	19	20	0	20	26	0	26	27	0	27	17	0	17	10	0	10	25	0	25	23	0	23
NC_059183.1	15672557	15672558	*	24	0	24	14	4	10	28	4	24	22	0	22	31	10	21	21	1	20	21	0	21	32	15	17	19	0	19	20	5	15	43	2	41	21	7	14	30	11	19	22	2	20	36	2	34	25	9	16	20	6	14	16	0	16	16	0	16	23	0	23
NC_059183.1	15775167	15775168	*	13	1	12	15	13	2	12	9	3	10	10	0	11	10	1	15	11	4	14	14	0	15	14	1	18	18	0	10	9	1	21	18	3	13	13	0	13	12	1	19	16	3	20	19	1	20	20	0	10	4	6	11	11	0	18	17	1	16	16	0
NC_059183.1	17327147	17327148	*	15	0	15	23	17	6	12	7	5	19	14	5	18	16	2	24	11	13	22	13	9	22	16	6	20	5	15	15	6	9	27	17	10	24	13	11	16	12	4	23	16	7	25	17	8	28	16	12	19	15	4	15	13	2	22	16	6	24	19	5
NC_059183.1	18099536	18099537	*	16	0	16	19	7	12	20	0	20	25	13	12	11	10	1	14	11	3	19	7	12	20	1	19	20	7	13	20	10	10	21	7	14	20	11	9	26	13	13	26	7	19	23	0	23	22	21	1	19	9	10	20	20	0	23	11	12	18	17	1
NC_059184.1	231466	231467	*	37	2	35	33	6	27	17	0	17	18	1	17	17	0	17	28	2	26	21	0	21	22	2	20	21	1	20	23	0	23	25	2	23	27	2	25	26	2	24	27	1	26	33	3	30	30	2	28	37	8	29	17	2	15	34	2	32	27	0	27
NC_059184.1	800868	800869	*	24	1	23	23	8	15	16	10	6	21	5	16	15	10	5	23	10	13	19	15	4	12	3	9	18	9	9	18	15	3	15	6	9	22	18	4	27	17	10	19	7	12	21	12	9	32	17	15	16	9	7	15	4	11	26	11	15	26	22	4
NC_059184.1	843533	843534	*	17	0	17	14	3	11	14	0	14	16	0	16	23	0	23	26	4	22	17	0	17	14	0	14	17	0	17	32	3	29	19	0	19	22	0	22	26	0	26	27	2	25	33	0	33	30	1	29	19	0	19	10	2	8	34	1	33	25	1	24
NC_059184.1	843551	843552	*	18	0	18	15	3	12	17	0	17	16	0	16	25	0	25	25	2	23	15	0	15	15	0	15	16	0	16	37	2	35	22	0	22	24	0	24	26	0	26	29	1	28	39	0	39	32	0	32	23	0	23	10	1	9	35	0	35	27	0	27
NC_059184.1	1558863	1558864	*	18	0	18	17	9	8	16	2	14	16	0	16	13	0	13	13	0	13	15	1	14	15	0	15	18	1	17	16	0	16	17	0	17	14	6	8	22	0	22	18	1	17	11	0	11	19	3	16	16	2	14	21	0	21	17	0	17	13	0	13
NC_059184.1	1558881	1558882	*	20	0	20	20	9	11	14	0	14	15	0	15	15	0	15	14	0	14	18	0	18	13	0	13	23	0	23	16	0	16	17	0	17	14	0	14	22	1	21	21	0	21	10	0	10	17	0	17	16	0	16	22	0	22	17	0	17	14	0	14
NC_059184.1	1558909	1558910	*	21	0	21	23	13	10	16	6	10	15	0	15	15	0	15	15	0	15	19	0	19	11	0	11	20	0	20	14	0	14	15	0	15	17	0	17	19	0	19	22	0	22	11	0	11	20	0	20	17	0	17	23	2	21	18	0	18	15	0	15
NC_059184.1	2543348	2543349	*	22	0	22	14	3	11	14	0	14	16	0	16	16	0	16	11	0	11	16	0	16	13	0	13	12	0	12	15	0	15	21	1	20	21	0	21	18	0	18	14	2	12	17	0	17	15	0	15	17	2	15	14	1	13	22	0	22	13	2	11
NC_059184.1	2869643	2869644	*	14	0	14	24	9	15	16	0	16	13	1	12	16	0	16	13	3	10	12	2	10	21	0	21	17	0	17	21	0	21	19	0	19	19	0	19	19	0	19	14	0	14	18	0	18	20	12	8	17	0	17	15	0	15	13	0	13	24	0	24
NC_059184.1	4229588	4229589	*	22	0	22	21	3	18	18	0	18	16	0	16	24	0	24	24	0	24	14	0	14	18	1	17	16	0	16	24	0	24	20	0	20	20	0	20	24	0	24	20	1	19	21	0	21	21	0	21	14	1	13	12	0	12	21	0	21	18	0	18
NC_059184.1	5191776	5191777	*	17	0	17	19	11	8	16	0	16	20	0	20	15	0	15	14	0	14	13	0	13	15	1	14	14	0	14	17	0	17	15	0	15	15	0	15	13	0	13	12	0	12	16	0	16	18	0	18	12	0	12	13	0	13	12	0	12	14	0	14
NC_059184.1	7008229	7008230	*	24	0	24	25	12	13	15	0	15	18	16	2	26	13	13	18	10	8	17	8	9	23	1	22	20	1	19	21	7	14	24	13	11	27	2	25	24	8	16	26	13	13	27	25	2	25	14	11	24	6	18	14	8	6	26	0	26	16	1	15
NC_059184.1	7008235	7008236	*	24	0	24	26	3	23	15	0	15	18	15	3	26	11	15	20	8	12	19	9	10	22	1	21	19	0	19	21	0	21	24	4	20	27	1	26	24	7	17	26	0	26	27	16	11	25	9	16	24	1	23	13	0	13	27	0	27	16	0	16
NC_059184.1	11523462	11523463	*	21	2	19	28	14	14	15	0	15	15	0	15	25	0	25	22	0	22	25	1	24	16	0	16	15	0	15	23	0	23	24	0	24	19	0	19	33	0	33	26	0	26	25	0	25	16	0	16	20	0	20	26	0	26	26	0	26	21	0	21
NC_059184.1	12777311	12777312	*	16	0	16	24	7	17	25	0	25	20	0	20	11	0	11	24	0	24	13	0	13	15	0	15	15	0	15	24	0	24	17	0	17	19	0	19	18	0	18	12	0	12	23	0	23	16	0	16	13	0	13	16	1	15	29	0	29	24	0	24
NC_059185.1	120825	120826	*	24	0	24	24	3	21	12	0	12	15	0	15	24	1	23	21	2	19	20	0	20	22	0	22	19	0	19	21	1	20	37	0	37	16	0	16	33	3	30	27	9	18	26	6	20	23	1	22	21	1	20	34	8	26	34	1	33	28	0	28
NC_059185.1	212477	212478	*	23	2	21	27	8	19	28	7	21	20	0	20	26	8	18	24	4	20	10	1	9	29	5	24	12	4	8	25	10	15	29	8	21	22	2	20	19	6	13	25	3	22	22	0	22	13	2	11	27	8	19	26	11	15	13	5	8	29	4	25
NC_059185.1	1167224	1167225	*	22	0	22	24	3	21	26	1	25	17	0	17	18	0	18	25	0	25	18	0	18	11	0	11	12	0	12	29	0	29	23	0	23	28	1	27	22	9	13	25	1	24	33	1	32	31	4	27	28	24	4	12	0	12	28	1	27	11	0	11
NC_059185.1	1167241	1167242	*	21	1	20	25	4	21	25	2	23	20	0	20	18	1	17	25	0	25	14	0	14	10	0	10	13	0	13	27	1	26	23	0	23	27	5	22	21	7	14	29	1	28	34	3	31	29	10	19	28	22	6	12	0	12	26	1	25	11	0	11
NC_059185.1	1660107	1660108	*	24	0	24	20	6	14	17	2	15	15	0	15	18	0	18	21	1	20	10	1	9	13	2	11	11	1	10	15	0	15	11	0	11	18	2	16	23	0	23	13	0	13	24	1	23	24	2	22	22	2	20	56	4	52	22	3	19	14	1	13
NC_059185.1	1660118	1660119	*	23	0	23	23	4	19	18	0	18	15	0	15	19	0	19	21	0	21	10	0	10	14	1	13	11	0	11	16	0	16	13	0	13	18	0	18	24	0	24	12	0	12	24	0	24	24	2	22	24	0	24	54	1	53	22	1	21	14	0	14
NC_059185.1	1798831	1798832	*	19	1	18	21	11	10	11	2	9	12	9	3	13	4	9	11	5	6	16	6	10	13	6	7	11	7	4	17	9	8	14	4	10	16	2	14	12	5	7	17	2	15	23	6	17	20	10	10	15	5	10	13	5	8	17	11	6	14	3	11
NC_059185.1	2678857	2678858	*	16	0	16	29	6	23	14	0	14	22	0	22	16	0	16	24	0	24	26	0	26	14	0	14	31	0	31	52	5	47	33	0	33	35	0	35	17	0	17	17	0	17	39	0	39	36	0	36	38	0	38	80	0	80	23	0	23	16	0	16
NC_059185.1	4302237	4302238	*	22	2	20	22	22	0	17	10	7	16	7	9	15	4	11	23	5	18	17	11	6	16	11	5	15	1	14	17	10	7	17	1	16	14	0	14	23	0	23	19	6	13	24	13	11	22	4	18	16	8	8	18	12	6	27	7	20	18	2	16
NC_059185.1	4302270	4302271	*	20	0	20	22	3	19	14	6	8	12	0	12	15	3	12	20	0	20	17	3	14	15	0	15	15	0	15	17	1	16	14	0	14	15	0	15	23	0	23	17	0	17	19	0	19	22	2	20	13	2	11	20	0	20	24	0	24	16	1	15
NC_059185.1	4610265	4610266	*	12	0	12	24	16	8	24	0	24	20	10	10	13	0	13	21	0	21	16	0	16	12	5	7	18	0	18	19	0	19	17	4	13	22	0	22	24	0	24	19	0	19	20	5	15	23	10	13	22	19	3	22	21	1	25	0	25	13	4	9
NC_059185.1	10031445	10031446	*	20	0	20	11	5	6	16	0	16	17	2	15	11	0	11	15	0	15	10	0	10	26	0	26	10	0	10	23	0	23	23	0	23	12	1	11	13	1	12	17	0	17	28	0	28	31	0	31	17	0	17	28	0	28	18	0	18	23	3	20
NC_059185.1	10031456	10031457	*	19	0	19	11	5	6	16	0	16	17	2	15	11	0	11	15	0	15	10	0	10	26	0	26	10	0	10	23	0	23	23	0	23	13	1	12	13	0	13	19	1	18	28	1	27	31	1	30	19	0	19	29	0	29	18	0	18	23	3	20
NC_059185.1	10859206	10859207	*	15	0	15	18	3	15	14	0	14	14	1	13	14	0	14	20	0	20	19	0	19	18	1	17	14	0	14	24	0	24	27	0	27	18	0	18	27	0	27	31	0	31	27	0	27	19	0	19	20	0	20	14	0	14	28	1	27	23	0	23
NC_059185.1	12520946	12520947	*	34	2	32	40	24	16	29	1	28	28	6	22	44	0	44	34	1	33	35	2	33	19	0	19	37	0	37	28	1	27	24	0	24	44	12	32	38	0	38	51	1	50	36	0	36	37	1	36	72	0	72	59	13	46	40	2	38	26	0	26
NC_059185.1	12520948	12520949	*	34	2	32	39	12	27	29	0	29	27	1	26	43	0	43	34	0	34	35	0	35	19	0	19	37	0	37	28	0	28	24	0	24	44	4	40	37	1	36	51	0	51	34	1	33	37	0	37	71	1	70	59	0	59	39	0	39	26	0	26
NC_059185.1	12520965	12520966	*	31	2	29	38	15	23	25	0	25	26	4	22	41	0	41	32	0	32	31	2	29	19	0	19	35	1	34	26	0	26	23	0	23	42	9	33	34	0	34	48	0	48	32	0	32	35	1	34	65	0	65	54	1	53	37	0	37	25	0	25
NC_059185.1	12521013	12521014	*	27	0	27	29	7	22	19	0	19	21	1	20	30	0	30	25	0	25	23	0	23	17	0	17	28	0	28	23	0	23	22	0	22	34	2	32	26	0	26	41	1	40	22	0	22	30	0	30	57	1	56	40	0	40	31	0	31	19	0	19
NC_059185.1	13090880	13090881	*	35	0	35	42	9	33	29	5	24	16	0	16	19	0	19	39	9	30	28	1	27	21	1	20	25	5	20	37	3	34	24	0	24	43	1	42	21	1	20	33	4	29	41	1	40	60	4	56	24	6	18	16	0	16	24	7	17	33	3	30
NC_059185.1	13090913	13090914	*	28	1	27	38	5	33	31	0	31	13	1	12	22	0	22	42	0	42	25	2	23	24	0	24	26	2	24	39	0	39	25	1	24	46	4	42	19	0	19	31	0	31	34	0	34	59	2	57	24	3	21	25	0	25	23	1	22	28	0	28
NC_059185.1	13107377	13107378	*	26	2	24	10	4	6	40	9	31	23	0	23	40	18	22	38	3	35	18	3	15	21	8	13	28	5	23	36	0	36	36	1	35	18	6	12	61	15	46	21	2	19	30	0	30	13	1	12	23	0	23	18	0	18	64	3	61	26	9	17
NC_059185.1	13107611	13107612	*	21	0	21	15	4	11	34	7	27	26	0	26	37	8	29	46	4	42	33	6	27	13	1	12	24	2	22	24	0	24	25	0	25	23	2	21	50	18	32	25	0	25	24	5	19	12	1	11	23	2	21	53	11	42	58	8	50	18	5	13
NC_059185.1	13198282	13198283	*	27	0	27	26	8	18	21	0	21	17	8	9	22	0	22	34	0	34	19	0	19	14	1	13	11	0	11	13	8	5	25	0	25	18	0	18	21	11	10	25	0	25	26	2	24	22	0	22	20	0	20	11	0	11	15	9	6	16	7	9
NC_059186.1	238359	238360	*	23	0	23	24	23	1	23	11	12	19	18	1	28	26	2	20	16	4	23	10	13	20	19	1	13	7	6	33	17	16	35	33	2	15	9	6	29	19	10	34	13	21	27	16	11	27	23	4	34	33	1	19	18	1	34	33	1	25	13	12
NC_059186.1	238380	238381	*	18	0	18	19	19	0	21	11	10	19	18	1	29	28	1	17	12	5	23	10	13	19	19	0	16	8	8	29	15	14	30	28	2	18	10	8	26	14	12	35	16	19	27	15	12	23	21	2	32	30	2	18	17	1	37	36	1	25	13	12
NC_059186.1	238485	238486	*	12	0	12	13	3	10	17	11	6	12	0	12	17	11	6	12	0	12	13	0	13	15	7	8	12	6	6	16	0	16	25	0	25	19	6	13	16	0	16	14	0	14	22	11	11	15	0	15	19	0	19	18	8	10	24	0	24	13	10	3
NC_059186.1	6843650	6843651	*	19	0	19	32	11	21	12	0	12	15	0	15	17	0	17	14	0	14	15	8	7	18	0	18	24	0	24	24	0	24	24	1	23	29	0	29	20	1	19	21	0	21	23	0	23	22	0	22	18	0	18	20	0	20	20	0	20	22	1	21
NC_059186.1	7613227	7613228	*	16	0	16	16	6	10	22	1	21	17	9	8	26	2	24	25	16	9	15	7	8	12	11	1	13	1	12	19	7	12	27	0	27	19	4	15	28	1	27	32	28	4	24	12	12	18	11	7	27	20	7	10	3	7	22	3	19	19	16	3
NC_059186.1	7613265	7613266	*	20	1	19	13	8	5	26	0	26	16	7	9	27	1	26	22	15	7	17	10	7	16	13	3	20	0	20	23	7	16	27	0	27	22	0	22	34	1	33	40	39	1	24	10	14	18	13	5	33	14	19	10	0	10	20	0	20	20	20	0
NC_059186.1	7613269	7613270	*	21	0	21	13	8	5	26	0	26	15	8	7	27	1	26	24	16	8	16	9	7	17	15	2	20	0	20	23	7	16	27	0	27	23	0	23	34	1	33	41	41	0	24	10	14	18	13	5	31	27	4	10	0	10	19	0	19	19	18	1
NC_059186.1	7892703	7892704	*	22	0	22	33	5	28	15	1	14	14	0	14	18	10	8	29	6	23	15	1	14	10	1	9	11	0	11	24	15	9	22	1	21	20	0	20	21	3	18	27	3	24	22	0	22	27	3	24	26	3	23	12	6	6	20	4	16	24	2	22
NC_059186.1	8310807	8310808	*	12	0	12	19	5	14	14	5	9	14	5	9	15	0	15	18	10	8	20	13	7	24	2	22	21	10	11	20	9	11	20	9	11	18	0	18	23	0	23	24	12	12	22	20	2	20	2	18	24	0	24	13	0	13	30	0	30	19	0	19
NC_059186.1	8880046	8880047	*	29	2	27	35	5	30	18	0	18	19	7	12	30	0	30	28	0	28	26	0	26	23	3	20	19	0	19	41	1	40	35	1	34	41	1	40	46	24	22	38	1	37	30	1	29	37	0	37	31	1	30	10	0	10	32	2	30	32	5	27
NC_059186.1	9075055	9075056	*	12	1	11	20	10	10	20	19	1	12	12	0	17	14	3	19	6	13	16	7	9	21	5	16	12	9	3	17	15	2	18	16	2	16	7	9	14	5	9	20	11	9	13	6	7	23	2	21	14	12	2	13	7	6	21	2	19	12	6	6
NC_059186.1	9263606	9263607	*	16	0	16	16	3	13	16	1	15	13	0	13	12	3	9	12	0	12	16	3	13	13	7	6	13	0	13	12	1	11	16	0	16	20	0	20	15	0	15	19	5	14	18	0	18	11	0	11	16	2	14	19	0	19	21	0	21	13	1	12
NC_059186.1	9503848	9503849	*	10	0	10	21	5	16	13	0	13	12	0	12	16	0	16	12	0	12	13	0	13	13	0	13	10	0	10	14	0	14	16	0	16	23	0	23	14	0	14	10	0	10	17	0	17	16	0	16	24	0	24	15	0	15	23	0	23	15	0	15
NC_059186.1	9551910	9551911	*	24	0	24	25	3	22	22	0	22	18	0	18	12	0	12	25	0	25	17	1	16	18	0	18	12	0	12	17	0	17	22	0	22	16	1	15	22	0	22	19	0	19	21	0	21	28	13	15	27	5	22	18	0	18	17	8	9	14	2	12
NC_059186.1	10129114	10129115	*	17	0	17	19	16	3	16	15	1	10	7	3	11	3	8	13	10	3	11	6	5	15	11	4	18	6	12	14	9	5	12	5	7	19	6	13	15	7	8	19	17	2	27	1	26	17	1	16	20	15	5	11	10	1	18	2	16	21	7	14
NC_059186.1	10803134	10803135	*	22	0	22	21	4	17	13	6	7	19	7	12	12	11	1	11	5	6	18	2	16	15	0	15	20	8	12	19	8	11	22	9	13	22	11	11	19	0	19	18	9	9	22	8	14	19	9	10	29	18	11	19	13	6	33	14	19	24	11	13
NC_059186.1	10803196	10803197	*	22	0	22	24	24	0	16	6	10	21	20	1	10	9	1	12	10	2	18	8	10	16	1	15	18	17	1	18	16	2	22	10	12	25	13	12	20	20	0	12	7	5	22	21	1	19	9	10	29	28	1	22	13	9	33	13	20	21	21	0
NC_059186.1	12218057	12218058	*	17	0	17	19	9	10	19	0	19	11	0	11	20	0	20	17	0	17	21	0	21	11	0	11	16	0	16	11	0	11	23	0	23	13	0	13	25	1	24	18	0	18	13	1	12	27	2	25	18	0	18	33	0	33	10	0	10	13	0	13
NC_059187.1	673188	673189	*	13	0	13	27	5	22	12	0	12	19	1	18	14	0	14	15	0	15	17	0	17	10	0	10	11	0	11	17	1	16	20	1	19	17	0	17	18	2	16	23	0	23	13	1	12	17	0	17	17	0	17	20	1	19	19	0	19	15	0	15
NC_059187.1	1159498	1159499	*	21	0	21	23	4	19	24	1	23	13	1	12	24	0	24	19	1	18	16	4	12	18	5	13	14	1	13	15	1	14	22	1	21	20	0	20	29	2	27	26	2	24	34	3	31	20	5	15	24	2	22	12	1	11	25	2	23	12	0	12
NC_059187.1	1203993	1203994	*	20	1	19	27	3	24	15	1	14	14	0	14	10	0	10	24	1	23	10	1	9	13	2	11	15	1	14	33	1	32	21	4	17	31	1	30	28	2	26	30	2	28	24	1	23	16	3	13	23	2	21	12	6	6	35	1	34	20	0	20
NC_059187.1	1399111	1399112	*	19	0	19	24	16	8	24	10	14	12	7	5	16	0	16	20	11	9	16	5	11	16	0	16	24	0	24	30	1	29	23	0	23	16	6	10	16	7	9	16	0	16	24	0	24	24	0	24	13	0	13	16	16	0	31	0	31	18	0	18
NC_059187.1	1603770	1603771	*	18	1	17	16	5	11	17	10	7	16	11	5	16	9	7	14	13	1	14	2	12	12	10	2	16	15	1	18	9	9	14	13	1	19	15	4	21	21	0	25	3	22	19	16	3	24	22	2	17	16	1	18	11	7	13	0	13	18	14	4
NC_059187.1	1603773	1603774	*	18	1	17	17	5	12	17	10	7	17	10	7	15	8	7	14	7	7	14	2	12	13	12	1	16	14	2	18	8	10	14	14	0	19	17	2	21	20	1	25	3	22	19	16	3	25	22	3	17	17	0	18	12	6	13	0	13	18	14	4
NC_059187.1	1978710	1978711	*	22	0	22	21	9	12	18	0	18	22	7	15	26	17	9	21	17	4	12	0	12	16	7	9	20	13	7	17	6	11	21	15	6	30	26	4	33	11	22	19	7	12	20	5	15	17	15	2	16	4	12	10	2	8	27	17	10	24	17	7
NC_059187.1	2662975	2662976	*	19	0	19	15	5	10	13	0	13	14	6	8	19	1	18	13	6	7	19	2	17	19	0	19	10	0	10	12	7	5	18	0	18	13	1	12	15	0	15	20	0	20	46	15	31	29	10	19	16	2	14	32	7	25	20	1	19	23	8	15
NC_059187.1	2694965	2694966	*	15	0	15	33	4	29	36	2	34	40	10	30	17	2	15	44	4	40	22	0	22	25	0	25	32	0	32	11	0	11	17	2	15	20	0	20	16	0	16	17	1	16	19	2	17	19	0	19	22	3	19	55	6	49	11	1	10	12	3	9
NC_059187.1	2735468	2735469	*	19	1	18	18	3	15	20	1	19	17	1	16	13	1	12	17	3	14	11	0	11	13	1	12	18	0	18	22	6	16	23	2	21	30	9	21	18	1	17	17	1	16	20	8	12	17	4	13	19	1	18	15	2	13	19	1	18	14	0	14
NC_059187.1	3770289	3770290	*	15	0	15	20	7	13	18	8	10	22	4	18	14	5	9	16	9	7	14	13	1	23	9	14	10	1	9	19	1	18	15	7	8	29	4	25	21	12	9	26	13	13	16	7	9	21	19	2	17	11	6	13	2	11	18	9	9	15	14	1
NC_059187.1	4181705	4181706	*	24	0	24	20	7	13	31	0	31	19	0	19	11	1	10	11	0	11	15	0	15	27	0	27	34	0	34	46	0	46	25	0	25	42	0	42	16	0	16	12	0	12	38	0	38	42	0	42	38	0	38	29	1	28	31	0	31	23	0	23
NC_059187.1	4238200	4238201	*	17	0	17	19	17	2	24	21	3	19	16	3	12	5	7	21	17	4	10	8	2	15	13	2	16	13	3	25	14	11	22	20	2	11	3	8	21	19	2	23	19	4	32	1	31	16	15	1	22	19	3	13	12	1	21	0	21	22	18	4
NC_059187.1	7724185	7724186	*	11	0	11	21	3	18	13	0	13	10	0	10	16	0	16	11	1	10	16	1	15	18	1	17	14	0	14	14	0	14	11	0	11	16	0	16	15	0	15	14	0	14	23	0	23	18	1	17	17	0	17	13	0	13	31	0	31	14	1	13
NC_059187.1	8198959	8198960	*	24	0	24	22	3	19	15	2	13	17	6	11	17	1	16	18	0	18	14	1	13	19	6	13	12	0	12	25	1	24	27	1	26	22	1	21	17	0	17	22	0	22	24	0	24	29	1	28	20	0	20	12	0	12	25	0	25	19	0	19
NC_059187.1	8198975	8198976	*	25	1	24	24	8	16	14	4	10	18	8	10	19	1	18	18	0	18	12	2	10	17	8	9	13	3	10	23	4	19	25	4	21	22	3	19	19	1	18	24	0	24	23	5	18	31	4	27	20	3	17	11	3	8	26	4	22	19	1	18
NC_059187.1	9316769	9316770	*	14	1	13	22	4	18	12	4	8	19	0	19	21	8	13	22	0	22	12	0	12	14	8	6	13	0	13	26	0	26	26	13	13	21	18	3	22	1	21	34	33	1	29	15	14	18	0	18	20	11	9	13	9	4	23	0	23	26	13	13
NC_059187.1	9316797	9316798	*	13	0	13	18	8	10	13	5	8	15	0	15	21	8	13	22	0	22	10	1	9	13	7	6	14	0	14	26	0	26	22	10	12	21	20	1	21	0	21	37	35	2	29	15	14	22	3	19	18	12	6	13	8	5	22	2	20	25	23	2
NC_059187.1	9316807	9316808	*	13	0	13	19	10	9	12	4	8	15	0	15	20	9	11	22	0	22	11	1	10	15	9	6	13	0	13	24	0	24	23	10	13	19	18	1	22	0	22	37	37	0	29	15	14	22	5	17	17	11	6	15	9	6	22	1	21	25	23	2
NC_059187.1	9316826	9316827	*	12	0	12	16	10	6	13	4	9	16	0	16	20	15	5	24	0	24	14	0	14	13	8	5	12	0	12	24	0	24	23	11	12	18	16	2	21	0	21	34	34	0	27	10	17	17	7	10	20	14	6	16	9	7	18	1	17	23	23	0
NC_059187.1	9316845	9316846	*	11	0	11	19	13	6	11	2	9	13	0	13	19	18	1	26	1	25	14	3	11	11	9	2	15	5	10	21	0	21	25	14	11	17	14	3	20	0	20	35	33	2	25	12	13	15	5	10	19	15	4	18	10	8	20	8	12	22	19	3
NC_059187.1	9316880	9316881	*	12	1	11	20	16	4	10	5	5	12	4	8	17	17	0	24	7	17	14	10	4	16	14	2	14	11	3	21	8	13	21	18	3	15	15	0	22	7	15	29	29	0	21	17	4	17	15	2	19	18	1	25	22	3	22	17	5	24	22	2
NC_059187.1	9689258	9689259	*	20	0	20	15	7	8	21	17	4	16	0	16	11	6	5	16	0	16	11	8	3	10	10	0	13	0	13	19	0	19	22	7	15	13	12	1	13	0	13	23	19	4	19	0	19	14	0	14	20	0	20	19	0	19	25	0	25	19	8	11
NC_059187.1	10346263	10346264	*	21	0	21	20	9	11	18	0	18	27	25	2	15	0	15	22	20	2	12	0	12	16	0	16	13	0	13	22	0	22	18	0	18	25	0	25	16	0	16	20	0	20	33	0	33	23	0	23	25	1	24	25	0	25	28	1	27	22	0	22
NC_059187.1	10346266	10346267	*	20	0	20	19	10	9	18	0	18	27	27	0	14	0	14	21	21	0	11	0	11	16	0	16	12	0	12	22	0	22	17	0	17	23	0	23	15	1	14	20	0	20	32	0	32	23	0	23	23	0	23	23	0	23	27	2	25	22	0	22
NC_059187.1	10346280	10346281	*	20	0	20	19	10	9	19	0	19	28	27	1	16	0	16	21	21	0	11	0	11	18	0	18	12	0	12	20	0	20	16	0	16	25	0	25	14	0	14	20	0	20	31	0	31	23	0	23	23	1	22	22	0	22	26	1	25	21	0	21
NC_059187.1	10346302	10346303	*	18	1	17	19	9	10	17	0	17	27	26	1	15	1	14	22	22	0	11	0	11	18	0	18	15	0	15	21	0	21	15	1	14	21	1	20	13	0	13	20	0	20	31	0	31	22	0	22	21	0	21	24	0	24	24	0	24	17	0	17
NC_059187.1	10346313	10346314	*	18	1	17	20	9	11	17	0	17	26	24	2	15	0	15	22	22	0	11	0	11	19	0	19	15	0	15	20	0	20	16	0	16	23	0	23	12	0	12	23	0	23	32	0	32	23	1	22	23	0	23	24	0	24	21	0	21	17	1	16
NC_059187.1	10346332	10346333	*	18	1	17	19	8	11	17	0	17	24	21	3	15	0	15	22	21	1	12	0	12	17	0	17	16	0	16	16	0	16	18	0	18	22	0	22	12	0	12	21	0	21	32	0	32	23	0	23	23	0	23	25	0	25	21	0	21	17	0	17
NC_059188.1	384863	384864	*	10	0	10	14	5	9	14	0	14	17	0	17	14	0	14	17	7	10	13	0	13	17	0	17	12	0	12	13	0	13	17	0	17	10	0	10	11	0	11	20	0	20	22	0	22	16	0	16	23	0	23	26	0	26	22	0	22	18	0	18
NC_059188.1	601231	601232	*	13	0	13	20	8	12	15	3	12	19	7	12	12	0	12	19	8	11	16	0	16	12	0	12	15	15	0	17	0	17	24	6	18	21	0	21	16	0	16	21	0	21	26	0	26	15	4	11	10	4	6	11	5	6	26	0	26	25	0	25
NC_059188.1	601254	601255	*	14	0	14	21	6	15	15	2	13	16	7	9	11	0	11	22	11	11	16	0	16	12	0	12	14	12	2	16	0	16	29	5	24	23	0	23	15	0	15	21	0	21	29	0	29	14	5	9	10	4	6	10	5	5	28	0	28	29	0	29
NC_059188.1	601295	601296	*	15	1	14	24	6	18	16	3	13	20	1	19	14	0	14	22	8	14	17	0	17	14	0	14	16	8	8	18	0	18	36	8	28	31	1	30	17	0	17	24	0	24	31	0	31	15	8	7	12	6	6	14	6	8	27	1	26	28	0	28
NC_059188.1	601329	601330	*	17	0	17	23	5	18	14	0	14	23	0	23	15	0	15	22	0	22	16	0	16	14	0	14	19	6	13	16	0	16	39	0	39	32	0	32	17	1	16	26	0	26	30	0	30	16	1	15	11	4	7	15	1	14	28	0	28	29	0	29
NC_059188.1	802507	802508	*	24	0	24	23	21	2	13	11	2	11	10	1	16	12	4	20	15	5	11	2	9	15	8	7	13	10	3	11	7	4	14	2	12	11	6	5	18	13	5	13	4	9	24	12	12	17	13	4	14	12	2	23	22	1	15	0	15	14	7	7
NC_059188.1	990748	990749	*	24	0	24	33	15	18	19	0	19	14	0	14	19	0	19	25	0	25	10	1	9	15	1	14	14	0	14	21	0	21	20	0	20	23	7	16	22	0	22	14	0	14	14	1	13	20	1	19	32	0	32	22	0	22	20	0	20	17	0	17
NC_059188.1	990751	990752	*	24	0	24	31	15	16	18	0	18	14	0	14	19	1	18	24	0	24	10	1	9	15	0	15	14	0	14	20	0	20	20	0	20	23	7	16	22	0	22	14	0	14	14	0	14	19	0	19	31	0	31	20	1	19	20	1	19	17	0	17
NC_059188.1	990754	990755	*	23	0	23	30	14	16	18	0	18	14	1	13	19	0	19	25	0	25	10	1	9	17	1	16	14	0	14	20	0	20	20	0	20	24	8	16	22	0	22	14	0	14	14	0	14	19	1	18	31	0	31	20	2	18	20	1	19	17	0	17
NC_059188.1	1370258	1370259	*	17	0	17	18	3	15	17	0	17	20	0	20	12	0	12	17	0	17	16	0	16	10	0	10	12	0	12	15	0	15	24	0	24	19	0	19	17	0	17	18	0	18	14	0	14	18	0	18	16	0	16	14	0	14	17	0	17	13	1	12
NC_059188.1	2087445	2087446	*	23	1	22	21	5	16	10	7	3	15	1	14	12	3	9	17	4	13	19	0	19	14	2	12	18	0	18	13	0	13	17	6	11	23	0	23	16	8	8	22	12	10	21	0	21	16	2	14	23	4	19	49	0	49	19	8	11	14	7	7
NC_059188.1	3902111	3902112	*	17	0	17	21	4	17	10	2	8	11	0	11	19	1	18	16	0	16	24	0	24	15	0	15	12	3	9	19	0	19	19	1	18	18	0	18	33	2	31	32	11	21	18	0	18	25	0	25	18	1	17	10	0	10	24	1	23	24	0	24
NC_059188.1	5878552	5878553	*	11	0	11	21	5	16	23	0	23	13	0	13	15	0	15	11	0	11	12	0	12	20	0	20	17	0	17	19	0	19	21	2	19	21	0	21	27	0	27	18	0	18	22	2	20	21	2	19	12	0	12	16	0	16	26	0	26	22	1	21
NC_059188.1	11140485	11140486	*	14	0	14	18	3	15	17	0	17	11	3	8	10	0	10	19	1	18	19	19	0	11	1	10	16	0	16	17	0	17	25	0	25	14	0	14	14	0	14	18	12	6	20	10	10	19	2	17	18	0	18	14	1	13	28	1	27	14	0	14
NC_059188.1	12536055	12536056	*	14	0	14	21	18	3	14	12	2	11	7	4	18	8	10	28	19	9	19	14	5	15	4	11	13	0	13	25	12	13	21	13	8	24	14	10	20	8	12	29	13	16	28	9	19	18	10	8	29	15	14	21	20	1	24	16	8	21	7	14
NC_059188.1	12694822	12694823	*	21	0	21	14	3	11	14	1	13	12	0	12	14	0	14	19	2	17	14	3	11	14	2	12	11	0	11	16	6	10	21	0	21	21	1	20	14	0	14	26	13	13	15	1	14	23	1	22	21	5	16	12	6	6	26	3	23	16	8	8
NC_059188.1	12928399	12928400	*	14	0	14	27	9	18	19	0	19	17	0	17	15	7	8	22	10	12	17	8	9	20	11	9	13	0	13	14	0	14	24	0	24	31	0	31	23	0	23	32	13	19	25	16	9	21	0	21	23	12	11	21	1	20	22	0	22	15	0	15
NC_059189.1	705329	705330	*	16	0	16	12	4	8	20	8	12	26	10	16	17	0	17	34	17	17	15	2	13	20	0	20	21	19	2	21	5	16	19	9	10	17	16	1	33	0	33	23	7	16	23	14	9	16	15	1	24	24	0	28	27	1	17	10	7	22	15	7
NC_059189.1	837913	837914	*	13	0	13	33	5	28	19	0	19	21	1	20	12	0	12	18	0	18	19	3	16	18	1	17	19	1	18	26	0	26	27	0	27	22	0	22	23	1	22	14	0	14	17	0	17	27	0	27	23	2	21	28	0	28	23	0	23	17	0	17
NC_059189.1	1438257	1438258	*	17	1	16	26	9	17	20	0	20	13	0	13	14	0	14	29	0	29	19	0	19	19	0	19	18	0	18	16	1	15	22	0	22	22	0	22	19	0	19	21	0	21	17	0	17	17	0	17	15	0	15	14	0	14	16	7	9	19	5	14
NC_059189.1	1438311	1438312	*	17	0	17	29	11	18	19	0	19	12	0	12	14	0	14	30	0	30	25	0	25	17	0	17	18	0	18	19	0	19	25	0	25	15	0	15	20	0	20	27	1	26	14	1	13	24	0	24	18	0	18	12	0	12	22	8	14	26	8	18
NC_059189.1	1438335	1438336	*	15	0	15	25	10	15	19	0	19	13	0	13	10	0	10	30	0	30	23	0	23	18	0	18	16	0	16	20	0	20	26	0	26	21	1	20	20	0	20	24	0	24	16	0	16	22	1	21	19	0	19	11	0	11	24	7	17	23	6	17
NC_059189.1	1438345	1438346	*	16	0	16	23	6	17	19	0	19	13	0	13	10	0	10	30	0	30	24	0	24	18	0	18	15	0	15	22	0	22	24	0	24	19	0	19	19	0	19	23	1	22	16	0	16	26	0	26	19	0	19	11	0	11	22	7	15	22	8	14
NC_059189.1	1438353	1438354	*	16	0	16	23	8	15	19	0	19	13	0	13	10	0	10	30	0	30	26	0	26	18	0	18	15	0	15	23	0	23	22	0	22	19	0	19	18	0	18	23	0	23	15	1	14	28	0	28	18	0	18	10	1	9	21	7	14	22	8	14
NC_059189.1	2004716	2004717	*	20	1	19	18	3	15	19	0	19	18	1	17	22	0	22	11	0	11	13	0	13	14	0	14	19	0	19	23	0	23	22	4	18	25	3	22	23	0	23	17	1	16	15	0	15	24	0	24	22	2	20	12	3	9	16	1	15	17	0	17
NC_059189.1	3694757	3694758	*	15	0	15	16	7	9	15	14	1	18	0	18	14	0	14	16	6	10	18	8	10	15	8	7	16	12	4	16	0	16	21	11	10	22	1	21	21	9	12	20	12	8	27	26	1	19	19	0	15	1	14	15	8	7	12	8	4	14	14	0
NC_059189.1	4282369	4282370	*	13	0	13	17	15	2	12	1	11	11	0	11	18	0	18	13	0	13	21	0	21	15	0	15	14	7	7	21	0	21	17	0	17	15	0	15	11	0	11	24	0	24	24	0	24	10	0	10	15	0	15	10	0	10	21	0	21	18	0	18
NC_059189.1	4282414	4282415	*	15	0	15	23	22	1	13	1	12	20	0	20	20	0	20	17	0	17	26	0	26	16	0	16	16	8	8	24	14	10	24	0	24	19	1	18	18	0	18	29	0	29	23	0	23	15	0	15	22	0	22	10	1	9	25	0	25	22	0	22
NC_059189.1	4613432	4613433	*	17	0	17	16	11	5	17	11	6	31	0	31	12	0	12	16	5	11	10	5	5	15	4	11	13	7	6	17	12	5	23	0	23	16	13	3	14	5	9	13	3	10	18	13	5	19	7	12	20	11	9	11	10	1	20	14	6	10	8	2
NC_059189.1	7537483	7537484	*	66	1	65	34	3	31	26	0	26	30	0	30	31	4	27	28	0	28	33	0	33	20	0	20	32	0	32	34	0	34	42	3	39	19	0	19	32	1	31	34	0	34	47	1	46	32	0	32	40	1	39	43	0	43	41	1	40	22	0	22
NC_059189.1	9103539	9103540	*	14	0	14	17	11	6	11	6	5	15	1	14	13	9	4	20	8	12	10	5	5	12	0	12	10	0	10	15	7	8	21	1	20	11	1	10	16	8	8	14	0	14	20	0	20	20	0	20	13	0	13	24	1	23	19	8	11	12	0	12
NC_059189.1	9103553	9103554	*	14	0	14	18	13	5	12	6	6	16	8	8	14	8	6	21	9	12	12	6	6	11	0	11	13	6	7	16	16	0	21	21	0	10	6	4	17	9	8	11	7	4	19	0	19	18	3	15	12	0	12	20	13	7	19	12	7	14	0	14
NC_059189.1	9103607	9103608	*	17	0	17	20	13	7	12	7	5	17	8	9	12	8	4	23	12	11	12	4	8	18	4	14	15	7	8	16	10	6	24	23	1	12	7	5	24	13	11	19	6	13	24	1	23	21	19	2	11	0	11	19	10	9	19	4	15	17	0	17
NC_059189.1	9153959	9153960	*	10	0	10	16	7	9	12	8	4	16	7	9	11	0	11	16	6	10	15	6	9	13	11	2	12	7	5	15	0	15	19	0	19	13	7	6	13	0	13	12	5	7	17	16	1	15	15	0	12	5	7	19	10	9	14	0	14	13	11	2
NC_059189.1	9403598	9403599	*	13	2	11	27	8	19	19	13	6	10	0	10	11	4	7	15	4	11	16	4	12	15	3	12	11	5	6	20	2	18	22	6	16	18	5	13	20	6	14	16	0	16	16	0	16	16	3	13	18	7	11	22	14	8	14	3	11	17	0	17
NC_059189.1	9499760	9499761	*	19	0	19	21	5	16	13	0	13	16	1	15	22	0	22	12	5	7	19	8	11	20	6	14	11	0	11	19	0	19	20	0	20	24	4	20	23	2	21	25	3	22	16	4	12	15	3	12	20	6	14	10	0	10	24	6	18	15	8	7
NC_059189.1	9654000	9654001	*	28	0	28	24	3	21	12	0	12	23	0	23	18	0	18	18	0	18	13	0	13	22	2	20	13	0	13	18	1	17	29	0	29	25	1	24	27	2	25	22	1	21	31	0	31	21	2	19	17	0	17	11	1	10	17	0	17	19	0	19
NC_059189.1	10953253	10953254	*	36	0	36	52	8	44	52	8	44	46	3	43	40	11	29	41	0	41	32	0	32	49	8	41	38	1	37	33	1	32	69	5	64	56	0	56	38	2	36	46	5	41	53	0	53	57	2	55	38	4	34	58	6	52	62	2	60	44	7	37
NC_059189.1	10953280	10953281	*	36	1	35	40	11	29	43	7	36	41	6	35	32	11	21	39	4	35	31	5	26	45	12	33	36	2	34	27	0	27	58	7	51	46	3	43	32	8	24	36	8	28	42	2	40	49	4	45	34	7	27	59	6	53	50	7	43	37	5	32
NC_059190.1	1839379	1839380	*	28	2	26	25	5	20	17	0	17	17	0	17	30	0	30	17	11	6	13	1	12	16	1	15	19	0	19	22	1	21	20	0	20	29	14	15	32	19	13	30	0	30	24	0	24	21	0	21	31	12	19	11	2	9	28	0	28	13	1	12
NC_059190.1	1839398	1839399	*	30	0	30	25	5	20	16	0	16	15	0	15	30	0	30	15	4	11	12	0	12	21	0	21	20	0	20	22	0	22	21	0	21	30	13	17	34	15	19	27	0	27	28	1	27	22	3	19	29	0	29	11	0	11	24	1	23	14	1	13
NC_059190.1	2811199	2811200	*	13	1	12	14	10	4	17	9	8	10	6	4	18	0	18	15	6	9	22	7	15	16	8	8	16	8	8	25	24	1	22	18	4	28	25	3	17	9	8	22	0	22	17	5	12	21	10	11	14	6	8	19	18	1	25	9	16	19	8	11
NC_059190.1	2811258	2811259	*	10	0	10	14	9	5	21	10	11	13	8	5	16	5	11	12	6	6	20	8	12	16	10	6	19	9	10	22	21	1	26	25	1	24	22	2	20	12	8	25	12	13	20	7	13	16	8	8	10	4	6	18	14	4	28	15	13	17	15	2
NC_059190.1	2811359	2811360	*	11	0	11	17	5	12	14	0	14	16	0	16	15	0	15	16	0	16	18	0	18	14	0	14	13	0	13	23	0	23	29	0	29	20	0	20	11	0	11	22	0	22	23	0	23	16	0	16	13	0	13	11	0	11	26	0	26	18	1	17
NC_059190.1	3095790	3095791	*	20	0	20	16	8	8	16	8	8	12	0	12	18	1	17	21	5	16	15	1	14	10	2	8	10	6	4	17	11	6	20	4	16	16	0	16	26	8	18	24	0	24	25	12	13	15	4	11	23	12	11	19	10	9	13	1	12	13	0	13
NC_059190.1	3246093	3246094	*	18	0	18	21	5	16	14	0	14	25	0	25	19	0	19	15	2	13	12	0	12	24	0	24	19	0	19	30	0	30	21	0	21	20	0	20	31	0	31	24	0	24	30	0	30	31	19	12	27	0	27	13	0	13	30	0	30	24	0	24
NC_059190.1	3261002	3261003	*	22	0	22	24	21	3	18	0	18	17	0	17	18	8	10	24	10	14	13	0	13	14	7	7	21	12	9	16	14	2	28	18	10	31	12	19	24	10	14	35	27	8	24	14	10	22	10	12	19	0	19	10	0	10	20	0	20	21	0	21
NC_059190.1	3583345	3583346	*	11	2	9	15	8	7	10	4	6	15	0	15	17	7	10	20	0	20	10	7	3	13	8	5	13	0	13	11	0	11	12	12	0	14	0	14	16	6	10	17	8	9	25	13	12	13	0	13	17	0	17	20	12	8	12	0	12	10	0	10
NC_059190.1	3610262	3610263	*	14	0	14	26	10	16	13	0	13	18	0	18	11	0	11	22	6	16	19	5	14	14	7	7	21	12	9	25	0	25	14	0	14	21	4	17	16	5	11	22	3	19	24	0	24	28	13	15	16	4	12	26	9	17	13	0	13	10	0	10
NC_059190.1	4997066	4997067	*	57	0	57	46	6	40	14	4	10	10	0	10	42	14	28	16	4	12	56	8	48	17	0	17	20	0	20	12	0	12	63	4	59	86	0	86	31	10	21	78	0	78	19	0	19	22	3	19	33	9	24	18	1	17	26	2	24	16	7	9
NC_059190.1	7396454	7396455	*	11	0	11	16	9	7	18	4	14	18	4	14	10	0	10	17	12	5	15	8	7	10	9	1	13	4	9	11	10	1	24	22	2	20	2	18	13	5	8	24	19	5	22	18	4	16	0	16	20	13	7	10	8	2	16	9	7	21	19	2
NC_059190.1	10162982	10162983	*	12	0	12	18	15	3	17	8	9	21	20	1	16	15	1	15	14	1	12	9	3	13	7	6	20	13	7	14	8	6	10	5	5	15	14	1	18	16	2	23	9	14	19	18	1	10	5	5	16	15	1	28	28	0	13	12	1	10	4	6
NC_059191.1	477029	477030	*	33	0	33	21	3	18	15	0	15	18	2	16	20	0	20	19	0	19	14	0	14	24	2	22	15	1	14	27	0	27	26	0	26	28	3	25	26	0	26	29	1	28	30	5	25	32	6	26	18	0	18	10	0	10	26	0	26	29	0	29
NC_059191.1	2426273	2426274	*	16	0	16	22	12	10	20	1	19	10	0	10	18	1	17	17	0	17	19	0	19	12	3	9	13	0	13	15	0	15	19	0	19	22	0	22	16	0	16	19	0	19	23	0	23	28	0	28	17	0	17	27	0	27	15	0	15	16	1	15
NC_059191.1	4603437	4603438	*	23	0	23	19	7	12	29	8	21	19	10	9	19	3	16	26	5	21	10	2	8	13	1	12	15	0	15	22	10	12	23	7	16	10	0	10	17	0	17	34	5	29	32	13	19	32	21	11	28	0	28	64	30	34	25	17	8	19	0	19
NC_059191.1	9180879	9180880	*	14	0	14	19	13	6	20	0	20	12	0	12	14	0	14	24	0	24	10	0	10	15	1	14	12	0	12	18	13	5	18	0	18	26	0	26	15	0	15	19	0	19	15	0	15	12	1	11	18	0	18	18	0	18	21	0	21	18	0	18
NC_059191.1	9180892	9180893	*	14	1	13	17	11	6	19	0	19	12	0	12	14	0	14	23	0	23	14	0	14	15	2	13	11	0	11	19	5	14	19	0	19	26	1	25	16	1	15	18	1	17	13	2	11	15	0	15	19	0	19	21	1	20	23	2	21	20	1	19
NC_059191.1	9363305	9363306	*	15	0	15	12	6	6	16	0	16	10	0	10	10	0	10	15	0	15	16	0	16	19	0	19	13	0	13	15	0	15	17	0	17	18	0	18	12	0	12	19	0	19	21	0	21	20	0	20	16	0	16	13	0	13	28	0	28	14	0	14
NC_059191.1	9385647	9385648	*	21	0	21	13	8	5	15	0	15	24	0	24	12	0	12	14	0	14	18	0	18	17	2	15	10	0	10	21	0	21	25	0	25	26	0	26	23	0	23	23	0	23	30	4	26	27	0	27	18	0	18	18	0	18	26	0	26	23	0	23
NC_059191.1	9385673	9385674	*	19	0	19	21	11	10	17	0	17	23	0	23	13	0	13	19	0	19	18	0	18	17	6	11	17	0	17	23	0	23	28	0	28	29	0	29	25	0	25	23	0	23	29	0	29	26	0	26	18	0	18	16	0	16	27	0	27	29	0	29
NC_059191.1	9580127	9580128	*	19	1	18	26	9	17	16	1	15	19	0	19	22	1	21	15	3	12	20	4	16	14	6	8	15	3	12	26	15	11	23	0	23	20	6	14	23	12	11	24	1	23	31	3	28	28	7	21	14	7	7	16	13	3	27	0	27	22	0	22
NC_059191.1	9580151	9580152	*	18	0	18	28	3	25	15	0	15	19	0	19	20	1	19	17	1	16	22	1	21	15	2	13	19	2	17	26	4	22	25	0	25	18	0	18	24	7	17	22	0	22	27	1	26	27	3	24	14	0	14	14	6	8	25	2	23	22	0	22
NW_025533127.1	279540	279541	*	14	0	14	15	3	12	12	1	11	13	0	13	20	0	20	12	0	12	14	0	14	21	2	19	17	0	17	16	0	16	29	0	29	22	0	22	20	0	20	23	0	23	29	0	29	17	1	16	19	0	19	11	0	11	21	0	21	20	0	20
NW_025533136.1	18058	18059	*	48	1	47	38	11	27	14	0	14	31	0	31	22	0	22	24	1	23	29	1	28	22	0	22	47	9	38	43	2	41	42	0	42	17	3	14	38	0	38	39	1	38	45	0	45	27	0	27	60	0	60	35	0	35	19	0	19	43	7	36
NW_025533136.1	23232	23233	*	43	0	43	31	6	25	12	0	12	19	0	19	20	4	16	21	0	21	34	0	34	17	0	17	28	3	25	22	0	22	37	0	37	14	0	14	38	1	37	38	0	38	26	9	17	23	0	23	24	4	20	14	1	13	23	0	23	20	2	18
NW_025533168.1	63638	63639	*	28	0	28	45	8	37	19	0	19	26	0	26	31	0	31	41	1	40	49	6	43	27	0	27	29	0	29	51	3	48	45	5	40	24	4	20	56	13	43	39	0	39	30	4	26	55	2	53	48	10	38	98	18	80	35	0	35	21	0	21
NW_025533169.1	79458	79459	*	29	0	29	25	3	22	21	0	21	20	0	20	57	0	57	38	0	38	18	0	18	24	0	24	11	0	11	30	0	30	29	1	28	15	0	15	22	0	22	27	0	27	38	0	38	21	0	21	37	0	37	30	0	30	60	0	60	35	0	35
NW_025533332.1	9263	9264	*	20	1	19	28	3	25	22	1	21	16	1	15	27	1	26	28	3	25	34	4	30	21	1	20	17	2	15	14	10	4	12	3	9	17	0	17	35	0	35	27	1	26	26	0	26	19	0	19	31	0	31	35	1	34	25	3	22	19	0	19
NW_025533332.1	9427	9428	*	46	0	46	24	4	20	38	0	38	15	0	15	41	0	41	29	8	21	35	6	29	26	0	26	21	0	21	35	0	35	33	1	32	14	0	14	55	0	55	31	1	30	25	0	25	23	0	23	28	1	27	37	0	37	28	0	28	25	1	24
NW_025533332.1	10973	10974	*	35	1	34	20	3	17	34	0	34	23	0	23	49	19	30	24	0	24	20	1	19	18	0	18	24	11	13	24	16	8	14	8	6	25	0	25	29	0	29	29	0	29	29	0	29	17	0	17	21	0	21	38	0	38	50	0	50	17	0	17
NW_025533332.1	11059	11060	*	24	0	24	22	7	15	33	0	33	22	6	16	55	22	33	16	12	4	25	9	16	16	0	16	23	13	10	27	22	5	10	8	2	24	1	23	31	0	31	29	0	29	28	0	28	21	1	20	20	0	20	40	0	40	45	0	45	18	2	16
NW_025533332.1	11145	11146	*	18	0	18	28	4	24	27	0	27	11	2	9	53	21	32	15	0	15	20	1	19	16	0	16	17	7	10	22	7	15	13	9	4	22	0	22	35	0	35	31	0	31	30	0	30	19	1	18	27	0	27	32	0	32	39	0	39	24	1	23
NW_025533332.1	11208	11209	*	15	0	15	25	8	17	31	0	31	14	5	9	48	22	26	19	8	11	22	5	17	17	0	17	17	6	11	30	18	12	20	9	11	24	0	24	46	0	46	43	0	43	34	0	34	16	0	16	33	1	32	35	0	35	31	1	30	28	1	27
NW_025533332.1	11230	11231	*	16	0	16	23	7	16	30	1	29	14	2	12	35	11	24	19	7	12	23	5	18	17	0	17	18	8	10	28	16	12	23	10	13	22	0	22	53	0	53	39	1	38	33	0	33	15	0	15	39	0	39	37	0	37	30	0	30	28	1	27
NW_025533332.1	11380	11381	*	22	0	22	28	10	18	26	6	20	17	3	14	37	16	21	28	12	16	21	7	14	17	0	17	28	12	16	29	16	13	36	17	19	23	5	18	54	0	54	37	0	37	53	0	53	14	0	14	36	0	36	47	1	46	22	0	22	35	0	35
NW_025533332.1	11402	11403	*	21	0	21	22	11	11	21	8	13	15	4	11	38	16	22	27	10	17	22	9	13	18	0	18	23	6	17	29	15	14	31	17	14	21	5	16	51	0	51	33	0	33	46	0	46	15	0	15	34	1	33	51	0	51	24	1	23	32	0	32
NW_025533332.1	11552	11553	*	24	0	24	14	7	7	32	0	32	13	2	11	38	13	25	18	8	10	26	8	18	17	0	17	17	7	10	14	7	7	15	15	0	19	0	19	30	0	30	20	0	20	18	0	18	19	0	19	31	0	31	42	0	42	28	0	28	20	0	20
NW_025533332.1	11574	11575	*	24	0	24	14	8	6	31	0	31	12	0	12	32	13	19	15	6	9	25	9	16	13	0	13	15	6	9	15	10	5	13	12	1	18	1	17	30	0	30	19	0	19	17	0	17	17	0	17	26	0	26	42	0	42	25	0	25	16	0	16
NW_025533332.1	11831	11832	*	20	0	20	18	4	14	20	0	20	11	5	6	27	8	19	14	0	14	14	0	14	13	0	13	11	6	5	16	13	3	15	11	4	13	0	13	27	0	27	22	1	21	25	0	25	15	0	15	15	0	15	29	1	28	20	0	20	12	0	12
NW_025533332.1	12221	12222	*	46	1	45	28	4	24	37	0	37	29	1	28	53	0	53	25	0	25	18	0	18	22	0	22	15	0	15	19	0	19	24	0	24	22	0	22	39	0	39	37	0	37	30	1	29	35	2	33	23	0	23	30	0	30	38	3	35	17	0	17
NW_025533332.1	12243	12244	*	46	2	44	25	4	21	38	0	38	32	2	30	49	0	49	26	0	26	18	3	15	23	0	23	16	0	16	17	0	17	27	0	27	26	0	26	38	0	38	40	1	39	33	2	31	34	1	33	21	0	21	31	1	30	42	4	38	18	0	18
NW_025533332.1	29588	29589	*	54	0	54	51	9	42	39	0	39	24	1	23	41	6	35	39	5	34	33	4	29	39	0	39	24	0	24	42	0	42	31	0	31	41	0	41	80	0	80	76	1	75	36	0	36	52	0	52	56	0	56	56	0	56	40	0	40	41	0	41
NC_059182.1	5734253	5734254	*	17	0	17	15	0	15	16	7	9	11	0	11	13	0	13	16	0	16	11	0	11	16	0	16	12	0	12	19	9	10	35	0	35	12	8	4	20	0	20	25	0	25	20	0	20	19	0	19	12	0	12	16	0	16	13	0	13	13	0	13
NC_059182.1	5734277	5734278	*	17	0	17	14	0	14	19	9	10	10	0	10	15	0	15	17	0	17	10	0	10	16	0	16	12	0	12	19	10	9	37	0	37	10	6	4	21	0	21	26	0	26	22	0	22	19	0	19	13	0	13	16	0	16	15	0	15	17	0	17
NC_059182.1	8328943	8328944	*	51	3	48	62	1	61	47	4	43	26	1	25	64	4	60	46	4	42	31	1	30	23	1	22	39	1	38	38	1	37	79	0	79	51	0	51	72	3	69	39	2	37	37	12	25	42	0	42	25	1	24	39	0	39	49	4	45	40	6	34
NC_059182.1	8329199	8329200	*	49	2	47	38	1	37	29	4	25	12	2	10	60	2	58	23	7	16	22	2	20	20	2	18	27	2	25	28	0	28	50	0	50	26	0	26	31	2	29	17	2	15	19	2	17	21	0	21	16	3	13	25	0	25	31	3	28	16	2	14
NC_059182.1	11366636	11366637	*	23	0	23	20	0	20	26	10	16	18	9	9	24	0	24	12	1	11	31	0	31	15	8	7	18	0	18	18	0	18	20	1	19	15	0	15	26	0	26	24	0	24	31	0	31	23	0	23	31	0	31	33	0	33	19	0	19	17	0	17
NC_059182.1	11366658	11366659	*	27	0	27	22	0	22	29	11	18	19	8	11	27	1	26	14	3	11	28	1	27	14	4	10	19	0	19	16	0	16	23	0	23	14	0	14	26	0	26	29	0	29	33	0	33	25	1	24	30	0	30	28	0	28	18	0	18	16	0	16
NC_059183.1	4307685	4307686	*	14	0	14	20	0	20	16	6	10	13	0	13	10	5	5	15	0	15	16	0	16	18	0	18	15	0	15	17	0	17	21	0	21	19	0	19	21	0	21	29	0	29	25	12	13	17	1	16	14	0	14	18	0	18	22	0	22	20	6	14
NC_059183.1	4974066	4974067	*	13	0	13	15	0	15	14	11	3	11	0	11	15	7	8	13	0	13	12	0	12	14	0	14	11	0	11	17	0	17	11	0	11	15	0	15	11	0	11	16	0	16	15	5	10	20	0	20	15	0	15	15	0	15	19	0	19	15	0	15
NC_059183.1	4974117	4974118	*	12	0	12	12	0	12	10	7	3	14	0	14	13	5	8	13	0	13	11	1	10	11	0	11	11	0	11	18	1	17	13	0	13	17	0	17	11	0	11	18	0	18	16	9	7	19	1	18	15	0	15	16	0	16	17	1	16	10	0	10
NC_059183.1	6929421	6929422	*	12	0	12	17	0	17	16	9	7	12	0	12	13	4	9	15	0	15	12	6	6	14	13	1	10	7	3	18	7	11	15	9	6	18	7	11	17	9	8	22	11	11	22	0	22	15	6	9	19	9	10	11	6	5	33	30	3	13	8	5
NC_059183.1	7611271	7611272	*	16	1	15	23	0	23	11	6	5	13	0	13	15	0	15	16	0	16	22	0	22	11	0	11	12	0	12	13	0	13	12	0	12	13	0	13	16	7	9	23	0	23	15	0	15	32	0	32	21	0	21	12	0	12	18	0	18	17	0	17
NC_059183.1	8364525	8364526	*	28	1	27	36	1	35	24	5	19	27	0	27	21	0	21	14	0	14	16	1	15	23	0	23	25	0	25	18	0	18	21	0	21	17	0	17	28	0	28	28	5	23	33	0	33	28	0	28	23	0	23	32	1	31	40	2	38	19	1	18
NC_059183.1	8588272	8588273	*	13	0	13	14	0	14	19	7	12	15	0	15	10	3	7	12	0	12	18	0	18	18	0	18	14	0	14	19	0	19	12	0	12	22	1	21	12	0	12	16	0	16	27	0	27	15	0	15	16	0	16	20	0	20	21	0	21	18	6	12
NC_059183.1	13221333	13221334	*	31	0	31	20	0	20	17	9	8	12	6	6	23	19	4	25	6	19	20	0	20	16	6	10	17	0	17	23	1	22	22	8	14	24	0	24	44	20	24	30	14	16	24	0	24	23	0	23	26	2	24	18	18	0	30	14	16	16	0	16
NC_059183.1	13398529	13398530	*	10	0	10	26	0	26	18	3	15	37	0	37	22	0	22	13	0	13	12	0	12	22	13	9	19	0	19	16	0	16	14	0	14	24	0	24	25	0	25	19	0	19	15	0	15	31	0	31	15	0	15	27	0	27	25	0	25	13	0	13
NC_059183.1	15672523	15672524	*	26	1	25	13	1	12	31	3	28	21	0	21	35	9	26	21	0	21	24	0	24	36	20	16	25	0	25	25	1	24	50	0	50	25	1	24	33	11	22	30	2	28	39	2	37	26	6	20	22	0	22	15	0	15	16	0	16	26	0	26
NC_059183.1	15672534	15672535	*	26	0	26	14	0	14	29	4	25	21	0	21	35	8	27	20	0	20	24	0	24	34	20	14	23	0	23	22	0	22	49	0	49	21	0	21	32	11	21	28	1	27	36	2	34	25	6	19	21	0	21	14	0	14	19	0	19	22	1	21
NC_059183.1	17942173	17942174	*	15	0	15	25	0	25	34	7	27	15	0	15	35	6	29	23	0	23	20	0	20	24	0	24	16	0	16	27	0	27	22	0	22	32	1	31	39	1	38	21	0	21	30	1	29	32	0	32	36	0	36	25	0	25	28	8	20	34	0	34
NC_059183.1	17943015	17943016	*	16	0	16	25	1	24	32	12	20	20	0	20	27	0	27	15	0	15	36	0	36	17	6	11	11	0	11	34	0	34	25	1	24	35	0	35	32	16	16	25	0	25	34	1	33	30	0	30	52	0	52	10	3	7	45	0	45	18	0	18
NC_059183.1	17943027	17943028	*	16	0	16	25	1	24	32	10	22	20	1	19	27	0	27	12	1	11	37	0	37	18	6	12	11	0	11	33	0	33	25	0	25	35	0	35	34	15	19	25	1	24	34	1	33	32	0	32	55	0	55	11	3	8	43	0	43	17	0	17
NC_059184.1	800721	800722	*	24	1	23	26	0	26	18	8	10	23	0	23	16	7	9	23	1	22	20	9	11	11	5	6	13	0	13	25	12	13	22	0	22	23	8	15	28	12	16	17	0	17	32	1	31	21	0	21	18	0	18	10	0	10	33	0	33	27	11	16
NC_059184.1	800742	800743	*	22	0	22	26	0	26	17	8	9	22	0	22	16	8	8	22	1	21	21	8	13	14	6	8	14	0	14	26	15	11	21	0	21	21	9	12	27	14	13	17	0	17	31	1	30	22	0	22	18	0	18	10	0	10	32	0	32	31	11	20
NC_059184.1	800752	800753	*	22	0	22	25	0	25	17	7	10	24	0	24	16	9	7	21	1	20	22	9	13	14	6	8	16	0	16	27	14	13	20	0	20	20	8	12	27	14	13	17	0	17	30	1	29	23	0	23	19	0	19	10	0	10	28	0	28	30	12	18
NC_059184.1	800770	800771	*	23	0	23	23	0	23	17	8	9	25	1	24	18	9	9	19	1	18	20	6	14	14	5	9	16	0	16	26	14	12	22	0	22	16	9	7	27	12	15	15	0	15	30	0	30	26	0	26	17	0	17	11	0	11	27	0	27	30	12	18
NC_059184.1	800787	800788	*	28	0	28	24	0	24	19	10	9	24	0	24	17	9	8	17	0	17	19	5	14	14	4	10	17	0	17	25	14	11	22	0	22	16	9	7	26	11	15	15	0	15	27	2	25	29	1	28	16	0	16	13	0	13	28	0	28	31	11	20
NC_059184.1	800799	800800	*	27	0	27	24	0	24	19	10	9	24	0	24	15	6	9	17	0	17	19	5	14	13	4	9	17	0	17	24	14	10	20	0	20	16	8	8	26	12	14	16	0	16	26	4	22	28	1	27	14	0	14	14	0	14	28	0	28	28	9	19
NC_059184.1	800813	800814	*	26	0	26	24	0	24	17	8	9	21	0	21	16	8	8	18	0	18	19	6	13	12	3	9	17	0	17	21	13	8	20	2	18	16	8	8	27	10	17	17	0	17	25	10	15	27	6	21	17	0	17	14	0	14	28	0	28	29	12	17
NC_059184.1	800826	800827	*	27	0	27	24	2	22	16	9	7	21	0	21	15	8	7	17	0	17	20	9	11	12	3	9	17	0	17	21	12	9	20	3	17	18	10	8	26	10	16	18	2	16	24	12	12	26	6	20	16	0	16	14	0	14	28	1	27	30	15	15
NC_059184.1	800844	800845	*	28	0	28	25	0	25	14	7	7	22	1	21	15	9	6	18	1	17	19	10	9	13	4	9	17	4	13	19	11	8	20	4	16	18	9	9	26	10	16	17	4	13	19	9	10	29	9	20	17	3	14	13	3	10	24	3	21	31	12	19
NC_059184.1	1306505	1306506	*	12	0	12	16	0	16	15	6	9	10	0	10	17	0	17	27	0	27	21	0	21	16	0	16	11	3	8	26	0	26	21	0	21	21	0	21	16	1	15	17	0	17	24	0	24	18	0	18	19	0	19	14	0	14	25	0	25	17	0	17
NC_059184.1	1306511	1306512	*	13	0	13	17	0	17	16	7	9	10	1	9	18	0	18	25	0	25	22	0	22	16	0	16	11	0	11	26	0	26	22	0	22	21	1	20	17	0	17	17	0	17	22	0	22	18	0	18	19	0	19	15	0	15	24	0	24	16	0	16
NC_059184.1	1893100	1893101	*	14	0	14	15	0	15	17	8	9	12	0	12	15	0	15	14	0	14	11	0	11	10	0	10	12	0	12	10	0	10	13	0	13	13	0	13	21	0	21	16	0	16	11	0	11	12	0	12	13	0	13	14	0	14	15	0	15	13	0	13
NC_059184.1	5871106	5871107	*	16	0	16	14	0	14	20	10	10	14	0	14	17	0	17	21	0	21	15	0	15	18	1	17	16	0	16	16	0	16	19	0	19	24	1	23	16	0	16	24	1	23	22	0	22	19	0	19	19	1	18	15	0	15	22	0	22	23	0	23
NC_059184.1	5871116	5871117	*	16	0	16	14	0	14	20	10	10	14	0	14	16	0	16	20	0	20	15	0	15	18	1	17	16	0	16	17	0	17	19	0	19	23	0	23	15	0	15	24	1	23	22	0	22	19	1	18	20	0	20	14	0	14	23	0	23	23	0	23
NC_059184.1	5871128	5871129	*	17	0	17	14	1	13	20	10	10	14	0	14	15	0	15	20	3	17	13	1	12	18	1	17	15	0	15	17	1	16	21	0	21	23	1	22	15	0	15	25	1	24	21	1	20	21	2	19	20	1	19	15	2	13	23	2	21	24	1	23
NC_059184.1	10271672	10271673	*	11	0	11	11	0	11	19	6	13	20	0	20	17	0	17	13	0	13	15	0	15	10	0	10	15	2	13	19	0	19	15	0	15	25	0	25	23	0	23	23	1	22	28	0	28	10	0	10	20	0	20	10	0	10	26	0	26	13	0	13
NC_059184.1	10271734	10271735	*	20	0	20	16	0	16	16	9	7	22	0	22	22	0	22	13	0	13	14	0	14	17	0	17	14	0	14	20	1	19	13	0	13	25	0	25	19	0	19	24	0	24	31	1	30	15	0	15	22	0	22	10	1	9	25	0	25	15	0	15
NC_059184.1	10271756	10271757	*	20	0	20	18	0	18	16	10	6	21	0	21	24	0	24	13	0	13	14	0	14	19	0	19	14	0	14	20	0	20	14	0	14	25	0	25	21	0	21	28	1	27	29	1	28	13	0	13	22	0	22	11	0	11	25	0	25	13	0	13
NC_059184.1	12256735	12256736	*	15	0	15	20	0	20	13	4	9	15	0	15	20	11	9	23	0	23	15	0	15	16	0	16	11	1	10	22	0	22	11	0	11	19	0	19	17	1	16	22	1	21	29	0	29	21	0	21	17	1	16	20	9	11	24	0	24	15	5	10
NC_059185.1	212486	212487	*	24	0	24	27	1	26	26	3	23	19	0	19	25	3	22	23	1	22	11	0	11	24	2	22	12	0	12	25	2	23	27	0	27	22	2	20	17	1	16	21	1	20	22	0	22	12	0	12	25	0	25	27	3	24	14	1	13	27	0	27
NC_059185.1	1475938	1475939	*	18	0	18	26	1	25	19	12	7	13	0	13	22	14	8	11	1	10	23	0	23	15	0	15	14	0	14	26	2	24	19	7	12	22	10	12	24	11	13	21	0	21	19	0	19	30	4	26	17	6	11	10	9	1	24	12	12	26	25	1
NC_059185.1	1724932	1724933	*	17	0	17	21	0	21	17	8	9	17	0	17	10	0	10	14	0	14	11	0	11	15	0	15	15	0	15	14	0	14	14	0	14	18	0	18	18	0	18	14	0	14	15	1	14	23	1	22	20	0	20	11	0	11	23	0	23	18	0	18
NC_059185.1	4302277	4302278	*	20	0	20	20	0	20	14	8	6	12	0	12	15	0	15	20	0	20	15	0	15	15	0	15	15	0	15	17	0	17	12	0	12	14	0	14	23	0	23	17	0	17	20	0	20	21	0	21	13	0	13	20	1	19	23	0	23	15	2	13
NC_059185.1	11159209	11159210	*	10	1	9	12	0	12	19	8	11	12	0	12	17	0	17	19	0	19	12	0	12	11	0	11	11	0	11	16	0	16	13	0	13	18	0	18	22	0	22	17	1	16	24	0	24	16	0	16	15	0	15	12	0	12	20	0	20	20	0	20
NC_059185.1	11653619	11653620	*	30	0	30	12	0	12	22	5	17	13	13	0	11	0	11	25	12	13	15	0	15	19	9	10	14	0	14	18	0	18	22	0	22	11	9	2	24	10	14	22	10	12	24	0	24	25	25	0	29	13	16	28	19	9	23	11	12	16	15	1
NC_059186.1	179249	179250	*	13	0	13	18	0	18	14	7	7	20	0	20	20	0	20	22	0	22	17	0	17	17	0	17	24	0	24	16	0	16	20	0	20	19	0	19	23	0	23	28	0	28	19	0	19	13	0	13	10	0	10	13	0	13	14	0	14	13	0	13
NC_059186.1	367667	367668	*	11	0	11	16	0	16	17	10	7	28	0	28	15	0	15	24	0	24	12	0	12	12	0	12	17	1	16	25	0	25	25	0	25	26	0	26	29	0	29	24	0	24	29	0	29	22	0	22	18	0	18	15	0	15	20	0	20	11	0	11
NC_059186.1	367677	367678	*	11	0	11	17	0	17	17	10	7	28	0	28	16	0	16	29	0	29	11	1	10	10	0	10	17	0	17	25	0	25	27	0	27	26	0	26	30	0	30	24	0	24	29	0	29	22	0	22	19	0	19	14	0	14	20	0	20	13	0	13
NC_059186.1	2883570	2883571	*	18	0	18	19	2	17	10	4	6	20	4	16	21	3	18	12	0	12	23	4	19	21	8	13	14	4	10	18	3	15	19	5	14	35	9	26	29	7	22	32	4	28	27	5	22	18	4	14	27	10	17	37	4	33	19	2	17	19	0	19
NC_059186.1	4005582	4005583	*	17	1	16	13	0	13	56	11	45	30	5	25	51	9	42	34	3	31	37	9	28	32	0	32	27	9	18	69	11	58	38	9	29	52	9	43	31	6	25	39	7	32	19	0	19	73	18	55	55	11	44	14	5	9	63	8	55	16	0	16
NC_059186.1	8161819	8161820	*	13	0	13	16	0	16	19	5	14	16	0	16	20	0	20	25	0	25	23	0	23	21	3	18	24	0	24	15	0	15	17	7	10	19	0	19	23	0	23	12	1	11	26	1	25	21	0	21	26	1	25	33	4	29	32	12	20	11	0	11
NC_059186.1	8310780	8310781	*	13	0	13	20	2	18	13	3	10	14	5	9	11	0	11	19	9	10	18	11	7	22	1	21	21	9	12	20	8	12	17	0	17	19	0	19	20	0	20	20	9	11	24	23	1	20	0	20	23	1	22	14	0	14	27	0	27	17	0	17
NC_059186.1	8310801	8310802	*	11	0	11	19	0	19	14	5	9	14	5	9	12	0	12	17	10	7	20	12	8	22	1	21	20	6	14	20	9	11	18	6	12	18	0	18	23	0	23	23	10	13	22	21	1	21	0	21	24	0	24	13	0	13	28	0	28	19	1	18
NC_059186.1	8310813	8310814	*	13	0	13	20	2	18	14	5	9	14	5	9	15	0	15	19	9	10	21	14	7	24	1	23	20	9	11	19	8	11	21	8	13	18	0	18	23	0	23	23	11	12	22	19	3	20	0	20	22	0	22	13	0	13	29	0	29	20	1	19
NC_059186.1	8350269	8350270	*	17	0	17	24	1	23	19	3	16	16	0	16	10	0	10	18	2	16	14	0	14	21	2	19	15	0	15	18	0	18	28	1	27	16	0	16	17	0	17	23	7	16	19	0	19	25	0	25	24	0	24	11	1	10	24	1	23	17	1	16
NC_059186.1	8350289	8350290	*	19	1	18	22	1	21	18	4	14	13	0	13	11	0	11	15	0	15	14	1	13	23	3	20	14	0	14	21	0	21	25	0	25	17	0	17	20	0	20	22	8	14	21	0	21	24	0	24	26	1	25	12	0	12	20	0	20	17	1	16
NC_059186.1	8622098	8622099	*	24	1	23	22	0	22	17	7	10	10	1	9	16	0	16	17	6	11	15	8	7	16	7	9	10	6	4	26	15	11	17	0	17	14	6	8	26	0	26	31	0	31	24	1	23	29	0	29	15	0	15	15	6	9	18	10	8	16	0	16
NC_059186.1	8963755	8963756	*	18	0	18	17	0	17	16	9	7	18	8	10	17	0	17	16	1	15	16	7	9	22	0	22	10	5	5	16	0	16	17	0	17	23	0	23	17	0	17	16	0	16	23	0	23	23	0	23	28	12	16	26	1	25	25	2	23	14	0	14
NC_059186.1	8963788	8963789	*	21	0	21	19	0	19	17	9	8	21	18	3	19	0	19	18	1	17	19	9	10	23	1	22	15	8	7	19	10	9	20	0	20	22	0	22	16	0	16	18	0	18	26	0	26	21	0	21	30	14	16	23	0	23	26	1	25	16	0	16
NC_059186.1	9405980	9405981	*	20	0	20	11	0	11	12	5	7	14	0	14	17	0	17	25	0	25	12	0	12	17	0	17	13	0	13	17	0	17	17	0	17	13	0	13	27	0	27	20	1	19	16	0	16	29	0	29	16	0	16	20	1	19	16	0	16	12	0	12
NC_059186.1	9605177	9605178	*	17	2	15	33	0	33	18	6	12	19	0	19	18	0	18	20	0	20	18	0	18	19	9	10	13	0	13	19	5	14	21	0	21	25	11	14	22	0	22	25	0	25	28	8	20	28	12	16	24	0	24	25	7	18	28	9	19	26	0	26
NC_059186.1	10803077	10803078	*	19	0	19	17	0	17	12	6	6	13	13	0	15	15	0	14	5	9	24	0	24	15	0	15	19	8	11	13	8	5	21	9	12	13	6	7	21	0	21	16	10	6	17	8	9	16	9	7	26	14	12	16	9	7	30	13	17	27	9	18
NC_059186.1	10803112	10803113	*	21	0	21	19	0	19	14	7	7	17	7	10	14	13	1	14	5	9	23	0	23	17	0	17	18	6	12	18	7	11	24	10	14	20	6	14	20	0	20	17	7	10	24	7	17	16	8	8	27	13	14	16	10	6	31	13	18	25	10	15
NC_059186.1	10803119	10803120	*	21	0	21	19	1	18	14	6	8	19	7	12	14	13	1	13	6	7	22	0	22	16	0	16	19	7	12	18	7	11	24	9	15	21	7	14	20	0	20	18	11	7	24	9	15	16	8	8	28	16	12	17	11	6	31	14	17	24	10	14
NC_059186.1	11648147	11648148	*	12	0	12	13	0	13	14	5	9	10	0	10	14	1	13	18	0	18	13	0	13	15	0	15	14	0	14	17	0	17	14	0	14	16	0	16	15	0	15	10	0	10	12	0	12	14	0	14	14	0	14	21	0	21	12	0	12	17	0	17
NC_059187.1	769872	769873	*	12	1	11	13	0	13	15	8	7	17	0	17	20	10	10	12	11	1	22	0	22	18	2	16	10	6	4	16	16	0	19	18	1	18	14	4	22	6	16	20	18	2	20	18	2	17	8	9	17	7	10	22	1	21	20	9	11	16	0	16
NC_059187.1	879412	879413	*	24	0	24	19	0	19	23	11	12	15	0	15	18	0	18	16	0	16	14	6	8	14	3	11	16	0	16	24	1	23	22	0	22	25	11	14	22	1	21	27	0	27	28	0	28	30	9	21	24	0	24	35	0	35	22	8	14	15	0	15
NC_059187.1	2565954	2565955	*	22	0	22	18	0	18	15	7	8	25	1	24	20	0	20	19	0	19	21	0	21	21	0	21	13	0	13	14	0	14	24	0	24	15	2	13	25	0	25	18	0	18	15	2	13	15	0	15	23	3	20	16	0	16	16	0	16	11	0	11
NC_059187.1	2711243	2711244	*	10	0	10	10	0	10	15	5	10	16	0	16	12	3	9	17	4	13	19	0	19	13	10	3	20	6	14	16	5	11	23	6	17	17	8	9	21	12	9	21	4	17	18	0	18	23	7	16	19	19	0	14	0	14	22	1	21	21	13	8
NC_059187.1	2711245	2711246	*	10	0	10	11	0	11	15	5	10	16	0	16	11	6	5	17	5	12	18	0	18	14	11	3	20	7	13	16	6	10	24	7	17	16	8	8	20	13	7	21	3	18	18	0	18	23	8	15	20	19	1	14	0	14	22	1	21	21	14	7
NC_059187.1	2711269	2711270	*	13	0	13	12	0	12	16	5	11	15	0	15	10	6	4	15	4	11	19	1	18	12	10	2	20	6	14	19	6	13	26	5	21	16	6	10	22	14	8	22	5	17	16	0	16	25	10	15	19	19	0	15	0	15	24	1	23	19	14	5
NC_059187.1	2949333	2949334	*	16	0	16	20	0	20	14	8	6	19	0	19	14	9	5	17	0	17	13	0	13	19	0	19	12	0	12	16	0	16	19	0	19	18	0	18	10	0	10	13	0	13	31	0	31	18	0	18	21	0	21	13	0	13	21	0	21	13	0	13
NC_059187.1	2949347	2949348	*	17	0	17	21	0	21	16	10	6	21	1	20	15	10	5	18	0	18	14	0	14	19	0	19	12	0	12	15	0	15	20	0	20	18	0	18	13	0	13	13	0	13	26	0	26	21	0	21	21	4	17	16	0	16	22	0	22	13	0	13
NC_059187.1	2949352	2949353	*	17	0	17	21	0	21	16	6	10	20	2	18	14	10	4	18	0	18	14	0	14	19	0	19	12	0	12	15	0	15	19	0	19	19	1	18	13	0	13	14	0	14	26	0	26	21	0	21	21	2	19	16	0	16	24	0	24	14	0	14
NC_059187.1	2949372	2949373	*	19	0	19	21	0	21	17	10	7	22	8	14	15	10	5	16	0	16	14	1	13	15	0	15	12	0	12	14	0	14	17	0	17	17	3	14	13	0	13	13	0	13	25	1	24	24	8	16	20	5	15	12	0	12	22	0	22	16	0	16
NC_059187.1	2949443	2949444	*	14	0	14	16	1	15	18	15	3	22	8	14	18	8	10	15	6	9	11	4	7	11	1	10	13	0	13	10	0	10	18	0	18	15	7	8	12	0	12	10	0	10	21	6	15	28	8	20	20	6	14	17	2	15	19	1	18	16	0	16
NC_059187.1	3573231	3573232	*	19	0	19	15	1	14	10	3	7	15	0	15	12	0	12	11	0	11	12	4	8	10	0	10	10	0	10	13	0	13	19	0	19	12	0	12	19	8	11	12	1	11	21	0	21	22	21	1	11	0	11	17	0	17	21	1	20	10	6	4
NC_059187.1	3770294	3770295	*	15	1	14	20	1	19	18	6	12	22	2	20	14	4	10	16	4	12	15	14	1	22	6	16	10	0	10	18	1	17	15	6	9	27	3	24	21	11	10	23	5	18	15	2	13	20	19	1	16	9	7	13	2	11	18	8	10	15	12	3
NC_059187.1	4175515	4175516	*	18	0	18	30	1	29	24	8	16	19	0	19	13	0	13	25	0	25	26	0	26	15	0	15	13	0	13	16	0	16	37	0	37	20	0	20	30	0	30	18	0	18	24	0	24	32	0	32	23	0	23	53	0	53	29	0	29	14	0	14
NC_059187.1	6619864	6619865	*	31	0	31	21	0	21	19	7	12	17	0	17	21	0	21	16	0	16	22	0	22	18	0	18	24	0	24	19	0	19	26	0	26	13	0	13	31	0	31	18	0	18	26	0	26	21	0	21	24	0	24	31	0	31	19	0	19	21	0	21
NC_059187.1	9316759	9316760	*	15	0	15	21	2	19	12	4	8	19	0	19	21	8	13	23	0	23	13	0	13	16	9	7	13	0	13	23	0	23	26	13	13	21	19	2	25	1	24	35	33	2	29	15	14	17	0	17	20	11	9	12	9	3	26	0	26	25	12	13
NC_059187.1	9325679	9325680	*	11	0	11	22	0	22	13	6	7	14	3	11	14	12	2	17	5	12	18	2	16	17	12	5	24	1	23	14	0	14	15	2	13	20	12	8	14	0	14	24	7	17	11	9	2	18	9	9	17	13	4	13	9	4	23	0	23	12	0	12
NC_059188.1	918537	918538	*	23	0	23	20	0	20	21	6	15	23	1	22	19	6	13	31	0	31	21	16	5	15	5	10	10	0	10	29	12	17	29	12	17	28	9	19	24	9	15	37	18	19	27	9	18	17	7	10	21	9	12	31	1	30	29	9	20	28	14	14
NC_059188.1	928937	928938	*	22	1	21	30	0	30	19	5	14	14	0	14	20	0	20	23	2	21	24	1	23	24	10	14	14	0	14	19	1	18	28	1	27	23	1	22	37	0	37	29	6	23	31	11	20	37	2	35	28	2	26	19	0	19	24	8	16	28	2	26
NC_059188.1	1919826	1919827	*	19	0	19	21	0	21	15	4	11	25	0	25	31	0	31	13	0	13	16	0	16	34	0	34	12	0	12	23	6	17	19	0	19	19	0	19	18	0	18	23	0	23	15	0	15	19	0	19	25	0	25	12	4	8	26	0	26	16	0	16
NC_059188.1	2200710	2200711	*	15	0	15	21	0	21	11	3	8	16	0	16	12	0	12	12	0	12	10	6	4	17	0	17	12	0	12	12	0	12	10	0	10	12	5	7	19	0	19	14	0	14	11	0	11	24	14	10	18	17	1	21	13	8	16	9	7	12	0	12
NC_059188.1	7708745	7708746	*	13	0	13	18	0	18	22	5	17	14	2	12	16	0	16	21	3	18	15	0	15	10	5	5	17	1	16	20	2	18	21	2	19	30	0	30	31	3	28	21	0	21	24	0	24	33	2	31	23	2	21	22	6	16	24	0	24	19	0	19
NC_059188.1	13452579	13452580	*	17	0	17	19	0	19	16	5	11	16	0	16	14	0	14	18	0	18	19	0	19	14	9	5	11	0	11	23	0	23	25	13	12	25	0	25	21	17	4	16	8	8	19	9	10	24	17	7	23	13	10	10	0	10	23	9	14	17	0	17
NC_059189.1	154628	154629	*	23	0	23	25	0	25	16	5	11	26	0	26	22	0	22	22	0	22	24	0	24	20	0	20	20	0	20	21	2	19	17	0	17	13	0	13	16	0	16	26	0	26	21	0	21	18	0	18	14	0	14	34	0	34	29	4	25	21	0	21
NC_059189.1	154639	154640	*	22	0	22	28	0	28	18	4	14	28	0	28	22	0	22	22	0	22	25	0	25	21	0	21	21	0	21	22	3	19	16	0	16	12	0	12	17	0	17	25	0	25	21	0	21	22	0	22	13	0	13	34	1	33	28	4	24	21	0	21
NC_059189.1	154644	154645	*	22	0	22	29	0	29	18	5	13	28	0	28	23	2	21	22	0	22	26	0	26	23	0	23	21	1	20	22	2	20	15	0	15	12	0	12	17	0	17	25	0	25	21	0	21	20	0	20	12	0	12	34	0	34	27	3	24	21	0	21
NC_059189.1	1544716	1544717	*	29	0	29	27	0	27	25	6	19	27	1	26	25	0	25	30	0	30	17	0	17	18	2	16	12	0	12	26	0	26	36	0	36	28	7	21	40	13	27	34	0	34	35	0	35	32	0	32	37	1	36	29	5	24	25	0	25	27	1	26
NC_059189.1	4945487	4945488	*	14	1	13	15	0	15	18	10	8	15	0	15	11	0	11	17	0	17	21	0	21	10	6	4	10	0	10	19	0	19	21	0	21	15	0	15	18	0	18	20	0	20	21	0	21	18	0	18	16	0	16	10	0	10	21	0	21	15	0	15
NC_059189.1	7541369	7541370	*	23	0	23	19	0	19	23	4	19	20	0	20	24	0	24	17	0	17	22	0	22	20	0	20	17	0	17	30	0	30	36	1	35	14	3	11	34	0	34	29	0	29	26	0	26	28	10	18	31	0	31	43	1	42	23	1	22	20	0	20
NC_059189.1	7541541	7541542	*	30	0	30	23	0	23	25	7	18	36	0	36	33	1	32	32	0	32	24	0	24	18	0	18	20	0	20	28	0	28	28	1	27	16	6	10	28	1	27	29	0	29	24	1	23	35	0	35	31	1	30	47	0	47	20	0	20	27	0	27
NC_059189.1	7541563	7541564	*	32	1	31	24	0	24	26	10	16	36	0	36	32	0	32	30	0	30	26	0	26	19	0	19	19	0	19	29	0	29	30	1	29	18	8	10	26	1	25	30	0	30	29	1	28	35	0	35	31	1	30	47	0	47	23	0	23	28	0	28
NC_059189.1	7615651	7615652	*	16	0	16	10	0	10	16	3	13	14	0	14	11	0	11	22	0	22	11	0	11	14	0	14	16	0	16	11	1	10	16	0	16	17	0	17	24	0	24	18	0	18	25	0	25	21	0	21	14	1	13	10	0	10	19	0	19	20	0	20
NC_059189.1	9151389	9151390	*	12	0	12	17	0	17	17	8	9	13	3	10	21	0	21	26	1	25	17	0	17	13	7	6	15	0	15	38	0	38	32	0	32	23	2	21	21	1	20	30	0	30	34	0	34	42	36	6	19	5	14	29	0	29	18	0	18	24	0	24
NC_059189.1	9151496	9151497	*	19	0	19	21	0	21	17	8	9	17	0	17	23	0	23	28	16	12	19	0	19	21	18	3	19	0	19	37	2	35	25	0	25	21	11	10	21	1	20	25	1	24	26	11	15	37	32	5	25	1	24	36	17	19	21	0	21	19	0	19
NC_059189.1	9151561	9151562	*	23	0	23	30	1	29	21	12	9	22	0	22	19	0	19	18	0	18	18	0	18	20	19	1	17	0	17	38	0	38	17	0	17	20	6	14	16	1	15	35	3	32	33	9	24	31	28	3	27	3	24	37	22	15	23	0	23	15	0	15
NC_059189.1	10539697	10539698	*	19	2	17	13	0	13	23	5	18	17	0	17	19	0	19	30	0	30	22	8	14	42	5	37	21	0	21	10	1	9	32	0	32	32	4	28	36	2	34	13	0	13	16	0	16	26	0	26	27	1	26	91	1	90	32	1	31	14	5	9
NC_059189.1	10953124	10953125	*	31	0	31	56	0	56	49	12	37	51	0	51	38	2	36	55	0	55	27	6	21	51	2	49	30	0	30	28	0	28	60	1	59	55	1	54	34	2	32	50	11	39	57	0	57	69	0	69	35	7	28	52	10	42	76	2	74	58	1	57
NC_059190.1	1393364	1393365	*	24	0	24	20	0	20	16	4	12	16	0	16	16	0	16	25	0	25	22	0	22	25	0	25	13	0	13	23	0	23	25	0	25	26	0	26	23	0	23	29	0	29	30	0	30	16	0	16	23	0	23	14	0	14	33	0	33	19	0	19
NC_059190.1	1858697	1858698	*	20	0	20	14	0	14	15	9	6	10	4	6	12	0	12	16	8	8	17	0	17	15	8	7	24	0	24	12	0	12	22	0	22	18	1	17	21	10	11	19	8	11	20	1	19	16	0	16	15	6	9	33	0	33	15	7	8	17	0	17
NC_059190.1	3147629	3147630	*	29	0	29	24	1	23	12	5	7	12	5	7	13	0	13	22	10	12	16	3	13	16	9	7	20	0	20	31	1	30	26	0	26	27	0	27	28	0	28	27	10	17	32	20	12	28	19	9	19	0	19	34	1	33	24	9	15	22	1	21
NC_059190.1	3147633	3147634	*	29	0	29	24	1	23	12	5	7	11	5	6	13	0	13	22	9	13	16	3	13	16	11	5	21	0	21	31	0	31	26	0	26	27	1	26	28	0	28	27	9	18	30	17	13	27	18	9	19	0	19	34	0	34	24	9	15	22	0	22
NC_059190.1	4172594	4172595	*	21	0	21	15	0	15	13	11	2	12	5	7	21	21	0	23	23	0	18	6	12	12	1	11	16	11	5	18	11	7	22	2	20	21	9	12	28	4	24	17	0	17	18	7	11	19	8	11	15	14	1	12	6	6	28	25	3	20	1	19
NC_059190.1	4172674	4172675	*	15	0	15	14	1	13	12	10	2	12	4	8	18	18	0	21	20	1	16	6	10	20	0	20	19	14	5	11	10	1	21	0	21	14	8	6	23	0	23	14	0	14	20	11	9	15	14	1	12	12	0	13	4	9	20	11	9	15	0	15
NC_059190.1	4711558	4711559	*	47	0	47	30	1	29	35	5	30	24	0	24	42	1	41	24	0	24	20	0	20	36	0	36	10	0	10	34	0	34	21	0	21	10	0	10	24	0	24	35	0	35	34	0	34	18	0	18	56	0	56	46	0	46	28	0	28	20	1	19
NC_059190.1	5038240	5038241	*	30	0	30	26	0	26	24	4	20	19	0	19	30	0	30	23	1	22	32	0	32	18	0	18	18	2	16	25	0	25	37	3	34	27	0	27	29	8	21	30	0	30	24	0	24	18	0	18	34	7	27	35	1	34	39	1	38	28	0	28
NC_059191.1	1760319	1760320	*	14	0	14	20	0	20	19	8	11	19	8	11	12	6	6	12	0	12	19	9	10	10	0	10	11	0	11	23	11	12	26	24	2	18	0	18	17	0	17	13	0	13	20	0	20	23	12	11	14	0	14	14	14	0	27	16	11	21	0	21
NC_059191.1	1860160	1860161	*	39	0	39	23	0	23	27	11	16	20	0	20	16	0	16	29	0	29	23	0	23	14	0	14	20	0	20	19	1	18	27	0	27	25	0	25	26	0	26	42	0	42	39	0	39	35	1	34	34	0	34	15	0	15	32	0	32	25	0	25
NC_059191.1	5462627	5462628	*	28	0	28	18	1	17	17	4	13	12	0	12	24	1	23	23	1	22	18	0	18	11	0	11	18	0	18	23	0	23	23	0	23	12	0	12	26	0	26	22	0	22	23	0	23	22	0	22	19	0	19	38	0	38	30	0	30	19	0	19
NC_059191.1	9117037	9117038	*	16	0	16	21	0	21	11	4	7	14	0	14	13	0	13	10	0	10	13	4	9	19	1	18	10	6	4	13	0	13	13	0	13	15	0	15	16	0	16	16	0	16	16	0	16	14	0	14	14	0	14	15	0	15	15	0	15	13	0	13
NW_025533121.1	47766	47767	*	23	0	23	26	2	24	15	3	12	37	1	36	22	0	22	23	0	23	22	0	22	18	0	18	26	0	26	25	1	24	22	3	19	17	0	17	24	3	21	32	4	28	27	0	27	21	0	21	16	0	16	29	1	28	31	0	31	15	0	15
NW_025533130.1	190703	190704	*	30	2	28	24	1	23	31	4	27	17	1	16	26	6	20	27	7	20	32	0	32	18	3	15	27	1	26	14	3	11	40	0	40	15	1	14	20	0	20	25	2	23	22	4	18	18	1	17	12	0	12	63	3	60	27	5	22	13	2	11
NW_025533130.1	190723	190724	*	30	2	28	24	2	22	31	4	27	17	1	16	26	6	20	27	7	20	32	0	32	18	3	15	27	1	26	14	6	8	40	0	40	15	1	14	20	0	20	25	2	23	22	4	18	18	1	17	12	0	12	63	4	59	27	5	22	13	2	11
NW_025533130.1	232346	232347	*	20	2	18	12	1	11	17	3	14	15	0	15	10	3	7	10	1	9	10	1	9	11	1	10	10	0	10	22	3	19	26	4	22	16	0	16	32	1	31	17	2	15	14	0	14	13	0	13	17	0	17	32	1	31	27	2	25	10	0	10
NW_025533149.1	30776	30777	*	34	2	32	23	1	22	21	5	16	26	3	23	23	1	22	27	3	24	19	4	15	20	1	19	10	3	7	43	2	41	30	1	29	31	0	31	20	2	18	44	1	43	21	3	18	34	3	31	18	0	18	55	0	55	50	2	48	31	1	30
NW_025533175.1	34706	34707	*	51	3	48	23	1	22	32	4	28	27	3	24	64	3	61	21	2	19	23	1	22	23	0	23	26	2	24	32	1	31	42	3	39	38	1	37	36	0	36	41	0	41	27	3	24	19	3	16	22	0	22	37	4	33	43	1	42	33	1	32
NW_025533264.1	17090	17091	*	50	1	49	56	0	56	16	3	13	11	0	11	71	0	71	11	0	11	28	0	28	17	0	17	23	0	23	11	0	11	48	0	48	38	0	38	45	1	44	45	0	45	109	0	109	44	1	43	33	0	33	14	0	14	33	0	33	12	0	12
NW_025533332.1	29308	29309	*	60	2	58	47	0	47	45	5	40	37	0	37	54	8	46	45	0	45	49	0	49	37	0	37	42	1	41	67	0	67	46	0	46	37	6	31	109	10	99	88	6	82	56	0	56	52	0	52	43	0	43	86	1	85	49	0	49	55	2	53
NW_025533332.1	29330	29331	*	57	1	56	41	0	41	44	4	40	35	0	35	49	3	46	40	0	40	45	0	45	35	0	35	41	1	40	66	0	66	47	0	47	37	7	30	108	11	97	87	7	80	53	0	53	51	1	50	44	1	43	88	0	88	51	0	51	51	0	51
NW_025533362.1	27278	27279	*	39	2	37	31	1	30	37	8	29	15	0	15	30	0	30	27	6	21	22	0	22	27	0	27	35	7	28	30	6	24	55	7	48	29	0	29	46	1	45	32	5	27	31	1	30	71	0	71	39	8	31	94	11	83	33	8	25	39	7	32
NW_025533412.1	4730	4731	*	18	0	18	38	0	38	20	3	17	21	0	21	20	2	18	31	0	31	20	0	20	29	0	29	18	0	18	31	0	31	15	1	14	28	0	28	16	0	16	20	0	20	22	0	22	19	0	19	28	0	28	36	0	36	25	0	25	15	0	15
NC_059182.1	882223	882224	*	17	0	17	30	0	30	15	0	15	25	3	22	23	9	14	25	5	20	15	3	12	27	0	27	13	0	13	15	0	15	22	0	22	23	6	17	28	9	19	28	0	28	19	2	17	20	0	20	21	8	13	10	0	10	17	0	17	17	0	17
NC_059182.1	2751722	2751723	*	15	0	15	24	0	24	11	0	11	19	7	12	17	0	17	17	0	17	13	8	5	15	0	15	18	0	18	15	8	7	27	0	27	24	0	24	20	0	20	13	0	13	19	11	8	23	8	15	13	0	13	10	0	10	28	0	28	20	1	19
NC_059182.1	3944564	3944565	*	12	0	12	20	0	20	19	0	19	19	7	12	18	0	18	13	8	5	12	5	7	19	0	19	11	0	11	15	0	15	22	0	22	15	0	15	18	0	18	23	6	17	24	0	24	18	9	9	16	0	16	10	0	10	21	1	20	23	0	23
NC_059182.1	8329221	8329222	*	33	0	33	29	1	28	15	1	14	10	3	7	50	5	45	18	3	15	19	2	17	12	2	10	20	2	18	20	1	19	41	0	41	18	1	17	23	2	21	11	0	11	13	1	12	16	0	16	11	1	10	19	0	19	20	4	16	14	2	12
NC_059182.1	8329285	8329286	*	47	1	46	44	1	43	31	0	31	16	3	13	59	5	54	26	4	22	20	1	19	31	4	27	34	0	34	46	0	46	49	1	48	28	0	28	43	0	43	38	3	35	15	5	10	39	1	38	24	5	19	34	0	34	41	2	39	19	1	18
NC_059182.1	11381615	11381616	*	27	0	27	25	0	25	15	0	15	23	6	17	27	0	27	26	1	25	22	0	22	21	0	21	11	4	7	24	0	24	14	0	14	23	0	23	25	0	25	24	0	24	31	0	31	14	0	14	21	0	21	27	1	26	24	1	23	17	0	17
NC_059182.1	18064681	18064682	*	17	0	17	15	0	15	15	0	15	15	9	6	15	0	15	10	3	7	16	0	16	16	0	16	18	0	18	18	0	18	19	0	19	13	0	13	20	0	20	16	0	16	19	0	19	25	0	25	11	0	11	13	0	13	16	0	16	16	0	16
NC_059183.1	3067396	3067397	*	49	3	46	10	0	10	13	1	12	27	3	24	23	3	20	20	0	20	17	1	16	18	1	17	28	1	27	32	6	26	20	2	18	16	0	16	16	0	16	28	2	26	24	0	24	15	0	15	29	3	26	51	0	51	21	0	21	20	1	19
NC_059183.1	5624251	5624252	*	14	0	14	13	0	13	16	0	16	16	9	7	17	0	17	25	0	25	18	1	17	15	0	15	10	0	10	18	0	18	14	7	7	19	0	19	21	0	21	31	0	31	25	0	25	13	0	13	19	1	18	11	1	10	30	0	30	16	0	16
NC_059184.1	7008273	7008274	*	22	0	22	22	1	21	15	0	15	15	13	2	23	0	23	15	2	13	20	8	12	17	0	17	15	0	15	25	0	25	24	1	23	25	0	25	23	4	19	24	0	24	25	11	14	29	0	29	23	0	23	10	0	10	26	0	26	17	1	16
NC_059184.1	7667067	7667068	*	27	0	27	24	0	24	18	0	18	20	3	17	23	0	23	22	0	22	24	0	24	22	0	22	17	0	17	25	0	25	35	0	35	34	1	33	30	0	30	25	0	25	22	0	22	25	0	25	22	0	22	13	0	13	28	1	27	27	2	25
NC_059185.1	1214595	1214596	*	21	0	21	15	0	15	15	0	15	11	3	8	11	3	8	10	0	10	19	8	11	13	0	13	11	0	11	17	0	17	19	0	19	12	0	12	19	7	12	16	0	16	17	0	17	18	0	18	15	1	14	18	0	18	20	0	20	18	0	18
NC_059185.1	3057483	3057484	*	19	0	19	20	0	20	22	0	22	10	4	6	10	0	10	20	0	20	13	0	13	15	1	14	10	0	10	16	0	16	12	0	12	18	0	18	19	0	19	20	0	20	27	0	27	20	0	20	16	0	16	17	0	17	25	0	25	15	0	15
NC_059185.1	3057486	3057487	*	19	0	19	19	0	19	22	0	22	11	5	6	10	0	10	20	0	20	12	0	12	16	0	16	10	0	10	16	0	16	12	0	12	18	0	18	21	0	21	20	0	20	27	0	27	20	0	20	16	0	16	16	1	15	25	0	25	15	0	15
NC_059185.1	9578420	9578421	*	21	0	21	19	0	19	11	0	11	27	6	21	18	0	18	21	0	21	13	0	13	18	1	17	19	0	19	29	0	29	15	0	15	28	0	28	27	0	27	15	0	15	28	0	28	16	0	16	18	0	18	11	0	11	16	0	16	10	0	10
NC_059185.1	11589339	11589340	*	22	0	22	18	0	18	23	0	23	14	4	10	22	9	13	24	8	16	17	8	9	16	1	15	19	0	19	18	8	10	15	0	15	14	4	10	26	0	26	18	0	18	22	0	22	14	0	14	18	0	18	10	8	2	24	0	24	24	0	24
NC_059185.1	11589352	11589353	*	22	0	22	18	0	18	23	0	23	16	6	10	22	10	12	22	6	16	16	15	1	18	1	17	19	0	19	18	7	11	15	0	15	14	4	10	23	0	23	17	0	17	22	0	22	14	0	14	18	0	18	12	9	3	25	0	25	21	0	21
NC_059185.1	11829088	11829089	*	14	0	14	12	0	12	15	0	15	30	3	27	15	0	15	12	0	12	15	0	15	21	0	21	13	0	13	11	1	10	12	0	12	16	0	16	18	0	18	18	0	18	24	0	24	29	0	29	17	0	17	25	0	25	15	0	15	12	0	12
NC_059185.1	13125902	13125903	*	25	1	24	17	0	17	27	2	25	21	3	18	37	6	31	40	8	32	25	7	18	23	4	19	37	13	24	25	2	23	30	3	27	25	2	23	27	0	27	18	0	18	32	4	28	18	0	18	33	5	28	77	19	58	31	0	31	30	4	26
NC_059185.1	13125940	13125941	*	22	1	21	20	0	20	32	0	32	28	5	23	40	1	39	42	4	38	29	2	27	28	1	27	41	4	37	29	5	24	30	3	27	26	2	24	30	0	30	21	0	21	31	6	25	18	0	18	37	8	29	87	26	61	33	0	33	31	6	25
NC_059185.1	13125962	13125963	*	24	1	23	17	0	17	31	0	31	29	7	22	42	0	42	44	8	36	31	0	31	28	0	28	41	1	40	27	4	23	33	5	28	25	0	25	15	0	15	21	0	21	35	7	28	16	0	16	40	9	31	89	10	79	17	0	17	33	7	26
NC_059185.1	13125980	13125981	*	22	2	20	14	0	14	26	0	26	33	8	25	41	0	41	43	8	35	28	0	28	29	0	29	40	0	40	28	7	21	28	5	23	27	1	26	32	0	32	22	0	22	34	9	25	16	0	16	37	8	29	87	10	77	40	1	39	30	7	23
NC_059186.1	2229969	2229970	*	13	0	13	16	0	16	15	0	15	24	7	17	19	0	19	20	0	20	19	0	19	25	0	25	15	0	15	18	0	18	17	0	17	12	0	12	29	0	29	16	0	16	28	1	27	18	0	18	27	0	27	32	0	32	16	0	16	30	0	30
NC_059186.1	2308361	2308362	*	19	0	19	24	0	24	33	0	33	20	7	13	32	4	28	26	2	24	20	0	20	31	1	30	31	0	31	25	0	25	24	0	24	18	0	18	23	0	23	23	0	23	28	1	27	29	0	29	19	0	19	42	1	41	24	0	24	13	0	13
NC_059186.1	3433374	3433375	*	25	0	25	15	0	15	14	0	14	14	3	11	21	0	21	21	1	20	14	0	14	20	0	20	15	0	15	17	0	17	21	0	21	19	0	19	31	0	31	21	0	21	22	0	22	23	0	23	33	0	33	34	0	34	18	0	18	18	0	18
NC_059186.1	6075933	6075934	*	41	0	41	40	1	39	21	0	21	31	4	27	22	2	20	22	0	22	22	5	17	25	6	19	17	0	17	16	2	14	30	1	29	19	0	19	32	0	32	16	0	16	34	3	31	29	0	29	17	1	16	11	3	8	36	0	36	27	2	25
NC_059186.1	6864871	6864872	*	16	0	16	27	0	27	16	0	16	23	8	15	14	0	14	17	5	12	20	0	20	15	0	15	10	0	10	24	0	24	21	0	21	20	0	20	23	0	23	20	8	12	22	21	1	19	0	19	18	9	9	10	1	9	16	0	16	15	13	2
NC_059186.1	8050693	8050694	*	20	0	20	18	0	18	21	0	21	17	8	9	14	1	13	21	3	18	16	2	14	17	0	17	11	0	11	20	0	20	27	0	27	21	0	21	22	0	22	24	0	24	21	0	21	13	0	13	15	2	13	15	1	14	21	0	21	23	0	23
NC_059186.1	9074999	9075000	*	12	0	12	21	0	21	20	0	20	15	5	10	17	0	17	21	0	21	14	0	14	22	0	22	12	0	12	21	0	21	17	0	17	29	0	29	17	0	17	26	0	26	14	0	14	31	0	31	16	0	16	17	0	17	30	0	30	11	0	11
NC_059186.1	9075002	9075003	*	12	0	12	21	0	21	20	0	20	15	5	10	17	0	17	20	0	20	14	0	14	22	0	22	12	0	12	22	0	22	17	0	17	27	0	27	17	0	17	27	0	27	14	1	13	29	0	29	16	0	16	17	0	17	29	0	29	11	0	11
NC_059186.1	9075019	9075020	*	12	0	12	20	0	20	20	2	18	14	7	7	16	0	16	21	0	21	13	1	12	22	0	22	12	1	11	21	2	19	16	0	16	23	1	22	17	0	17	27	2	25	13	1	12	25	0	25	17	4	13	17	1	16	26	1	25	10	0	10
NC_059186.1	9114907	9114908	*	16	0	16	23	2	21	14	0	14	20	4	16	14	0	14	14	0	14	21	0	21	16	5	11	18	0	18	17	4	13	32	1	31	23	2	21	36	0	36	30	3	27	31	3	28	22	3	19	15	0	15	15	2	13	28	0	28	18	3	15
NC_059187.1	2356878	2356879	*	17	0	17	19	1	18	17	0	17	12	5	7	13	0	13	18	0	18	15	0	15	13	0	13	14	0	14	17	0	17	12	0	12	17	0	17	19	0	19	18	0	18	19	0	19	16	0	16	22	0	22	29	1	28	17	0	17	16	0	16
NC_059187.1	2360306	2360307	*	14	1	13	15	2	13	14	1	13	15	4	11	11	2	9	22	6	16	18	8	10	18	8	10	15	3	12	15	2	13	16	0	16	20	1	19	20	1	19	18	7	11	18	1	17	22	15	7	12	2	10	10	6	4	14	1	13	18	9	9
NC_059187.1	8286101	8286102	*	14	0	14	12	0	12	10	0	10	14	9	5	14	0	14	13	0	13	21	0	21	18	0	18	14	0	14	23	0	23	19	0	19	19	0	19	25	0	25	25	0	25	24	0	24	29	0	29	27	0	27	10	0	10	35	0	35	18	1	17
NC_059187.1	10346376	10346377	*	14	0	14	17	0	17	13	1	12	18	5	13	14	0	14	18	7	11	10	0	10	14	0	14	14	0	14	13	0	13	16	0	16	18	0	18	13	0	13	21	0	21	24	0	24	19	0	19	21	0	21	23	0	23	20	1	19	15	0	15
NC_059188.1	55788	55789	*	14	0	14	14	1	13	15	0	15	15	7	8	16	6	10	12	0	12	14	0	14	10	1	9	13	0	13	13	0	13	23	0	23	12	0	12	18	0	18	15	0	15	24	0	24	14	0	14	15	0	15	11	0	11	16	0	16	17	0	17
NC_059188.1	453348	453349	*	11	0	11	37	0	37	15	0	15	19	8	11	28	6	22	22	4	18	15	0	15	10	0	10	18	0	18	21	0	21	23	0	23	23	0	23	24	0	24	24	1	23	34	13	21	24	0	24	31	0	31	13	0	13	27	0	27	20	0	20
NC_059188.1	514352	514353	*	21	0	21	23	0	23	19	0	19	18	8	10	18	0	18	22	0	22	24	0	24	11	0	11	13	0	13	24	1	23	24	0	24	24	3	21	18	0	18	22	0	22	38	0	38	30	4	26	19	0	19	16	1	15	26	0	26	26	0	26
NC_059188.1	12910683	12910684	*	14	0	14	21	0	21	17	1	16	23	4	19	21	0	21	22	0	22	13	0	13	10	0	10	21	0	21	20	0	20	19	0	19	12	0	12	18	0	18	11	0	11	24	0	24	24	0	24	17	1	16	16	2	14	19	1	18	20	0	20
NC_059188.1	12929134	12929135	*	26	0	26	12	0	12	10	0	10	10	3	7	19	0	19	13	0	13	10	0	10	12	0	12	13	0	13	19	1	18	23	0	23	13	0	13	21	0	21	19	0	19	18	0	18	11	0	11	15	1	14	26	1	25	16	0	16	12	0	12
NC_059188.1	13450699	13450700	*	11	0	11	18	0	18	11	0	11	17	3	14	17	0	17	12	0	12	15	0	15	11	0	11	10	0	10	18	1	17	17	0	17	21	0	21	19	0	19	21	0	21	18	0	18	16	0	16	26	0	26	18	0	18	19	0	19	14	0	14
NC_059189.1	1243945	1243946	*	12	0	12	21	0	21	18	0	18	13	4	9	10	0	10	15	0	15	18	0	18	15	0	15	10	0	10	14	0	14	21	0	21	14	0	14	16	0	16	25	0	25	21	0	21	22	0	22	17	0	17	11	1	10	18	0	18	14	0	14
NC_059189.1	1413433	1413434	*	21	0	21	21	0	21	23	0	23	16	7	9	28	4	24	21	0	21	21	7	14	18	0	18	18	0	18	29	0	29	25	2	23	29	0	29	21	0	21	27	1	26	25	0	25	26	1	25	29	2	27	24	0	24	26	1	25	28	0	28
NC_059189.1	2097933	2097934	*	12	0	12	16	0	16	12	0	12	16	8	8	21	11	10	22	11	11	23	8	15	14	5	9	13	9	4	17	0	17	26	15	11	21	0	21	24	0	24	22	0	22	24	13	11	26	0	26	19	0	19	17	10	7	27	0	27	20	0	20
NC_059189.1	2318652	2318653	*	20	1	19	19	0	19	10	0	10	12	6	6	11	0	11	20	0	20	15	0	15	10	0	10	13	0	13	15	0	15	22	7	15	15	1	14	17	10	7	21	1	20	23	0	23	23	0	23	24	0	24	35	11	24	19	10	9	15	1	14
NC_059189.1	2818443	2818444	*	15	1	14	26	0	26	13	0	13	13	5	8	12	0	12	22	0	22	19	0	19	16	0	16	19	0	19	14	0	14	30	0	30	18	0	18	29	1	28	15	0	15	35	0	35	26	0	26	18	0	18	18	0	18	21	0	21	15	0	15
NC_059189.1	4065562	4065563	*	21	0	21	36	0	36	18	0	18	13	3	10	21	0	21	21	0	21	19	0	19	20	0	20	14	0	14	27	0	27	24	0	24	26	0	26	26	0	26	21	0	21	33	0	33	16	0	16	38	0	38	12	0	12	27	0	27	24	0	24
NC_059189.1	4149594	4149595	*	16	0	16	15	0	15	11	0	11	15	8	7	17	10	7	13	0	13	17	1	16	18	0	18	11	0	11	25	0	25	14	0	14	10	0	10	21	10	11	13	0	13	13	0	13	11	1	10	11	0	11	13	0	13	15	0	15	12	5	7
NC_059189.1	10320123	10320124	*	16	0	16	17	0	17	14	1	13	10	9	1	16	0	16	15	0	15	13	0	13	17	1	16	17	0	17	15	0	15	28	0	28	18	1	17	22	10	12	29	1	28	29	1	28	33	1	32	20	0	20	13	0	13	19	0	19	17	0	17
NC_059189.1	10953299	10953300	*	35	0	35	36	0	36	44	0	44	43	5	38	33	7	26	38	0	38	30	0	30	49	1	48	34	0	34	25	0	25	54	0	54	44	1	43	29	6	23	35	8	27	44	0	44	47	2	45	33	0	33	64	0	64	44	0	44	33	0	33
NC_059190.1	602877	602878	*	21	0	21	21	0	21	19	0	19	12	5	7	18	0	18	13	2	11	17	8	9	10	0	10	10	0	10	15	0	15	17	0	17	15	0	15	21	0	21	12	6	6	25	0	25	19	0	19	14	5	9	30	0	30	19	0	19	17	6	11
NC_059190.1	2042929	2042930	*	16	0	16	11	0	11	13	0	13	13	6	7	19	6	13	21	8	13	12	0	12	14	0	14	13	5	8	15	5	10	26	1	25	17	0	17	10	0	10	18	0	18	24	0	24	14	0	14	17	0	17	31	1	30	14	0	14	18	0	18
NC_059190.1	2758926	2758927	*	13	0	13	15	0	15	19	0	19	12	6	6	16	0	16	12	8	4	16	0	16	17	0	17	14	0	14	24	0	24	26	2	24	14	0	14	27	0	27	24	0	24	19	0	19	19	0	19	14	0	14	14	0	14	25	0	25	25	0	25
NC_059190.1	2793222	2793223	*	12	0	12	19	0	19	12	0	12	21	11	10	14	0	14	16	6	10	13	1	12	16	1	15	13	1	12	22	0	22	25	12	13	11	0	11	14	0	14	18	0	18	22	3	19	14	1	13	14	0	14	10	0	10	27	1	26	15	0	15
NC_059190.1	2930789	2930790	*	11	0	11	24	0	24	12	0	12	15	5	10	15	0	15	21	0	21	14	0	14	18	0	18	14	0	14	16	0	16	17	0	17	19	0	19	22	0	22	22	0	22	29	0	29	28	0	28	17	0	17	18	0	18	24	0	24	18	0	18
NC_059190.1	3097540	3097541	*	16	0	16	30	0	30	23	0	23	17	10	7	17	0	17	28	9	19	11	0	11	17	0	17	10	0	10	19	0	19	28	0	28	21	0	21	19	0	19	15	0	15	32	0	32	24	0	24	25	0	25	18	0	18	15	0	15	18	0	18
NC_059190.1	3267175	3267176	*	19	0	19	29	0	29	18	0	18	18	8	10	25	1	24	30	0	30	22	0	22	17	1	16	15	7	8	16	0	16	21	3	18	22	0	22	24	1	23	32	1	31	29	13	16	26	0	26	20	12	8	20	12	8	31	0	31	23	0	23
NC_059190.1	4172714	4172715	*	20	0	20	13	0	13	10	0	10	12	4	8	17	10	7	23	17	6	14	0	14	19	0	19	14	8	6	11	11	0	23	0	23	15	8	7	21	1	20	12	0	12	18	9	9	14	13	1	19	6	13	19	8	11	17	8	9	13	0	13
NC_059190.1	9313493	9313494	*	64	0	64	36	1	35	30	0	30	23	3	20	43	0	43	22	3	19	27	0	27	36	0	36	18	0	18	38	1	37	59	1	58	23	0	23	52	0	52	24	0	24	31	2	29	32	0	32	34	0	34	22	0	22	15	1	14	28	0	28
NC_059191.1	1648794	1648795	*	27	1	26	22	0	22	18	0	18	17	7	10	19	6	13	14	0	14	16	0	16	22	0	22	12	0	12	25	0	25	22	0	22	30	0	30	28	0	28	39	0	39	24	0	24	25	0	25	31	2	29	10	0	10	28	0	28	27	0	27
NC_059191.1	9528225	9528226	*	22	0	22	24	0	24	31	0	31	32	3	29	19	0	19	27	0	27	23	0	23	29	0	29	14	0	14	30	0	30	37	0	37	35	0	35	24	0	24	26	0	26	24	0	24	34	0	34	25	0	25	15	0	15	28	0	28	18	0	18
NW_025533132.1	80599	80600	*	56	1	55	30	0	30	31	1	30	26	3	23	59	1	58	29	5	24	27	0	27	34	0	34	18	0	18	60	0	60	49	2	47	19	0	19	40	0	40	60	0	60	20	0	20	27	1	26	21	0	21	40	0	40	29	0	29	28	0	28
NW_025533168.1	64581	64582	*	37	2	35	19	0	19	24	2	22	21	4	17	37	0	37	14	1	13	18	3	15	23	0	23	19	0	19	31	1	30	40	0	40	19	0	19	34	0	34	63	2	61	33	0	33	38	3	35	46	0	46	27	0	27	46	3	43	32	0	32
NW_025533169.1	73514	73515	*	69	0	69	36	0	36	43	0	43	19	4	15	65	0	65	29	1	28	37	0	37	37	0	37	21	0	21	68	0	68	35	0	35	35	1	34	22	12	10	62	1	61	56	0	56	33	0	33	47	0	47	80	3	77	47	0	47	20	0	20
NW_025533169.1	88745	88746	*	67	1	66	22	1	21	22	1	21	16	5	11	38	3	35	20	3	17	39	1	38	13	0	13	20	0	20	39	4	35	41	6	35	28	5	23	16	0	16	30	0	30	56	15	41	38	2	36	35	5	30	89	0	89	35	2	33	31	3	28
NW_025533169.1	89518	89519	*	76	2	74	58	2	56	22	1	21	33	13	20	59	4	55	29	10	19	44	0	44	18	2	16	42	6	36	27	3	24	60	2	58	33	0	33	23	0	23	34	1	33	32	1	31	32	2	30	42	1	41	41	2	39	28	1	27	36	4	32
NW_025533169.1	89604	89605	*	66	0	66	43	0	43	22	0	22	17	10	7	35	0	35	21	8	13	36	0	36	16	0	16	24	0	24	29	0	29	37	2	35	29	0	29	20	0	20	28	0	28	26	0	26	30	0	30	32	0	32	39	0	39	16	0	16	17	1	16
NW_025533169.1	89690	89691	*	48	0	48	33	1	32	18	0	18	16	5	11	30	2	28	24	12	12	25	0	25	15	0	15	22	2	20	24	1	23	29	0	29	28	0	28	25	0	25	31	0	31	29	0	29	24	0	24	26	0	26	43	0	43	15	0	15	15	0	15
NW_025533169.1	90031	90032	*	33	0	33	24	0	24	16	0	16	22	14	8	26	0	26	20	5	15	21	0	21	12	0	12	27	0	27	24	1	23	20	0	20	14	0	14	24	0	24	23	0	23	30	0	30	28	0	28	22	0	22	43	0	43	25	0	25	23	1	22
NW_025533169.1	90116	90117	*	32	0	32	30	0	30	21	0	21	22	7	15	27	0	27	19	5	14	22	0	22	16	0	16	21	0	21	23	0	23	18	0	18	15	0	15	17	0	17	27	1	26	30	0	30	26	0	26	31	0	31	45	1	44	23	0	23	23	0	23
NW_025533169.1	90138	90139	*	32	0	32	28	0	28	20	0	20	20	6	14	28	0	28	20	7	13	19	0	19	16	0	16	19	0	19	23	0	23	18	0	18	17	0	17	17	0	17	27	0	27	26	1	25	24	0	24	31	1	30	45	0	45	24	1	23	18	0	18
NW_025533215.1	21790	21791	*	57	3	54	21	2	19	27	0	27	44	9	35	77	6	71	42	0	42	49	14	35	17	0	17	40	0	40	42	4	38	33	4	29	22	0	22	42	0	42	27	5	22	45	4	41	45	2	43	33	0	33	46	1	45	39	0	39	39	7	32
NW_025533215.1	22132	22133	*	12	1	11	13	1	12	28	0	28	16	4	12	27	0	27	15	1	14	15	0	15	10	0	10	20	3	17	23	1	22	17	0	17	19	0	19	29	0	29	27	3	24	23	3	20	24	9	15	24	0	24	40	3	37	26	0	26	17	2	15
NW_025533332.1	10716	10717	*	31	0	31	21	0	21	36	0	36	18	3	15	38	17	21	29	9	20	15	3	12	15	0	15	20	10	10	17	13	4	18	12	6	29	1	28	33	0	33	28	0	28	21	0	21	26	0	26	26	1	25	37	0	37	27	0	27	20	1	19
NW_025533332.1	29072	29073	*	56	1	55	34	2	32	32	2	30	22	4	18	39	6	33	20	3	17	24	3	21	41	0	41	25	0	25	39	1	38	27	0	27	23	0	23	76	5	71	55	3	52	40	3	37	41	5	36	48	0	48	62	3	59	36	0	36	42	2	40
NC_059182.1	61872	61873	*	18	2	16	11	0	11	15	1	14	10	0	10	13	3	10	24	0	24	11	3	8	12	0	12	15	0	15	19	0	19	27	0	27	18	11	7	19	0	19	13	7	6	14	7	7	19	6	13	19	7	12	10	0	10	12	4	8	17	0	17
NC_059182.1	701836	701837	*	14	0	14	20	0	20	14	0	14	16	0	16	17	4	13	10	0	10	22	0	22	16	0	16	18	0	18	15	0	15	16	0	16	22	0	22	24	0	24	18	0	18	32	0	32	21	0	21	11	0	11	11	0	11	25	0	25	21	0	21
NC_059182.1	702289	702290	*	21	0	21	14	0	14	17	0	17	14	0	14	10	6	4	12	0	12	17	5	12	20	0	20	15	0	15	10	0	10	15	0	15	11	0	11	12	0	12	10	0	10	14	0	14	18	7	11	12	0	12	28	0	28	11	0	11	10	0	10
NC_059182.1	702294	702295	*	22	0	22	15	0	15	17	0	17	15	0	15	10	5	5	12	0	12	18	6	12	20	0	20	16	0	16	10	0	10	15	0	15	11	0	11	12	0	12	11	0	11	15	0	15	17	7	10	12	0	12	27	1	26	11	0	11	10	0	10
NC_059182.1	882260	882261	*	16	0	16	32	0	32	18	0	18	30	0	30	27	4	23	30	0	30	16	1	15	24	0	24	16	0	16	21	0	21	27	0	27	28	0	28	33	3	30	29	0	29	21	0	21	24	1	23	26	0	26	10	0	10	19	0	19	23	0	23
NC_059182.1	6742159	6742160	*	16	0	16	16	0	16	10	0	10	15	0	15	10	6	4	25	0	25	20	0	20	10	0	10	18	0	18	16	0	16	18	0	18	13	0	13	18	0	18	22	0	22	27	0	27	20	0	20	25	0	25	32	0	32	18	0	18	14	0	14
NC_059182.1	7046594	7046595	*	10	2	8	13	1	12	21	2	19	15	0	15	28	6	22	26	1	25	25	2	23	27	4	23	16	2	14	23	3	20	22	3	19	17	0	17	24	2	22	24	1	23	24	0	24	23	0	23	33	6	27	32	1	31	26	2	24	12	0	12
NC_059182.1	7315101	7315102	*	11	0	11	13	0	13	18	0	18	15	0	15	27	14	13	10	1	9	12	0	12	10	0	10	11	0	11	20	0	20	14	0	14	24	0	24	13	0	13	27	0	27	24	0	24	19	0	19	17	0	17	10	0	10	21	0	21	25	1	24
NC_059182.1	14407609	14407610	*	23	0	23	17	0	17	26	0	26	21	2	19	21	13	8	20	0	20	12	0	12	15	1	14	16	0	16	34	15	19	22	0	22	21	0	21	20	0	20	26	0	26	22	0	22	28	1	27	26	1	25	13	0	13	19	0	19	16	0	16
NC_059182.1	14407633	14407634	*	21	0	21	13	1	12	27	2	25	21	0	21	19	15	4	21	0	21	10	0	10	13	0	13	15	0	15	33	16	17	20	0	20	19	1	18	16	0	16	25	3	22	21	2	19	24	0	24	23	0	23	17	12	5	15	1	14	16	0	16
NC_059182.1	19026748	19026749	*	19	0	19	20	0	20	17	0	17	19	0	19	17	16	1	16	0	16	19	0	19	20	1	19	16	0	16	17	0	17	17	0	17	21	0	21	19	0	19	12	0	12	19	0	19	22	0	22	16	0	16	23	0	23	22	0	22	15	0	15
NC_059183.1	3066625	3066626	*	51	0	51	44	1	43	26	0	26	42	0	42	55	4	51	49	0	49	40	0	40	21	0	21	30	1	29	41	3	38	52	1	51	24	3	21	50	0	50	49	0	49	60	4	56	37	2	35	55	1	54	54	1	53	56	1	55	34	1	33
NC_059183.1	5489288	5489289	*	38	0	38	32	0	32	33	0	33	27	0	27	31	4	27	37	0	37	22	0	22	35	0	35	22	0	22	32	0	32	22	0	22	30	0	30	19	0	19	37	0	37	40	0	40	39	0	39	33	0	33	21	0	21	25	0	25	24	0	24
NC_059183.1	9017821	9017822	*	36	0	36	25	0	25	24	0	24	26	0	26	20	11	9	27	0	27	18	0	18	12	0	12	19	0	19	34	0	34	31	0	31	26	0	26	37	0	37	40	0	40	37	0	37	22	0	22	19	0	19	11	0	11	28	0	28	32	0	32
NC_059183.1	11448981	11448982	*	18	0	18	21	0	21	23	0	23	20	0	20	17	7	10	19	0	19	13	0	13	22	0	22	13	0	13	20	1	19	24	0	24	22	0	22	21	1	20	30	0	30	25	0	25	30	0	30	23	0	23	10	0	10	21	0	21	27	0	27
NC_059183.1	14631657	14631658	*	16	0	16	23	0	23	11	0	11	12	0	12	13	6	7	13	0	13	16	0	16	12	7	5	16	0	16	15	0	15	19	0	19	25	8	17	14	2	12	13	1	12	20	0	20	22	10	12	16	0	16	34	0	34	27	1	26	11	0	11
NC_059183.1	16051925	16051926	*	14	0	14	26	0	26	19	0	19	16	0	16	16	10	6	20	0	20	19	0	19	18	0	18	12	0	12	12	0	12	20	0	20	13	0	13	17	0	17	16	0	16	27	0	27	29	0	29	19	0	19	20	0	20	21	0	21	17	0	17
NC_059183.1	17942051	17942052	*	14	0	14	26	0	26	29	0	29	15	0	15	24	6	18	25	0	25	26	0	26	22	0	22	14	0	14	31	0	31	19	0	19	27	0	27	33	0	33	23	0	23	27	0	27	29	0	29	43	1	42	37	2	35	23	7	16	32	0	32
NC_059183.1	17942102	17942103	*	17	0	17	26	0	26	33	0	33	15	0	15	34	8	26	27	0	27	26	0	26	24	0	24	14	1	13	30	4	26	23	0	23	33	8	25	37	7	30	24	0	24	33	0	33	32	0	32	43	1	42	33	9	24	27	8	19	37	1	36
NC_059183.1	17942129	17942130	*	15	1	14	26	1	25	30	0	30	15	0	15	34	8	26	28	0	28	26	0	26	25	0	25	15	1	14	30	0	30	23	0	23	32	8	24	39	8	31	24	0	24	33	0	33	31	0	31	39	0	39	30	2	28	25	6	19	36	0	36
NC_059184.1	792909	792910	*	17	0	17	17	0	17	15	0	15	18	0	18	12	7	5	21	0	21	14	5	9	16	7	9	16	0	16	21	7	14	32	0	32	25	13	12	19	0	19	21	0	21	19	10	9	22	10	12	28	17	11	23	23	0	22	22	0	19	0	19
NC_059184.1	1374578	1374579	*	16	0	16	12	0	12	17	0	17	14	0	14	13	5	8	15	0	15	15	6	9	12	3	9	12	0	12	17	6	11	12	0	12	12	6	6	19	0	19	20	9	11	13	4	9	19	10	9	16	10	6	22	21	1	16	16	0	14	0	14
NC_059184.1	3079632	3079633	*	15	0	15	12	0	12	10	0	10	14	0	14	13	3	10	23	0	23	15	0	15	20	1	19	10	0	10	23	0	23	18	4	14	23	0	23	22	6	16	18	0	18	16	1	15	14	0	14	18	0	18	23	1	22	14	1	13	14	0	14
NC_059184.1	3769976	3769977	*	36	1	35	10	2	8	29	1	28	23	0	23	33	7	26	35	0	35	25	2	23	24	1	23	31	1	30	26	2	24	38	1	37	37	6	31	43	1	42	29	4	25	29	2	27	20	3	17	34	0	34	24	14	10	26	2	24	25	1	24
NC_059184.1	3769982	3769983	*	37	1	36	10	1	9	31	2	29	23	0	23	34	8	26	36	4	32	25	3	22	25	6	19	32	3	29	26	7	19	38	3	35	38	8	30	44	2	42	32	11	21	29	2	27	20	3	17	35	1	34	24	13	11	28	9	19	25	1	24
NC_059184.1	3769999	3770000	*	37	1	36	10	2	8	31	2	29	23	2	21	34	8	26	36	6	30	25	5	20	25	6	19	32	3	29	26	7	19	38	3	35	38	6	32	44	2	42	32	12	20	28	2	26	20	10	10	34	0	34	24	14	10	28	10	18	25	2	23
NC_059184.1	3770003	3770004	*	37	1	36	10	0	10	31	2	29	23	1	22	34	8	26	36	4	32	25	3	22	25	5	20	32	3	29	26	4	22	38	2	36	38	6	32	44	0	44	32	10	22	29	2	27	20	7	13	35	0	35	24	14	10	28	9	19	25	1	24
NC_059184.1	3976409	3976410	*	10	0	10	20	0	20	17	0	17	23	0	23	12	6	6	23	1	22	19	0	19	23	0	23	15	0	15	24	0	24	20	0	20	27	0	27	11	0	11	15	1	14	26	0	26	16	3	13	15	0	15	22	2	20	26	2	24	13	0	13
NC_059184.1	7948802	7948803	*	35	0	35	54	0	54	38	0	38	45	0	45	34	11	23	49	0	49	41	0	41	22	0	22	34	0	34	35	0	35	43	0	43	57	0	57	60	0	60	48	1	47	75	0	75	58	0	58	48	0	48	31	1	30	51	1	50	48	0	48
NC_059184.1	7948860	7948861	*	34	0	34	50	1	49	37	0	37	45	0	45	43	7	36	47	0	47	40	0	40	15	0	15	32	0	32	35	1	34	46	0	46	47	0	47	63	0	63	42	0	42	67	0	67	58	1	57	49	0	49	20	0	20	49	0	49	45	0	45
NC_059184.1	7948877	7948878	*	35	0	35	53	0	53	36	0	36	47	0	47	45	10	35	47	0	47	42	0	42	15	0	15	30	0	30	38	0	38	48	0	48	45	0	45	64	0	64	39	0	39	70	0	70	58	0	58	50	0	50	18	0	18	52	0	52	42	0	42
NC_059184.1	8948500	8948501	*	21	0	21	17	1	16	17	0	17	13	0	13	17	3	14	14	3	11	37	1	36	18	1	17	14	0	14	16	0	16	12	4	8	16	7	9	18	0	18	21	0	21	14	0	14	29	0	29	23	0	23	27	0	27	37	0	37	11	0	11
NC_059184.1	12096165	12096166	*	36	0	36	29	0	29	22	0	22	56	0	56	64	4	60	38	0	38	38	0	38	32	0	32	45	0	45	26	0	26	43	0	43	33	0	33	48	0	48	45	0	45	75	1	74	32	0	32	41	0	41	42	0	42	55	0	55	35	0	35
NC_059184.1	12256805	12256806	*	12	1	11	17	0	17	15	0	15	16	0	16	14	7	7	26	0	26	15	0	15	17	0	17	12	0	12	26	0	26	19	0	19	25	0	25	19	1	18	20	0	20	28	0	28	18	0	18	16	0	16	20	0	20	27	0	27	18	0	18
NC_059184.1	12775571	12775572	*	11	0	11	10	0	10	20	0	20	20	0	20	11	3	8	17	0	17	13	0	13	16	0	16	19	0	19	18	0	18	20	0	20	15	0	15	21	0	21	17	0	17	21	0	21	13	0	13	14	0	14	12	0	12	13	0	13	21	0	21
NC_059184.1	13458363	13458364	*	21	0	21	13	0	13	18	0	18	10	0	10	15	5	10	24	0	24	18	9	9	13	0	13	17	0	17	13	0	13	21	0	21	11	0	11	20	12	8	20	9	11	19	0	19	15	9	6	19	0	19	11	7	4	15	6	9	15	0	15
NC_059186.1	338992	338993	*	14	0	14	11	0	11	13	0	13	12	0	12	14	6	8	14	0	14	11	0	11	10	0	10	11	1	10	12	0	12	25	0	25	13	0	13	20	0	20	16	0	16	16	0	16	14	1	13	23	0	23	21	0	21	17	0	17	17	4	13
NC_059186.1	882652	882653	*	20	0	20	23	0	23	13	0	13	16	0	16	21	3	18	20	0	20	21	0	21	17	0	17	16	0	16	23	0	23	23	0	23	23	0	23	24	0	24	16	0	16	20	0	20	21	0	21	28	1	27	10	0	10	29	1	28	11	0	11
NC_059186.1	9705109	9705110	*	40	0	40	43	0	43	37	1	36	39	1	38	61	10	51	44	0	44	32	0	32	26	0	26	31	0	31	36	0	36	51	0	51	40	0	40	44	2	42	58	0	58	45	0	45	37	1	36	44	0	44	20	0	20	46	0	46	44	0	44
NC_059186.1	11665511	11665512	*	25	0	25	24	1	23	17	0	17	23	0	23	16	4	12	16	0	16	18	0	18	12	0	12	21	0	21	23	1	22	19	0	19	22	3	19	21	0	21	31	1	30	20	0	20	25	0	25	15	0	15	13	0	13	32	0	32	24	0	24
NC_059186.1	11665538	11665539	*	26	0	26	22	0	22	17	0	17	21	1	20	18	3	15	17	2	15	17	1	16	12	0	12	19	0	19	23	0	23	19	1	18	19	3	16	20	1	19	31	0	31	19	1	18	25	0	25	15	2	13	14	2	12	31	3	28	24	1	23
NC_059186.1	12244410	12244411	*	17	0	17	26	0	26	20	0	20	23	0	23	20	4	16	20	0	20	20	0	20	23	0	23	14	0	14	16	0	16	21	0	21	22	0	22	19	0	19	29	0	29	17	0	17	19	0	19	26	0	26	11	0	11	25	0	25	21	1	20
NC_059187.1	531896	531897	*	28	2	26	11	1	10	17	2	15	16	0	16	24	11	13	10	2	8	21	6	15	16	14	2	15	6	9	18	1	17	19	1	18	20	6	14	26	4	22	17	2	15	22	5	17	18	10	8	15	9	6	14	13	1	21	14	7	15	8	7
NC_059187.1	4239711	4239712	*	17	0	17	14	0	14	25	0	25	14	0	14	17	9	8	10	0	10	11	0	11	15	0	15	18	11	7	19	7	12	18	0	18	17	8	9	26	12	14	12	0	12	31	1	30	16	16	0	19	0	19	14	14	0	22	0	22	10	0	10
NC_059187.1	5609577	5609578	*	21	0	21	17	1	16	15	0	15	11	0	11	16	9	7	12	7	5	24	10	14	10	0	10	16	8	8	18	0	18	20	10	10	22	0	22	26	2	24	18	0	18	17	0	17	19	0	19	21	0	21	13	1	12	11	5	6	16	0	16
NC_059187.1	5609592	5609593	*	22	0	22	17	1	16	17	0	17	10	0	10	18	10	8	13	7	6	25	10	15	11	0	11	16	9	7	19	0	19	22	12	10	25	0	25	26	1	25	19	0	19	21	0	21	22	0	22	21	1	20	11	1	10	12	5	7	17	0	17
NC_059187.1	5609602	5609603	*	23	0	23	17	0	17	16	0	16	10	0	10	18	11	7	12	6	6	26	10	16	11	0	11	16	9	7	17	0	17	23	12	11	26	1	25	27	0	27	18	0	18	22	0	22	21	0	21	18	1	17	12	1	11	13	5	8	16	0	16
NC_059187.1	9975749	9975750	*	25	0	25	28	0	28	18	0	18	16	0	16	11	3	8	19	0	19	18	0	18	19	0	19	15	0	15	23	6	17	29	11	18	27	0	27	21	0	21	15	5	10	22	0	22	22	8	14	21	0	21	11	5	6	23	0	23	17	0	17
NC_059188.1	5920854	5920855	*	30	0	30	28	0	28	25	0	25	22	0	22	38	15	23	21	1	20	21	0	21	23	0	23	20	0	20	27	0	27	27	0	27	26	0	26	38	0	38	34	9	25	26	1	25	29	0	29	30	11	19	40	0	40	25	0	25	25	0	25
NC_059188.1	10298306	10298307	*	13	0	13	18	0	18	14	0	14	16	0	16	13	5	8	10	0	10	13	0	13	21	0	21	12	0	12	16	0	16	17	0	17	19	0	19	16	0	16	14	0	14	18	0	18	15	0	15	19	0	19	20	0	20	18	0	18	14	0	14
NC_059189.1	620530	620531	*	22	0	22	22	0	22	21	0	21	19	0	19	12	7	5	29	0	29	17	0	17	17	0	17	15	0	15	24	12	12	26	0	26	21	8	13	24	0	24	23	10	13	22	7	15	33	0	33	28	0	28	14	0	14	30	0	30	25	1	24
NC_059189.1	2383507	2383508	*	16	0	16	24	0	24	16	0	16	15	0	15	12	7	5	22	0	22	19	0	19	14	3	11	17	0	17	16	0	16	13	0	13	13	0	13	26	12	14	21	0	21	30	0	30	23	1	22	10	0	10	16	0	16	20	9	11	13	0	13
NC_059189.1	5992382	5992383	*	37	0	37	61	0	61	44	0	44	22	0	22	65	6	59	41	1	40	33	0	33	22	0	22	26	0	26	50	1	49	37	0	37	43	0	43	73	0	73	31	0	31	41	0	41	28	0	28	31	0	31	10	0	10	44	0	44	35	0	35
NC_059189.1	6073173	6073174	*	29	0	29	54	2	52	37	0	37	52	0	52	24	6	18	26	3	23	52	3	49	23	0	23	21	0	21	27	0	27	54	1	53	30	0	30	27	0	27	45	0	45	59	0	59	23	0	23	24	0	24	30	0	30	54	0	54	52	0	52
NC_059189.1	6226673	6226674	*	20	0	20	18	0	18	23	0	23	12	0	12	27	10	17	18	0	18	19	0	19	13	0	13	12	0	12	25	0	25	18	0	18	17	0	17	23	10	13	24	1	23	12	0	12	24	0	24	15	0	15	11	0	11	21	0	21	19	0	19
NC_059189.1	7439262	7439263	*	28	1	27	33	0	33	29	2	27	29	0	29	23	6	17	19	0	19	16	0	16	37	0	37	52	2	50	54	2	52	80	3	77	50	0	50	86	1	85	39	2	37	40	2	38	35	3	32	59	1	58	98	4	94	41	0	41	42	0	42
NC_059189.1	7542397	7542398	*	25	0	25	15	0	15	23	0	23	19	0	19	18	4	14	17	4	13	17	6	11	11	0	11	14	0	14	25	0	25	17	0	17	16	0	16	26	0	26	19	0	19	12	0	12	14	0	14	21	0	21	39	0	39	20	0	20	10	0	10
NC_059189.1	7542419	7542420	*	24	0	24	13	0	13	24	0	24	18	0	18	16	3	13	15	5	10	14	5	9	12	0	12	13	0	13	25	0	25	18	0	18	13	0	13	25	0	25	18	0	18	13	0	13	13	0	13	21	0	21	37	0	37	20	0	20	13	0	13
NC_059189.1	7962240	7962241	*	19	0	19	23	0	23	19	0	19	20	0	20	16	8	8	23	0	23	15	0	15	13	0	13	18	1	17	19	0	19	25	0	25	14	1	13	17	10	7	22	0	22	16	0	16	16	0	16	20	0	20	23	1	22	17	0	17	18	1	17
NC_059189.1	7962281	7962282	*	21	0	21	23	0	23	22	0	22	19	0	19	17	8	9	21	0	21	18	0	18	13	0	13	16	0	16	20	0	20	24	0	24	18	0	18	20	9	11	25	0	25	19	0	19	18	0	18	26	0	26	38	0	38	20	0	20	24	0	24
NC_059189.1	7962301	7962302	*	20	0	20	24	0	24	23	0	23	22	0	22	17	8	9	22	0	22	18	0	18	13	0	13	15	0	15	24	1	23	22	0	22	18	0	18	21	10	11	25	0	25	19	0	19	17	0	17	27	0	27	39	0	39	20	0	20	26	0	26
NC_059189.1	7962317	7962318	*	20	0	20	21	0	21	23	0	23	20	0	20	18	10	8	19	0	19	18	0	18	12	0	12	16	1	15	23	1	22	20	2	18	17	0	17	21	11	10	25	1	24	18	1	17	16	0	16	24	0	24	39	0	39	20	0	20	23	0	23
NC_059189.1	9396327	9396328	*	19	0	19	37	1	36	17	0	17	26	0	26	21	7	14	24	0	24	18	0	18	24	1	23	16	0	16	28	0	28	14	0	14	25	0	25	29	0	29	22	0	22	25	0	25	29	0	29	24	0	24	23	0	23	25	0	25	30	0	30
NC_059189.1	10281811	10281812	*	18	0	18	26	0	26	18	0	18	14	0	14	20	4	16	20	0	20	21	0	21	21	0	21	17	0	17	21	0	21	25	3	22	16	0	16	17	0	17	20	0	20	14	0	14	17	0	17	13	0	13	17	0	17	19	0	19	18	0	18
NC_059190.1	612704	612705	*	20	0	20	19	0	19	20	0	20	21	0	21	17	15	2	20	0	20	15	0	15	25	0	25	11	0	11	19	8	11	28	0	28	23	0	23	22	0	22	23	10	13	27	0	27	16	5	11	20	0	20	10	0	10	18	0	18	21	0	21
NC_059190.1	2926076	2926077	*	18	0	18	24	0	24	11	0	11	22	0	22	13	5	8	23	0	23	13	7	6	17	0	17	20	0	20	19	1	18	22	0	22	22	0	22	22	1	21	30	0	30	11	0	11	22	0	22	19	0	19	17	0	17	14	0	14	18	0	18
NC_059190.1	3010165	3010166	*	11	0	11	16	0	16	14	0	14	12	0	12	25	12	13	20	0	20	16	0	16	20	0	20	23	0	23	25	9	16	23	0	23	22	0	22	17	0	17	26	15	11	30	0	30	20	1	19	22	2	20	20	0	20	24	0	24	25	10	15
NC_059190.1	3010177	3010178	*	12	0	12	16	1	15	15	0	15	13	0	13	27	14	13	19	0	19	17	0	17	21	0	21	23	0	23	25	10	15	26	0	26	24	1	23	20	0	20	26	15	11	31	0	31	20	0	20	25	0	25	18	3	15	24	0	24	28	13	15
NC_059190.1	4071772	4071773	*	19	0	19	26	0	26	15	0	15	18	0	18	19	10	9	17	0	17	12	0	12	14	0	14	17	0	17	14	0	14	16	0	16	29	1	28	17	1	16	28	0	28	29	0	29	27	0	27	16	0	16	12	0	12	14	0	14	18	0	18
NC_059190.1	4071802	4071803	*	18	0	18	25	0	25	19	0	19	15	0	15	17	10	7	16	0	16	12	0	12	17	0	17	17	0	17	19	0	19	17	0	17	28	0	28	20	1	19	31	0	31	24	0	24	28	0	28	17	0	17	11	0	11	17	0	17	18	0	18
NC_059190.1	4071814	4071815	*	16	0	16	25	1	24	18	0	18	20	0	20	17	9	8	17	0	17	12	0	12	16	0	16	17	0	17	19	0	19	18	0	18	28	0	28	18	0	18	33	0	33	21	0	21	27	0	27	18	0	18	11	0	11	16	1	15	17	0	17
NC_059190.1	4071823	4071824	*	16	0	16	25	1	24	17	1	16	20	0	20	15	8	7	17	1	16	12	0	12	15	0	15	17	0	17	19	0	19	17	0	17	25	0	25	19	0	19	34	0	34	21	0	21	28	0	28	18	0	18	10	0	10	15	1	14	17	0	17
NC_059191.1	4227048	4227049	*	67	0	67	41	2	39	48	0	48	30	0	30	69	5	64	34	0	34	55	7	48	21	0	21	56	0	56	35	0	35	29	0	29	17	0	17	64	7	57	51	0	51	41	0	41	11	0	11	48	4	44	60	0	60	53	0	53	34	1	33
NC_059191.1	4583794	4583795	*	10	0	10	20	0	20	12	0	12	20	0	20	12	4	8	17	1	16	13	0	13	12	0	12	19	0	19	14	0	14	22	0	22	14	0	14	12	0	12	18	0	18	16	0	16	15	0	15	12	0	12	13	0	13	14	0	14	11	0	11
NC_059191.1	7436427	7436428	*	14	0	14	18	0	18	13	0	13	16	0	16	13	12	1	20	0	20	16	0	16	26	0	26	10	0	10	17	8	9	24	0	24	21	0	21	18	1	17	17	0	17	16	16	0	23	0	23	31	0	31	23	0	23	16	0	16	13	0	13
NC_059191.1	7436437	7436438	*	16	0	16	20	0	20	13	0	13	14	0	14	12	11	1	20	0	20	15	0	15	25	0	25	12	0	12	18	10	8	25	0	25	23	0	23	22	0	22	17	0	17	16	15	1	24	0	24	32	0	32	24	0	24	16	0	16	14	0	14
NC_059191.1	7436448	7436449	*	15	0	15	19	1	18	13	0	13	13	0	13	11	10	1	20	0	20	14	0	14	24	0	24	11	1	10	17	9	8	26	0	26	23	0	23	22	0	22	16	0	16	15	14	1	24	0	24	33	0	33	23	0	23	15	0	15	14	0	14
NC_059191.1	9260810	9260811	*	15	0	15	19	1	18	18	0	18	13	0	13	28	15	13	15	0	15	13	0	13	21	0	21	13	0	13	19	0	19	15	1	14	18	0	18	21	0	21	19	0	19	20	1	19	22	0	22	12	0	12	10	0	10	22	0	22	19	0	19
NC_059191.1	9630599	9630600	*	12	0	12	23	1	22	15	1	14	13	0	13	15	4	11	13	0	13	22	0	22	14	0	14	13	1	12	10	0	10	23	1	22	22	2	20	15	0	15	22	5	17	25	0	25	18	0	18	19	0	19	33	0	33	20	0	20	17	2	15
NC_059191.1	9637967	9637968	*	27	0	27	23	0	23	18	1	17	12	0	12	22	5	17	27	0	27	11	0	11	16	0	16	18	0	18	18	0	18	31	0	31	27	1	26	31	0	31	28	1	27	32	0	32	22	0	22	29	0	29	11	0	11	22	0	22	16	0	16
NW_025533118.1	1010595	1010596	*	20	0	20	19	0	19	23	0	23	37	0	37	23	3	20	33	0	33	26	0	26	14	0	14	21	0	21	19	0	19	21	0	21	23	0	23	22	0	22	35	0	35	36	0	36	31	0	31	25	0	25	19	0	19	30	0	30	34	0	34
NW_025533118.1	1010612	1010613	*	19	0	19	17	0	17	28	0	28	41	0	41	24	4	20	34	1	33	30	0	30	16	0	16	22	0	22	22	0	22	22	0	22	23	0	23	22	0	22	36	0	36	37	0	37	30	1	29	25	1	24	19	1	18	30	0	30	37	1	36
NW_025533120.1	178896	178897	*	51	2	49	24	0	24	26	0	26	18	2	16	53	9	44	28	1	27	45	11	34	13	0	13	22	2	20	34	2	32	34	0	34	39	1	38	48	14	34	36	2	34	50	3	47	14	0	14	21	2	19	32	0	32	58	4	54	25	1	24
NW_025533130.1	251838	251839	*	21	1	20	18	1	17	12	1	11	12	0	12	12	4	8	13	1	12	13	0	13	13	0	13	13	0	13	22	3	19	19	0	19	11	0	11	31	3	28	16	0	16	23	2	21	12	0	12	23	3	20	22	0	22	18	0	18	16	3	13
NW_025533136.1	19075	19076	*	48	0	48	22	0	22	18	0	18	27	0	27	26	3	23	25	0	25	23	0	23	14	0	14	46	4	42	33	6	27	32	1	31	23	0	23	45	2	43	24	0	24	46	0	46	37	0	37	32	0	32	12	0	12	24	0	24	30	0	30
NW_025533136.1	19225	19226	*	62	1	61	21	1	20	26	0	26	29	0	29	26	7	19	23	3	20	25	2	23	16	1	15	36	2	34	34	1	33	40	0	40	17	0	17	33	3	30	29	0	29	44	0	44	35	0	35	38	0	38	14	0	14	23	1	22	41	1	40
NW_025533168.1	64731	64732	*	26	0	26	25	0	25	15	0	15	15	1	14	32	3	29	24	0	24	16	7	9	14	0	14	19	0	19	20	1	19	24	0	24	19	0	19	23	0	23	36	0	36	23	0	23	25	2	23	25	0	25	21	0	21	33	0	33	23	0	23
NW_025533169.1	73963	73964	*	52	1	51	29	0	29	29	0	29	17	0	17	36	4	32	14	0	14	32	0	32	36	1	35	13	0	13	41	0	41	26	10	16	23	1	22	10	0	10	51	1	50	42	0	42	17	9	8	31	0	31	28	8	20	45	0	45	22	0	22
NW_025533169.1	75636	75637	*	49	2	47	31	0	31	26	0	26	24	0	24	34	3	31	26	0	26	26	1	25	17	0	17	22	1	21	22	0	22	46	0	46	41	0	41	14	1	13	55	1	54	31	1	30	38	0	38	34	0	34	39	0	39	31	1	30	17	0	17
NW_025533169.1	78124	78125	*	38	0	38	13	0	13	20	0	20	24	0	24	27	7	20	32	0	32	21	0	21	18	0	18	22	0	22	22	0	22	24	0	24	17	0	17	17	0	17	29	0	29	28	1	27	25	1	24	27	1	26	37	0	37	27	0	27	16	1	15
NW_025533332.1	10631	10632	*	31	0	31	21	0	21	29	0	29	21	0	21	35	12	23	27	1	26	24	0	24	24	0	24	23	0	23	22	0	22	20	1	19	33	2	31	35	0	35	32	0	32	28	0	28	18	0	18	30	1	29	38	0	38	33	0	33	26	0	26
NW_025533332.1	10694	10695	*	30	0	30	23	0	23	36	0	36	15	2	13	35	14	21	28	10	18	18	5	13	18	0	18	20	9	11	16	15	1	16	7	9	34	0	34	33	0	33	31	0	31	22	0	22	23	0	23	29	0	29	38	0	38	29	0	29	23	0	23
NW_025533332.1	10887	10888	*	33	0	33	22	0	22	34	1	33	23	0	23	44	8	36	22	12	10	21	9	12	20	0	20	19	6	13	26	8	18	20	15	5	24	0	24	29	0	29	28	0	28	28	0	28	18	0	18	21	0	21	49	0	49	41	0	41	21	0	21
NW_025533332.1	12050	12051	*	22	0	22	24	0	24	24	0	24	15	0	15	46	19	27	25	0	25	21	7	14	22	0	22	17	2	15	23	11	12	13	0	13	17	0	17	37	0	37	35	0	35	25	0	25	23	0	23	23	1	22	33	0	33	25	0	25	21	0	21
NW_025533332.1	12072	12073	*	21	0	21	20	1	19	24	0	24	16	0	16	48	20	28	27	11	16	20	8	12	21	0	21	17	4	13	21	11	10	14	2	12	17	0	17	37	0	37	34	1	33	26	0	26	22	0	22	25	0	25	33	0	33	25	0	25	20	0	20
NW_025533332.1	12136	12137	*	22	2	20	19	1	18	29	0	29	25	1	24	58	21	37	29	12	17	20	6	14	23	0	23	17	4	13	20	8	12	18	14	4	20	0	20	40	4	36	35	0	35	25	0	25	28	0	28	27	0	27	34	0	34	30	0	30	17	0	17
NW_025533332.1	12329	12330	*	42	0	42	32	1	31	36	0	36	29	1	28	34	5	29	21	0	21	21	3	18	31	0	31	18	6	12	16	4	12	21	0	21	26	0	26	29	2	27	36	1	35	41	1	40	29	0	29	18	0	18	37	10	27	32	1	31	20	1	19
NW_025533332.1	12394	12395	*	40	0	40	29	1	28	38	0	38	28	0	28	34	6	28	19	0	19	24	2	22	35	0	35	12	3	9	17	3	14	14	1	13	23	0	23	22	1	21	34	0	34	40	1	39	30	0	30	17	0	17	44	1	43	30	2	28	25	1	24
NW_025533332.1	28473	28474	*	68	0	68	41	1	40	35	0	35	24	0	24	33	3	30	27	0	27	34	0	34	47	0	47	34	1	33	33	1	32	27	3	24	38	0	38	78	1	77	64	2	62	48	4	44	41	4	37	42	1	41	69	3	66	37	3	34	45	2	43
NW_025533332.1	28644	28645	*	42	0	42	39	0	39	38	0	38	23	0	23	35	5	30	37	0	37	32	0	32	34	0	34	23	0	23	36	1	35	20	0	20	33	0	33	69	0	69	58	0	58	40	6	34	36	0	36	38	0	38	56	0	56	30	0	30	48	7	41
NW_025533332.1	28730	28731	*	68	1	67	62	0	62	48	0	48	33	0	33	65	9	56	50	2	48	49	1	48	49	1	48	37	0	37	54	3	51	51	1	50	41	0	41	92	4	88	81	2	79	53	0	53	45	2	43	44	6	38	81	1	80	41	3	38	64	6	58
NW_025533332.1	29222	29223	*	67	1	66	56	1	55	48	0	48	32	1	31	58	9	49	39	0	39	48	0	48	47	1	46	41	2	39	62	0	62	51	1	50	32	0	32	111	10	101	81	8	73	57	2	55	60	0	60	52	0	52	74	1	73	48	1	47	52	2	50
NC_059182.1	347993	347994	*	17	0	17	21	0	21	15	0	15	16	0	16	23	0	23	15	7	8	16	0	16	16	6	10	14	8	6	17	12	5	23	0	23	13	7	6	23	0	23	17	17	0	19	2	17	32	13	19	23	14	9	15	8	7	22	20	2	16	0	16
NC_059182.1	1956872	1956873	*	16	0	16	26	0	26	15	0	15	13	0	13	12	0	12	21	7	14	21	0	21	15	0	15	11	0	11	18	0	18	20	0	20	19	0	19	17	1	16	24	0	24	25	0	25	19	0	19	13	0	13	28	1	27	23	0	23	14	0	14
NC_059182.1	9756107	9756108	*	13	0	13	14	0	14	20	0	20	14	0	14	10	0	10	23	5	18	13	0	13	10	0	10	11	0	11	11	0	11	20	0	20	11	0	11	12	0	12	24	0	24	17	0	17	12	1	11	18	0	18	22	0	22	22	0	22	16	0	16
NC_059182.1	15273061	15273062	*	15	0	15	30	0	30	16	0	16	23	0	23	15	0	15	18	3	15	23	0	23	11	0	11	16	0	16	12	0	12	17	0	17	22	0	22	23	1	22	15	0	15	25	0	25	40	0	40	20	0	20	22	0	22	25	0	25	15	0	15
NC_059182.1	17159421	17159422	*	19	0	19	15	0	15	14	0	14	23	0	23	18	0	18	27	6	21	20	0	20	24	0	24	13	0	13	21	0	21	16	0	16	23	0	23	10	0	10	17	0	17	19	0	19	30	0	30	30	1	29	15	0	15	24	1	23	21	0	21
NC_059182.1	18838514	18838515	*	15	0	15	23	0	23	12	0	12	18	1	17	22	0	22	17	10	7	16	0	16	13	0	13	10	0	10	15	0	15	25	0	25	20	13	7	16	0	16	28	8	20	18	0	18	17	0	17	10	0	10	10	1	9	33	0	33	19	0	19
NC_059183.1	98564	98565	*	16	0	16	22	0	22	20	0	20	19	0	19	21	0	21	15	8	7	13	8	5	10	0	10	15	15	0	15	0	15	13	0	13	19	9	10	15	7	8	22	19	3	16	14	2	19	17	2	15	0	15	11	0	11	20	5	15	13	11	2
NC_059183.1	2035814	2035815	*	20	0	20	22	0	22	22	0	22	19	0	19	12	1	11	32	7	25	13	0	13	21	0	21	17	0	17	20	0	20	20	0	20	19	0	19	25	0	25	13	0	13	19	0	19	24	1	23	17	0	17	33	0	33	14	0	14	24	0	24
NC_059183.1	3066711	3066712	*	69	0	69	62	1	61	33	1	32	51	3	48	49	3	46	54	12	42	52	1	51	31	0	31	33	2	31	41	2	39	54	1	53	28	1	27	58	0	58	66	4	62	97	29	68	34	3	31	63	6	57	53	0	53	73	1	72	61	4	57
NC_059183.1	3066733	3066734	*	64	0	64	59	2	57	29	0	29	45	3	42	48	0	48	55	11	44	49	1	48	35	0	35	34	2	32	42	4	38	57	2	55	30	1	29	59	0	59	61	4	57	90	17	73	38	3	35	68	3	65	50	0	50	73	1	72	63	4	59
NC_059183.1	4520048	4520049	*	25	0	25	17	0	17	14	0	14	15	0	15	10	0	10	11	4	7	16	0	16	14	0	14	15	0	15	20	0	20	24	0	24	20	0	20	19	0	19	12	0	12	23	0	23	23	1	22	21	0	21	20	1	19	13	0	13	27	1	26
NC_059183.1	14304543	14304544	*	13	0	13	13	2	11	14	1	13	10	2	8	12	0	12	14	3	11	13	4	9	17	1	16	11	1	10	13	1	12	17	1	16	16	1	15	12	0	12	14	0	14	18	4	14	20	0	20	21	1	20	22	11	11	20	0	20	10	0	10
NC_059183.1	16075023	16075024	*	19	0	19	15	0	15	16	0	16	14	0	14	14	1	13	17	5	12	14	0	14	13	0	13	15	0	15	16	0	16	17	0	17	19	0	19	15	0	15	17	0	17	17	0	17	14	0	14	15	0	15	19	2	17	17	0	17	20	0	20
NC_059183.1	18099567	18099568	*	20	0	20	20	0	20	18	0	18	22	0	22	12	0	12	12	4	8	16	0	16	15	0	15	15	0	15	20	0	20	22	0	22	18	0	18	25	0	25	24	1	23	24	0	24	24	15	9	17	10	7	16	7	9	25	4	21	16	1	15
NC_059183.1	18386556	18386557	*	20	0	20	14	0	14	15	0	15	15	0	15	15	0	15	17	3	14	10	0	10	18	0	18	13	0	13	25	0	25	14	0	14	29	0	29	29	0	29	18	1	17	22	0	22	20	0	20	16	0	16	24	0	24	21	0	21	19	0	19
NC_059183.1	18441626	18441627	*	22	0	22	14	0	14	14	0	14	14	0	14	21	0	21	17	3	14	17	0	17	23	11	12	19	0	19	21	0	21	23	0	23	21	0	21	25	0	25	15	0	15	21	0	21	19	0	19	25	0	25	20	0	20	25	0	25	21	0	21
NC_059184.1	4160469	4160470	*	34	0	34	37	0	37	25	0	25	22	0	22	14	0	14	44	6	38	35	1	34	18	0	18	27	0	27	26	0	26	29	0	29	29	2	27	39	0	39	30	0	30	26	0	26	30	1	29	29	0	29	13	0	13	24	0	24	31	9	22
NC_059184.1	12325476	12325477	*	17	1	16	18	0	18	18	0	18	19	0	19	20	0	20	16	7	9	19	1	18	17	0	17	13	0	13	18	0	18	16	0	16	18	0	18	17	0	17	17	0	17	24	1	23	21	1	20	17	1	16	10	0	10	20	1	19	14	1	13
NC_059185.1	856204	856205	*	19	0	19	14	0	14	14	0	14	13	0	13	12	0	12	18	9	9	13	0	13	19	0	19	10	0	10	16	0	16	15	0	15	29	0	29	15	0	15	16	0	16	24	0	24	17	2	15	23	0	23	19	0	19	17	0	17	14	0	14
NC_059185.1	1020789	1020790	*	11	0	11	18	0	18	14	0	14	15	0	15	10	0	10	16	3	13	16	1	15	10	0	10	16	0	16	15	1	14	14	0	14	12	0	12	12	0	12	16	0	16	10	0	10	13	3	10	10	0	10	15	0	15	13	0	13	18	0	18
NC_059185.1	3695424	3695425	*	16	0	16	23	0	23	16	0	16	12	0	12	13	0	13	17	3	14	16	0	16	15	0	15	13	0	13	25	1	24	18	0	18	15	0	15	35	1	34	21	1	20	24	0	24	17	0	17	24	0	24	11	0	11	22	0	22	14	0	14
NC_059185.1	3969231	3969232	*	18	0	18	19	0	19	12	0	12	18	0	18	22	0	22	15	7	8	10	0	10	21	0	21	11	0	11	15	0	15	19	0	19	15	2	13	22	0	22	19	0	19	12	0	12	18	0	18	17	0	17	20	0	20	20	0	20	16	0	16
NC_059185.1	10912739	10912740	*	15	0	15	17	0	17	14	1	13	14	0	14	13	2	11	15	11	4	14	0	14	15	3	12	13	1	12	13	0	13	21	12	9	17	2	15	14	0	14	17	1	16	24	13	11	18	4	14	23	2	21	22	1	21	26	0	26	14	3	11
NC_059186.1	11649382	11649383	*	17	0	17	24	0	24	12	0	12	11	0	11	10	0	10	22	10	12	21	1	20	14	10	4	11	0	11	18	1	17	15	0	15	21	0	21	16	0	16	23	13	10	19	0	19	21	12	9	16	0	16	27	12	15	12	1	11	13	0	13
NC_059186.1	11649396	11649397	*	18	0	18	23	1	22	12	0	12	13	1	12	10	0	10	21	11	10	21	1	20	14	10	4	13	0	13	19	4	15	15	2	13	21	2	19	14	1	13	24	13	11	21	0	21	20	15	5	15	0	15	30	13	17	12	6	6	13	0	13
NC_059186.1	11834144	11834145	*	19	0	19	21	0	21	12	0	12	15	0	15	18	0	18	22	9	13	18	0	18	16	0	16	14	0	14	31	0	31	34	0	34	25	12	13	21	0	21	30	0	30	28	0	28	19	0	19	24	0	24	17	2	15	34	0	34	30	0	30
NC_059186.1	11834169	11834170	*	16	0	16	18	0	18	12	0	12	15	0	15	17	0	17	21	9	12	17	0	17	17	1	16	13	0	13	27	0	27	30	0	30	22	12	10	23	0	23	28	0	28	27	0	27	18	0	18	23	0	23	18	0	18	31	0	31	32	1	31
NC_059187.1	1756954	1756955	*	19	0	19	19	1	18	23	0	23	14	0	14	16	1	15	14	8	6	23	2	21	14	5	9	13	0	13	16	0	16	26	0	26	21	0	21	20	0	20	18	0	18	12	1	11	19	2	17	17	0	17	10	0	10	24	0	24	15	0	15
NC_059187.1	3754741	3754742	*	13	0	13	15	2	13	13	0	13	15	0	15	15	0	15	11	3	8	17	0	17	16	7	9	18	0	18	17	0	17	25	1	24	11	2	9	23	0	23	22	0	22	19	0	19	23	0	23	19	0	19	22	1	21	20	0	20	16	1	15
NC_059187.1	4238245	4238246	*	13	0	13	21	2	19	22	2	20	15	1	14	12	0	12	21	4	17	11	4	7	13	2	11	17	1	16	24	1	23	18	2	16	15	0	15	22	0	22	19	1	18	22	3	19	14	6	8	22	1	21	11	10	1	22	0	22	20	0	20
NC_059187.1	4361581	4361582	*	13	0	13	18	0	18	12	0	12	14	0	14	21	0	21	19	7	12	15	6	9	16	0	16	14	0	14	14	0	14	14	0	14	22	0	22	16	0	16	18	6	12	25	23	2	23	0	23	18	0	18	11	7	4	19	7	12	17	0	17
NC_059187.1	5122984	5122985	*	37	0	37	26	0	26	30	0	30	26	0	26	22	0	22	33	3	30	15	0	15	19	0	19	39	0	39	46	0	46	58	1	57	46	0	46	49	0	49	49	1	48	33	0	33	41	1	40	39	0	39	32	0	32	41	0	41	38	0	38
NC_059187.1	5609713	5609714	*	24	0	24	30	0	30	20	0	20	17	0	17	20	1	19	17	7	10	19	8	11	10	0	10	20	0	20	18	0	18	26	0	26	34	0	34	29	1	28	30	0	30	31	0	31	25	0	25	25	2	23	10	1	9	25	0	25	22	0	22
NC_059187.1	5609757	5609758	*	19	0	19	26	0	26	20	0	20	19	0	19	15	0	15	17	3	14	20	0	20	10	0	10	21	0	21	18	0	18	27	0	27	34	0	34	31	0	31	29	0	29	30	0	30	24	0	24	25	0	25	10	0	10	34	1	33	30	0	30
NC_059189.1	487654	487655	*	13	0	13	19	0	19	13	1	12	11	0	11	12	0	12	29	15	14	13	0	13	21	0	21	19	0	19	20	1	19	22	0	22	20	0	20	19	0	19	28	1	27	16	0	16	19	0	19	15	0	15	11	0	11	22	0	22	26	0	26
NC_059189.1	1551884	1551885	*	18	0	18	25	0	25	22	0	22	16	0	16	14	0	14	20	3	17	15	3	12	23	0	23	16	0	16	12	0	12	18	0	18	14	0	14	11	0	11	15	0	15	24	0	24	16	0	16	25	0	25	26	0	26	22	2	20	20	0	20
NC_059189.1	2027868	2027869	*	22	0	22	29	0	29	22	0	22	17	2	15	11	1	10	23	3	20	24	8	16	13	1	12	12	1	11	23	13	10	20	0	20	16	1	15	25	1	24	19	4	15	24	3	21	18	7	11	19	2	17	12	1	11	29	5	24	14	4	10
NC_059189.1	3694778	3694779	*	15	0	15	15	0	15	13	0	13	18	0	18	16	0	16	16	4	12	15	0	15	15	0	15	15	10	5	16	0	16	19	0	19	22	0	22	20	0	20	22	0	22	28	11	17	20	0	20	17	0	17	14	0	14	13	0	13	17	0	17
NC_059189.1	5720742	5720743	*	20	0	20	18	0	18	12	0	12	10	0	10	18	1	17	19	7	12	15	6	9	17	0	17	14	0	14	13	0	13	16	0	16	15	11	4	22	0	22	16	0	16	18	0	18	14	14	0	29	12	17	24	12	12	13	0	13	19	0	19
NC_059189.1	6538158	6538159	*	36	0	36	35	1	34	17	0	17	15	0	15	23	0	23	32	4	28	15	0	15	28	0	28	25	0	25	33	0	33	34	0	34	26	3	23	39	0	39	36	2	34	32	0	32	28	0	28	33	3	30	10	0	10	25	10	15	24	0	24
NC_059189.1	7540343	7540344	*	40	0	40	18	0	18	20	0	20	21	0	21	31	1	30	33	7	26	22	0	22	14	0	14	29	0	29	30	0	30	36	0	36	20	0	20	32	0	32	26	0	26	33	0	33	21	0	21	29	0	29	25	0	25	25	0	25	23	0	23
NC_059189.1	10767436	10767437	*	15	0	15	20	0	20	11	0	11	12	0	12	11	0	11	13	3	10	12	1	11	13	0	13	16	0	16	13	0	13	25	0	25	12	0	12	17	0	17	12	3	9	16	0	16	16	0	16	16	0	16	10	0	10	12	2	10	11	0	11
NC_059190.1	1445894	1445895	*	16	1	15	21	1	20	14	2	12	12	1	11	11	0	11	22	3	19	11	0	11	11	5	6	15	1	14	17	2	15	18	2	16	18	5	13	16	0	16	19	5	14	18	2	16	26	3	23	24	4	20	19	3	16	14	4	10	14	0	14
NC_059190.1	4608111	4608112	*	23	0	23	27	0	27	25	0	25	32	1	31	25	0	25	38	4	34	13	0	13	33	4	29	23	0	23	25	8	17	31	1	30	23	4	19	33	0	33	24	0	24	20	0	20	16	0	16	35	1	34	33	10	23	30	0	30	12	1	11
NC_059190.1	10016004	10016005	*	14	0	14	31	0	31	30	0	30	32	0	32	17	0	17	34	3	31	26	0	26	14	0	14	25	0	25	27	0	27	20	0	20	17	0	17	21	1	20	17	0	17	25	0	25	26	0	26	20	0	20	26	0	26	50	0	50	10	0	10
NC_059191.1	3649894	3649895	*	18	0	18	14	0	14	13	0	13	17	1	16	24	0	24	25	3	22	18	0	18	21	0	21	20	0	20	14	0	14	19	0	19	16	1	15	22	0	22	14	0	14	20	0	20	13	0	13	17	0	17	27	1	26	19	0	19	23	0	23
NC_059191.1	5464231	5464232	*	30	0	30	19	0	19	20	0	20	14	0	14	21	0	21	17	5	12	15	0	15	23	16	7	17	0	17	29	1	28	28	0	28	12	3	9	25	0	25	20	0	20	35	0	35	20	0	20	30	0	30	40	0	40	22	0	22	17	10	7
NC_059191.1	7174689	7174690	*	22	0	22	10	1	9	10	2	8	18	1	17	12	0	12	19	3	16	18	1	17	16	2	14	16	0	16	13	0	13	29	0	29	15	3	12	26	1	25	20	1	19	28	1	27	18	0	18	18	2	16	13	1	12	16	3	13	21	0	21
NC_059191.1	7974440	7974441	*	15	0	15	17	0	17	13	0	13	11	0	11	15	0	15	14	3	11	13	0	13	13	0	13	13	1	12	19	0	19	21	0	21	17	0	17	16	0	16	13	0	13	16	0	16	19	0	19	18	0	18	14	0	14	21	0	21	20	0	20
NC_059191.1	8366880	8366881	*	11	0	11	10	2	8	18	0	18	14	0	14	12	1	11	12	6	6	14	14	0	15	0	15	10	0	10	16	8	8	18	8	10	19	0	19	15	8	7	18	0	18	23	1	22	17	0	17	14	0	14	13	11	2	15	7	8	11	4	7
NC_059191.1	9191102	9191103	*	20	1	19	24	2	22	14	0	14	10	0	10	21	0	21	22	12	10	18	4	14	17	1	16	11	1	10	20	0	20	23	0	23	22	0	22	21	0	21	20	0	20	31	0	31	23	0	23	22	6	16	10	6	4	23	2	21	26	1	25
NC_059191.1	9191109	9191110	*	21	0	21	26	1	25	14	0	14	10	0	10	20	0	20	21	12	9	19	1	18	18	1	17	11	0	11	20	0	20	22	0	22	22	0	22	21	0	21	20	0	20	31	0	31	24	0	24	22	5	17	10	6	4	24	0	24	26	0	26
NW_025533130.1	224946	224947	*	23	0	23	20	0	20	16	0	16	24	0	24	37	0	37	23	5	18	22	0	22	21	0	21	14	0	14	19	0	19	37	0	37	27	0	27	29	0	29	22	0	22	27	0	27	21	1	20	28	14	14	52	0	52	22	0	22	22	0	22
NW_025533136.1	29097	29098	*	66	1	65	52	2	50	37	0	37	36	0	36	61	0	61	75	4	71	67	3	64	37	2	35	36	7	29	71	14	57	56	3	53	43	7	36	79	1	78	58	4	54	51	6	45	48	9	39	44	3	41	36	3	33	91	8	83	71	8	63
NW_025533136.1	29119	29120	*	50	2	48	43	2	41	27	0	27	27	1	26	46	2	44	64	4	60	55	7	48	32	1	31	29	5	24	61	14	47	45	2	43	34	8	26	59	0	59	56	3	53	46	8	38	36	8	28	43	3	40	26	1	25	75	11	64	61	11	50
NW_025533147.1	65709	65710	*	33	0	33	20	0	20	20	1	19	15	0	15	19	0	19	25	3	22	18	5	13	16	0	16	22	7	15	32	2	30	18	0	18	21	0	21	18	1	17	25	2	23	29	0	29	18	6	12	15	2	13	12	4	8	17	1	16	25	4	21
NW_025533332.1	29566	29567	*	57	0	57	50	3	47	45	0	45	22	0	22	41	1	40	42	8	34	36	4	32	36	0	36	24	0	24	44	0	44	31	0	31	41	0	41	81	1	80	79	2	77	37	0	37	50	0	50	61	0	61	59	0	59	43	2	41	45	0	45
NC_059182.1	1533023	1533024	*	16	1	15	15	0	15	13	0	13	12	0	12	12	0	12	10	0	10	12	10	2	16	7	9	10	0	10	27	14	13	14	5	9	15	1	14	21	0	21	16	0	16	20	0	20	16	0	16	18	0	18	16	0	16	23	2	21	12	8	4
NC_059182.1	1533043	1533044	*	15	0	15	14	0	14	13	0	13	12	0	12	13	0	13	11	0	11	10	8	2	15	0	15	12	0	12	30	12	18	13	1	12	16	0	16	21	0	21	13	0	13	19	0	19	17	0	17	18	0	18	13	0	13	23	0	23	13	0	13
NC_059182.1	1956903	1956904	*	15	0	15	25	2	23	16	0	16	11	0	11	12	0	12	20	0	20	20	3	17	15	0	15	11	0	11	17	0	17	16	1	15	18	2	16	14	2	12	24	0	24	25	0	25	21	0	21	13	0	13	28	4	24	22	6	16	15	1	14
NC_059182.1	11370576	11370577	*	21	0	21	21	0	21	10	0	10	15	0	15	30	0	30	23	0	23	14	5	9	12	0	12	21	0	21	19	0	19	21	0	21	20	0	20	29	0	29	24	0	24	26	0	26	16	0	16	31	0	31	27	0	27	20	0	20	17	0	17
NC_059182.1	13466040	13466041	*	13	0	13	14	0	14	11	0	11	12	0	12	10	0	10	22	0	22	16	5	11	14	0	14	14	0	14	14	0	14	20	0	20	16	0	16	15	0	15	18	0	18	16	5	11	19	7	12	23	0	23	19	0	19	14	4	10	13	0	13
NC_059182.1	13466064	13466065	*	15	0	15	15	0	15	10	0	10	13	0	13	11	0	11	21	0	21	15	3	12	15	0	15	17	0	17	17	0	17	23	0	23	17	1	16	15	1	14	19	0	19	16	5	11	21	11	10	22	0	22	18	1	17	13	4	9	16	0	16
NC_059183.1	3067053	3067054	*	45	0	45	31	0	31	27	1	26	24	0	24	38	0	38	38	1	37	28	4	24	18	0	18	15	0	15	30	0	30	33	0	33	24	0	24	39	0	39	47	1	46	41	2	39	33	2	31	22	0	22	31	0	31	48	0	48	21	0	21
NC_059183.1	3067092	3067093	*	55	0	55	35	0	35	31	0	31	26	0	26	48	0	48	44	0	44	34	5	29	19	0	19	14	0	14	31	2	29	30	0	30	31	1	30	46	0	46	45	0	45	54	1	53	35	0	35	22	0	22	33	0	33	54	0	54	21	0	21
NC_059183.1	16473818	16473819	*	15	0	15	25	2	23	13	2	11	17	0	17	16	0	16	19	1	18	18	6	12	11	1	10	14	0	14	18	1	17	20	5	15	16	1	15	14	0	14	27	4	23	17	0	17	27	8	19	24	1	23	34	1	33	21	0	21	20	0	20
NC_059184.1	833107	833108	*	14	0	14	21	0	21	18	0	18	12	0	12	17	1	16	14	0	14	18	10	8	12	0	12	12	0	12	12	0	12	16	0	16	26	12	14	14	0	14	15	2	13	16	0	16	24	0	24	12	0	12	12	0	12	16	0	16	15	0	15
NC_059184.1	2265396	2265397	*	20	0	20	14	0	14	10	0	10	17	0	17	16	0	16	22	0	22	13	3	10	14	1	13	11	0	11	19	5	14	20	0	20	18	7	11	23	0	23	27	15	12	17	8	9	20	10	10	13	5	8	16	15	1	28	27	1	15	1	14
NC_059184.1	2811603	2811604	*	19	0	19	20	0	20	14	0	14	18	0	18	20	0	20	16	0	16	19	5	14	17	0	17	13	1	12	19	0	19	22	0	22	20	0	20	23	1	22	23	0	23	30	0	30	13	0	13	26	0	26	10	0	10	22	0	22	19	0	19
NC_059184.1	3793785	3793786	*	18	1	17	17	0	17	21	0	21	16	0	16	20	0	20	16	0	16	20	3	17	18	5	13	11	0	11	15	0	15	19	1	18	17	0	17	15	0	15	23	0	23	22	1	21	26	0	26	20	0	20	12	0	12	21	0	21	11	0	11
NC_059184.1	4594317	4594318	*	14	0	14	28	0	28	17	0	17	16	0	16	13	0	13	19	0	19	19	7	12	17	0	17	20	0	20	13	0	13	18	0	18	25	0	25	17	1	16	23	0	23	15	0	15	26	0	26	18	0	18	14	0	14	29	0	29	14	0	14
NC_059184.1	6749772	6749773	*	16	0	16	20	0	20	13	0	13	13	0	13	13	0	13	27	0	27	14	6	8	16	0	16	10	0	10	20	0	20	18	0	18	13	0	13	14	0	14	17	0	17	22	0	22	18	0	18	19	0	19	29	0	29	16	0	16	17	0	17
NC_059185.1	1214631	1214632	*	20	0	20	18	0	18	17	0	17	10	0	10	14	0	14	13	0	13	22	8	14	14	0	14	10	0	10	15	0	15	22	0	22	14	0	14	20	0	20	17	0	17	19	0	19	21	0	21	17	0	17	21	0	21	16	0	16	17	0	17
NC_059185.1	1908006	1908007	*	28	0	28	25	0	25	17	0	17	14	0	14	16	0	16	15	0	15	28	5	23	21	0	21	20	0	20	22	0	22	18	0	18	19	0	19	32	0	32	27	0	27	19	1	18	16	0	16	21	0	21	11	0	11	23	1	22	13	0	13
NC_059185.1	2027268	2027269	*	15	0	15	18	0	18	11	0	11	12	0	12	13	0	13	16	0	16	14	5	9	11	0	11	12	0	12	17	1	16	16	0	16	17	0	17	21	0	21	25	0	25	18	0	18	13	0	13	12	0	12	16	8	8	20	8	12	12	0	12
NC_059185.1	2027295	2027296	*	19	0	19	20	0	20	14	0	14	11	0	11	15	0	15	18	0	18	14	5	9	11	0	11	10	0	10	16	0	16	15	0	15	18	0	18	18	0	18	22	0	22	21	0	21	14	0	14	13	0	13	15	7	8	18	4	14	10	0	10
NC_059185.1	12212130	12212131	*	14	0	14	18	0	18	10	0	10	12	0	12	19	1	18	15	0	15	18	5	13	14	0	14	14	0	14	27	0	27	26	0	26	23	0	23	22	0	22	18	0	18	18	0	18	15	0	15	16	0	16	14	0	14	19	0	19	17	0	17
NC_059185.1	13091293	13091294	*	51	0	51	53	0	53	18	0	18	20	0	20	21	0	21	35	0	35	25	6	19	18	0	18	26	0	26	39	0	39	52	4	48	52	2	50	16	2	14	30	0	30	65	0	65	31	0	31	31	2	29	26	0	26	22	0	22	49	0	49
NC_059186.1	8824026	8824027	*	20	1	19	16	1	15	13	1	12	18	0	18	15	1	14	21	1	20	19	7	12	14	0	14	13	0	13	19	0	19	22	14	8	16	0	16	16	9	7	28	12	16	29	0	29	28	0	28	22	2	20	17	1	16	22	1	21	15	3	12
NC_059186.1	12039066	12039067	*	18	0	18	19	0	19	14	0	14	12	0	12	19	0	19	19	0	19	19	8	11	25	0	25	14	0	14	20	0	20	18	0	18	12	0	12	23	12	11	13	0	13	18	0	18	27	0	27	28	0	28	14	0	14	17	0	17	29	1	28
NC_059187.1	1159481	1159482	*	21	1	20	20	2	18	26	1	25	13	0	13	25	1	24	20	0	20	15	3	12	19	3	16	15	0	15	17	0	17	21	0	21	20	0	20	29	0	29	27	2	25	34	1	33	21	1	20	22	1	21	10	0	10	28	0	28	11	0	11
NC_059187.1	1934469	1934470	*	10	0	10	18	0	18	10	0	10	12	0	12	13	0	13	25	0	25	17	3	14	14	0	14	12	0	12	20	0	20	18	1	17	17	0	17	16	0	16	30	0	30	21	0	21	20	0	20	27	8	19	18	0	18	19	0	19	17	0	17
NC_059187.1	2379137	2379138	*	17	0	17	21	0	21	10	0	10	18	0	18	15	0	15	13	0	13	20	14	6	13	0	13	14	0	14	20	0	20	18	0	18	20	1	19	17	0	17	19	0	19	27	0	27	19	0	19	16	0	16	26	0	26	28	0	28	11	0	11
NC_059187.1	2668027	2668028	*	19	0	19	18	0	18	12	2	10	10	0	10	18	0	18	12	0	12	15	4	11	12	6	6	15	0	15	21	0	21	12	0	12	16	0	16	10	0	10	17	0	17	29	0	29	28	0	28	15	0	15	22	5	17	20	0	20	19	0	19
NC_059187.1	3770262	3770263	*	15	0	15	24	0	24	18	0	18	21	0	21	14	0	14	16	2	14	16	15	1	27	4	23	11	2	9	20	2	18	17	2	15	32	1	31	22	13	9	26	0	26	22	0	22	22	21	1	15	4	11	12	0	12	23	10	13	16	6	10
NC_059187.1	4238277	4238278	*	12	0	12	21	0	21	22	0	22	18	0	18	13	0	13	20	0	20	12	4	8	13	0	13	15	0	15	20	0	20	16	0	16	20	0	20	21	0	21	20	0	20	24	0	24	15	0	15	21	0	21	10	1	9	21	0	21	16	0	16
NC_059187.1	4238291	4238292	*	12	0	12	21	0	21	22	0	22	18	0	18	10	0	10	15	0	15	12	4	8	13	0	13	14	0	14	18	0	18	17	0	17	20	0	20	20	0	20	19	0	19	26	0	26	19	0	19	19	0	19	10	0	10	18	0	18	16	0	16
NC_059187.1	4238302	4238303	*	11	0	11	21	0	21	21	0	21	19	0	19	10	0	10	16	0	16	11	3	8	13	0	13	12	0	12	19	0	19	16	0	16	20	0	20	18	0	18	19	0	19	25	0	25	22	0	22	20	0	20	10	0	10	18	0	18	14	1	13
NC_059187.1	10095339	10095340	*	18	0	18	27	0	27	11	0	11	24	0	24	20	0	20	16	0	16	24	10	14	17	0	17	23	0	23	30	0	30	23	0	23	28	0	28	24	0	24	30	0	30	26	0	26	23	1	22	16	0	16	17	0	17	20	0	20	19	0	19
NC_059188.1	283591	283592	*	14	0	14	18	0	18	23	0	23	28	0	28	18	0	18	16	0	16	17	5	12	20	0	20	14	0	14	15	4	11	21	0	21	19	0	19	23	11	12	19	0	19	20	0	20	22	0	22	19	0	19	14	4	10	23	5	18	20	0	20
NC_059188.1	924223	924224	*	17	0	17	13	0	13	18	0	18	15	0	15	10	0	10	25	1	24	12	4	8	14	0	14	15	0	15	10	0	10	24	0	24	16	0	16	22	0	22	23	0	23	23	0	23	23	0	23	15	8	7	26	0	26	22	0	22	15	3	12
NC_059188.1	2165192	2165193	*	19	0	19	30	0	30	15	1	14	18	0	18	16	0	16	15	0	15	12	5	7	20	0	20	15	0	15	17	0	17	25	0	25	30	1	29	19	1	18	29	0	29	26	0	26	14	0	14	20	0	20	11	0	11	27	0	27	24	0	24
NC_059188.1	10424496	10424497	*	13	0	13	13	0	13	28	0	28	27	0	27	21	0	21	15	0	15	17	3	14	16	0	16	20	0	20	16	0	16	22	0	22	14	0	14	18	0	18	19	0	19	14	0	14	13	0	13	17	0	17	24	1	23	13	0	13	21	0	21
NC_059188.1	10424619	10424620	*	18	0	18	16	0	16	20	0	20	18	0	18	24	0	24	17	0	17	17	7	10	15	0	15	18	0	18	19	0	19	20	0	20	14	0	14	20	0	20	25	0	25	21	0	21	14	0	14	22	0	22	13	0	13	16	0	16	19	0	19
NC_059189.1	1413456	1413457	*	24	0	24	19	0	19	21	0	21	15	2	13	27	0	27	19	0	19	20	7	13	18	0	18	17	0	17	27	0	27	25	0	25	28	0	28	22	0	22	30	1	29	24	0	24	25	0	25	31	0	31	22	1	21	26	1	25	25	0	25
NC_059189.1	1885195	1885196	*	18	0	18	25	1	24	14	0	14	16	0	16	13	1	12	26	1	25	21	6	15	13	0	13	14	0	14	25	1	24	27	0	27	27	0	27	20	1	19	20	0	20	29	1	28	33	0	33	17	3	14	14	2	12	18	0	18	36	0	36
NC_059189.1	5855847	5855848	*	21	0	21	27	2	25	17	0	17	17	0	17	20	0	20	35	0	35	24	9	15	15	0	15	16	0	16	18	0	18	33	0	33	36	0	36	29	0	29	21	0	21	20	0	20	39	0	39	32	0	32	21	0	21	25	0	25	26	8	18
NC_059189.1	10694526	10694527	*	21	0	21	11	0	11	21	1	20	15	0	15	12	0	12	23	0	23	25	12	13	14	0	14	13	1	12	28	1	27	16	0	16	22	0	22	16	0	16	17	0	17	28	1	27	16	2	14	18	10	8	15	0	15	21	1	20	18	0	18
NC_059189.1	10694545	10694546	*	21	0	21	10	0	10	22	0	22	11	0	11	11	0	11	21	0	21	24	12	12	13	0	13	13	0	13	27	0	27	14	2	12	21	0	21	15	0	15	17	0	17	30	1	29	16	0	16	18	10	8	17	0	17	19	0	19	15	0	15
NC_059191.1	771836	771837	*	13	0	13	16	0	16	16	0	16	26	0	26	14	0	14	20	0	20	17	3	14	18	0	18	11	0	11	25	0	25	28	1	27	16	0	16	23	0	23	33	0	33	28	0	28	14	0	14	27	0	27	15	0	15	28	0	28	22	0	22
NC_059191.1	1456775	1456776	*	14	0	14	20	1	19	10	2	8	21	0	21	16	0	16	18	2	16	19	3	16	23	3	20	13	2	11	14	0	14	24	1	23	11	0	11	15	1	14	23	4	19	13	1	12	29	1	28	15	0	15	16	2	14	20	0	20	14	0	14
NC_059191.1	8366850	8366851	*	13	0	13	11	0	11	18	0	18	15	0	15	16	0	16	15	0	15	14	6	8	14	0	14	11	0	11	18	0	18	15	0	15	17	0	17	13	0	13	19	0	19	22	0	22	16	0	16	14	0	14	10	0	10	15	0	15	13	0	13
NW_025533136.1	18572	18573	*	30	0	30	26	1	25	15	0	15	18	1	17	28	0	28	28	0	28	15	6	9	18	0	18	51	6	45	33	0	33	34	0	34	19	5	14	28	3	25	32	11	21	33	1	32	34	0	34	37	1	36	23	0	23	17	0	17	33	0	33
NW_025533215.1	21701	21702	*	34	0	34	16	0	16	17	1	16	33	1	32	61	1	60	27	0	27	34	7	27	11	0	11	19	0	19	35	2	33	27	1	26	12	1	11	28	0	28	21	2	19	20	1	19	26	0	26	24	0	24	18	0	18	28	0	28	19	1	18
NC_059182.1	12863997	12863998	*	14	0	14	13	0	13	19	0	19	20	0	20	14	0	14	24	0	24	13	0	13	12	6	6	16	0	16	16	0	16	24	0	24	26	0	26	14	0	14	14	0	14	17	0	17	11	0	11	25	0	25	19	0	19	11	0	11	24	0	24
NC_059182.1	12864002	12864003	*	14	0	14	12	0	12	19	0	19	19	0	19	14	0	14	23	0	23	13	1	12	12	5	7	16	0	16	14	0	14	24	0	24	25	0	25	14	0	14	14	1	13	16	0	16	11	0	11	25	0	25	19	0	19	11	0	11	24	0	24
NC_059182.1	12864025	12864026	*	14	0	14	13	0	13	19	1	18	14	0	14	12	0	12	18	1	17	12	0	12	14	6	8	13	0	13	13	0	13	23	0	23	27	1	26	13	0	13	14	0	14	16	1	15	12	3	9	27	1	26	19	0	19	11	0	11	23	0	23
NC_059182.1	12864032	12864033	*	15	0	15	13	0	13	19	0	19	14	0	14	12	0	12	16	0	16	12	0	12	14	6	8	13	0	13	13	0	13	21	0	21	27	0	27	13	0	13	15	0	15	17	0	17	13	4	9	25	2	23	21	0	21	10	0	10	24	0	24
NC_059182.1	12864043	12864044	*	16	0	16	11	0	11	17	2	15	15	1	14	12	0	12	17	0	17	13	0	13	14	6	8	13	0	13	12	0	12	19	0	19	25	1	24	13	0	13	13	1	12	17	0	17	14	5	9	23	1	22	20	0	20	10	0	10	24	0	24
NC_059182.1	12873400	12873401	*	29	0	29	19	0	19	16	0	16	20	0	20	15	0	15	21	0	21	20	0	20	15	3	12	18	0	18	25	0	25	17	0	17	29	0	29	21	1	20	24	2	22	21	0	21	23	0	23	22	1	21	18	0	18	21	0	21	20	0	20
NC_059182.1	12873404	12873405	*	28	0	28	18	0	18	16	0	16	18	0	18	15	0	15	21	0	21	21	0	21	15	4	11	18	0	18	24	0	24	17	0	17	27	0	27	21	1	20	23	2	21	22	0	22	25	0	25	22	0	22	18	0	18	19	0	19	20	0	20
NC_059182.1	12889966	12889967	*	19	0	19	19	0	19	11	0	11	21	0	21	13	0	13	15	0	15	16	1	15	16	3	13	14	6	8	11	0	11	13	0	13	19	1	18	23	8	15	22	9	13	31	9	22	12	0	12	13	0	13	25	11	14	10	0	10	12	5	7
NC_059182.1	16256992	16256993	*	15	0	15	11	0	11	14	0	14	10	1	9	12	0	12	18	0	18	15	0	15	13	8	5	14	0	14	13	0	13	22	0	22	16	0	16	29	0	29	12	0	12	12	0	12	20	0	20	21	0	21	30	0	30	12	0	12	16	1	15
NC_059183.1	467870	467871	*	16	0	16	20	0	20	10	0	10	23	0	23	19	0	19	12	0	12	16	0	16	22	4	18	12	0	12	25	0	25	26	9	17	21	0	21	17	0	17	26	0	26	15	0	15	17	0	17	23	0	23	16	0	16	23	0	23	18	0	18
NC_059183.1	1660870	1660871	*	18	0	18	28	2	26	10	0	10	17	0	17	14	0	14	21	0	21	21	1	20	26	5	21	24	2	22	15	0	15	17	0	17	24	0	24	15	0	15	21	2	19	23	1	22	30	5	25	24	1	23	16	4	12	24	4	20	15	2	13
NC_059183.1	2020295	2020296	*	12	0	12	14	0	14	14	0	14	16	0	16	11	0	11	16	0	16	15	0	15	13	3	10	11	0	11	12	0	12	13	0	13	20	0	20	14	0	14	16	0	16	18	0	18	21	0	21	13	0	13	11	0	11	19	2	17	12	0	12
NC_059183.1	7494514	7494515	*	13	0	13	15	0	15	12	0	12	14	0	14	11	0	11	16	0	16	17	0	17	17	4	13	11	0	11	15	5	10	19	0	19	11	0	11	21	0	21	19	0	19	12	0	12	21	0	21	15	0	15	11	1	10	19	1	18	19	14	5
NC_059183.1	12502367	12502368	*	18	0	18	18	0	18	21	0	21	17	0	17	23	0	23	27	0	27	14	0	14	17	10	7	18	0	18	30	15	15	15	0	15	21	0	21	25	0	25	25	0	25	27	0	27	25	0	25	30	0	30	44	0	44	22	0	22	13	11	2
NC_059183.1	12502391	12502392	*	15	0	15	17	0	17	22	0	22	17	0	17	23	0	23	27	0	27	16	0	16	12	6	6	17	0	17	29	14	15	14	0	14	22	0	22	22	0	22	24	1	23	23	0	23	27	9	18	29	0	29	38	0	38	22	12	10	11	10	1
NC_059183.1	14524656	14524657	*	14	0	14	22	2	20	17	0	17	12	1	11	11	0	11	14	1	13	19	0	19	19	7	12	13	0	13	13	0	13	14	1	13	18	0	18	10	0	10	16	0	16	14	0	14	13	4	9	11	5	6	10	0	10	13	0	13	18	8	10
NC_059183.1	15672499	15672500	*	28	0	28	19	0	19	34	1	33	24	0	24	34	1	33	23	0	23	27	0	27	40	5	35	21	0	21	29	0	29	47	0	47	29	0	29	34	2	32	37	0	37	38	1	37	31	2	29	27	1	26	17	0	17	18	0	18	27	0	27
NC_059183.1	16054001	16054002	*	18	1	17	18	1	17	11	0	11	15	0	15	19	0	19	19	0	19	10	1	9	18	4	14	12	0	12	14	1	13	15	0	15	16	0	16	10	0	10	14	1	13	15	0	15	24	1	23	18	1	17	26	1	25	15	1	14	12	2	10
NC_059184.1	7754729	7754730	*	13	0	13	11	0	11	16	0	16	14	0	14	10	0	10	18	0	18	14	0	14	17	7	10	10	0	10	14	0	14	16	0	16	20	0	20	13	0	13	14	0	14	22	0	22	12	0	12	18	0	18	15	0	15	13	0	13	12	0	12
NC_059184.1	9717219	9717220	*	20	0	20	34	0	34	15	0	15	20	0	20	15	0	15	21	0	21	24	0	24	15	4	11	15	0	15	27	0	27	18	1	17	24	0	24	24	0	24	22	1	21	25	0	25	23	0	23	27	3	24	20	1	19	27	0	27	14	1	13
NC_059185.1	2442307	2442308	*	10	0	10	14	0	14	11	0	11	13	0	13	12	0	12	13	0	13	11	0	11	19	9	10	15	0	15	14	6	8	14	0	14	19	0	19	16	0	16	10	0	10	13	0	13	16	6	10	17	0	17	19	8	11	16	0	16	15	0	15
NC_059185.1	4508268	4508269	*	18	0	18	14	0	14	24	1	23	11	0	11	18	0	18	13	0	13	20	0	20	19	6	13	10	0	10	16	1	15	16	0	16	24	6	18	14	0	14	21	7	14	18	0	18	18	1	17	18	0	18	23	0	23	15	3	12	21	1	20
NC_059185.1	9641047	9641048	*	11	0	11	18	0	18	13	0	13	18	1	17	20	0	20	17	0	17	19	0	19	12	8	4	10	0	10	23	0	23	18	11	7	20	0	20	20	0	20	15	0	15	18	0	18	17	1	16	31	0	31	16	1	15	18	0	18	17	0	17
NC_059186.1	254478	254479	*	22	0	22	34	0	34	21	0	21	25	0	25	32	0	32	24	0	24	24	0	24	16	6	10	25	0	25	39	0	39	39	0	39	36	0	36	35	0	35	35	0	35	45	0	45	29	0	29	27	1	26	12	0	12	42	0	42	41	1	40
NC_059186.1	2883537	2883538	*	24	0	24	22	0	22	13	2	11	21	0	21	22	0	22	13	0	13	19	0	19	18	3	15	14	0	14	21	1	20	24	0	24	29	1	28	24	0	24	31	0	31	25	0	25	18	0	18	33	1	32	29	0	29	21	0	21	21	0	21
NC_059186.1	2918008	2918009	*	40	0	40	14	0	14	34	0	34	15	0	15	18	0	18	27	0	27	17	0	17	29	6	23	23	0	23	18	0	18	61	0	61	23	0	23	57	0	57	32	0	32	40	0	40	11	0	11	22	0	22	16	0	16	20	0	20	36	2	34
NC_059186.1	4446628	4446629	*	14	1	13	19	1	18	11	1	10	19	0	19	19	0	19	16	0	16	17	0	17	17	3	14	14	1	13	19	0	19	18	0	18	26	2	24	18	0	18	15	0	15	22	0	22	18	1	17	13	0	13	14	8	6	12	3	9	14	0	14
NC_059186.1	4446650	4446651	*	13	0	13	18	0	18	11	1	10	18	0	18	19	0	19	16	0	16	15	0	15	17	3	14	14	0	14	17	0	17	15	0	15	26	0	26	17	0	17	18	0	18	18	1	17	14	0	14	15	0	15	10	2	8	12	3	9	12	0	12
NC_059186.1	9263565	9263566	*	22	0	22	21	0	21	18	0	18	12	0	12	13	0	13	14	0	14	19	1	18	11	3	8	15	0	15	17	0	17	21	0	21	31	0	31	15	0	15	18	0	18	21	0	21	20	0	20	20	0	20	18	2	16	22	0	22	16	0	16
NC_059186.1	9263584	9263585	*	20	0	20	17	1	16	18	1	17	11	0	11	13	2	11	11	0	11	19	2	17	12	6	6	14	0	14	12	1	11	17	0	17	25	0	25	15	0	15	18	1	17	18	0	18	14	0	14	18	0	18	18	1	17	22	0	22	13	0	13
NC_059186.1	12146754	12146755	*	11	0	11	11	1	10	13	1	12	16	0	16	12	0	12	15	0	15	20	1	19	24	3	21	14	0	14	13	0	13	11	2	9	10	0	10	24	0	24	13	1	12	16	0	16	13	1	12	18	2	16	12	1	11	19	1	18	13	0	13
NC_059187.1	233252	233253	*	17	1	16	16	2	14	13	2	11	14	0	14	17	1	16	11	0	11	10	1	9	21	5	16	10	2	8	16	2	14	21	3	18	20	4	16	13	3	10	19	2	17	21	7	14	12	0	12	14	2	12	19	3	16	21	1	20	15	1	14
NC_059187.1	531860	531861	*	28	0	28	13	0	13	13	0	13	18	0	18	24	0	24	10	0	10	23	1	22	16	8	8	14	0	14	23	0	23	22	0	22	18	1	17	26	0	26	19	0	19	20	0	20	22	0	22	16	1	15	13	0	13	16	0	16	13	1	12
NC_059187.1	2711322	2711323	*	15	0	15	13	0	13	17	0	17	19	0	19	16	1	15	17	0	17	19	0	19	17	3	14	26	0	26	23	0	23	34	1	33	20	0	20	29	1	28	21	2	19	20	0	20	30	0	30	16	2	14	18	0	18	30	0	30	23	2	21
NC_059187.1	3414115	3414116	*	23	0	23	16	0	16	18	0	18	15	0	15	16	0	16	23	0	23	15	0	15	11	7	4	19	0	19	19	1	18	24	0	24	22	1	21	29	0	29	10	0	10	25	8	17	26	1	25	19	5	14	11	1	10	31	1	30	19	0	19
NC_059187.1	3414130	3414131	*	20	0	20	17	0	17	19	0	19	16	0	16	15	0	15	24	0	24	10	0	10	11	7	4	19	0	19	18	1	17	25	1	24	21	1	20	28	0	28	10	0	10	24	5	19	26	0	26	19	6	13	11	0	11	32	1	31	19	0	19
NC_059187.1	3867824	3867825	*	32	0	32	20	1	19	17	0	17	10	0	10	23	0	23	19	0	19	17	0	17	16	3	13	25	0	25	18	1	17	31	1	30	23	10	13	39	5	34	28	0	28	28	0	28	26	2	24	28	7	21	16	10	6	24	0	24	27	0	27
NC_059187.1	7727032	7727033	*	16	1	15	20	1	19	12	1	11	14	0	14	15	0	15	14	0	14	15	1	14	11	11	0	12	0	12	18	0	18	26	1	25	16	3	13	10	1	9	17	7	10	22	1	21	21	1	20	14	1	13	15	0	15	15	0	15	11	0	11
NC_059188.1	10082697	10082698	*	19	0	19	15	1	14	10	2	8	14	0	14	10	0	10	13	0	13	13	1	12	11	4	7	14	0	14	13	0	13	23	1	22	20	9	11	17	0	17	16	1	15	20	0	20	19	0	19	20	1	19	15	0	15	26	1	25	18	1	17
NC_059188.1	12148452	12148453	*	23	0	23	20	0	20	17	0	17	19	0	19	19	0	19	20	0	20	11	0	11	11	4	7	12	0	12	25	0	25	28	11	17	11	0	11	27	1	26	27	7	20	22	0	22	19	7	12	16	6	10	12	0	12	29	0	29	11	1	10
NC_059188.1	13637071	13637072	*	16	0	16	20	2	18	17	0	17	14	0	14	19	0	19	22	1	21	16	1	15	16	3	13	19	0	19	28	0	28	26	1	25	25	1	24	20	1	19	27	0	27	32	2	30	29	3	26	17	1	16	12	0	12	28	1	27	18	1	17
NC_059188.1	13637073	13637074	*	16	0	16	20	0	20	17	0	17	14	0	14	19	0	19	22	0	22	16	0	16	16	3	13	19	0	19	28	0	28	27	1	26	25	1	24	19	0	19	25	0	25	32	0	32	27	0	27	17	0	17	12	0	12	28	0	28	17	0	17
NC_059188.1	13637098	13637099	*	14	0	14	19	0	19	16	0	16	17	0	17	18	0	18	20	0	20	14	0	14	14	3	11	18	0	18	27	1	26	32	1	31	24	0	24	17	0	17	27	0	27	38	0	38	28	0	28	16	0	16	11	0	11	25	0	25	13	0	13
NC_059189.1	6082036	6082037	*	17	0	17	21	2	19	11	0	11	25	1	24	16	2	14	21	1	20	13	0	13	15	4	11	20	0	20	22	1	21	35	8	27	20	6	14	29	5	24	19	0	19	23	0	23	12	1	11	11	0	11	44	23	21	30	0	30	32	0	32
NC_059189.1	7439435	7439436	*	22	2	20	31	0	31	22	0	22	24	0	24	19	2	17	13	0	13	11	0	11	32	3	29	31	0	31	40	0	40	54	5	49	37	0	37	67	0	67	34	0	34	32	4	28	27	2	25	47	4	43	70	7	63	18	0	18	27	0	27
NC_059189.1	7512424	7512425	*	16	0	16	13	0	13	15	0	15	12	0	12	14	0	14	36	2	34	15	0	15	17	4	13	15	0	15	23	0	23	27	0	27	16	0	16	29	0	29	36	2	34	34	2	32	15	1	14	32	2	30	29	0	29	23	0	23	28	1	27
NC_059189.1	10705029	10705030	*	14	1	13	22	1	21	22	0	22	12	0	12	18	0	18	17	0	17	22	0	22	13	5	8	20	0	20	19	0	19	27	6	21	28	4	24	14	0	14	32	0	32	19	1	18	31	0	31	19	0	19	35	9	26	21	1	20	13	0	13
NC_059190.1	4607974	4607975	*	24	0	24	25	0	25	23	0	23	31	1	30	22	0	22	36	3	33	15	0	15	33	6	27	19	0	19	18	5	13	23	0	23	22	4	18	34	0	34	20	0	20	13	0	13	11	0	11	29	5	24	31	9	22	26	1	25	11	2	9
NC_059190.1	4608026	4608027	*	28	0	28	30	0	30	24	0	24	38	1	37	26	0	26	44	3	41	18	1	17	41	7	34	26	0	26	23	7	16	34	0	34	25	1	24	40	1	39	24	1	23	20	0	20	16	0	16	35	8	27	37	13	24	32	1	31	14	2	12
NC_059190.1	4608124	4608125	*	21	0	21	27	0	27	22	0	22	30	1	29	23	0	23	35	1	34	12	0	12	35	4	31	23	0	23	23	8	15	31	0	31	24	4	20	32	0	32	24	0	24	20	1	19	16	0	16	31	0	31	30	9	21	29	0	29	12	1	11
NC_059191.1	577205	577206	*	23	0	23	19	1	18	18	0	18	19	0	19	13	0	13	15	2	13	16	0	16	14	4	10	10	0	10	19	0	19	20	0	20	26	2	24	18	3	15	24	9	15	19	0	19	21	8	13	20	6	14	12	1	11	19	1	18	24	8	16
NC_059191.1	7565426	7565427	*	13	0	13	22	0	22	13	0	13	13	0	13	14	0	14	12	0	12	10	0	10	20	20	0	12	0	12	15	0	15	22	1	21	26	10	16	17	5	12	27	0	27	19	0	19	21	1	20	15	0	15	12	0	12	21	0	21	23	23	0
NC_059191.1	8552999	8553000	*	15	0	15	21	0	21	11	0	11	21	1	20	11	0	11	25	0	25	17	0	17	13	6	7	15	0	15	10	0	10	18	0	18	15	0	15	10	0	10	17	0	17	26	0	26	20	0	20	18	0	18	24	0	24	16	0	16	22	0	22
NC_059191.1	9638158	9638159	*	24	1	23	25	0	25	17	0	17	21	0	21	20	1	19	19	0	19	14	1	13	20	3	17	20	1	19	19	2	17	24	0	24	25	0	25	22	1	21	20	0	20	23	0	23	26	0	26	29	1	28	19	1	18	29	1	28	24	0	24
NW_025533121.1	47742	47743	*	29	0	29	38	2	36	19	0	19	45	0	45	33	0	33	27	1	26	33	0	33	20	4	16	30	1	29	36	0	36	30	4	26	28	1	27	33	0	33	39	3	36	35	0	35	31	0	31	22	0	22	30	0	30	42	0	42	24	1	23
NW_025533136.1	36926	36927	*	26	0	26	18	0	18	17	0	17	19	0	19	19	0	19	25	0	25	24	2	22	19	4	15	27	0	27	36	1	35	45	10	35	14	0	14	29	1	28	31	0	31	49	2	47	17	0	17	28	0	28	40	3	37	20	0	20	31	4	27
NW_025533175.1	35821	35822	*	23	0	23	23	0	23	14	0	14	16	0	16	21	0	21	24	0	24	14	0	14	23	9	14	18	0	18	27	11	16	20	0	20	23	0	23	27	0	27	23	1	22	13	0	13	10	0	10	10	0	10	16	0	16	14	0	14	20	7	13
NW_025533300.1	13839	13840	*	55	0	55	40	0	40	49	1	48	63	0	63	54	0	54	35	0	35	57	0	57	26	3	23	42	1	41	72	3	69	95	5	90	53	1	52	67	6	61	96	1	95	67	4	63	43	4	39	45	2	43	25	2	23	43	2	41	62	2	60
NC_059182.1	4120674	4120675	*	23	0	23	18	0	18	21	0	21	15	1	14	21	0	21	11	0	11	19	0	19	17	0	17	10	6	4	16	0	16	24	0	24	20	1	19	20	1	19	23	0	23	16	6	10	19	0	19	19	0	19	19	0	19	19	0	19	20	0	20
NC_059182.1	4284400	4284401	*	19	0	19	15	0	15	21	0	21	11	0	11	10	0	10	22	0	22	19	0	19	15	0	15	17	7	10	18	0	18	25	0	25	26	0	26	23	0	23	18	0	18	12	7	5	18	0	18	23	0	23	18	0	18	16	1	15	15	4	11
NC_059182.1	4284406	4284407	*	20	0	20	15	0	15	20	0	20	10	0	10	10	0	10	21	0	21	17	0	17	15	0	15	17	7	10	19	0	19	24	0	24	27	0	27	23	0	23	20	0	20	10	5	5	20	1	19	24	0	24	20	0	20	17	0	17	15	3	12
NC_059182.1	12889945	12889946	*	20	0	20	19	0	19	12	0	12	22	0	22	12	0	12	17	0	17	18	0	18	17	0	17	14	6	8	11	0	11	13	0	13	20	0	20	22	1	21	19	2	17	29	8	21	14	0	14	13	1	12	28	12	16	12	0	12	14	5	9
NC_059183.1	3284973	3284974	*	23	0	23	14	0	14	10	0	10	20	0	20	23	0	23	22	0	22	21	0	21	12	1	11	19	4	15	16	0	16	21	0	21	11	0	11	20	0	20	25	0	25	18	0	18	20	0	20	24	0	24	44	0	44	21	0	21	16	0	16
NC_059183.1	14184806	14184807	*	17	0	17	36	0	36	17	0	17	21	0	21	16	0	16	17	0	17	20	0	20	11	0	11	19	5	14	24	8	16	18	0	18	23	0	23	33	28	5	29	0	29	20	0	20	25	0	25	19	0	19	11	0	11	23	0	23	23	1	22
NC_059184.1	435245	435246	*	23	0	23	29	0	29	18	0	18	24	0	24	20	0	20	33	0	33	15	0	15	22	0	22	17	8	9	22	0	22	20	0	20	30	0	30	26	0	26	30	0	30	24	9	15	33	20	13	32	0	32	19	0	19	24	0	24	23	0	23
NC_059184.1	435287	435288	*	19	0	19	26	1	25	19	0	19	23	0	23	21	0	21	30	0	30	13	0	13	18	0	18	16	9	7	17	0	17	26	0	26	27	0	27	26	0	26	26	1	25	22	0	22	24	0	24	33	1	32	16	0	16	29	0	29	22	0	22
NC_059185.1	400662	400663	*	46	0	46	37	0	37	29	0	29	41	0	41	27	0	27	42	0	42	41	0	41	52	0	52	39	7	32	27	0	27	58	0	58	24	0	24	43	0	43	41	0	41	43	0	43	31	0	31	35	1	34	37	0	37	29	0	29	28	0	28
NC_059185.1	11562084	11562085	*	15	0	15	19	0	19	10	0	10	17	0	17	16	0	16	14	0	14	18	0	18	17	1	16	11	4	7	18	0	18	24	2	22	12	0	12	12	5	7	17	5	12	16	0	16	20	5	15	13	9	4	10	0	10	21	0	21	13	4	9
NC_059186.1	3124969	3124970	*	11	0	11	14	1	13	17	0	17	12	0	12	13	0	13	18	0	18	19	0	19	19	0	19	12	6	6	18	0	18	19	0	19	21	0	21	12	0	12	14	0	14	12	0	12	16	0	16	14	0	14	19	0	19	11	0	11	13	0	13
NC_059186.1	3433305	3433306	*	21	0	21	19	0	19	18	0	18	20	0	20	26	0	26	20	0	20	13	0	13	13	0	13	17	4	13	16	0	16	17	0	17	16	0	16	32	0	32	19	0	19	22	0	22	25	0	25	34	0	34	31	0	31	18	0	18	13	0	13
NC_059186.1	7568125	7568126	*	16	0	16	17	0	17	17	0	17	21	0	21	26	0	26	27	0	27	19	0	19	18	0	18	18	8	10	17	8	9	23	0	23	16	0	16	20	1	19	21	0	21	22	0	22	17	0	17	16	0	16	16	0	16	21	0	21	19	1	18
NC_059186.1	12032950	12032951	*	14	0	14	23	0	23	15	0	15	12	0	12	15	0	15	10	0	10	16	0	16	17	0	17	18	11	7	20	0	20	14	0	14	21	0	21	20	0	20	18	0	18	20	0	20	28	0	28	21	0	21	30	0	30	17	0	17	16	0	16
NC_059186.1	12090411	12090412	*	22	0	22	17	0	17	18	0	18	10	0	10	14	0	14	22	0	22	13	0	13	19	0	19	13	5	8	19	9	10	19	0	19	24	1	23	16	0	16	21	0	21	23	14	9	17	1	16	20	0	20	14	0	14	18	0	18	20	1	19
NC_059187.1	1930571	1930572	*	11	0	11	18	0	18	14	0	14	22	0	22	11	0	11	13	0	13	23	0	23	22	0	22	11	3	8	21	0	21	20	0	20	18	1	17	23	0	23	18	0	18	18	0	18	20	1	19	13	0	13	10	0	10	13	0	13	10	0	10
NC_059187.1	6620703	6620704	*	35	0	35	21	0	21	22	0	22	12	0	12	31	0	31	25	0	25	23	0	23	19	1	18	15	3	12	22	0	22	28	0	28	24	0	24	33	1	32	34	0	34	34	1	33	17	0	17	23	0	23	31	0	31	20	0	20	15	0	15
NC_059187.1	8660130	8660131	*	10	0	10	21	0	21	20	0	20	13	0	13	16	0	16	15	0	15	11	0	11	16	0	16	10	5	5	19	0	19	19	0	19	20	0	20	17	0	17	14	0	14	20	0	20	17	0	17	20	0	20	14	0	14	11	0	11	16	0	16
NC_059187.1	9425811	9425812	*	42	0	42	22	0	22	27	0	27	31	0	31	21	1	20	28	0	28	27	0	27	36	0	36	17	3	14	27	3	24	25	0	25	17	1	16	25	0	25	27	1	26	33	0	33	32	0	32	38	6	32	55	9	46	25	0	25	18	0	18
NC_059187.1	10203117	10203118	*	24	0	24	22	0	22	11	0	11	14	0	14	14	0	14	18	0	18	21	0	21	14	0	14	18	8	10	26	1	25	27	0	27	26	0	26	33	0	33	29	1	28	17	0	17	24	0	24	13	0	13	25	0	25	22	0	22	19	0	19
NC_059187.1	10203126	10203127	*	23	0	23	21	0	21	11	0	11	15	0	15	14	0	14	18	0	18	21	0	21	14	0	14	17	8	9	25	0	25	25	0	25	24	1	23	33	0	33	29	2	27	17	0	17	24	0	24	13	0	13	27	0	27	20	1	19	18	0	18
NC_059188.1	705430	705431	*	15	0	15	28	0	28	15	0	15	12	0	12	20	0	20	24	0	24	12	0	12	16	0	16	13	4	9	12	0	12	19	0	19	18	0	18	20	0	20	23	0	23	20	0	20	19	1	18	14	0	14	14	0	14	24	1	23	20	0	20
NC_059188.1	3718079	3718080	*	12	0	12	18	0	18	13	0	13	17	0	17	13	0	13	16	1	15	13	0	13	11	0	11	14	7	7	13	0	13	19	0	19	22	1	21	12	0	12	10	0	10	17	1	16	13	0	13	17	0	17	17	0	17	15	0	15	10	0	10
NC_059189.1	6670245	6670246	*	13	0	13	16	0	16	15	0	15	13	0	13	12	0	12	13	0	13	10	0	10	13	0	13	19	3	16	14	0	14	19	0	19	22	0	22	15	0	15	11	0	11	12	0	12	16	0	16	21	0	21	15	0	15	13	0	13	12	0	12
NC_059189.1	7439007	7439008	*	29	0	29	30	0	30	19	0	19	19	1	18	11	0	11	16	0	16	12	0	12	14	0	14	20	7	13	22	0	22	29	0	29	23	0	23	44	0	44	21	0	21	25	10	15	22	0	22	35	0	35	37	0	37	26	0	26	24	0	24
NC_059189.1	11038654	11038655	*	21	0	21	16	0	16	14	0	14	11	0	11	15	0	15	11	0	11	12	0	12	16	0	16	19	3	16	19	0	19	23	0	23	17	0	17	22	0	22	11	2	9	17	0	17	30	1	29	26	0	26	14	3	11	20	0	20	16	0	16
NC_059189.1	11038678	11038679	*	22	0	22	17	0	17	12	1	11	11	0	11	16	0	16	10	0	10	13	0	13	16	1	15	22	3	19	23	0	23	21	0	21	16	0	16	22	0	22	15	2	13	19	0	19	29	1	28	24	0	24	15	3	12	21	0	21	19	0	19
NC_059191.1	432972	432973	*	14	0	14	24	0	24	22	0	22	17	0	17	15	0	15	11	0	11	13	0	13	18	0	18	16	7	9	12	0	12	23	0	23	15	0	15	22	0	22	26	0	26	33	0	33	24	0	24	17	0	17	16	0	16	23	0	23	19	0	19
NC_059191.1	2537723	2537724	*	10	0	10	20	0	20	21	0	21	10	0	10	12	0	12	11	0	11	15	0	15	14	0	14	13	6	7	21	0	21	17	0	17	12	0	12	10	0	10	21	0	21	16	0	16	15	0	15	15	0	15	22	12	10	21	0	21	18	0	18
NW_025533125.1	109410	109411	*	25	0	25	33	0	33	11	2	9	17	0	17	17	0	17	29	0	29	24	0	24	20	0	20	28	5	23	27	0	27	42	0	42	30	1	29	31	7	24	42	1	41	10	0	10	36	0	36	32	0	32	66	1	65	11	0	11	31	0	31
NW_025533130.1	107002	107003	*	51	1	50	16	1	15	33	0	33	22	0	22	47	0	47	43	2	41	24	2	22	33	0	33	28	4	24	34	4	30	35	3	32	27	1	26	24	0	24	16	3	13	22	12	10	16	2	14	34	1	33	68	0	68	20	3	17	19	5	14
NW_025533136.1	19053	19054	*	52	0	52	27	0	27	19	0	19	28	0	28	29	0	29	29	0	29	32	0	32	16	0	16	51	5	46	37	6	31	38	0	38	22	0	22	43	2	41	25	1	24	47	0	47	40	0	40	33	0	33	16	0	16	28	0	28	31	0	31
NW_025533169.1	92066	92067	*	74	0	74	38	0	38	50	0	50	39	0	39	45	0	45	36	0	36	41	0	41	32	0	32	42	7	35	45	0	45	30	1	29	37	3	34	49	0	49	30	0	30	63	0	63	16	0	16	27	1	26	44	3	41	58	0	58	28	0	28
NW_025533175.1	34684	34685	*	42	0	42	20	0	20	26	0	26	23	1	22	58	1	57	20	1	19	18	0	18	24	0	24	25	3	22	25	0	25	36	0	36	34	1	33	36	0	36	37	0	37	26	2	24	12	1	11	19	0	19	26	0	26	43	0	43	32	0	32
NW_025533362.1	25188	25189	*	54	0	54	38	3	35	40	0	40	28	0	28	24	0	24	27	0	27	48	0	48	34	0	34	37	4	33	41	8	33	32	0	32	52	0	52	30	0	30	36	1	35	47	5	42	71	7	64	35	5	30	76	18	58	63	1	62	41	4	37
NC_059182.1	1521501	1521502	*	22	0	22	22	0	22	12	0	12	11	0	11	20	0	20	21	0	21	13	0	13	14	0	14	24	0	24	30	16	14	17	0	17	17	0	17	19	0	19	18	0	18	14	7	7	22	0	22	24	0	24	47	0	47	17	0	17	16	0	16
NC_059182.1	8329114	8329115	*	55	0	55	39	0	39	28	0	28	14	0	14	59	2	57	28	0	28	22	0	22	24	0	24	34	0	34	33	4	29	49	2	47	33	0	33	40	0	40	25	0	25	21	1	20	24	0	24	17	0	17	33	0	33	37	0	37	20	0	20
NC_059182.1	8329135	8329136	*	60	0	60	44	0	44	34	0	34	18	0	18	68	3	65	30	0	30	22	0	22	26	0	26	37	0	37	37	5	32	57	1	56	35	1	34	47	0	47	27	0	27	23	0	23	30	0	30	20	0	20	35	1	34	41	2	39	23	0	23
NC_059182.1	10839808	10839809	*	39	0	39	19	0	19	18	0	18	17	0	17	23	0	23	18	0	18	17	0	17	19	0	19	12	0	12	19	4	15	23	0	23	21	1	20	24	0	24	30	0	30	21	1	20	13	0	13	23	0	23	25	0	25	16	0	16	17	0	17
NC_059182.1	11274796	11274797	*	29	0	29	15	0	15	13	0	13	24	0	24	26	0	26	23	0	23	11	0	11	10	0	10	18	0	18	27	4	23	19	0	19	16	0	16	21	0	21	25	0	25	30	0	30	29	0	29	19	0	19	36	0	36	21	0	21	19	0	19
NC_059182.1	12358273	12358274	*	12	0	12	15	0	15	16	0	16	15	0	15	18	0	18	15	0	15	13	0	13	15	0	15	11	0	11	20	4	16	23	0	23	14	0	14	17	0	17	13	0	13	17	0	17	20	0	20	20	0	20	12	0	12	17	0	17	15	0	15
NC_059182.1	14052655	14052656	*	17	0	17	20	0	20	14	0	14	15	0	15	17	0	17	23	0	23	17	0	17	15	0	15	14	1	13	19	9	10	23	8	15	19	18	1	26	0	26	14	0	14	26	0	26	27	0	27	27	1	26	17	0	17	25	11	14	20	0	20
NC_059182.1	14052665	14052666	*	15	0	15	19	0	19	16	0	16	15	1	14	18	0	18	25	1	24	17	0	17	14	0	14	12	0	12	20	8	12	27	9	18	20	20	0	28	1	27	14	0	14	23	0	23	28	0	28	25	1	24	18	0	18	23	10	13	21	0	21
NC_059182.1	14052688	14052689	*	19	0	19	20	0	20	17	0	17	14	1	13	16	0	16	24	0	24	15	1	14	10	1	9	12	2	10	20	8	12	25	9	16	21	20	1	27	2	25	19	0	19	22	0	22	22	0	22	23	2	21	15	0	15	23	9	14	22	1	21
NC_059182.1	15036649	15036650	*	14	0	14	11	0	11	13	0	13	14	0	14	17	0	17	19	0	19	10	0	10	17	0	17	15	0	15	13	3	10	14	0	14	14	0	14	25	0	25	19	0	19	27	0	27	16	0	16	14	3	11	29	0	29	13	0	13	17	0	17
NC_059182.1	16169641	16169642	*	19	0	19	26	0	26	25	0	25	20	0	20	17	0	17	25	0	25	23	0	23	19	0	19	21	0	21	26	16	10	19	0	19	26	0	26	21	0	21	27	0	27	25	0	25	26	0	26	23	0	23	24	0	24	21	0	21	24	0	24
NC_059182.1	16169646	16169647	*	19	0	19	28	0	28	24	0	24	22	0	22	16	0	16	24	0	24	24	0	24	20	0	20	21	0	21	26	15	11	21	1	20	27	0	27	21	1	20	27	0	27	26	0	26	27	0	27	23	0	23	23	0	23	24	0	24	26	0	26
NC_059182.1	16307594	16307595	*	12	0	12	13	0	13	15	0	15	17	0	17	12	0	12	19	0	19	18	0	18	18	0	18	14	0	14	20	6	14	24	0	24	27	0	27	12	0	12	18	0	18	25	1	24	25	0	25	18	0	18	16	0	16	20	0	20	16	0	16
NC_059182.1	18770668	18770669	*	13	0	13	24	0	24	17	1	16	17	0	17	12	0	12	21	0	21	14	0	14	15	0	15	14	0	14	24	3	21	20	0	20	21	0	21	13	0	13	24	0	24	23	0	23	23	0	23	11	0	11	13	0	13	29	0	29	14	0	14
NC_059183.1	14184906	14184907	*	13	0	13	35	0	35	10	0	10	18	0	18	12	0	12	16	1	15	23	0	23	10	0	10	18	1	17	19	8	11	20	0	20	12	0	12	31	0	31	31	0	31	24	0	24	19	0	19	20	0	20	12	0	12	28	0	28	20	1	19
NC_059183.1	15631667	15631668	*	17	0	17	16	0	16	12	0	12	17	0	17	11	0	11	17	0	17	11	0	11	11	0	11	18	0	18	17	7	10	18	10	8	16	0	16	18	0	18	15	0	15	22	0	22	11	0	11	23	0	23	18	0	18	24	0	24	14	0	14
NC_059183.1	17221511	17221512	*	22	0	22	14	0	14	23	0	23	11	0	11	10	0	10	26	0	26	16	0	16	15	0	15	20	0	20	22	10	12	29	0	29	21	0	21	29	0	29	28	0	28	12	0	12	17	0	17	25	0	25	13	0	13	28	0	28	18	1	17
NC_059184.1	322605	322606	*	12	0	12	31	1	30	15	0	15	19	0	19	21	1	20	19	0	19	18	0	18	14	1	13	11	0	11	18	3	15	17	0	17	19	5	14	19	0	19	18	0	18	20	2	18	21	1	20	16	4	12	11	1	10	21	0	21	22	0	22
NC_059184.1	507607	507608	*	28	0	28	30	0	30	15	0	15	14	0	14	17	1	16	20	0	20	19	0	19	14	0	14	19	0	19	24	11	13	27	0	27	26	18	8	30	4	26	23	0	23	26	10	16	29	0	29	24	0	24	14	0	14	24	0	24	25	1	24
NC_059184.1	587550	587551	*	22	1	21	15	0	15	17	0	17	27	2	25	15	0	15	16	0	16	20	0	20	12	2	10	15	0	15	11	3	8	17	0	17	18	0	18	25	1	24	27	0	27	16	1	15	22	0	22	21	2	19	10	1	9	27	3	24	15	0	15
NC_059184.1	2842529	2842530	*	28	0	28	27	0	27	18	0	18	20	0	20	16	0	16	18	0	18	21	0	21	15	1	14	18	1	17	27	3	24	15	0	15	22	1	21	23	0	23	20	0	20	33	2	31	30	0	30	23	0	23	12	1	11	37	0	37	21	0	21
NC_059184.1	3033559	3033560	*	11	0	11	10	0	10	14	0	14	17	0	17	11	0	11	14	0	14	10	0	10	21	0	21	15	1	14	17	4	13	13	0	13	18	0	18	11	0	11	10	0	10	14	0	14	10	0	10	16	0	16	17	0	17	15	1	14	16	1	15
NC_059184.1	3793739	3793740	*	16	0	16	22	0	22	18	0	18	18	0	18	19	0	19	16	0	16	23	0	23	12	0	12	11	0	11	17	6	11	20	1	19	17	1	16	18	0	18	23	0	23	21	0	21	20	3	17	23	0	23	11	0	11	23	1	22	11	0	11
NC_059184.1	9465701	9465702	*	30	0	30	22	0	22	21	0	21	27	0	27	11	0	11	22	0	22	20	0	20	12	0	12	17	0	17	26	3	23	45	0	45	28	0	28	37	0	37	27	0	27	47	0	47	16	0	16	34	0	34	14	0	14	20	0	20	27	0	27
NC_059184.1	9729348	9729349	*	16	0	16	15	0	15	16	0	16	10	0	10	17	0	17	10	0	10	17	0	17	19	0	19	14	0	14	11	4	7	24	0	24	15	1	14	12	0	12	18	0	18	20	0	20	13	0	13	12	0	12	13	0	13	20	0	20	12	0	12
NC_059185.1	1167062	1167063	*	24	0	24	15	0	15	17	0	17	18	0	18	16	0	16	24	0	24	13	0	13	15	0	15	14	0	14	32	3	29	25	0	25	18	0	18	17	0	17	21	0	21	23	0	23	18	0	18	24	0	24	10	0	10	22	0	22	15	0	15
NC_059185.1	2121717	2121718	*	19	0	19	34	0	34	16	0	16	23	0	23	16	0	16	23	0	23	22	0	22	18	0	18	22	0	22	27	11	16	30	0	30	31	0	31	37	0	37	35	1	34	22	3	19	33	0	33	23	0	23	13	0	13	25	0	25	30	0	30
NC_059185.1	6220979	6220980	*	16	0	16	19	0	19	13	0	13	14	0	14	15	0	15	19	0	19	14	0	14	17	0	17	17	0	17	12	3	9	30	0	30	24	0	24	15	0	15	26	0	26	21	0	21	20	0	20	15	0	15	10	0	10	21	0	21	19	0	19
NC_059186.1	2883950	2883951	*	38	0	38	40	0	40	16	0	16	27	0	27	23	0	23	38	0	38	32	1	31	10	2	8	22	1	21	26	6	20	38	3	35	39	0	39	44	0	44	32	0	32	40	1	39	36	0	36	24	9	15	19	2	17	36	0	36	24	0	24
NC_059186.1	9114892	9114893	*	16	0	16	23	0	23	15	0	15	18	0	18	15	0	15	16	0	16	19	0	19	16	0	16	18	0	18	18	3	15	30	0	30	26	0	26	35	0	35	28	0	28	31	0	31	21	0	21	16	0	16	14	0	14	32	0	32	20	0	20
NC_059186.1	12329534	12329535	*	13	0	13	17	0	17	12	0	12	10	0	10	14	0	14	18	0	18	10	1	9	12	0	12	12	0	12	13	9	4	15	0	15	16	0	16	14	0	14	15	0	15	19	0	19	25	0	25	23	0	23	13	0	13	16	0	16	14	0	14
NC_059187.1	1017166	1017167	*	17	0	17	13	0	13	11	0	11	11	0	11	17	0	17	12	0	12	11	0	11	11	0	11	16	0	16	23	10	13	24	0	24	22	0	22	13	0	13	17	1	16	21	0	21	19	0	19	13	0	13	18	0	18	16	0	16	11	0	11
NC_059187.1	2735489	2735490	*	21	0	21	18	0	18	22	0	22	20	0	20	16	1	15	22	1	21	13	0	13	16	0	16	19	0	19	23	4	19	24	0	24	34	1	33	19	0	19	18	1	17	20	0	20	22	1	21	23	0	23	14	1	13	19	1	18	17	0	17
NC_059187.1	2735530	2735531	*	23	0	23	22	0	22	23	0	23	20	0	20	15	0	15	22	1	21	17	0	17	17	0	17	15	0	15	24	3	21	26	0	26	40	0	40	16	0	16	20	0	20	18	0	18	24	1	23	24	0	24	11	0	11	19	1	18	20	0	20
NC_059187.1	2788997	2788998	*	16	0	16	20	0	20	13	0	13	16	0	16	19	0	19	15	0	15	18	0	18	16	0	16	21	0	21	21	3	18	22	0	22	30	0	30	27	0	27	30	0	30	22	0	22	22	0	22	19	0	19	30	1	29	21	0	21	19	0	19
NC_059187.1	2828476	2828477	*	11	0	11	19	0	19	12	0	12	21	0	21	14	0	14	20	0	20	16	0	16	16	0	16	12	0	12	25	13	12	17	0	17	12	0	12	26	1	25	16	0	16	25	11	14	22	0	22	18	0	18	12	0	12	16	1	15	26	0	26
NC_059187.1	2900698	2900699	*	14	0	14	27	0	27	16	0	16	19	0	19	17	0	17	11	0	11	21	0	21	19	0	19	16	0	16	15	4	11	17	0	17	16	1	15	12	0	12	25	0	25	23	0	23	25	0	25	20	0	20	25	3	22	22	0	22	14	0	14
NC_059187.1	9596962	9596963	*	15	0	15	16	0	16	13	0	13	19	0	19	10	0	10	20	0	20	14	0	14	16	0	16	17	0	17	19	3	16	30	0	30	27	0	27	26	0	26	21	0	21	28	0	28	28	0	28	20	0	20	18	0	18	15	0	15	19	1	18
NC_059188.1	8334070	8334071	*	12	0	12	14	0	14	17	0	17	15	0	15	17	0	17	25	0	25	10	0	10	25	0	25	19	0	19	19	4	15	17	0	17	16	0	16	21	0	21	20	0	20	13	0	13	22	0	22	20	0	20	23	0	23	26	1	25	14	0	14
NC_059188.1	9572147	9572148	*	23	0	23	15	0	15	16	0	16	13	0	13	12	0	12	22	0	22	20	0	20	19	0	19	15	0	15	27	3	24	24	1	23	14	0	14	19	0	19	19	0	19	22	0	22	16	0	16	17	0	17	12	0	12	25	0	25	27	0	27
NC_059188.1	9811383	9811384	*	20	0	20	26	0	26	13	0	13	24	0	24	19	0	19	31	0	31	18	0	18	26	1	25	19	0	19	28	3	25	16	0	16	22	0	22	46	0	46	34	0	34	28	0	28	33	0	33	22	0	22	26	0	26	31	0	31	20	0	20
NC_059188.1	12698420	12698421	*	25	0	25	18	0	18	13	0	13	12	0	12	20	0	20	17	0	17	17	0	17	19	0	19	11	0	11	23	3	20	20	0	20	10	0	10	24	0	24	21	0	21	21	0	21	19	0	19	16	0	16	19	0	19	14	0	14	17	0	17
NC_059188.1	12981721	12981722	*	14	0	14	20	0	20	17	0	17	19	0	19	10	0	10	23	0	23	18	1	17	11	0	11	13	0	13	20	10	10	18	1	17	23	0	23	10	0	10	20	0	20	17	0	17	21	0	21	21	0	21	19	0	19	15	1	14	10	0	10
NC_059188.1	13017164	13017165	*	13	0	13	24	2	22	17	1	16	26	2	24	15	0	15	17	2	15	18	2	16	13	2	11	14	1	13	25	4	21	28	2	26	22	1	21	22	1	21	24	2	22	25	7	18	27	10	17	16	4	12	11	2	9	23	5	18	14	2	12
NC_059188.1	13017174	13017175	*	14	0	14	24	1	23	17	0	17	24	2	22	15	0	15	15	0	15	17	0	17	12	0	12	15	1	14	27	3	24	29	1	28	20	1	19	21	0	21	25	1	24	26	1	25	28	6	22	16	3	13	10	0	10	24	4	20	16	2	14
NC_059189.1	1798666	1798667	*	17	0	17	27	0	27	14	0	14	17	0	17	18	1	17	15	0	15	22	0	22	28	0	28	16	0	16	26	12	14	20	0	20	23	0	23	12	1	11	22	0	22	22	0	22	17	0	17	25	0	25	25	0	25	26	0	26	31	0	31
NC_059189.1	2070970	2070971	*	24	0	24	22	1	21	18	1	17	15	0	15	21	0	21	19	2	17	18	1	17	10	2	8	18	0	18	31	4	27	27	1	26	18	0	18	31	2	29	32	1	31	24	1	23	23	2	21	19	2	17	15	1	14	26	2	24	22	4	18
NC_059189.1	2570382	2570383	*	23	0	23	27	0	27	16	0	16	17	0	17	17	1	16	27	0	27	23	0	23	16	0	16	12	0	12	33	3	30	26	0	26	20	0	20	32	0	32	27	0	27	38	1	37	17	0	17	19	0	19	15	1	14	30	0	30	16	0	16
NC_059189.1	7440810	7440811	*	25	0	25	23	0	23	22	0	22	19	1	18	24	0	24	15	0	15	18	0	18	11	0	11	15	0	15	24	6	18	37	0	37	20	0	20	26	0	26	22	0	22	27	1	26	30	0	30	21	0	21	42	0	42	22	0	22	20	0	20
NC_059189.1	7507771	7507772	*	18	0	18	13	0	13	10	0	10	22	0	22	29	0	29	19	0	19	22	0	22	16	0	16	17	0	17	27	9	18	27	0	27	21	0	21	33	0	33	29	0	29	22	0	22	16	0	16	25	0	25	26	0	26	32	0	32	26	0	26
NC_059190.1	3064350	3064351	*	15	0	15	18	0	18	17	1	16	21	0	21	15	0	15	15	0	15	16	0	16	10	0	10	12	0	12	22	3	19	13	0	13	19	0	19	19	0	19	16	0	16	23	0	23	15	0	15	18	0	18	15	0	15	21	0	21	19	5	14
NC_059191.1	52287	52288	*	12	0	12	24	0	24	18	0	18	14	0	14	12	0	12	20	0	20	14	0	14	15	1	14	12	0	12	18	6	12	20	0	20	13	0	13	16	0	16	16	0	16	16	0	16	17	0	17	22	1	21	22	0	22	14	0	14	19	0	19
NC_059191.1	592191	592192	*	23	0	23	20	0	20	22	0	22	26	0	26	34	1	33	15	0	15	12	1	11	18	0	18	16	0	16	18	6	12	19	0	19	14	0	14	26	1	25	20	0	20	26	0	26	23	0	23	21	0	21	13	0	13	26	0	26	21	0	21
NC_059191.1	990074	990075	*	20	0	20	19	0	19	17	0	17	12	0	12	20	0	20	16	1	15	16	0	16	15	0	15	16	0	16	24	3	21	23	0	23	12	0	12	26	1	25	17	0	17	22	0	22	17	1	16	23	2	21	19	1	18	24	1	23	21	0	21
NC_059191.1	5366251	5366252	*	20	0	20	25	0	25	17	0	17	18	0	18	12	0	12	17	0	17	14	0	14	10	0	10	17	0	17	18	3	15	25	0	25	17	0	17	27	0	27	20	0	20	22	0	22	11	0	11	20	0	20	11	0	11	14	0	14	17	0	17
NW_025533130.1	225550	225551	*	43	1	42	26	0	26	20	0	20	16	0	16	28	1	27	25	0	25	29	1	28	29	0	29	16	0	16	25	9	16	16	0	16	26	0	26	29	0	29	24	0	24	29	1	28	20	1	19	31	8	23	45	0	45	33	1	32	17	0	17
NW_025533130.1	232517	232518	*	25	0	25	26	2	24	19	2	17	24	0	24	17	1	16	29	0	29	33	0	33	15	0	15	19	1	18	34	10	24	39	2	37	28	1	27	35	1	34	41	0	41	39	1	38	21	0	21	38	0	38	52	14	38	35	0	35	21	2	19
NW_025533136.1	19586	19587	*	39	0	39	19	0	19	19	0	19	25	0	25	18	0	18	21	0	21	20	0	20	18	0	18	40	1	39	36	9	27	29	0	29	10	1	9	31	0	31	24	0	24	35	0	35	27	0	27	48	0	48	13	0	13	30	0	30	22	1	21
NW_025533263.1	33106	33107	*	62	1	61	33	0	33	38	0	38	22	0	22	48	2	46	37	2	35	33	0	33	49	0	49	18	1	17	83	6	77	28	1	27	42	2	40	79	5	74	64	7	57	100	4	96	35	1	34	53	1	52	25	2	23	81	2	79	62	1	61
NW_025533332.1	10460	10461	*	58	0	58	20	0	20	29	0	29	16	0	16	44	1	43	37	1	36	40	0	40	35	0	35	29	1	28	30	7	23	29	0	29	30	1	29	47	0	47	39	0	39	32	0	32	24	0	24	31	0	31	37	0	37	32	0	32	25	0	25
NW_025533332.1	28091	28092	*	55	0	55	45	0	45	32	0	32	34	0	34	51	0	51	38	0	38	36	0	36	44	0	44	34	0	34	68	4	64	43	0	43	57	0	57	72	0	72	78	1	77	49	3	46	45	1	44	31	0	31	46	1	45	48	1	47	48	0	48
NW_025533332.1	30274	30275	*	43	1	42	37	1	36	32	1	31	22	1	21	47	2	45	33	0	33	15	0	15	20	0	20	26	0	26	40	4	36	34	3	31	21	1	20	55	0	55	69	0	69	52	0	52	33	0	33	50	0	50	79	2	77	25	0	25	39	2	37
NC_059182.1	755882	755883	*	42	0	42	19	1	18	26	0	26	12	0	12	24	0	24	35	0	35	21	0	21	35	0	35	16	0	16	23	0	23	21	4	17	38	8	30	15	0	15	24	0	24	32	0	32	18	0	18	24	0	24	39	0	39	43	0	43	19	0	19
NC_059182.1	6299831	6299832	*	14	0	14	40	0	40	25	0	25	25	0	25	29	0	29	18	0	18	11	1	10	28	0	28	15	0	15	35	0	35	34	3	31	32	0	32	26	0	26	33	0	33	13	0	13	24	0	24	25	0	25	12	0	12	28	0	28	29	0	29
NC_059182.1	8559684	8559685	*	20	0	20	44	0	44	35	0	35	48	0	48	32	1	31	53	0	53	30	1	29	50	1	49	34	0	34	22	0	22	28	3	25	15	0	15	31	0	31	16	0	16	34	1	33	18	0	18	19	0	19	64	0	64	51	1	50	18	0	18
NC_059182.1	12161512	12161513	*	19	1	18	32	0	32	22	0	22	20	0	20	26	0	26	31	0	31	21	0	21	21	0	21	13	0	13	26	0	26	23	3	20	23	0	23	17	0	17	31	0	31	30	0	30	24	0	24	19	0	19	11	0	11	30	0	30	33	0	33
NC_059182.1	13058617	13058618	*	13	1	12	27	0	27	14	0	14	25	0	25	14	0	14	32	0	32	18	1	17	21	2	19	28	0	28	22	0	22	26	4	22	28	0	28	28	4	24	21	1	20	29	0	29	29	0	29	30	0	30	29	0	29	39	0	39	15	0	15
NC_059182.1	13058640	13058641	*	14	1	13	22	0	22	16	0	16	26	1	25	14	0	14	30	0	30	20	0	20	15	2	13	29	0	29	19	0	19	29	4	25	28	1	27	29	6	23	20	1	19	27	0	27	28	1	27	26	0	26	26	0	26	33	0	33	13	1	12
NC_059182.1	15824675	15824676	*	20	0	20	10	0	10	17	0	17	17	0	17	13	0	13	11	0	11	17	0	17	12	0	12	11	0	11	22	0	22	19	7	12	22	0	22	18	0	18	13	0	13	25	0	25	13	0	13	12	0	12	20	0	20	21	0	21	13	0	13
NC_059182.1	18087701	18087702	*	22	0	22	35	0	35	19	0	19	25	0	25	24	0	24	25	0	25	18	0	18	14	0	14	18	0	18	33	0	33	20	3	17	23	0	23	29	0	29	27	0	27	36	0	36	37	0	37	29	0	29	10	0	10	31	0	31	21	0	21
NC_059183.1	467896	467897	*	15	0	15	18	0	18	10	0	10	24	0	24	18	0	18	11	0	11	17	0	17	24	0	24	12	0	12	28	1	27	27	12	15	24	0	24	20	0	20	25	0	25	16	0	16	17	0	17	22	0	22	15	0	15	26	0	26	15	0	15
NC_059183.1	467908	467909	*	15	0	15	16	0	16	10	0	10	25	0	25	18	0	18	12	0	12	18	0	18	24	0	24	10	0	10	29	0	29	26	11	15	26	0	26	20	1	19	23	0	23	17	0	17	15	0	15	23	0	23	16	2	14	28	0	28	14	0	14
NC_059183.1	3066883	3066884	*	34	0	34	20	0	20	25	0	25	22	0	22	33	1	32	32	0	32	28	0	28	21	0	21	21	0	21	27	0	27	32	12	20	21	0	21	32	0	32	41	1	40	36	2	34	29	0	29	39	0	39	31	0	31	36	0	36	33	0	33
NC_059183.1	3374791	3374792	*	20	0	20	15	0	15	13	0	13	17	0	17	21	1	20	20	0	20	14	0	14	13	0	13	10	0	10	25	0	25	20	3	17	14	0	14	27	0	27	23	0	23	25	0	25	18	0	18	17	0	17	18	0	18	14	0	14	21	0	21
NC_059183.1	11941199	11941200	*	18	0	18	23	1	22	23	0	23	22	0	22	18	0	18	12	0	12	16	0	16	21	0	21	13	0	13	21	0	21	22	8	14	25	0	25	27	0	27	22	0	22	20	0	20	24	0	24	22	0	22	15	0	15	31	0	31	24	0	24
NC_059183.1	12511178	12511179	*	18	0	18	14	0	14	18	0	18	16	0	16	15	0	15	15	0	15	13	0	13	17	0	17	25	0	25	15	0	15	26	3	23	20	0	20	12	0	12	25	0	25	26	0	26	21	0	21	26	0	26	16	0	16	20	0	20	19	0	19
NC_059184.1	2226270	2226271	*	10	0	10	20	0	20	19	0	19	18	0	18	21	0	21	22	0	22	21	0	21	22	0	22	16	0	16	21	0	21	31	3	28	27	0	27	15	0	15	29	0	29	27	0	27	26	0	26	23	0	23	20	1	19	28	0	28	25	0	25
NC_059184.1	2745289	2745290	*	10	0	10	20	0	20	13	0	13	15	0	15	18	0	18	12	0	12	20	0	20	12	1	11	10	0	10	20	0	20	28	3	25	31	0	31	25	0	25	21	0	21	38	0	38	19	0	19	21	0	21	10	0	10	21	0	21	13	0	13
NC_059184.1	8948527	8948528	*	21	0	21	19	0	19	18	0	18	13	0	13	15	1	14	16	2	14	46	0	46	19	1	18	14	0	14	18	0	18	14	3	11	15	8	7	19	0	19	25	1	24	14	0	14	25	0	25	23	0	23	25	1	24	36	0	36	10	0	10
NC_059184.1	9498208	9498209	*	23	0	23	22	0	22	20	0	20	18	0	18	15	0	15	20	0	20	18	0	18	10	1	9	14	0	14	31	0	31	31	3	28	30	0	30	32	0	32	31	0	31	32	0	32	17	0	17	37	1	36	23	0	23	14	0	14	34	1	33
NC_059184.1	11529608	11529609	*	23	0	23	21	0	21	13	0	13	24	0	24	30	0	30	20	0	20	22	0	22	15	0	15	14	0	14	19	0	19	28	5	23	10	1	9	30	0	30	22	0	22	35	0	35	23	0	23	27	0	27	23	0	23	23	0	23	15	0	15
NC_059184.1	12774438	12774439	*	15	0	15	11	0	11	12	0	12	15	0	15	15	0	15	16	0	16	16	0	16	14	0	14	14	0	14	18	0	18	12	7	5	18	0	18	15	0	15	20	0	20	19	0	19	14	0	14	16	0	16	13	0	13	25	0	25	19	0	19
NC_059184.1	13195746	13195747	*	19	0	19	14	0	14	12	0	12	22	0	22	26	0	26	18	0	18	20	0	20	17	0	17	15	0	15	19	0	19	17	3	14	21	0	21	14	0	14	20	0	20	15	0	15	18	0	18	17	0	17	25	0	25	22	0	22	11	0	11
NC_059185.1	10933744	10933745	*	24	0	24	27	0	27	10	0	10	18	0	18	10	0	10	22	0	22	18	0	18	17	0	17	28	0	28	16	0	16	39	4	35	16	0	16	25	0	25	17	0	17	22	0	22	34	0	34	32	0	32	17	5	12	23	6	17	18	0	18
NC_059185.1	12579197	12579198	*	47	0	47	38	0	38	25	0	25	15	0	15	16	0	16	20	0	20	24	0	24	34	0	34	23	0	23	30	0	30	33	3	30	47	0	47	26	0	26	34	0	34	15	0	15	47	1	46	12	0	12	13	2	11	21	0	21	23	2	21
NC_059185.1	13091247	13091248	*	44	0	44	46	0	46	19	0	19	21	0	21	15	0	15	25	0	25	19	0	19	15	0	15	24	0	24	33	0	33	39	4	35	42	0	42	15	2	13	26	0	26	50	0	50	20	0	20	30	1	29	29	1	28	19	0	19	42	0	42
NC_059185.1	13091355	13091356	*	55	0	55	59	0	59	18	0	18	18	0	18	20	0	20	31	0	31	29	0	29	16	0	16	25	0	25	44	0	44	52	7	45	59	2	57	15	0	15	34	0	34	67	2	65	39	0	39	30	1	29	12	0	12	24	0	24	52	0	52
NC_059185.1	13254586	13254587	*	18	0	18	13	0	13	12	0	12	18	0	18	12	0	12	12	0	12	14	0	14	20	0	20	12	0	12	14	0	14	25	8	17	20	0	20	11	0	11	16	0	16	15	0	15	18	0	18	15	0	15	13	0	13	14	0	14	22	0	22
NC_059186.1	6843731	6843732	*	16	0	16	39	1	38	14	0	14	17	0	17	22	0	22	18	0	18	21	1	20	20	0	20	25	0	25	34	2	32	28	14	14	34	0	34	26	1	25	17	0	17	28	0	28	27	0	27	23	0	23	23	0	23	22	0	22	25	0	25
NC_059186.1	8070007	8070008	*	13	0	13	28	0	28	21	0	21	12	0	12	13	0	13	13	0	13	20	0	20	18	0	18	13	0	13	15	0	15	13	6	7	18	1	17	23	0	23	28	0	28	15	0	15	20	0	20	19	0	19	14	0	14	17	0	17	15	0	15
NC_059186.1	10584238	10584239	*	12	0	12	26	0	26	13	0	13	19	0	19	17	0	17	15	0	15	13	0	13	14	0	14	11	0	11	22	0	22	26	3	23	20	0	20	26	0	26	24	0	24	19	0	19	21	1	20	23	0	23	17	0	17	17	1	16	19	0	19
NC_059186.1	11673059	11673060	*	10	0	10	23	0	23	12	0	12	15	0	15	19	0	19	18	0	18	18	0	18	12	0	12	15	0	15	20	0	20	24	8	16	19	0	19	20	0	20	18	0	18	20	0	20	13	1	12	10	0	10	10	0	10	19	0	19	20	0	20
NC_059186.1	11673111	11673112	*	10	0	10	22	0	22	10	0	10	19	0	19	15	0	15	16	0	16	22	0	22	18	0	18	15	0	15	18	0	18	33	11	22	18	0	18	16	0	16	18	0	18	18	0	18	13	0	13	15	0	15	10	0	10	21	0	21	18	0	18
NC_059186.1	11673122	11673123	*	10	0	10	23	0	23	11	0	11	21	0	21	12	0	12	16	0	16	23	0	23	18	0	18	14	0	14	17	0	17	30	5	25	17	0	17	12	0	12	19	0	19	19	0	19	14	0	14	15	1	14	10	0	10	20	0	20	16	0	16
NC_059187.1	1653121	1653122	*	12	0	12	20	0	20	15	0	15	20	0	20	15	0	15	16	0	16	14	0	14	13	0	13	19	0	19	26	0	26	21	3	18	26	0	26	17	0	17	27	0	27	14	0	14	16	0	16	15	1	14	15	0	15	27	0	27	19	0	19
NC_059187.1	6656139	6656140	*	23	0	23	25	0	25	22	0	22	11	0	11	26	0	26	27	0	27	16	0	16	24	0	24	12	0	12	21	0	21	36	12	24	16	0	16	21	0	21	28	0	28	20	0	20	17	0	17	39	10	29	42	0	42	25	0	25	25	1	24
NC_059187.1	6656309	6656310	*	17	0	17	17	0	17	18	0	18	17	0	17	18	0	18	28	0	28	14	0	14	18	0	18	15	0	15	17	0	17	17	7	10	17	0	17	16	0	16	18	0	18	16	0	16	16	1	15	23	0	23	36	1	35	17	0	17	17	0	17
NC_059187.1	8853859	8853860	*	14	0	14	24	0	24	15	0	15	18	0	18	12	0	12	21	0	21	16	0	16	22	0	22	22	0	22	21	0	21	17	3	14	17	0	17	13	0	13	14	0	14	19	0	19	22	0	22	16	0	16	48	0	48	19	0	19	14	0	14
NC_059188.1	11964697	11964698	*	24	0	24	17	0	17	13	0	13	15	0	15	13	0	13	16	0	16	10	0	10	18	0	18	13	0	13	21	0	21	20	3	17	25	0	25	22	0	22	16	0	16	20	0	20	25	0	25	23	0	23	43	0	43	24	1	23	10	0	10
NC_059189.1	775102	775103	*	15	0	15	13	0	13	12	0	12	15	0	15	14	0	14	13	0	13	11	0	11	12	0	12	17	0	17	18	0	18	17	6	11	18	0	18	14	0	14	22	1	21	18	0	18	16	0	16	12	0	12	14	0	14	15	0	15	14	1	13
NC_059189.1	1790903	1790904	*	17	0	17	20	0	20	19	0	19	11	0	11	17	0	17	22	0	22	22	0	22	23	0	23	15	0	15	31	0	31	32	3	29	23	0	23	20	0	20	20	0	20	23	0	23	22	1	21	28	0	28	32	0	32	32	0	32	18	0	18
NC_059189.1	2034353	2034354	*	14	0	14	14	1	13	12	0	12	18	1	17	11	0	11	16	0	16	14	0	14	13	0	13	20	0	20	19	0	19	18	8	10	21	0	21	16	0	16	23	12	11	17	0	17	13	1	12	10	0	10	10	0	10	22	0	22	10	0	10
NC_059189.1	2034371	2034372	*	12	0	12	14	1	13	14	0	14	18	1	17	11	0	11	13	0	13	13	0	13	14	0	14	19	0	19	23	0	23	14	6	8	23	0	23	16	1	15	20	9	11	20	0	20	13	0	13	12	0	12	12	0	12	17	0	17	11	0	11
NC_059189.1	2034375	2034376	*	11	0	11	14	1	13	14	0	14	18	1	17	11	0	11	13	0	13	13	0	13	14	0	14	19	0	19	23	0	23	15	7	8	22	0	22	17	0	17	19	9	10	20	0	20	14	0	14	12	0	12	12	0	12	16	0	16	11	0	11
NC_059189.1	2259695	2259696	*	19	0	19	17	0	17	16	1	15	19	0	19	20	0	20	24	0	24	15	0	15	11	0	11	12	0	12	29	0	29	28	3	25	20	0	20	22	0	22	22	0	22	32	0	32	20	0	20	23	0	23	10	0	10	27	0	27	20	0	20
NC_059189.1	7537653	7537654	*	41	0	41	22	0	22	25	0	25	21	0	21	20	1	19	24	0	24	23	0	23	23	0	23	21	0	21	25	0	25	32	3	29	12	0	12	33	0	33	26	1	25	36	0	36	23	0	23	24	0	24	39	0	39	29	0	29	14	0	14
NC_059189.1	8755758	8755759	*	36	0	36	37	0	37	27	0	27	20	0	20	22	0	22	37	0	37	24	0	24	20	0	20	15	0	15	23	0	23	26	3	23	20	0	20	27	0	27	38	4	34	30	0	30	28	1	27	17	0	17	12	0	12	30	0	30	26	0	26
NC_059189.1	9427635	9427636	*	19	0	19	37	0	37	21	0	21	24	0	24	18	0	18	33	0	33	21	1	20	23	0	23	19	0	19	21	0	21	23	6	17	19	0	19	14	1	13	35	0	35	41	0	41	33	0	33	27	1	26	21	0	21	25	0	25	10	0	10
NC_059190.1	89137	89138	*	11	0	11	18	0	18	26	0	26	18	0	18	16	0	16	16	0	16	11	0	11	11	0	11	21	0	21	27	0	27	26	3	23	23	0	23	27	0	27	24	0	24	28	0	28	17	0	17	16	0	16	13	0	13	22	0	22	15	0	15
NC_059190.1	127673	127674	*	14	0	14	15	0	15	15	0	15	12	0	12	13	0	13	15	0	15	17	0	17	18	0	18	11	0	11	18	0	18	17	9	8	23	0	23	16	0	16	20	6	14	26	0	26	22	0	22	15	0	15	12	7	5	27	0	27	13	0	13
NC_059190.1	127687	127688	*	14	0	14	16	0	16	15	0	15	12	0	12	16	0	16	16	0	16	17	0	17	18	0	18	11	0	11	17	0	17	16	9	7	25	0	25	17	0	17	21	8	13	26	0	26	22	0	22	15	1	14	12	7	5	27	1	26	13	0	13
NC_059191.1	9017257	9017258	*	16	0	16	16	0	16	18	0	18	10	1	9	23	0	23	16	0	16	16	0	16	15	0	15	19	0	19	22	0	22	29	10	19	20	0	20	24	0	24	22	0	22	23	1	22	22	0	22	18	0	18	24	0	24	19	0	19	19	0	19
NW_025533168.1	73044	73045	*	22	0	22	22	1	21	23	0	23	23	0	23	22	0	22	15	0	15	21	0	21	10	0	10	15	0	15	21	0	21	32	3	29	11	0	11	39	0	39	32	1	31	28	0	28	23	0	23	25	0	25	44	1	43	20	1	19	28	0	28
NW_025533169.1	73598	73599	*	67	1	66	32	0	32	38	0	38	15	0	15	56	0	56	25	0	25	27	0	27	35	0	35	19	1	18	63	1	62	32	9	23	24	0	24	21	0	21	54	0	54	58	0	58	28	13	15	45	1	44	63	12	51	46	9	37	21	0	21
NW_025533169.1	73941	73942	*	55	1	54	27	0	27	28	0	28	18	0	18	34	0	34	14	0	14	33	0	33	36	0	36	12	0	12	47	0	47	28	10	18	27	0	27	10	0	10	57	0	57	44	0	44	17	9	8	33	0	33	29	7	22	45	0	45	24	0	24
NW_025533169.1	75292	75293	*	78	0	78	39	0	39	24	0	24	22	0	22	43	1	42	19	0	19	41	0	41	39	1	38	23	0	23	48	0	48	44	7	37	35	0	35	18	3	15	74	3	71	39	2	37	26	5	21	40	0	40	55	15	40	39	1	38	22	3	19
NW_025533332.1	28528	28529	*	43	0	43	23	1	22	27	0	27	15	0	15	15	1	14	18	0	18	20	0	20	33	0	33	22	0	22	19	0	19	10	3	7	25	0	25	57	0	57	37	2	35	36	0	36	31	1	30	40	0	40	51	2	49	28	1	27	30	1	29
NC_059182.1	88635	88636	*	10	0	10	30	0	30	19	0	19	16	0	16	12	0	12	20	0	20	20	0	20	11	0	11	13	0	13	17	0	17	21	0	21	22	3	19	37	0	37	23	0	23	21	0	21	15	0	15	16	0	16	11	0	11	25	0	25	16	0	16
NC_059182.1	755820	755821	*	44	0	44	20	1	19	27	0	27	11	0	11	26	0	26	38	0	38	20	0	20	38	0	38	11	0	11	24	0	24	25	0	25	35	9	26	17	0	17	24	0	24	36	0	36	20	0	20	22	0	22	37	1	36	42	0	42	22	0	22
NC_059182.1	1483653	1483654	*	13	0	13	16	1	15	10	0	10	14	1	13	14	0	14	23	1	22	18	0	18	10	0	10	13	0	13	14	0	14	20	0	20	22	3	19	16	0	16	11	0	11	16	0	16	23	2	21	18	0	18	11	0	11	15	2	13	16	1	15
NC_059182.1	11271745	11271746	*	28	0	28	17	0	17	17	0	17	14	0	14	23	0	23	19	0	19	20	0	20	16	0	16	19	0	19	27	0	27	26	0	26	15	6	9	31	0	31	24	0	24	21	1	20	18	0	18	25	0	25	30	0	30	32	0	32	27	1	26
NC_059182.1	11271767	11271768	*	23	0	23	19	0	19	15	0	15	12	0	12	24	0	24	18	1	17	21	0	21	16	0	16	16	0	16	28	0	28	21	1	20	15	5	10	32	0	32	23	0	23	21	0	21	18	0	18	22	0	22	25	0	25	26	0	26	23	0	23
NC_059182.1	11380842	11380843	*	16	1	15	18	0	18	16	0	16	11	0	11	25	0	25	15	0	15	16	0	16	26	0	26	17	0	17	22	0	22	19	0	19	15	5	10	16	0	16	19	0	19	18	0	18	15	0	15	27	1	26	29	0	29	17	0	17	19	0	19
NC_059182.1	12272775	12272776	*	17	0	17	20	0	20	13	0	13	24	0	24	17	0	17	13	0	13	15	0	15	14	0	14	16	0	16	28	0	28	18	0	18	18	6	12	22	1	21	20	7	13	17	0	17	17	14	3	18	0	18	18	0	18	15	0	15	19	0	19
NC_059182.1	14052588	14052589	*	13	0	13	17	0	17	17	0	17	12	0	12	12	0	12	19	0	19	17	0	17	12	0	12	15	0	15	14	1	13	16	0	16	12	3	9	20	0	20	17	0	17	22	0	22	25	0	25	20	1	19	17	0	17	21	0	21	15	0	15
NC_059182.1	14052597	14052598	*	15	0	15	19	0	19	19	0	19	13	0	13	14	0	14	22	1	21	16	0	16	13	0	13	16	0	16	13	0	13	18	0	18	15	6	9	23	0	23	20	0	20	23	0	23	25	0	25	21	0	21	18	1	17	20	0	20	16	0	16
NC_059182.1	14566485	14566486	*	24	0	24	16	0	16	17	0	17	14	1	13	11	0	11	20	0	20	11	0	11	12	0	12	13	0	13	17	0	17	26	0	26	29	3	26	14	0	14	20	0	20	14	0	14	15	0	15	18	0	18	21	0	21	24	0	24	14	0	14
NC_059182.1	16027622	16027623	*	10	1	9	13	0	13	12	0	12	23	0	23	17	0	17	15	0	15	11	0	11	10	1	9	11	0	11	13	0	13	23	2	21	10	3	7	19	0	19	10	0	10	11	0	11	16	0	16	12	4	8	41	0	41	15	0	15	23	14	9
NC_059183.1	747548	747549	*	12	0	12	13	0	13	11	0	11	18	0	18	11	0	11	12	0	12	21	0	21	14	0	14	10	0	10	13	0	13	14	0	14	21	9	12	21	0	21	15	0	15	15	0	15	21	0	21	19	0	19	18	0	18	15	0	15	20	0	20
NC_059183.1	747552	747553	*	12	0	12	13	0	13	11	0	11	18	0	18	11	0	11	12	0	12	21	0	21	15	0	15	10	0	10	13	0	13	14	0	14	22	9	13	21	0	21	15	0	15	15	0	15	20	0	20	19	1	18	17	1	16	15	0	15	18	0	18
NC_059183.1	1730640	1730641	*	21	0	21	20	0	20	17	0	17	15	0	15	21	0	21	14	0	14	25	0	25	18	0	18	15	0	15	17	0	17	25	0	25	25	3	22	27	0	27	26	0	26	19	0	19	20	0	20	24	0	24	10	0	10	30	0	30	13	0	13
NC_059183.1	1736919	1736920	*	20	0	20	23	0	23	17	0	17	16	0	16	14	0	14	23	0	23	21	0	21	13	0	13	18	0	18	12	0	12	26	1	25	28	3	25	23	0	23	27	0	27	21	0	21	27	0	27	14	0	14	13	0	13	17	0	17	15	0	15
NC_059183.1	4445639	4445640	*	16	0	16	21	0	21	21	0	21	16	0	16	19	0	19	26	0	26	18	0	18	12	0	12	19	0	19	25	0	25	33	0	33	25	3	22	27	0	27	26	0	26	26	0	26	21	1	20	19	0	19	10	0	10	14	0	14	28	0	28
NC_059183.1	4975097	4975098	*	15	0	15	19	0	19	18	0	18	12	0	12	12	0	12	18	0	18	17	0	17	15	0	15	11	0	11	16	0	16	13	0	13	19	3	16	19	0	19	24	0	24	22	0	22	21	0	21	24	0	24	11	0	11	26	0	26	14	0	14
NC_059183.1	7862863	7862864	*	14	0	14	12	0	12	15	0	15	16	0	16	19	0	19	28	0	28	14	0	14	16	0	16	15	0	15	21	0	21	25	0	25	23	3	20	21	0	21	21	0	21	28	0	28	14	0	14	15	0	15	11	0	11	28	0	28	27	0	27
NC_059184.1	322608	322609	*	11	0	11	31	0	31	14	0	14	19	0	19	20	0	20	19	0	19	17	1	16	14	1	13	10	0	10	17	0	17	17	0	17	19	3	16	18	0	18	18	0	18	20	0	20	21	0	21	16	3	13	11	0	11	23	0	23	21	0	21
NC_059184.1	833149	833150	*	14	0	14	14	0	14	14	0	14	10	0	10	13	1	12	13	0	13	17	0	17	10	0	10	13	0	13	12	0	12	16	0	16	23	11	12	13	0	13	12	0	12	10	0	10	22	0	22	14	0	14	13	0	13	16	0	16	11	0	11
NC_059184.1	1182392	1182393	*	12	0	12	21	1	20	15	0	15	20	0	20	16	0	16	19	0	19	23	0	23	18	0	18	15	0	15	18	1	17	21	0	21	20	7	13	17	0	17	15	0	15	23	0	23	27	10	17	17	3	14	23	19	4	20	4	16	20	0	20
NC_059184.1	2842440	2842441	*	21	0	21	27	0	27	15	0	15	15	0	15	16	1	15	20	0	20	22	0	22	16	0	16	15	0	15	24	0	24	19	0	19	13	3	10	19	0	19	18	1	17	30	11	19	18	0	18	17	1	16	20	0	20	33	0	33	16	1	15
NC_059184.1	3994168	3994169	*	19	1	18	24	0	24	20	0	20	13	0	13	16	0	16	17	0	17	15	0	15	19	0	19	19	0	19	18	0	18	13	1	12	13	9	4	15	0	15	17	0	17	17	0	17	11	0	11	17	0	17	23	0	23	21	1	20	16	0	16
NC_059184.1	4460784	4460785	*	14	0	14	20	0	20	17	0	17	13	0	13	13	0	13	15	1	14	18	0	18	18	0	18	12	0	12	14	0	14	17	0	17	16	9	7	21	0	21	21	0	21	22	1	21	13	0	13	10	0	10	10	0	10	17	0	17	10	0	10
NC_059184.1	7662998	7662999	*	19	0	19	22	0	22	15	0	15	24	0	24	20	0	20	16	0	16	14	0	14	20	0	20	20	1	19	16	0	16	17	0	17	30	3	27	32	0	32	24	0	24	33	0	33	23	0	23	24	1	23	26	0	26	22	0	22	16	0	16
NC_059185.1	33936	33937	*	12	0	12	11	0	11	15	0	15	20	0	20	14	0	14	14	0	14	10	0	10	16	0	16	11	0	11	15	0	15	16	0	16	18	12	6	19	1	18	16	0	16	18	0	18	18	0	18	24	6	18	10	1	9	21	0	21	23	12	11
NC_059185.1	350927	350928	*	16	0	16	23	0	23	15	0	15	18	0	18	18	0	18	19	0	19	20	0	20	23	0	23	12	0	12	25	0	25	19	0	19	29	13	16	30	0	30	19	1	18	14	0	14	22	0	22	20	0	20	12	0	12	23	0	23	15	0	15
NC_059185.1	2126608	2126609	*	16	0	16	12	0	12	12	0	12	18	0	18	12	0	12	20	0	20	19	1	18	17	0	17	21	0	21	16	0	16	15	0	15	16	3	13	21	0	21	16	0	16	26	0	26	23	0	23	33	0	33	14	0	14	18	0	18	24	0	24
NC_059185.1	3289931	3289932	*	22	0	22	18	0	18	11	0	11	18	0	18	11	0	11	22	0	22	19	0	19	11	0	11	16	0	16	17	0	17	23	0	23	18	3	15	23	0	23	25	0	25	23	0	23	24	0	24	10	0	10	10	0	10	21	0	21	13	0	13
NC_059185.1	3965627	3965628	*	15	1	14	25	0	25	17	0	17	15	0	15	25	0	25	20	0	20	20	0	20	18	0	18	20	0	20	30	0	30	28	0	28	30	4	26	26	0	26	23	0	23	30	0	30	21	1	20	23	0	23	20	0	20	26	0	26	26	0	26
NC_059185.1	10870698	10870699	*	30	0	30	16	1	15	15	0	15	14	0	14	14	0	14	22	0	22	11	0	11	15	0	15	21	1	20	25	0	25	26	1	25	22	4	18	22	0	22	21	2	19	21	0	21	24	0	24	27	3	24	11	6	5	22	0	22	26	1	25
NC_059185.1	10870701	10870702	*	29	0	29	16	1	15	15	0	15	14	0	14	14	0	14	23	0	23	11	0	11	16	0	16	21	1	20	25	0	25	26	1	25	22	3	19	23	0	23	21	2	19	21	0	21	24	0	24	27	3	24	11	6	5	22	0	22	25	1	24
NC_059186.1	3940644	3940645	*	28	0	28	33	0	33	22	0	22	14	0	14	30	0	30	20	0	20	19	0	19	27	0	27	18	0	18	25	0	25	14	0	14	17	3	14	16	0	16	18	0	18	27	0	27	25	0	25	11	0	11	10	0	10	26	0	26	28	0	28
NC_059187.1	2674453	2674454	*	34	1	33	18	1	17	16	0	16	10	0	10	16	0	16	21	0	21	23	0	23	14	0	14	23	0	23	13	0	13	14	0	14	13	3	10	23	0	23	21	0	21	42	1	41	35	1	34	15	0	15	39	0	39	21	0	21	14	0	14
NC_059187.1	3867808	3867809	*	31	0	31	17	0	17	18	0	18	11	0	11	23	0	23	16	0	16	15	0	15	14	1	13	25	0	25	21	0	21	33	0	33	22	8	14	41	0	41	29	1	28	28	0	28	27	2	25	27	3	24	16	7	9	23	0	23	26	1	25
NC_059187.1	5889251	5889252	*	29	0	29	12	0	12	22	0	22	21	0	21	27	0	27	22	0	22	29	0	29	18	0	18	11	0	11	19	0	19	22	1	21	10	3	7	28	0	28	16	0	16	16	0	16	13	0	13	28	0	28	44	0	44	21	0	21	20	6	14
NC_059187.1	6653706	6653707	*	23	0	23	21	0	21	19	0	19	17	0	17	26	0	26	15	0	15	20	0	20	18	0	18	11	1	10	27	0	27	34	0	34	20	8	12	27	0	27	26	0	26	31	0	31	35	0	35	20	0	20	26	2	24	27	1	26	25	0	25
NC_059187.1	7913698	7913699	*	13	0	13	13	0	13	18	0	18	12	0	12	15	0	15	18	0	18	11	0	11	16	1	15	15	0	15	16	0	16	15	0	15	13	6	7	16	0	16	21	0	21	29	2	27	20	0	20	14	0	14	13	0	13	14	0	14	13	0	13
NC_059187.1	7913707	7913708	*	14	0	14	13	1	12	19	0	19	12	0	12	14	0	14	18	0	18	10	0	10	17	1	16	16	0	16	16	0	16	15	0	15	13	6	7	17	0	17	21	0	21	29	0	29	21	0	21	14	0	14	14	0	14	14	0	14	14	0	14
NC_059187.1	8008994	8008995	*	20	0	20	36	0	36	15	0	15	18	0	18	21	0	21	20	0	20	15	0	15	19	0	19	20	0	20	27	0	27	27	0	27	26	3	23	33	0	33	17	0	17	23	1	22	25	0	25	18	0	18	14	0	14	21	0	21	14	0	14
NC_059188.1	1150993	1150994	*	24	0	24	11	2	9	16	0	16	14	0	14	16	0	16	19	0	19	18	0	18	12	0	12	12	0	12	14	0	14	16	0	16	18	13	5	19	0	19	16	1	15	20	3	17	10	0	10	17	0	17	19	1	18	15	0	15	18	8	10
NC_059188.1	1151013	1151014	*	22	0	22	10	1	9	12	1	11	12	0	12	17	0	17	19	0	19	14	0	14	12	1	11	11	0	11	12	0	12	14	0	14	18	13	5	15	0	15	15	0	15	17	3	14	12	0	12	17	0	17	18	1	17	13	1	12	16	8	8
NC_059188.1	2586904	2586905	*	24	0	24	39	0	39	28	0	28	23	0	23	30	0	30	51	0	51	14	0	14	54	0	54	29	0	29	13	0	13	35	1	34	24	3	21	26	0	26	30	0	30	43	0	43	43	1	42	31	0	31	49	0	49	22	0	22	22	0	22
NC_059188.1	10362188	10362189	*	14	0	14	16	0	16	14	0	14	23	1	22	16	0	16	23	0	23	15	0	15	16	0	16	11	0	11	18	0	18	17	0	17	21	4	17	20	0	20	15	1	14	20	0	20	18	0	18	16	0	16	24	4	20	21	0	21	14	0	14
NC_059189.1	701417	701418	*	13	0	13	21	0	21	16	0	16	16	0	16	17	0	17	19	0	19	19	0	19	25	0	25	15	0	15	14	0	14	15	1	14	18	3	15	13	0	13	11	0	11	19	0	19	13	0	13	16	0	16	18	0	18	14	0	14	14	0	14
NC_059189.1	6390158	6390159	*	19	1	18	21	0	21	16	0	16	16	0	16	14	0	14	21	0	21	14	0	14	25	0	25	16	0	16	17	1	16	27	0	27	14	3	11	22	0	22	26	0	26	23	0	23	21	1	20	19	0	19	17	0	17	25	0	25	22	0	22
NC_059190.1	1156222	1156223	*	20	0	20	24	0	24	13	0	13	11	0	11	17	0	17	15	0	15	15	0	15	16	0	16	16	0	16	21	1	20	32	1	31	17	5	12	20	0	20	16	0	16	26	0	26	21	1	20	20	0	20	15	1	14	24	0	24	25	0	25
NC_059190.1	3917181	3917182	*	14	0	14	24	0	24	36	0	36	28	0	28	39	0	39	31	0	31	39	0	39	32	0	32	25	0	25	30	0	30	23	0	23	22	5	17	15	0	15	42	0	42	44	0	44	17	0	17	29	0	29	55	1	54	47	0	47	45	2	43
NC_059191.1	923413	923414	*	22	0	22	18	0	18	12	0	12	16	1	15	13	0	13	22	0	22	16	0	16	13	0	13	20	1	19	16	0	16	21	0	21	21	4	17	18	0	18	22	0	22	34	2	32	20	0	20	18	0	18	12	0	12	27	0	27	14	0	14
NC_059191.1	5464058	5464059	*	33	0	33	34	1	33	18	0	18	24	0	24	38	0	38	26	0	26	17	0	17	26	0	26	18	0	18	29	0	29	23	0	23	25	8	17	13	0	13	28	1	27	44	0	44	28	0	28	37	0	37	36	0	36	33	0	33	31	0	31
NC_059191.1	6236121	6236122	*	18	0	18	25	0	25	11	0	11	18	1	17	16	1	15	11	0	11	17	0	17	13	2	11	11	0	11	12	0	12	15	0	15	12	6	6	12	0	12	14	0	14	20	0	20	17	0	17	13	2	11	11	0	11	26	3	23	18	0	18
NW_025533136.1	35299	35300	*	21	0	21	18	1	17	31	0	31	12	0	12	12	0	12	27	0	27	20	0	20	32	0	32	19	0	19	31	0	31	27	0	27	21	3	18	36	0	36	15	0	15	22	0	22	20	0	20	35	0	35	20	0	20	34	0	34	17	1	16
NW_025533214.1	15207	15208	*	56	0	56	47	0	47	40	0	40	52	0	52	60	0	60	20	0	20	32	1	31	13	0	13	45	0	45	44	0	44	35	0	35	46	5	41	42	2	40	22	0	22	60	1	59	52	0	52	43	0	43	30	0	30	46	1	45	33	0	33
NW_025533322.1	19429	19430	*	27	0	27	21	0	21	43	1	42	22	1	21	34	0	34	45	1	44	18	0	18	20	0	20	21	0	21	42	1	41	24	0	24	19	3	16	38	1	37	27	1	26	27	0	27	28	0	28	45	2	43	88	2	86	36	1	35	27	0	27
NC_059182.1	2299981	2299982	*	29	0	29	19	0	19	21	0	21	21	0	21	24	1	23	23	0	23	14	0	14	21	0	21	22	0	22	10	0	10	17	0	17	29	0	29	15	3	12	21	1	20	44	2	42	28	1	27	24	0	24	14	0	14	25	0	25	12	0	12
NC_059182.1	5603142	5603143	*	12	0	12	21	0	21	11	0	11	16	0	16	17	0	17	22	0	22	12	0	12	19	0	19	19	0	19	20	0	20	16	0	16	15	0	15	25	3	22	27	0	27	26	0	26	17	1	16	23	10	13	11	0	11	26	1	25	23	0	23
NC_059182.1	6320186	6320187	*	23	0	23	17	0	17	15	0	15	16	0	16	13	0	13	19	0	19	14	0	14	11	0	11	13	0	13	22	0	22	19	0	19	18	0	18	19	13	6	21	0	21	27	0	27	20	0	20	23	0	23	19	0	19	14	0	14	17	0	17
NC_059182.1	6715881	6715882	*	30	0	30	26	0	26	16	0	16	25	0	25	26	0	26	30	0	30	24	0	24	24	0	24	12	0	12	24	0	24	37	0	37	30	0	30	34	3	31	25	0	25	33	0	33	20	0	20	21	0	21	13	1	12	30	0	30	24	0	24
NC_059182.1	7587016	7587017	*	15	0	15	22	0	22	12	0	12	18	0	18	32	0	32	20	0	20	29	0	29	13	0	13	16	0	16	22	0	22	18	0	18	12	0	12	32	3	29	23	0	23	22	0	22	17	0	17	21	1	20	10	0	10	18	0	18	18	0	18
NC_059182.1	12036019	12036020	*	15	0	15	22	0	22	28	0	28	30	0	30	26	0	26	23	0	23	22	0	22	30	0	30	28	0	28	18	0	18	27	0	27	26	0	26	30	3	27	22	0	22	18	0	18	23	0	23	29	0	29	11	0	11	24	0	24	19	2	17
NC_059182.1	15543647	15543648	*	12	0	12	19	0	19	17	0	17	17	0	17	14	0	14	16	0	16	18	0	18	12	0	12	12	0	12	15	0	15	15	0	15	23	1	22	22	4	18	16	0	16	14	0	14	22	0	22	19	0	19	13	0	13	14	0	14	17	0	17
NC_059182.1	15834868	15834869	*	21	0	21	18	0	18	13	0	13	15	0	15	16	0	16	12	0	12	13	0	13	18	0	18	19	0	19	16	0	16	17	0	17	23	0	23	14	4	10	20	0	20	28	0	28	23	0	23	23	0	23	10	0	10	21	1	20	10	0	10
NC_059183.1	1350775	1350776	*	17	0	17	26	0	26	16	0	16	15	0	15	26	0	26	26	0	26	21	0	21	19	0	19	17	0	17	26	0	26	21	1	20	20	0	20	30	3	27	22	0	22	33	0	33	21	0	21	26	0	26	13	0	13	19	0	19	24	0	24
NC_059183.1	8606011	8606012	*	16	0	16	14	0	14	19	0	19	21	0	21	10	0	10	12	0	12	16	0	16	19	0	19	12	0	12	21	0	21	31	1	30	19	0	19	19	8	11	23	0	23	29	0	29	16	1	15	18	0	18	13	0	13	11	0	11	14	0	14
NC_059183.1	8981629	8981630	*	18	0	18	14	0	14	18	0	18	12	0	12	10	0	10	20	1	19	14	0	14	17	0	17	13	0	13	18	0	18	15	0	15	19	0	19	19	3	16	14	0	14	26	0	26	11	0	11	15	0	15	10	0	10	23	0	23	14	0	14
NC_059183.1	16516170	16516171	*	22	0	22	19	0	19	28	0	28	14	0	14	21	0	21	18	0	18	19	0	19	17	0	17	16	0	16	21	0	21	25	0	25	16	0	16	28	3	25	23	0	23	29	0	29	23	0	23	18	0	18	11	0	11	22	0	22	13	0	13
NC_059183.1	16657359	16657360	*	28	0	28	11	0	11	10	0	10	11	0	11	20	0	20	16	0	16	18	0	18	11	0	11	22	0	22	22	2	20	20	0	20	28	0	28	32	4	28	27	0	27	33	0	33	22	0	22	17	0	17	10	0	10	31	0	31	20	0	20
NC_059184.1	3472669	3472670	*	28	0	28	29	0	29	18	0	18	18	0	18	17	1	16	13	0	13	17	0	17	20	0	20	21	0	21	26	0	26	28	0	28	16	0	16	28	3	25	28	1	27	25	0	25	21	1	20	21	0	21	10	0	10	24	0	24	28	0	28
NC_059184.1	5486030	5486031	*	24	0	24	23	0	23	15	0	15	16	0	16	19	0	19	18	0	18	23	0	23	16	0	16	25	0	25	40	0	40	26	0	26	18	0	18	30	6	24	21	0	21	30	0	30	34	0	34	23	0	23	22	0	22	27	0	27	25	0	25
NC_059184.1	5486046	5486047	*	22	0	22	22	0	22	13	0	13	13	0	13	19	0	19	19	0	19	25	0	25	18	0	18	26	1	25	41	1	40	24	0	24	21	0	21	30	4	26	20	0	20	29	1	28	33	0	33	23	0	23	22	0	22	24	0	24	24	0	24
NC_059184.1	11838957	11838958	*	22	0	22	41	0	41	44	1	43	41	0	41	26	0	26	25	2	23	45	0	45	46	0	46	31	0	31	33	0	33	25	1	24	43	1	42	20	3	17	39	0	39	38	0	38	37	0	37	39	0	39	39	0	39	34	9	25	27	1	26
NC_059185.1	1167193	1167194	*	23	0	23	20	1	19	27	1	26	16	0	16	14	0	14	25	0	25	18	0	18	10	0	10	12	0	12	28	0	28	25	0	25	28	1	27	24	7	17	22	1	21	27	0	27	26	2	24	24	18	6	13	0	13	28	0	28	11	0	11
NC_059185.1	1167202	1167203	*	22	0	22	21	2	19	25	1	24	17	0	17	18	0	18	26	0	26	18	0	18	11	0	11	12	0	12	29	0	29	24	0	24	31	1	30	23	9	14	23	2	21	30	0	30	28	3	25	26	22	4	13	0	13	28	1	27	11	0	11
NC_059185.1	1167205	1167206	*	23	0	23	24	2	22	25	1	24	15	0	15	18	0	18	26	0	26	19	0	19	11	0	11	12	0	12	29	0	29	24	1	23	31	1	30	23	8	15	23	2	21	33	0	33	31	3	28	26	21	5	13	0	13	30	1	29	11	0	11
NC_059185.1	1167232	1167233	*	22	0	22	25	2	23	26	1	25	18	0	18	18	1	17	25	0	25	16	0	16	11	0	11	12	0	12	28	1	27	24	0	24	28	2	26	21	8	13	27	1	26	35	1	34	31	6	25	28	25	3	12	0	12	26	1	25	12	0	12
NC_059185.1	13108757	13108758	*	41	0	41	20	0	20	37	0	37	35	0	35	58	0	58	43	0	43	29	0	29	24	0	24	37	0	37	53	1	52	59	0	59	39	0	39	93	5	88	29	4	25	61	0	61	28	0	28	39	0	39	20	0	20	84	1	83	40	0	40
NC_059186.1	5012782	5012783	*	14	1	13	26	0	26	12	0	12	16	0	16	26	0	26	20	0	20	25	0	25	11	0	11	14	0	14	22	0	22	15	0	15	16	0	16	29	3	26	17	2	15	20	0	20	24	0	24	12	0	12	11	0	11	24	0	24	18	0	18
NC_059186.1	10414679	10414680	*	14	0	14	23	0	23	12	0	12	16	0	16	20	0	20	26	0	26	16	0	16	14	0	14	21	0	21	27	0	27	27	0	27	37	0	37	24	4	20	26	0	26	36	0	36	31	1	30	20	0	20	21	0	21	29	0	29	16	0	16
NC_059187.1	1660950	1660951	*	11	0	11	15	0	15	10	0	10	14	0	14	14	1	13	15	0	15	14	0	14	11	0	11	14	0	14	17	0	17	21	0	21	18	0	18	21	3	18	21	0	21	25	0	25	13	0	13	15	0	15	16	0	16	14	0	14	15	0	15
NC_059187.1	3245362	3245363	*	18	0	18	16	0	16	20	0	20	17	0	17	15	1	14	18	0	18	11	0	11	13	0	13	13	0	13	20	0	20	26	0	26	20	0	20	26	3	23	19	0	19	20	1	19	24	0	24	32	0	32	26	1	25	18	0	18	27	0	27
NC_059187.1	5121361	5121362	*	39	0	39	39	0	39	15	0	15	26	0	26	16	0	16	20	0	20	25	0	25	32	0	32	16	0	16	22	0	22	35	0	35	25	0	25	31	3	28	25	0	25	31	2	29	30	0	30	22	0	22	16	0	16	34	0	34	15	0	15
NC_059187.1	5741644	5741645	*	22	0	22	12	0	12	13	0	13	15	0	15	17	0	17	13	0	13	20	0	20	12	0	12	15	0	15	22	0	22	14	0	14	21	0	21	22	3	19	20	0	20	17	0	17	24	1	23	15	0	15	13	0	13	21	1	20	22	0	22
NC_059187.1	5830181	5830182	*	38	0	38	51	1	50	32	0	32	51	0	51	35	0	35	61	0	61	38	0	38	52	0	52	26	0	26	35	0	35	69	0	69	45	1	44	73	4	69	66	1	65	79	0	79	52	0	52	34	0	34	16	0	16	84	1	83	56	1	55
NC_059187.1	6489874	6489875	*	15	0	15	10	0	10	12	0	12	11	0	11	15	0	15	19	0	19	14	0	14	18	0	18	15	0	15	25	0	25	22	0	22	20	0	20	27	3	24	18	0	18	20	0	20	15	1	14	13	0	13	10	1	9	27	0	27	26	0	26
NC_059187.1	6653770	6653771	*	21	0	21	21	0	21	18	0	18	15	0	15	33	0	33	22	0	22	22	0	22	24	0	24	12	1	11	24	0	24	24	0	24	16	0	16	31	6	25	15	1	14	27	0	27	30	0	30	19	0	19	29	0	29	22	0	22	22	0	22
NC_059188.1	742106	742107	*	19	0	19	15	0	15	13	0	13	17	0	17	16	0	16	16	0	16	15	2	13	16	0	16	17	0	17	20	0	20	22	0	22	19	0	19	14	10	4	14	0	14	14	0	14	22	0	22	15	1	14	11	0	11	13	0	13	18	0	18
NC_059188.1	1144442	1144443	*	25	0	25	16	0	16	17	0	17	22	0	22	11	0	11	19	0	19	15	0	15	20	0	20	15	0	15	17	0	17	18	0	18	19	0	19	27	4	23	17	0	17	24	0	24	27	0	27	22	0	22	17	0	17	29	1	28	15	0	15
NC_059188.1	12210792	12210793	*	20	1	19	16	0	16	10	0	10	11	0	11	16	0	16	17	0	17	12	0	12	17	0	17	22	0	22	16	0	16	18	0	18	19	0	19	24	10	14	22	0	22	24	0	24	17	0	17	21	0	21	12	0	12	19	0	19	18	0	18
NC_059189.1	535712	535713	*	20	0	20	20	0	20	12	0	12	15	0	15	15	0	15	21	0	21	12	0	12	18	0	18	13	0	13	16	0	16	24	0	24	23	0	23	27	3	24	24	0	24	24	0	24	14	0	14	13	0	13	10	0	10	34	0	34	30	1	29
NC_059189.1	6226684	6226685	*	22	0	22	20	0	20	24	0	24	13	0	13	27	0	27	20	0	20	20	0	20	14	0	14	13	0	13	29	0	29	17	0	17	18	0	18	25	12	13	26	0	26	14	0	14	27	0	27	15	0	15	11	0	11	21	0	21	19	0	19
NC_059189.1	7542483	7542484	*	20	0	20	11	0	11	22	0	22	19	0	19	17	0	17	11	0	11	15	0	15	13	0	13	17	0	17	30	0	30	14	0	14	17	0	17	19	3	16	19	0	19	20	10	10	14	0	14	20	0	20	28	0	28	23	0	23	14	0	14
NC_059189.1	7962193	7962194	*	13	1	12	17	0	17	14	0	14	17	0	17	11	0	11	18	0	18	15	0	15	11	0	11	16	0	16	12	0	12	20	0	20	10	0	10	14	8	6	15	0	15	13	0	13	13	0	13	12	0	12	21	0	21	11	0	11	11	0	11
NC_059189.1	7962221	7962222	*	15	0	15	22	0	22	19	0	19	19	0	19	14	1	13	21	0	21	15	0	15	12	0	12	18	0	18	16	0	16	23	0	23	14	0	14	16	9	7	19	0	19	15	0	15	15	0	15	17	0	17	22	0	22	14	0	14	16	1	15
NC_059189.1	9037685	9037686	*	29	0	29	37	0	37	19	0	19	29	0	29	19	0	19	17	0	17	28	0	28	13	0	13	23	0	23	19	0	19	25	0	25	23	0	23	23	3	20	32	0	32	27	0	27	18	0	18	30	4	26	23	0	23	32	0	32	38	2	36
NC_059190.1	3624759	3624760	*	18	0	18	18	0	18	17	0	17	22	0	22	11	0	11	17	0	17	15	0	15	16	0	16	17	0	17	19	1	18	26	0	26	32	0	32	27	12	15	24	0	24	22	0	22	28	0	28	27	0	27	10	0	10	22	0	22	30	0	30
NC_059190.1	4646734	4646735	*	27	0	27	11	0	11	18	1	17	19	0	19	11	0	11	25	0	25	17	0	17	11	0	11	13	0	13	13	0	13	15	0	15	19	0	19	11	3	8	11	0	11	24	0	24	22	0	22	21	0	21	42	1	41	16	0	16	15	0	15
NC_059190.1	5038668	5038669	*	66	0	66	39	0	39	38	0	38	16	0	16	54	1	53	46	0	46	55	0	55	37	0	37	33	0	33	38	1	37	63	0	63	20	0	20	70	4	66	34	0	34	40	0	40	52	3	49	46	0	46	89	10	79	30	1	29	28	0	28
NC_059191.1	4787941	4787942	*	18	0	18	20	0	20	21	0	21	15	0	15	19	0	19	14	0	14	21	0	21	20	1	19	19	0	19	28	0	28	25	0	25	27	0	27	26	3	23	21	0	21	21	0	21	19	0	19	25	0	25	14	0	14	29	0	29	19	0	19
NC_059191.1	6882299	6882300	*	18	0	18	23	0	23	18	1	17	19	0	19	17	0	17	18	0	18	11	0	11	15	0	15	19	0	19	16	0	16	24	0	24	29	0	29	21	3	18	22	0	22	31	0	31	20	0	20	28	0	28	21	0	21	26	0	26	22	0	22
NC_059191.1	7369020	7369021	*	21	0	21	23	0	23	21	0	21	19	0	19	23	1	22	20	0	20	17	0	17	17	0	17	21	0	21	17	0	17	20	0	20	24	0	24	34	3	31	36	0	36	23	0	23	12	0	12	21	0	21	10	0	10	20	0	20	19	0	19
NC_059191.1	7993173	7993174	*	18	0	18	11	0	11	20	0	20	19	0	19	22	0	22	18	1	17	16	0	16	15	0	15	11	0	11	14	0	14	24	0	24	18	0	18	27	3	24	22	0	22	28	0	28	23	0	23	32	2	30	45	1	44	15	0	15	18	0	18
NC_059191.1	9580162	9580163	*	20	0	20	27	0	27	16	0	16	19	0	19	18	0	18	16	0	16	19	0	19	15	0	15	18	0	18	28	1	27	25	0	25	18	1	17	25	3	22	20	0	20	28	0	28	28	0	28	14	0	14	14	1	13	26	0	26	23	0	23
NW_025533118.1	387614	387615	*	45	0	45	36	0	36	28	0	28	58	0	58	40	0	40	56	0	56	30	0	30	31	0	31	24	0	24	37	0	37	38	0	38	40	0	40	38	4	34	77	2	75	116	0	116	31	0	31	67	1	66	36	0	36	58	0	58	66	0	66
NW_025533118.1	387666	387667	*	36	0	36	29	0	29	20	0	20	46	0	46	21	0	21	33	0	33	17	0	17	17	0	17	15	0	15	28	0	28	25	0	25	32	0	32	26	3	23	55	1	54	91	1	90	24	3	21	53	3	50	20	1	19	41	0	41	49	0	49
NW_025533118.1	466867	466868	*	61	0	61	46	1	45	28	0	28	32	0	32	11	1	10	11	0	11	21	0	21	30	0	30	28	0	28	33	0	33	26	0	26	45	0	45	75	4	71	28	0	28	43	0	43	43	0	43	37	0	37	48	1	47	55	0	55	45	0	45
NW_025533130.1	238225	238226	*	37	0	37	22	0	22	18	0	18	30	0	30	34	0	34	25	0	25	39	0	39	29	0	29	19	0	19	31	0	31	39	0	39	16	1	15	47	4	43	34	0	34	13	0	13	25	0	25	20	0	20	31	2	29	16	0	16	31	0	31
NW_025533169.1	76407	76408	*	61	0	61	33	0	33	41	3	38	19	0	19	49	0	49	30	0	30	30	0	30	42	1	41	14	0	14	46	0	46	63	1	62	38	0	38	26	12	14	74	0	74	51	0	51	32	10	22	39	0	39	58	0	58	41	0	41	16	0	16
NW_025533332.1	12307	12308	*	43	1	42	30	0	30	41	0	41	34	1	33	42	0	42	23	0	23	24	2	22	28	0	28	17	0	17	17	0	17	23	0	23	26	0	26	35	4	31	39	1	38	43	1	42	29	0	29	18	1	17	29	8	21	36	1	35	20	2	18
NW_025533332.1	29136	29137	*	61	1	60	48	1	47	43	0	43	30	1	29	52	0	52	23	0	23	33	1	32	52	0	52	30	2	28	54	2	52	31	1	30	26	1	25	98	6	92	75	1	74	45	0	45	42	3	39	58	0	58	74	4	70	36	2	34	52	2	50
NC_059182.1	1672709	1672710	*	22	0	22	20	0	20	22	0	22	18	0	18	13	0	13	22	0	22	12	0	12	18	0	18	16	0	16	21	1	20	26	0	26	26	0	26	14	0	14	24	3	21	18	0	18	27	0	27	25	0	25	25	0	25	21	0	21	23	0	23
NC_059182.1	10664120	10664121	*	10	0	10	26	0	26	22	0	22	12	0	12	12	0	12	26	0	26	12	0	12	11	0	11	15	0	15	29	1	28	30	0	30	18	0	18	17	0	17	28	3	25	15	0	15	11	0	11	36	0	36	13	0	13	21	0	21	21	0	21
NC_059182.1	11381271	11381272	*	20	0	20	16	0	16	17	0	17	14	0	14	24	0	24	29	0	29	20	0	20	25	0	25	20	0	20	17	0	17	26	0	26	13	0	13	34	0	34	32	7	25	20	0	20	22	0	22	26	1	25	40	1	39	10	0	10	25	0	25
NC_059182.1	14086130	14086131	*	21	0	21	26	0	26	13	0	13	21	0	21	18	0	18	22	0	22	27	0	27	39	1	38	21	0	21	25	1	24	31	0	31	23	0	23	33	0	33	31	8	23	24	0	24	23	0	23	28	0	28	17	0	17	24	0	24	30	0	30
NC_059182.1	14086180	14086181	*	20	0	20	20	0	20	10	0	10	22	0	22	14	0	14	21	0	21	21	0	21	31	0	31	15	0	15	19	0	19	18	0	18	20	0	20	25	0	25	26	8	18	17	0	17	16	0	16	23	0	23	15	0	15	22	0	22	20	0	20
NC_059182.1	14784662	14784663	*	14	0	14	20	0	20	14	0	14	15	0	15	19	0	19	22	0	22	15	0	15	15	0	15	13	0	13	17	0	17	17	0	17	26	0	26	26	1	25	29	3	26	13	0	13	18	0	18	19	0	19	15	1	14	17	1	16	20	0	20
NC_059182.1	15305864	15305865	*	11	0	11	13	0	13	23	0	23	10	0	10	16	0	16	17	0	17	12	0	12	10	0	10	12	0	12	11	0	11	10	0	10	16	0	16	18	0	18	22	4	18	21	0	21	13	0	13	16	0	16	11	0	11	19	0	19	18	0	18
NC_059182.1	15398758	15398759	*	18	0	18	22	0	22	23	0	23	22	0	22	15	0	15	18	0	18	15	0	15	23	0	23	15	0	15	21	0	21	19	0	19	23	0	23	25	0	25	24	3	21	24	0	24	34	0	34	28	0	28	13	0	13	31	0	31	17	0	17
NC_059183.1	2444543	2444544	*	25	0	25	26	0	26	17	0	17	17	0	17	19	0	19	16	0	16	17	0	17	21	0	21	11	0	11	23	0	23	23	0	23	13	1	12	14	0	14	23	3	20	23	0	23	15	0	15	14	0	14	11	0	11	22	0	22	18	0	18
NC_059183.1	8904612	8904613	*	21	0	21	20	0	20	17	0	17	16	0	16	24	0	24	24	1	23	16	0	16	12	2	10	15	0	15	31	0	31	27	0	27	21	1	20	26	0	26	24	3	21	29	4	25	31	1	30	24	0	24	10	0	10	24	0	24	15	0	15
NC_059183.1	9484867	9484868	*	17	0	17	42	0	42	28	0	28	33	2	31	25	0	25	48	2	46	33	0	33	14	0	14	14	0	14	22	0	22	31	0	31	23	1	22	10	0	10	31	3	28	44	10	34	28	0	28	21	0	21	14	0	14	49	0	49	30	7	23
NC_059183.1	9484888	9484889	*	18	0	18	46	0	46	30	0	30	33	0	33	25	0	25	50	2	48	33	0	33	18	0	18	13	0	13	22	0	22	32	0	32	23	0	23	10	0	10	30	3	27	39	11	28	32	0	32	20	0	20	17	0	17	48	0	48	29	5	24
NC_059183.1	9484894	9484895	*	19	0	19	45	0	45	30	0	30	33	0	33	26	0	26	51	2	49	34	1	33	19	0	19	13	0	13	25	0	25	32	0	32	23	0	23	10	0	10	30	3	27	38	10	28	34	0	34	20	1	19	20	1	19	46	0	46	28	6	22
NC_059183.1	9484897	9484898	*	19	0	19	46	0	46	30	0	30	33	0	33	27	0	27	50	2	48	33	0	33	19	0	19	13	0	13	25	0	25	33	0	33	23	0	23	10	0	10	31	3	28	38	12	26	34	0	34	20	0	20	19	0	19	46	1	45	28	6	22
NC_059183.1	12286522	12286523	*	12	0	12	19	0	19	20	0	20	12	0	12	16	0	16	10	0	10	19	0	19	12	0	12	11	0	11	16	0	16	13	0	13	18	0	18	16	0	16	19	3	16	18	0	18	14	0	14	17	0	17	26	0	26	21	0	21	11	0	11
NC_059183.1	12340985	12340986	*	36	0	36	15	0	15	17	0	17	16	0	16	15	0	15	28	0	28	18	0	18	12	0	12	12	0	12	32	0	32	28	0	28	17	0	17	33	0	33	30	3	27	22	0	22	16	0	16	21	0	21	10	0	10	38	0	38	19	0	19
NC_059183.1	12555841	12555842	*	16	0	16	22	0	22	28	0	28	20	0	20	14	0	14	31	0	31	25	0	25	20	0	20	17	0	17	26	0	26	25	0	25	21	0	21	15	0	15	16	3	13	14	0	14	17	1	16	27	0	27	95	1	94	14	0	14	12	1	11
NC_059183.1	15916833	15916834	*	16	0	16	15	1	14	20	0	20	14	0	14	12	0	12	19	0	19	11	0	11	16	0	16	14	0	14	17	0	17	17	0	17	28	0	28	25	0	25	21	3	18	27	1	26	22	0	22	12	0	12	11	0	11	26	0	26	12	0	12
NC_059183.1	17221476	17221477	*	25	0	25	16	0	16	27	0	27	13	0	13	12	0	12	26	0	26	12	0	12	14	0	14	17	0	17	23	0	23	27	0	27	20	0	20	24	1	23	25	12	13	11	0	11	18	0	18	23	0	23	14	0	14	25	1	24	16	0	16
NC_059184.1	568060	568061	*	12	0	12	24	0	24	18	0	18	11	0	11	22	0	22	18	0	18	19	0	19	18	0	18	16	0	16	26	0	26	23	0	23	17	0	17	23	1	22	23	3	20	21	0	21	22	0	22	19	0	19	13	0	13	24	0	24	19	0	19
NC_059184.1	1353421	1353422	*	22	0	22	21	0	21	19	0	19	20	0	20	14	0	14	17	0	17	16	0	16	18	0	18	15	0	15	23	0	23	22	0	22	18	0	18	16	0	16	21	3	18	28	0	28	23	0	23	23	0	23	11	0	11	27	0	27	13	0	13
NC_059184.1	2592443	2592444	*	15	0	15	18	0	18	11	0	11	12	0	12	13	0	13	21	0	21	22	0	22	24	0	24	17	0	17	14	0	14	18	0	18	15	0	15	23	1	22	26	3	23	19	0	19	14	0	14	16	0	16	27	0	27	16	0	16	14	0	14
NC_059184.1	2790690	2790691	*	23	0	23	17	0	17	20	0	20	21	0	21	11	1	10	21	0	21	14	0	14	13	0	13	14	0	14	14	0	14	23	1	22	19	0	19	20	0	20	19	5	14	18	0	18	24	0	24	20	0	20	13	0	13	21	0	21	26	1	25
NC_059184.1	5881977	5881978	*	20	0	20	32	0	32	18	0	18	21	1	20	20	0	20	31	0	31	18	0	18	15	0	15	15	0	15	19	0	19	32	0	32	22	1	21	25	0	25	26	3	23	23	1	22	10	0	10	14	0	14	16	1	15	22	0	22	12	0	12
NC_059184.1	8396223	8396224	*	14	0	14	16	0	16	11	0	11	17	0	17	11	0	11	10	0	10	15	0	15	16	0	16	16	0	16	10	0	10	17	0	17	11	0	11	13	0	13	11	5	6	20	0	20	11	0	11	12	0	12	18	0	18	15	0	15	17	0	17
NC_059184.1	11443794	11443795	*	12	0	12	16	0	16	13	0	13	14	0	14	10	0	10	12	0	12	18	0	18	15	0	15	17	0	17	16	0	16	25	0	25	21	0	21	22	0	22	21	3	18	22	0	22	19	1	18	10	0	10	15	0	15	25	0	25	15	0	15
NC_059184.1	12325382	12325383	*	15	1	14	15	0	15	14	0	14	13	0	13	13	0	13	20	0	20	15	0	15	12	0	12	12	0	12	14	0	14	15	0	15	16	0	16	15	0	15	17	3	14	26	0	26	16	7	9	18	0	18	13	0	13	16	1	15	11	0	11
NC_059184.1	12325385	12325386	*	15	0	15	15	0	15	14	0	14	12	0	12	14	0	14	20	0	20	15	0	15	13	0	13	12	0	12	14	0	14	15	0	15	16	0	16	14	0	14	18	3	15	26	0	26	16	7	9	17	0	17	13	0	13	16	0	16	11	0	11
NC_059185.1	1060918	1060919	*	21	0	21	20	1	19	21	0	21	15	0	15	11	0	11	13	0	13	12	0	12	17	0	17	10	0	10	23	0	23	22	1	21	23	0	23	17	0	17	23	3	20	18	0	18	22	0	22	11	0	11	10	0	10	16	0	16	16	0	16
NC_059185.1	1175722	1175723	*	25	0	25	32	0	32	21	1	20	19	0	19	19	0	19	25	0	25	11	0	11	18	0	18	18	0	18	27	0	27	28	0	28	21	0	21	20	0	20	28	12	16	23	0	23	30	0	30	19	0	19	15	0	15	27	0	27	12	0	12
NC_059185.1	1338917	1338918	*	14	0	14	28	0	28	14	0	14	15	0	15	13	0	13	18	1	17	20	0	20	15	0	15	16	0	16	24	0	24	21	1	20	18	1	17	18	0	18	22	6	16	25	0	25	16	0	16	15	1	14	10	1	9	33	0	33	27	0	27
NC_059185.1	3134711	3134712	*	26	0	26	23	0	23	12	0	12	18	0	18	19	0	19	12	0	12	11	0	11	15	0	15	20	0	20	21	1	20	30	0	30	22	0	22	27	1	26	33	3	30	29	0	29	27	2	25	30	1	29	13	0	13	18	0	18	19	0	19
NC_059185.1	4314879	4314880	*	17	0	17	19	0	19	17	0	17	16	0	16	25	0	25	23	0	23	22	0	22	19	0	19	16	0	16	25	0	25	29	0	29	19	0	19	36	1	35	29	3	26	26	0	26	24	2	22	20	0	20	13	0	13	21	0	21	24	0	24
NC_059185.1	4759675	4759676	*	14	0	14	13	0	13	11	0	11	14	0	14	17	0	17	11	0	11	11	0	11	14	0	14	11	0	11	15	0	15	17	0	17	13	0	13	20	1	19	16	3	13	15	0	15	20	0	20	15	0	15	17	0	17	13	0	13	15	0	15
NC_059185.1	10480761	10480762	*	24	0	24	32	0	32	27	0	27	23	0	23	17	0	17	33	1	32	19	0	19	22	0	22	25	0	25	17	0	17	28	0	28	10	0	10	22	0	22	20	3	17	28	0	28	28	0	28	30	0	30	31	0	31	22	0	22	14	0	14
NC_059185.1	10728172	10728173	*	20	0	20	19	0	19	15	0	15	19	0	19	14	0	14	30	0	30	10	0	10	12	0	12	16	0	16	23	0	23	13	0	13	13	0	13	18	0	18	18	5	13	27	0	27	13	0	13	17	0	17	25	0	25	18	0	18	12	3	9
NC_059185.1	11947878	11947879	*	25	0	25	19	0	19	16	0	16	21	0	21	13	0	13	20	0	20	23	0	23	21	0	21	13	0	13	22	0	22	27	0	27	22	0	22	19	0	19	27	4	23	28	0	28	27	0	27	14	0	14	19	0	19	27	0	27	13	0	13
NC_059185.1	11947909	11947910	*	28	1	27	21	0	21	18	0	18	28	0	28	13	0	13	18	0	18	22	0	22	25	0	25	13	0	13	24	0	24	27	1	26	23	0	23	22	0	22	30	7	23	33	0	33	24	0	24	18	0	18	20	0	20	29	0	29	14	0	14
NC_059185.1	13203827	13203828	*	17	0	17	14	0	14	17	0	17	17	0	17	16	0	16	23	0	23	18	0	18	16	0	16	17	0	17	13	0	13	14	0	14	21	0	21	15	0	15	17	7	10	26	1	25	14	6	8	25	1	24	20	0	20	18	0	18	12	0	12
NC_059185.1	13237462	13237463	*	19	0	19	26	0	26	17	0	17	31	0	31	17	0	17	16	0	16	14	0	14	25	1	24	14	0	14	20	0	20	28	0	28	21	0	21	29	0	29	11	7	4	23	0	23	15	1	14	11	0	11	23	0	23	15	0	15	21	0	21
NC_059186.1	7279176	7279177	*	15	0	15	21	1	20	15	0	15	13	0	13	18	1	17	20	0	20	24	0	24	19	0	19	23	0	23	31	1	30	21	0	21	28	0	28	26	0	26	17	3	14	28	0	28	22	1	21	22	0	22	15	0	15	18	0	18	17	0	17
NC_059186.1	11799690	11799691	*	33	0	33	26	0	26	27	0	27	22	1	21	33	0	33	23	0	23	20	0	20	33	0	33	12	0	12	20	0	20	27	1	26	27	0	27	30	0	30	18	3	15	32	0	32	20	0	20	38	0	38	36	1	35	32	2	30	17	0	17
NC_059187.1	3232597	3232598	*	26	0	26	21	0	21	18	0	18	21	0	21	19	0	19	19	0	19	10	0	10	19	0	19	17	0	17	27	0	27	20	1	19	25	0	25	21	1	20	31	3	28	27	0	27	21	0	21	17	0	17	13	1	12	22	0	22	16	0	16
NC_059187.1	7240639	7240640	*	17	0	17	26	0	26	12	0	12	18	0	18	24	0	24	13	0	13	26	0	26	20	0	20	10	0	10	17	0	17	28	0	28	18	0	18	23	0	23	28	3	25	26	1	25	27	0	27	25	0	25	13	0	13	13	0	13	16	0	16
NC_059187.1	7278241	7278242	*	18	0	18	27	0	27	13	0	13	18	0	18	15	0	15	21	0	21	12	0	12	25	0	25	11	0	11	27	0	27	17	0	17	28	0	28	16	0	16	23	3	20	28	1	27	22	0	22	26	1	25	19	1	18	27	0	27	18	0	18
NC_059187.1	9688707	9688708	*	23	0	23	21	0	21	19	0	19	20	0	20	18	0	18	18	0	18	17	0	17	22	0	22	11	0	11	20	0	20	21	0	21	13	0	13	20	0	20	13	8	5	34	0	34	14	0	14	24	0	24	30	0	30	25	0	25	20	0	20
NC_059187.1	10145194	10145195	*	20	0	20	24	1	23	16	1	15	18	0	18	13	0	13	19	0	19	16	0	16	14	0	14	11	2	9	14	1	13	18	0	18	18	2	16	18	0	18	16	4	12	26	2	24	19	3	16	15	1	14	14	6	8	11	1	10	16	0	16
NC_059188.1	1513358	1513359	*	19	0	19	19	0	19	21	0	21	15	0	15	16	1	15	13	0	13	11	0	11	17	0	17	17	0	17	15	0	15	13	0	13	15	0	15	20	0	20	25	3	22	19	1	18	14	0	14	15	0	15	10	0	10	22	0	22	14	0	14
NC_059188.1	3838611	3838612	*	34	0	34	32	0	32	29	0	29	31	0	31	30	0	30	42	0	42	14	0	14	39	0	39	38	0	38	19	1	18	19	0	19	33	0	33	30	0	30	44	5	39	34	8	26	27	0	27	30	4	26	77	1	76	34	0	34	32	3	29
NC_059188.1	5921428	5921429	*	24	0	24	21	0	21	23	0	23	24	0	24	36	0	36	22	1	21	14	0	14	16	0	16	14	0	14	16	0	16	23	0	23	22	0	22	30	0	30	21	3	18	27	0	27	20	0	20	32	0	32	29	0	29	29	0	29	22	0	22
NC_059188.1	5921597	5921598	*	33	0	33	28	0	28	20	0	20	17	0	17	28	0	28	19	0	19	16	0	16	19	0	19	19	0	19	24	0	24	34	0	34	21	2	19	32	1	31	24	9	15	34	0	34	18	0	18	25	0	25	32	0	32	33	0	33	15	0	15
NC_059188.1	7480536	7480537	*	24	0	24	17	0	17	18	0	18	18	0	18	16	0	16	13	0	13	16	0	16	19	0	19	22	0	22	11	0	11	24	0	24	19	0	19	19	1	18	22	3	19	26	0	26	16	0	16	12	0	12	10	0	10	27	1	26	10	0	10
NC_059188.1	12194327	12194328	*	29	0	29	22	0	22	17	0	17	20	0	20	12	0	12	12	0	12	21	0	21	19	0	19	18	0	18	29	0	29	27	0	27	28	0	28	19	0	19	26	3	23	24	0	24	28	0	28	21	1	20	12	0	12	23	0	23	25	2	23
NC_059188.1	12856478	12856479	*	16	0	16	17	0	17	11	0	11	20	0	20	14	0	14	18	0	18	11	0	11	18	0	18	11	0	11	26	0	26	24	1	23	27	0	27	21	0	21	23	4	19	18	0	18	19	0	19	12	0	12	12	0	12	16	0	16	10	0	10
NC_059189.1	722636	722637	*	18	0	18	20	0	20	23	0	23	11	0	11	14	0	14	21	0	21	10	0	10	13	0	13	11	0	11	24	0	24	20	0	20	25	0	25	17	0	17	24	3	21	22	0	22	14	0	14	27	0	27	10	0	10	15	0	15	14	0	14
NC_059189.1	2015086	2015087	*	20	0	20	19	0	19	21	0	21	19	0	19	20	0	20	17	0	17	16	0	16	12	0	12	13	0	13	21	0	21	19	1	18	25	0	25	35	0	35	26	3	23	17	0	17	31	0	31	20	0	20	10	0	10	24	0	24	26	0	26
NC_059189.1	2725800	2725801	*	16	0	16	22	0	22	19	0	19	17	0	17	20	0	20	17	0	17	19	0	19	20	0	20	13	0	13	24	0	24	25	0	25	28	0	28	25	0	25	33	3	30	22	0	22	19	0	19	19	0	19	20	0	20	23	1	22	27	0	27
NC_059189.1	6714565	6714566	*	37	0	37	33	0	33	53	0	53	50	0	50	40	0	40	43	0	43	13	0	13	25	0	25	10	0	10	32	0	32	17	0	17	38	0	38	33	0	33	20	3	17	59	0	59	63	0	63	25	0	25	34	0	34	56	0	56	39	1	38
NC_059189.1	7512338	7512339	*	18	0	18	13	0	13	20	0	20	15	1	14	19	0	19	25	2	23	18	0	18	13	0	13	11	0	11	24	0	24	24	0	24	18	0	18	25	0	25	29	3	26	32	2	30	18	0	18	27	1	26	32	1	31	18	1	17	17	0	17
NC_059189.1	7747519	7747520	*	34	0	34	31	0	31	31	0	31	24	0	24	41	0	41	39	0	39	24	0	24	22	0	22	29	0	29	32	0	32	44	1	43	47	0	47	47	0	47	32	3	29	44	0	44	40	0	40	11	0	11	10	0	10	37	0	37	27	0	27
NC_059189.1	11038740	11038741	*	31	0	31	17	0	17	11	0	11	13	0	13	14	0	14	15	0	15	15	0	15	13	0	13	34	2	32	23	0	23	23	0	23	28	0	28	30	0	30	29	7	22	24	0	24	37	0	37	33	0	33	26	0	26	28	0	28	21	0	21
NC_059189.1	11038808	11038809	*	29	0	29	22	0	22	11	0	11	15	0	15	11	0	11	17	0	17	17	0	17	11	0	11	38	0	38	30	0	30	31	0	31	37	1	36	30	1	29	39	15	24	22	0	22	48	0	48	37	0	37	28	0	28	30	0	30	29	0	29
NC_059190.1	479417	479418	*	14	0	14	18	0	18	19	0	19	16	0	16	15	0	15	18	0	18	17	0	17	19	0	19	17	0	17	16	0	16	18	0	18	20	0	20	23	0	23	19	3	16	20	0	20	25	0	25	16	0	16	27	0	27	20	0	20	16	0	16
NC_059190.1	797937	797938	*	18	0	18	21	0	21	11	0	11	16	0	16	15	0	15	18	0	18	14	0	14	13	0	13	17	0	17	20	0	20	24	0	24	18	1	17	31	0	31	28	3	25	24	0	24	16	0	16	19	0	19	10	0	10	27	0	27	25	0	25
NC_059190.1	4680304	4680305	*	31	0	31	17	0	17	27	0	27	28	0	28	43	0	43	25	0	25	27	0	27	24	0	24	20	0	20	43	0	43	13	0	13	30	0	30	36	2	34	29	3	26	51	0	51	22	0	22	35	0	35	15	1	14	29	1	28	24	0	24
NC_059190.1	8898555	8898556	*	16	0	16	19	0	19	14	0	14	13	0	13	18	0	18	22	0	22	17	0	17	23	0	23	18	0	18	21	0	21	26	0	26	21	0	21	16	0	16	25	3	22	21	0	21	17	0	17	15	0	15	16	2	14	23	0	23	21	0	21
NC_059190.1	9313685	9313686	*	73	0	73	48	1	47	34	0	34	29	1	28	67	0	67	41	3	38	42	0	42	21	0	21	28	0	28	50	1	49	68	1	67	23	1	22	63	0	63	24	3	21	28	4	24	32	0	32	25	1	24	21	0	21	17	0	17	20	4	16
NC_059191.1	577170	577171	*	24	0	24	21	0	21	17	0	17	21	0	21	15	0	15	21	0	21	21	0	21	15	0	15	11	0	11	20	0	20	23	0	23	30	1	29	24	0	24	25	7	18	24	0	24	22	1	21	20	2	18	11	0	11	21	0	21	23	0	23
NC_059191.1	577178	577179	*	23	0	23	21	0	21	18	0	18	22	0	22	15	0	15	18	1	17	21	0	21	14	0	14	10	0	10	20	0	20	23	0	23	30	0	30	24	0	24	24	8	16	24	0	24	23	2	21	19	2	17	11	0	11	21	1	20	23	0	23
NC_059191.1	7357338	7357339	*	19	0	19	15	0	15	16	0	16	18	0	18	12	0	12	25	0	25	14	0	14	22	0	22	11	0	11	22	0	22	16	0	16	24	0	24	21	0	21	25	3	22	17	0	17	25	0	25	18	0	18	11	0	11	33	0	33	12	0	12
NC_059191.1	7663340	7663341	*	29	0	29	44	0	44	20	0	20	69	0	69	18	0	18	55	0	55	34	0	34	18	0	18	32	0	32	43	0	43	29	0	29	59	1	58	29	0	29	37	4	33	66	0	66	41	1	40	53	0	53	67	0	67	45	0	45	32	0	32
NC_059191.1	7663732	7663733	*	27	0	27	38	1	37	16	0	16	38	0	38	20	0	20	47	0	47	43	0	43	21	0	21	40	0	40	27	0	27	32	0	32	43	1	42	36	0	36	41	4	37	50	0	50	31	1	30	50	2	48	60	3	57	38	0	38	29	0	29
NW_025533130.1	107151	107152	*	23	1	22	12	0	12	36	0	36	22	0	22	37	0	37	44	0	44	18	0	18	25	0	25	27	1	26	19	0	19	32	0	32	30	1	29	25	0	25	25	8	17	20	9	11	20	1	19	35	1	34	63	0	63	15	0	15	27	7	20
NW_025533136.1	30634	30635	*	66	0	66	30	1	29	23	0	23	20	0	20	18	0	18	39	0	39	30	1	29	38	1	37	27	0	27	28	0	28	56	1	55	16	0	16	44	0	44	47	5	42	26	0	26	23	0	23	19	0	19	21	0	21	45	1	44	13	0	13
NW_025533397.1	14289	14290	*	32	0	32	16	0	16	12	0	12	21	0	21	10	0	10	28	0	28	20	0	20	12	0	12	27	0	27	29	0	29	60	1	59	30	0	30	74	1	73	51	4	47	68	0	68	24	0	24	63	1	62	32	0	32	27	0	27	62	0	62
NC_059182.1	2751736	2751737	*	16	0	16	22	0	22	11	0	11	18	0	18	16	0	16	16	0	16	12	0	12	15	0	15	19	0	19	16	0	16	26	0	26	26	1	25	19	0	19	13	0	13	22	9	13	22	5	17	14	0	14	11	0	11	26	1	25	19	1	18
NC_059182.1	11381787	11381788	*	30	0	30	31	0	31	10	0	10	17	1	16	27	0	27	24	0	24	21	0	21	20	0	20	15	0	15	24	0	24	19	0	19	24	0	24	30	0	30	29	0	29	27	9	18	18	0	18	27	0	27	32	1	31	31	2	29	21	0	21
NC_059182.1	12036081	12036082	*	16	1	15	36	0	36	28	1	27	28	0	28	40	0	40	28	0	28	34	1	33	32	0	32	28	0	28	21	1	20	30	0	30	23	0	23	39	0	39	25	0	25	24	3	21	29	0	29	33	1	32	11	0	11	24	0	24	23	0	23
NC_059182.1	13534650	13534651	*	10	1	9	12	0	12	11	2	9	12	1	11	20	0	20	13	0	13	18	1	17	16	0	16	12	0	12	16	1	15	19	0	19	17	0	17	16	0	16	18	1	17	24	6	18	22	0	22	26	1	25	29	0	29	19	1	18	14	0	14
NC_059182.1	13639331	13639332	*	20	0	20	22	1	21	24	0	24	24	0	24	23	0	23	18	0	18	19	0	19	22	0	22	15	0	15	26	1	25	27	0	27	26	0	26	13	0	13	26	0	26	30	3	27	34	1	33	29	0	29	12	0	12	26	1	25	16	0	16
NC_059182.1	14215021	14215022	*	18	0	18	27	0	27	20	0	20	15	0	15	18	0	18	19	0	19	12	0	12	18	0	18	17	0	17	19	0	19	23	0	23	14	0	14	25	0	25	18	0	18	19	6	13	27	0	27	14	0	14	10	0	10	18	0	18	19	0	19
NC_059182.1	15187553	15187554	*	19	0	19	15	0	15	14	0	14	13	0	13	21	0	21	14	0	14	19	0	19	16	1	15	13	0	13	12	0	12	24	0	24	20	0	20	23	0	23	15	0	15	21	11	10	17	0	17	20	0	20	10	1	9	21	0	21	19	0	19
NC_059182.1	15187572	15187573	*	22	0	22	17	0	17	13	0	13	15	0	15	20	0	20	16	0	16	22	0	22	18	0	18	14	1	13	14	0	14	26	0	26	21	0	21	25	0	25	14	0	14	24	11	13	18	0	18	17	0	17	10	0	10	22	0	22	23	0	23
NC_059182.1	15371737	15371738	*	17	0	17	22	0	22	10	0	10	15	0	15	17	0	17	24	0	24	23	0	23	14	0	14	16	0	16	21	0	21	19	1	18	20	0	20	23	0	23	23	0	23	28	10	18	24	0	24	21	0	21	20	1	19	18	0	18	20	0	20
NC_059182.1	15857517	15857518	*	28	0	28	33	0	33	17	0	17	14	0	14	17	0	17	21	0	21	25	0	25	17	0	17	24	0	24	26	0	26	30	0	30	29	1	28	26	0	26	27	0	27	27	3	24	21	0	21	20	0	20	11	0	11	19	0	19	24	0	24
NC_059183.1	1897923	1897924	*	34	0	34	27	0	27	36	0	36	32	0	32	25	0	25	40	0	40	42	0	42	20	0	20	24	0	24	27	0	27	30	0	30	24	0	24	46	0	46	22	0	22	40	5	35	17	3	14	36	2	34	41	1	40	27	0	27	21	0	21
NC_059183.1	3066538	3066539	*	22	0	22	29	0	29	22	0	22	23	0	23	40	0	40	35	1	34	26	0	26	18	0	18	15	0	15	29	0	29	32	0	32	14	1	13	34	1	33	36	0	36	33	4	29	30	0	30	40	1	39	49	0	49	29	0	29	15	0	15
NC_059183.1	3390194	3390195	*	16	0	16	19	0	19	19	0	19	22	0	22	12	0	12	13	0	13	11	0	11	25	0	25	15	0	15	16	0	16	20	0	20	26	0	26	16	0	16	17	0	17	14	3	11	19	0	19	17	0	17	32	1	31	23	0	23	17	0	17
NC_059183.1	5742731	5742732	*	13	0	13	23	0	23	14	0	14	12	0	12	19	0	19	18	0	18	10	0	10	16	0	16	12	0	12	19	0	19	18	0	18	15	1	14	20	0	20	17	0	17	26	3	23	21	0	21	21	0	21	25	0	25	21	0	21	13	0	13
NC_059183.1	7448047	7448048	*	20	0	20	20	0	20	14	0	14	22	1	21	13	0	13	20	1	19	19	0	19	10	0	10	17	0	17	17	0	17	20	0	20	15	0	15	15	0	15	15	0	15	13	4	9	23	0	23	20	0	20	23	0	23	21	0	21	12	0	12
NC_059183.1	11731251	11731252	*	11	0	11	18	0	18	23	0	23	21	0	21	17	0	17	20	0	20	21	0	21	10	0	10	11	0	11	26	1	25	16	0	16	24	0	24	10	0	10	20	0	20	23	7	16	21	0	21	10	0	10	10	0	10	14	0	14	20	0	20
NC_059183.1	14280135	14280136	*	20	0	20	19	0	19	14	0	14	15	0	15	17	0	17	16	0	16	15	0	15	13	0	13	12	0	12	21	0	21	14	0	14	20	0	20	17	0	17	21	0	21	21	16	5	26	0	26	13	0	13	15	0	15	20	0	20	16	0	16
NC_059183.1	16873300	16873301	*	18	0	18	21	0	21	16	0	16	23	0	23	18	0	18	26	0	26	18	0	18	19	0	19	11	0	11	21	0	21	13	0	13	25	0	25	20	0	20	20	0	20	21	3	18	21	0	21	26	0	26	23	0	23	22	0	22	18	0	18
NC_059183.1	18636553	18636554	*	25	0	25	15	0	15	15	0	15	21	0	21	24	0	24	22	0	22	11	0	11	13	1	12	18	0	18	22	0	22	15	0	15	24	0	24	28	1	27	19	0	19	27	3	24	25	0	25	18	0	18	13	0	13	21	0	21	19	0	19
NC_059184.1	587262	587263	*	10	0	10	18	0	18	15	0	15	17	0	17	11	0	11	10	0	10	20	0	20	14	0	14	10	0	10	18	0	18	22	0	22	11	0	11	15	0	15	10	0	10	16	6	10	19	0	19	12	11	1	27	0	27	16	7	9	12	0	12
NC_059184.1	2293462	2293463	*	17	0	17	17	0	17	17	0	17	21	0	21	14	0	14	14	0	14	21	0	21	18	0	18	16	0	16	19	0	19	27	0	27	19	0	19	22	0	22	19	0	19	30	3	27	18	0	18	14	0	14	10	0	10	25	0	25	20	0	20
NC_059184.1	2339795	2339796	*	11	0	11	18	0	18	21	0	21	17	0	17	11	0	11	14	0	14	18	0	18	16	0	16	10	0	10	19	0	19	14	1	13	16	0	16	12	0	12	14	0	14	10	6	4	19	0	19	17	0	17	24	0	24	15	0	15	12	0	12
NC_059184.1	2842382	2842383	*	19	0	19	21	0	21	13	0	13	11	0	11	14	0	14	15	2	13	13	0	13	12	0	12	13	0	13	13	0	13	13	0	13	12	0	12	12	1	11	17	0	17	16	9	7	13	0	13	17	0	17	20	0	20	23	0	23	12	0	12
NC_059184.1	2842419	2842420	*	20	0	20	22	0	22	15	0	15	12	1	11	15	0	15	15	0	15	17	1	16	15	1	14	15	0	15	20	0	20	15	0	15	12	1	11	15	0	15	17	0	17	26	11	15	19	0	19	19	0	19	21	0	21	27	1	26	16	1	15
NC_059184.1	7390657	7390658	*	17	0	17	19	0	19	19	0	19	15	0	15	14	0	14	15	1	14	14	2	12	12	2	10	16	0	16	17	0	17	23	1	22	17	0	17	21	0	21	19	0	19	26	4	22	19	1	18	16	0	16	11	2	9	31	1	30	25	8	17
NC_059184.1	9717214	9717215	*	20	0	20	33	1	32	15	0	15	20	0	20	15	0	15	21	0	21	24	0	24	14	1	13	15	0	15	28	0	28	18	0	18	24	2	22	24	0	24	21	1	20	25	3	22	23	1	22	27	3	24	20	0	20	27	1	26	14	0	14
NC_059184.1	9816923	9816924	*	17	0	17	15	0	15	23	1	22	16	0	16	27	0	27	22	0	22	10	0	10	18	0	18	13	0	13	22	1	21	34	1	33	12	0	12	44	1	43	15	0	15	24	3	21	11	0	11	19	0	19	10	1	9	16	1	15	29	0	29
NC_059184.1	11096702	11096703	*	29	0	29	31	0	31	27	0	27	16	0	16	27	0	27	19	0	19	12	0	12	34	0	34	20	0	20	28	0	28	27	0	27	12	0	12	33	0	33	19	0	19	32	7	25	24	0	24	29	0	29	45	0	45	34	0	34	24	0	24
NC_059185.1	2914342	2914343	*	16	0	16	24	0	24	13	0	13	16	0	16	19	0	19	27	0	27	13	0	13	20	0	20	14	0	14	22	0	22	23	0	23	24	0	24	16	0	16	19	0	19	25	3	22	19	0	19	16	0	16	18	0	18	33	0	33	22	0	22
NC_059185.1	3967236	3967237	*	15	0	15	23	0	23	10	1	9	14	0	14	14	0	14	15	0	15	16	0	16	11	0	11	16	0	16	22	0	22	22	0	22	19	0	19	20	0	20	19	0	19	22	4	18	10	0	10	24	0	24	27	0	27	22	0	22	13	0	13
NC_059185.1	11539563	11539564	*	17	0	17	23	0	23	26	0	26	25	0	25	18	0	18	32	0	32	32	0	32	19	0	19	15	0	15	28	1	27	18	0	18	20	0	20	22	0	22	16	0	16	43	21	22	21	0	21	14	0	14	29	0	29	11	1	10	19	0	19
NC_059186.1	9453843	9453844	*	15	0	15	23	0	23	13	0	13	16	0	16	18	0	18	16	0	16	16	0	16	20	0	20	11	0	11	17	0	17	22	0	22	14	0	14	20	0	20	30	0	30	22	3	19	23	0	23	20	0	20	22	1	21	22	0	22	16	0	16
NC_059186.1	9783575	9783576	*	23	0	23	17	0	17	12	0	12	12	0	12	10	0	10	21	0	21	13	0	13	14	0	14	11	0	11	12	0	12	15	1	14	19	0	19	16	0	16	22	0	22	30	3	27	23	0	23	12	0	12	15	0	15	12	0	12	16	0	16
NC_059186.1	11273358	11273359	*	21	0	21	25	0	25	16	0	16	16	0	16	19	0	19	20	0	20	20	1	19	17	0	17	11	0	11	25	0	25	25	0	25	22	0	22	19	0	19	18	0	18	32	3	29	21	0	21	31	1	30	22	0	22	25	0	25	20	0	20
NC_059187.1	174533	174534	*	16	0	16	32	0	32	16	0	16	23	0	23	17	0	17	20	0	20	16	0	16	22	0	22	19	0	19	28	0	28	21	0	21	20	0	20	16	0	16	27	0	27	30	3	27	19	0	19	24	0	24	31	0	31	18	0	18	23	0	23
NC_059187.1	2679324	2679325	*	26	0	26	16	0	16	20	0	20	15	0	15	15	0	15	16	0	16	12	0	12	15	0	15	19	0	19	11	0	11	24	0	24	16	0	16	13	0	13	11	1	10	27	3	24	20	0	20	15	0	15	37	0	37	20	0	20	20	1	19
NC_059187.1	3593745	3593746	*	11	0	11	18	1	17	22	0	22	13	0	13	10	0	10	17	0	17	12	0	12	13	0	13	12	0	12	11	0	11	16	0	16	16	0	16	14	0	14	23	0	23	20	3	17	18	0	18	22	0	22	10	0	10	15	0	15	16	0	16
NC_059187.1	6621639	6621640	*	72	0	72	41	0	41	35	0	35	28	0	28	51	2	49	33	0	33	29	2	27	27	0	27	22	0	22	33	1	32	42	1	41	20	0	20	37	0	37	26	0	26	78	9	69	25	0	25	46	0	46	52	0	52	46	3	43	20	0	20
NC_059187.1	6621984	6621985	*	42	1	41	19	1	18	35	0	35	22	0	22	30	0	30	26	0	26	17	1	16	20	0	20	18	1	17	26	0	26	26	0	26	15	0	15	40	1	39	26	0	26	37	9	28	25	0	25	30	0	30	29	0	29	19	0	19	33	0	33
NC_059187.1	6654454	6654455	*	23	0	23	17	0	17	17	1	16	12	0	12	17	0	17	18	0	18	22	0	22	20	0	20	14	0	14	32	0	32	39	0	39	18	0	18	38	0	38	29	0	29	31	9	22	20	0	20	26	0	26	34	0	34	29	0	29	25	0	25
NC_059187.1	7016823	7016824	*	29	0	29	26	0	26	19	0	19	23	0	23	21	0	21	24	0	24	12	0	12	18	0	18	18	0	18	24	0	24	16	0	16	26	0	26	42	1	41	26	0	26	23	3	20	20	0	20	28	0	28	15	0	15	30	1	29	27	0	27
NC_059187.1	7515825	7515826	*	16	0	16	41	0	41	27	0	27	21	0	21	31	0	31	24	0	24	17	0	17	24	0	24	19	0	19	31	0	31	36	0	36	27	0	27	44	1	43	36	0	36	33	3	30	30	0	30	21	0	21	10	0	10	30	1	29	30	0	30
NC_059187.1	7614954	7614955	*	24	0	24	20	0	20	20	0	20	16	0	16	18	0	18	25	0	25	15	0	15	25	0	25	12	0	12	21	1	20	25	1	24	13	0	13	33	0	33	31	0	31	24	6	18	29	0	29	17	0	17	10	0	10	29	0	29	24	0	24
NC_059187.1	8688412	8688413	*	13	0	13	26	0	26	23	0	23	15	0	15	17	0	17	12	0	12	20	0	20	11	0	11	18	0	18	18	0	18	25	0	25	24	0	24	25	0	25	22	0	22	31	3	28	22	0	22	24	0	24	15	0	15	32	0	32	27	0	27
NC_059188.1	3479759	3479760	*	20	0	20	19	0	19	19	0	19	12	0	12	26	0	26	17	0	17	14	0	14	10	0	10	13	0	13	23	0	23	24	0	24	23	0	23	30	0	30	28	0	28	30	3	27	23	0	23	21	0	21	16	0	16	21	0	21	26	0	26
NC_059188.1	4766751	4766752	*	40	0	40	45	0	45	25	0	25	26	0	26	23	1	22	37	0	37	41	0	41	16	0	16	26	0	26	44	0	44	54	0	54	33	0	33	66	2	64	33	0	33	43	4	39	39	0	39	32	0	32	21	0	21	46	1	45	29	0	29
NC_059188.1	8116912	8116913	*	54	0	54	44	0	44	30	1	29	44	0	44	46	0	46	49	0	49	33	0	33	45	1	44	34	0	34	49	0	49	59	0	59	52	1	51	41	0	41	64	0	64	33	3	30	30	0	30	31	0	31	19	0	19	52	0	52	43	0	43
NC_059188.1	11485374	11485375	*	12	0	12	19	1	18	18	0	18	17	0	17	14	0	14	17	0	17	15	0	15	10	0	10	19	0	19	26	0	26	18	0	18	26	0	26	16	0	16	28	0	28	17	4	13	34	0	34	25	0	25	13	0	13	18	0	18	22	0	22
NC_059189.1	71361	71362	*	18	0	18	16	0	16	13	0	13	16	0	16	20	0	20	18	0	18	16	0	16	15	0	15	12	0	12	23	0	23	16	0	16	22	1	21	20	0	20	20	0	20	13	4	9	14	0	14	13	0	13	11	0	11	26	0	26	10	0	10
NC_059189.1	2687949	2687950	*	24	0	24	24	0	24	18	0	18	24	0	24	11	0	11	24	0	24	22	0	22	15	0	15	10	0	10	10	0	10	24	0	24	25	0	25	17	0	17	20	0	20	22	3	19	29	0	29	19	0	19	15	0	15	22	0	22	28	0	28
NC_059189.1	3592431	3592432	*	19	0	19	24	0	24	13	0	13	11	0	11	15	0	15	24	0	24	11	0	11	18	0	18	13	0	13	21	0	21	15	0	15	25	0	25	17	0	17	15	0	15	23	3	20	15	0	15	18	0	18	19	0	19	16	0	16	21	0	21
NC_059189.1	3989987	3989988	*	18	0	18	17	0	17	20	0	20	18	0	18	19	0	19	20	0	20	15	0	15	17	0	17	10	0	10	18	1	17	24	0	24	21	0	21	15	0	15	31	0	31	24	3	21	17	1	16	19	0	19	11	1	10	27	0	27	20	0	20
NC_059189.1	4175745	4175746	*	15	0	15	11	0	11	10	0	10	18	0	18	17	0	17	23	0	23	11	0	11	11	0	11	11	0	11	12	0	12	17	0	17	13	0	13	11	0	11	14	0	14	20	9	11	17	0	17	20	0	20	21	0	21	21	0	21	10	0	10
NC_059189.1	7508263	7508264	*	26	1	25	21	0	21	14	0	14	23	0	23	24	0	24	23	2	21	20	0	20	18	0	18	15	0	15	34	0	34	39	0	39	21	0	21	42	0	42	26	1	25	38	7	31	26	0	26	30	0	30	43	0	43	16	0	16	15	1	14
NC_059189.1	7546582	7546583	*	16	0	16	17	0	17	22	0	22	24	0	24	18	0	18	18	0	18	11	0	11	19	0	19	12	0	12	18	0	18	11	0	11	24	0	24	20	0	20	23	0	23	24	3	21	14	0	14	12	0	12	11	0	11	27	0	27	17	0	17
NC_059189.1	7766626	7766627	*	20	0	20	20	0	20	21	0	21	14	0	14	13	0	13	19	0	19	19	0	19	14	0	14	13	0	13	27	1	26	25	0	25	29	0	29	20	0	20	16	0	16	26	3	23	10	0	10	13	0	13	17	1	16	21	0	21	17	0	17
NC_059190.1	649389	649390	*	11	0	11	29	0	29	16	0	16	15	0	15	26	0	26	14	0	14	12	0	12	13	0	13	18	0	18	23	0	23	21	1	20	20	0	20	23	0	23	13	0	13	25	4	21	34	0	34	19	0	19	17	0	17	17	0	17	19	0	19
NC_059190.1	3551535	3551536	*	20	0	20	20	0	20	19	0	19	16	0	16	21	0	21	22	0	22	15	0	15	16	0	16	14	0	14	28	0	28	23	0	23	27	0	27	24	0	24	34	0	34	33	3	30	20	0	20	24	1	23	13	0	13	23	0	23	33	1	32
NC_059190.1	5037822	5037823	*	54	0	54	34	0	34	29	1	28	17	0	17	42	1	41	41	2	39	34	0	34	17	0	17	23	0	23	25	2	23	34	0	34	15	0	15	41	0	41	30	0	30	25	3	22	21	1	20	17	1	16	38	0	38	32	0	32	18	1	17
NC_059190.1	5038060	5038061	*	26	1	25	20	0	20	19	0	19	21	0	21	22	0	22	35	1	34	25	0	25	18	0	18	15	0	15	27	2	25	22	1	21	12	1	11	26	1	25	21	1	20	26	4	22	19	0	19	18	3	15	28	2	26	23	1	22	22	1	21
NC_059191.1	119664	119665	*	19	0	19	26	0	26	21	0	21	28	1	27	23	0	23	22	0	22	16	0	16	17	0	17	25	0	25	24	0	24	16	0	16	21	0	21	24	0	24	29	0	29	26	3	23	25	0	25	27	0	27	11	0	11	28	1	27	15	0	15
NC_059191.1	4092917	4092918	*	14	0	14	28	0	28	18	0	18	13	0	13	19	0	19	22	0	22	26	0	26	19	0	19	20	0	20	26	1	25	31	0	31	20	0	20	27	0	27	26	0	26	24	3	21	27	0	27	29	0	29	10	0	10	34	0	34	18	0	18
NC_059191.1	4997260	4997261	*	26	0	26	19	0	19	15	0	15	12	0	12	16	0	16	12	0	12	18	0	18	10	0	10	10	0	10	19	1	18	23	0	23	16	0	16	30	0	30	17	1	16	29	3	26	14	0	14	13	0	13	14	0	14	17	0	17	17	0	17
NC_059191.1	5463971	5463972	*	30	1	29	35	0	35	18	0	18	18	0	18	30	0	30	27	0	27	20	0	20	18	0	18	17	0	17	30	0	30	29	0	29	20	0	20	29	0	29	31	0	31	31	8	23	26	1	25	46	0	46	39	0	39	27	0	27	30	0	30
NC_059191.1	8236202	8236203	*	12	0	12	37	0	37	15	0	15	41	0	41	20	1	19	47	1	46	36	0	36	11	0	11	11	0	11	32	0	32	27	0	27	17	0	17	21	0	21	16	0	16	34	3	31	20	0	20	32	0	32	15	0	15	19	0	19	24	0	24
NW_025533127.1	40583	40584	*	22	0	22	23	0	23	10	0	10	19	0	19	20	0	20	17	0	17	16	0	16	22	0	22	15	0	15	23	0	23	20	0	20	18	0	18	11	0	11	23	0	23	18	3	15	18	0	18	10	0	10	10	0	10	17	0	17	20	0	20
NW_025533130.1	107087	107088	*	31	1	30	10	0	10	37	1	36	18	0	18	39	1	38	41	0	41	13	0	13	24	0	24	26	0	26	22	0	22	26	0	26	33	2	31	18	0	18	19	0	19	14	5	9	14	0	14	36	0	36	62	1	61	14	0	14	21	0	21
NW_025533169.1	75464	75465	*	51	0	51	34	0	34	17	1	16	18	0	18	37	0	37	26	0	26	26	1	25	26	0	26	18	2	16	26	0	26	40	0	40	43	0	43	19	0	19	50	1	49	39	4	35	36	2	34	23	0	23	44	2	42	30	1	29	20	1	19
NW_025533169.1	75572	75573	*	56	0	56	36	0	36	21	0	21	23	0	23	35	1	34	28	0	28	33	0	33	19	0	19	21	2	19	19	0	19	36	0	36	40	0	40	18	1	17	65	0	65	47	4	43	46	1	45	37	0	37	47	2	45	31	0	31	22	4	18
NW_025533169.1	78061	78062	*	34	0	34	14	0	14	17	0	17	20	0	20	28	0	28	32	0	32	15	0	15	20	0	20	22	0	22	24	1	23	23	0	23	20	0	20	18	0	18	23	0	23	20	4	16	28	0	28	30	0	30	27	0	27	22	0	22	17	0	17
NW_025533173.1	52697	52698	*	26	0	26	53	0	53	46	0	46	54	0	54	48	0	48	67	0	67	57	0	57	53	1	52	39	0	39	22	1	21	36	0	36	54	0	54	31	0	31	36	1	35	56	4	52	47	0	47	64	5	59	54	0	54	43	0	43	49	0	49
NW_025533242.1	34737	34738	*	30	0	30	57	0	57	40	0	40	31	0	31	40	0	40	46	0	46	30	0	30	22	0	22	34	0	34	30	1	29	68	0	68	17	0	17	53	1	52	47	0	47	33	3	30	23	0	23	42	0	42	11	0	11	32	1	31	36	0	36
NW_025533332.1	24512	24513	*	54	1	53	27	1	26	41	1	40	32	0	32	25	1	24	26	0	26	40	1	39	55	1	54	46	2	44	18	0	18	32	0	32	37	0	37	60	2	58	70	0	70	66	8	58	84	8	76	40	1	39	73	8	65	51	0	51	45	4	41
NW_025533332.1	24534	24535	*	47	1	46	27	1	26	39	1	38	31	0	31	24	1	23	24	0	24	35	2	33	50	0	50	45	1	44	15	0	15	32	1	31	37	0	37	62	1	61	58	2	56	64	12	52	72	8	64	35	1	34	70	8	62	48	0	48	36	4	32
NW_025533412.1	949	950	*	24	0	24	19	0	19	28	0	28	15	0	15	15	0	15	16	0	16	17	0	17	12	0	12	21	0	21	18	0	18	18	0	18	11	0	11	10	0	10	17	0	17	25	3	22	24	0	24	23	0	23	14	0	14	30	0	30	12	0	12
NC_059182.1	1125104	1125105	*	10	0	10	17	0	17	12	0	12	18	0	18	15	0	15	23	0	23	20	0	20	21	0	21	12	0	12	20	0	20	26	0	26	14	0	14	17	0	17	20	0	20	12	0	12	12	7	5	18	0	18	42	19	23	19	1	18	12	0	12
NC_059182.1	1125117	1125118	*	10	0	10	17	0	17	11	0	11	17	0	17	15	0	15	20	0	20	19	1	18	19	0	19	13	0	13	20	0	20	26	0	26	14	0	14	17	0	17	18	0	18	12	0	12	12	10	2	17	0	17	46	21	25	21	0	21	13	0	13
NC_059182.1	4099706	4099707	*	20	0	20	23	0	23	12	0	12	11	0	11	19	1	18	26	1	25	27	0	27	16	1	15	12	0	12	16	0	16	31	0	31	30	0	30	21	1	20	20	0	20	31	1	30	17	8	9	20	0	20	13	0	13	17	0	17	22	0	22
NC_059182.1	4099832	4099833	*	18	1	17	25	0	25	17	0	17	14	0	14	30	0	30	24	0	24	15	0	15	14	0	14	14	0	14	21	0	21	27	0	27	22	0	22	26	0	26	22	0	22	37	1	36	29	3	26	17	0	17	15	0	15	26	0	26	25	0	25
NC_059182.1	4099899	4099900	*	16	0	16	19	0	19	18	0	18	16	0	16	27	0	27	18	0	18	11	0	11	15	0	15	13	0	13	12	0	12	18	0	18	19	0	19	19	0	19	22	0	22	32	0	32	28	3	25	14	0	14	14	0	14	23	0	23	17	0	17
NC_059182.1	8164775	8164776	*	27	1	26	20	0	20	16	0	16	17	0	17	15	0	15	14	0	14	11	0	11	18	0	18	17	0	17	21	0	21	14	0	14	13	0	13	20	0	20	24	0	24	27	0	27	22	3	19	20	0	20	16	0	16	23	0	23	17	0	17
NC_059182.1	13398874	13398875	*	17	0	17	10	0	10	13	0	13	13	0	13	13	0	13	22	0	22	15	0	15	10	0	10	11	0	11	17	0	17	17	0	17	14	0	14	15	0	15	21	0	21	31	0	31	22	3	19	14	0	14	13	0	13	25	0	25	15	0	15
NC_059182.1	14422348	14422349	*	20	0	20	26	0	26	14	0	14	20	0	20	15	1	14	19	0	19	20	0	20	18	0	18	15	0	15	21	0	21	26	0	26	12	0	12	15	1	14	20	1	19	24	0	24	15	9	6	11	0	11	10	0	10	17	0	17	13	0	13
NC_059183.1	84633	84634	*	33	0	33	26	0	26	14	0	14	15	0	15	17	0	17	26	0	26	14	0	14	12	0	12	12	0	12	26	0	26	27	0	27	18	0	18	27	0	27	20	0	20	27	0	27	30	7	23	14	0	14	25	0	25	31	0	31	26	1	25
NC_059183.1	3066797	3066798	*	51	0	51	45	1	44	26	0	26	42	0	42	39	0	39	44	0	44	50	0	50	37	0	37	26	1	25	35	2	33	52	2	50	26	0	26	44	0	44	56	0	56	84	3	81	34	3	31	57	2	55	40	0	40	60	0	60	57	0	57
NC_059183.1	5974587	5974588	*	17	0	17	28	0	28	26	0	26	30	1	29	24	0	24	40	0	40	26	0	26	24	0	24	31	0	31	16	0	16	31	1	30	27	1	26	15	1	14	23	0	23	34	0	34	33	3	30	31	1	30	40	1	39	27	1	26	19	0	19
NC_059183.1	12543767	12543768	*	22	0	22	24	1	23	23	0	23	17	0	17	18	0	18	17	1	16	22	0	22	18	0	18	27	0	27	25	0	25	18	0	18	22	0	22	25	0	25	25	0	25	24	1	23	20	3	17	23	0	23	14	0	14	31	0	31	25	0	25
NC_059183.1	18554979	18554980	*	18	0	18	15	0	15	16	0	16	24	0	24	18	0	18	13	0	13	19	0	19	18	0	18	13	0	13	12	0	12	25	1	24	21	1	20	16	0	16	20	0	20	33	0	33	30	3	27	29	0	29	18	0	18	15	0	15	18	0	18
NC_059183.1	18843734	18843735	*	31	0	31	17	0	17	10	0	10	20	0	20	21	0	21	20	0	20	11	0	11	20	0	20	12	0	12	21	0	21	20	0	20	21	0	21	24	0	24	15	0	15	25	0	25	26	3	23	17	0	17	17	0	17	23	0	23	14	0	14
NC_059184.1	11838881	11838882	*	20	0	20	35	1	34	40	0	40	37	0	37	24	0	24	21	0	21	41	0	41	42	0	42	27	0	27	30	0	30	20	0	20	36	1	35	19	0	19	34	0	34	34	0	34	35	4	31	32	0	32	37	0	37	29	0	29	25	0	25
NC_059184.1	12325375	12325376	*	14	0	14	15	0	15	15	0	15	13	0	13	14	0	14	18	0	18	13	0	13	11	0	11	13	0	13	14	0	14	15	0	15	15	0	15	14	0	14	15	1	14	25	1	24	15	5	10	18	0	18	13	0	13	17	1	16	12	0	12
NC_059184.1	12325415	12325416	*	18	0	18	18	0	18	16	0	16	14	0	14	15	0	15	19	0	19	16	0	16	14	0	14	15	0	15	15	0	15	18	0	18	19	0	19	13	1	12	17	0	17	25	0	25	19	3	16	15	0	15	10	0	10	22	0	22	11	0	11
NC_059184.1	12325422	12325423	*	18	0	18	18	0	18	15	0	15	14	0	14	15	0	15	19	0	19	16	0	16	15	0	15	15	0	15	16	0	16	17	0	17	19	0	19	14	0	14	16	0	16	28	0	28	20	3	17	16	0	16	10	0	10	20	0	20	11	1	10
NC_059184.1	12325434	12325435	*	17	0	17	18	0	18	15	0	15	13	0	13	16	0	16	18	0	18	15	1	14	14	0	14	16	0	16	16	0	16	18	0	18	18	0	18	13	0	13	17	1	16	26	0	26	19	4	15	16	0	16	11	1	10	22	0	22	10	0	10
NC_059184.1	13328922	13328923	*	13	0	13	21	0	21	18	0	18	11	0	11	19	0	19	10	0	10	14	0	14	12	0	12	12	0	12	24	0	24	13	0	13	13	0	13	14	0	14	12	0	12	15	0	15	17	10	7	15	0	15	16	0	16	17	0	17	11	0	11
NC_059185.1	3966236	3966237	*	29	0	29	29	0	29	23	0	23	19	0	19	18	0	18	22	0	22	19	0	19	16	0	16	14	0	14	15	0	15	23	0	23	25	1	24	23	0	23	14	0	14	26	0	26	27	3	24	27	0	27	10	0	10	29	0	29	24	0	24
NC_059185.1	4017441	4017442	*	17	0	17	28	0	28	10	0	10	19	0	19	12	0	12	15	0	15	10	0	10	17	0	17	11	0	11	11	0	11	21	0	21	15	0	15	15	0	15	25	0	25	22	0	22	22	3	19	11	0	11	16	0	16	14	0	14	13	0	13
NC_059185.1	4551442	4551443	*	16	0	16	15	0	15	17	0	17	15	0	15	16	0	16	27	0	27	16	0	16	14	0	14	19	0	19	26	0	26	19	0	19	20	0	20	20	0	20	29	0	29	33	0	33	18	3	15	18	0	18	20	0	20	24	0	24	19	0	19
NC_059185.1	6249115	6249116	*	18	0	18	23	1	22	16	0	16	18	0	18	20	0	20	28	0	28	15	0	15	17	0	17	15	0	15	26	0	26	23	0	23	27	0	27	32	0	32	20	0	20	35	0	35	25	11	14	24	8	16	21	13	8	23	1	22	29	0	29
NC_059185.1	11938307	11938308	*	26	0	26	27	0	27	20	0	20	21	0	21	15	0	15	19	0	19	13	0	13	21	0	21	16	0	16	25	0	25	17	0	17	32	1	31	32	0	32	35	0	35	29	0	29	29	3	26	25	0	25	17	1	16	32	1	31	21	0	21
NC_059185.1	11947436	11947437	*	21	0	21	14	0	14	16	0	16	17	0	17	17	1	16	22	0	22	23	0	23	24	0	24	16	0	16	21	0	21	24	0	24	21	1	20	13	0	13	17	0	17	19	0	19	26	3	23	18	1	17	36	3	33	23	1	22	17	0	17
NC_059186.1	9551880	9551881	*	21	0	21	24	0	24	18	0	18	17	0	17	15	0	15	21	0	21	16	0	16	17	0	17	11	0	11	15	0	15	19	0	19	17	0	17	26	0	26	18	0	18	22	0	22	23	13	10	27	5	22	12	0	12	16	9	7	16	0	16
NC_059186.1	9551892	9551893	*	24	0	24	25	1	24	21	0	21	18	0	18	12	0	12	26	0	26	15	0	15	20	0	20	12	0	12	17	0	17	20	0	20	16	0	16	26	0	26	20	0	20	22	0	22	27	15	12	27	5	22	18	0	18	19	9	10	17	1	16
NC_059186.1	11530572	11530573	*	33	0	33	40	0	40	26	0	26	36	0	36	25	0	25	31	0	31	39	0	39	32	0	32	13	0	13	35	0	35	26	0	26	24	1	23	44	0	44	40	0	40	24	0	24	29	3	26	15	0	15	12	0	12	44	0	44	29	0	29
NC_059187.1	2675774	2675775	*	25	0	25	27	1	26	17	0	17	11	0	11	10	0	10	18	0	18	23	0	23	11	0	11	19	0	19	12	0	12	19	1	18	17	0	17	12	1	11	13	0	13	37	1	36	33	6	27	24	0	24	34	0	34	14	0	14	14	0	14
NC_059187.1	2675793	2675794	*	19	0	19	26	0	26	16	0	16	11	0	11	10	0	10	20	0	20	24	0	24	12	0	12	19	0	19	10	0	10	17	0	17	15	0	15	11	1	10	13	0	13	39	2	37	30	4	26	23	0	23	30	1	29	12	0	12	14	0	14
NC_059187.1	3118617	3118618	*	14	0	14	15	0	15	19	1	18	20	0	20	16	0	16	16	0	16	19	0	19	13	0	13	16	0	16	13	0	13	19	0	19	15	0	15	16	1	15	12	0	12	19	0	19	21	3	18	12	0	12	23	0	23	12	0	12	16	0	16
NC_059187.1	3285946	3285947	*	15	0	15	23	0	23	24	0	24	22	0	22	13	0	13	36	0	36	18	0	18	16	0	16	19	0	19	23	0	23	25	0	25	21	1	20	29	0	29	33	0	33	33	0	33	28	3	25	29	0	29	18	0	18	32	1	31	30	0	30
NC_059187.1	3509118	3509119	*	18	1	17	11	0	11	10	0	10	13	0	13	10	0	10	17	0	17	14	0	14	15	1	14	11	0	11	18	1	17	19	0	19	21	0	21	12	0	12	16	0	16	14	0	14	14	4	10	17	1	16	20	0	20	14	0	14	25	0	25
NC_059187.1	3509133	3509134	*	17	0	17	14	0	14	11	0	11	13	0	13	11	0	11	18	0	18	15	0	15	15	0	15	11	0	11	16	0	16	19	1	18	20	0	20	11	0	11	17	0	17	13	0	13	15	4	11	18	0	18	20	0	20	13	0	13	28	0	28
NC_059187.1	4181754	4181755	*	26	0	26	23	1	22	30	1	29	21	0	21	11	0	11	12	0	12	14	0	14	24	0	24	35	0	35	44	0	44	21	0	21	39	1	38	12	0	12	15	0	15	35	0	35	40	4	36	34	0	34	23	0	23	30	3	27	23	1	22
NC_059187.1	9276603	9276604	*	15	0	15	20	0	20	13	0	13	14	0	14	12	0	12	18	0	18	10	0	10	14	0	14	21	0	21	14	0	14	21	0	21	15	0	15	21	0	21	20	0	20	20	0	20	21	5	16	10	0	10	11	0	11	17	0	17	10	0	10
NC_059187.1	9821613	9821614	*	19	0	19	10	0	10	11	0	11	10	0	10	11	0	11	10	0	10	10	0	10	16	0	16	12	0	12	13	0	13	12	0	12	18	0	18	23	0	23	14	0	14	18	0	18	18	3	15	20	0	20	25	0	25	10	0	10	17	0	17
NC_059188.1	5922086	5922087	*	32	1	31	34	0	34	14	0	14	20	0	20	34	0	34	23	0	23	27	0	27	21	0	21	22	0	22	31	0	31	27	0	27	21	0	21	42	2	40	30	2	28	27	0	27	24	7	17	37	1	36	20	0	20	35	0	35	24	0	24
NC_059188.1	6559173	6559174	*	29	0	29	21	0	21	28	0	28	15	0	15	18	0	18	13	0	13	13	0	13	21	0	21	16	0	16	46	0	46	19	0	19	31	0	31	25	1	24	20	0	20	27	0	27	25	3	22	43	0	43	23	0	23	30	0	30	20	2	18
NC_059188.1	9791536	9791537	*	20	0	20	14	0	14	15	0	15	14	0	14	17	0	17	21	0	21	17	0	17	13	0	13	13	0	13	12	0	12	14	2	12	15	0	15	17	0	17	21	0	21	17	0	17	17	6	11	33	0	33	34	0	34	16	0	16	17	0	17
NC_059188.1	12037928	12037929	*	13	0	13	22	0	22	23	0	23	14	0	14	14	0	14	13	0	13	16	0	16	11	0	11	12	0	12	20	0	20	20	0	20	13	0	13	16	1	15	21	1	20	30	0	30	22	9	13	19	0	19	15	0	15	14	0	14	15	0	15
NC_059188.1	12186152	12186153	*	20	0	20	23	0	23	11	0	11	16	0	16	15	0	15	17	0	17	14	0	14	17	0	17	13	0	13	16	0	16	21	0	21	15	0	15	27	0	27	19	0	19	31	0	31	30	3	27	16	0	16	11	0	11	26	0	26	22	0	22
NC_059189.1	5684687	5684688	*	17	1	16	26	0	26	10	0	10	14	0	14	14	0	14	21	0	21	23	2	21	14	0	14	16	0	16	16	0	16	20	0	20	13	1	12	14	0	14	13	1	12	22	0	22	18	4	14	18	1	17	10	1	9	17	1	16	16	0	16
NC_059189.1	9373782	9373783	*	26	0	26	14	0	14	15	0	15	12	0	12	19	0	19	23	0	23	12	0	12	16	0	16	15	0	15	21	0	21	21	0	21	19	0	19	19	0	19	12	0	12	22	0	22	16	3	13	13	0	13	26	0	26	11	0	11	12	0	12
NC_059190.1	5037800	5037801	*	45	0	45	34	0	34	28	0	28	17	0	17	37	0	37	36	1	35	33	1	32	20	0	20	26	0	26	27	1	26	30	0	30	13	0	13	42	0	42	25	0	25	19	1	18	17	5	12	16	0	16	42	0	42	33	0	33	14	0	14
NC_059190.1	6076880	6076881	*	12	0	12	11	0	11	18	0	18	10	0	10	11	0	11	17	0	17	16	0	16	12	0	12	10	0	10	19	1	18	10	0	10	16	0	16	12	1	11	13	0	13	14	0	14	16	3	13	13	0	13	23	0	23	12	0	12	13	1	12
NC_059190.1	7694840	7694841	*	12	1	11	31	0	31	14	0	14	23	0	23	25	0	25	29	0	29	19	0	19	13	1	12	21	0	21	36	0	36	38	2	36	15	0	15	44	3	41	33	0	33	28	0	28	27	4	23	29	1	28	10	0	10	42	0	42	36	1	35
NC_059190.1	7694846	7694847	*	12	0	12	32	0	32	14	0	14	22	0	22	26	0	26	30	0	30	20	0	20	14	0	14	22	0	22	38	0	38	39	3	36	16	0	16	46	2	44	33	1	32	29	0	29	28	4	24	30	1	29	10	0	10	43	0	43	38	0	38
NC_059190.1	9237601	9237602	*	16	0	16	15	0	15	15	0	15	16	0	16	12	0	12	13	0	13	11	0	11	12	0	12	12	0	12	10	0	10	21	0	21	16	0	16	19	1	18	18	0	18	23	0	23	30	3	27	11	0	11	13	1	12	16	0	16	14	0	14
NC_059191.1	477050	477051	*	32	0	32	23	1	22	13	0	13	21	0	21	21	0	21	18	0	18	14	0	14	24	0	24	10	0	10	25	1	24	23	0	23	28	0	28	27	0	27	28	1	27	32	0	32	35	4	31	16	0	16	10	0	10	24	0	24	34	0	34
NC_059191.1	4603387	4603388	*	28	0	28	19	0	19	38	0	38	22	0	22	26	0	26	30	0	30	11	1	10	15	0	15	15	0	15	24	0	24	29	2	27	11	0	11	24	0	24	32	0	32	35	0	35	38	7	31	32	0	32	57	2	55	31	0	31	18	0	18
NC_059191.1	5343194	5343195	*	19	0	19	24	0	24	16	0	16	11	2	9	15	0	15	12	0	12	18	0	18	14	0	14	15	0	15	21	0	21	16	0	16	22	0	22	20	0	20	12	0	12	12	0	12	23	11	12	24	0	24	31	0	31	14	0	14	18	0	18
NC_059191.1	7559771	7559772	*	13	0	13	27	0	27	10	0	10	14	0	14	18	0	18	18	0	18	16	0	16	11	0	11	15	0	15	15	0	15	17	0	17	13	0	13	20	0	20	21	1	20	29	0	29	15	8	7	23	0	23	14	0	14	15	0	15	17	0	17
NC_059191.1	8006388	8006389	*	22	0	22	23	0	23	15	0	15	10	0	10	23	0	23	12	0	12	12	0	12	14	0	14	13	0	13	23	0	23	21	0	21	23	0	23	34	0	34	22	0	22	24	1	23	33	3	30	27	0	27	11	0	11	26	0	26	23	0	23
NW_025533132.1	108279	108280	*	19	0	19	23	0	23	15	0	15	19	0	19	17	0	17	20	0	20	18	0	18	15	0	15	21	0	21	25	0	25	26	0	26	20	0	20	21	0	21	24	0	24	24	0	24	30	3	27	21	0	21	15	0	15	29	0	29	19	0	19
NW_025533136.1	28855	28856	*	34	0	34	35	1	34	18	0	18	36	0	36	28	1	27	44	3	41	24	0	24	19	2	17	25	1	24	37	0	37	34	0	34	25	1	24	64	2	62	30	0	30	29	1	28	42	5	37	23	0	23	21	2	19	45	3	42	32	0	32
NW_025533136.1	34364	34365	*	49	0	49	48	1	47	23	0	23	44	0	44	36	0	36	36	0	36	46	0	46	29	1	28	36	0	36	25	0	25	48	0	48	43	1	42	85	0	85	38	0	38	53	0	53	34	6	28	43	0	43	26	0	26	60	0	60	29	0	29
NW_025533169.1	75314	75315	*	73	0	73	36	1	35	22	1	21	22	0	22	47	0	47	16	0	16	40	0	40	38	0	38	26	0	26	49	0	49	46	0	46	31	0	31	18	1	17	69	0	69	37	2	35	30	8	22	40	0	40	51	11	40	35	1	34	25	3	22
NW_025533169.1	75486	75487	*	50	0	50	31	0	31	22	0	22	20	0	20	33	0	33	26	0	26	27	0	27	29	1	28	20	0	20	23	1	22	42	0	42	38	1	37	18	0	18	56	0	56	41	0	41	42	11	31	24	0	24	45	1	44	33	2	31	19	1	18
NW_025533229.1	39335	39336	*	28	0	28	50	0	50	34	0	34	41	0	41	47	0	47	56	0	56	31	0	31	13	0	13	34	0	34	23	0	23	33	0	33	35	1	34	50	0	50	35	0	35	85	0	85	31	4	27	33	0	33	13	0	13	17	0	17	44	0	44
NW_025533244.1	15039	15040	*	22	0	22	17	0	17	21	0	21	40	0	40	20	0	20	32	0	32	21	0	21	22	0	22	19	0	19	43	3	40	41	1	40	28	0	28	27	0	27	38	0	38	37	0	37	34	6	28	34	0	34	19	6	13	45	3	42	25	0	25
NW_025533244.1	15046	15047	*	23	0	23	19	1	18	22	0	22	40	0	40	22	0	22	34	0	34	22	0	22	25	0	25	20	0	20	46	0	46	45	2	43	29	0	29	29	0	29	42	0	42	37	0	37	36	7	29	34	0	34	20	7	13	55	5	50	27	0	27
NW_025533284.1	30664	30665	*	49	0	49	23	1	22	33	0	33	18	0	18	28	0	28	27	1	26	17	0	17	57	0	57	15	0	15	34	0	34	25	1	24	12	0	12	36	1	35	31	0	31	26	0	26	14	9	5	34	0	34	29	0	29	46	1	45	29	3	26
NW_025533284.1	30696	30697	*	49	0	49	22	0	22	34	0	34	23	0	23	26	0	26	27	1	26	14	0	14	66	0	66	15	0	15	38	0	38	32	0	32	12	0	12	40	0	40	37	0	37	33	2	31	14	13	1	35	0	35	24	0	24	52	1	51	31	4	27
NW_025533284.1	30756	30757	*	51	0	51	31	0	31	37	0	37	18	0	18	24	0	24	33	0	33	17	0	17	63	0	63	17	0	17	40	0	40	38	0	38	13	0	13	41	0	41	40	0	40	31	1	30	16	16	0	36	0	36	23	1	22	50	0	50	26	1	25
NW_025533332.1	24259	24260	*	61	2	59	26	1	25	40	0	40	19	0	19	15	1	14	18	0	18	15	0	15	35	3	32	28	1	27	17	0	17	38	0	38	10	0	10	48	1	47	47	0	47	35	2	33	74	14	60	35	0	35	66	2	64	36	0	36	20	0	20
NC_059182.1	61904	61905	*	24	0	24	16	0	16	14	0	14	11	0	11	15	0	15	25	1	24	12	0	12	12	0	12	16	0	16	22	1	21	27	0	27	21	0	21	20	0	20	18	0	18	15	0	15	21	0	21	21	7	14	11	0	11	13	0	13	19	0	19
NC_059182.1	941729	941730	*	13	0	13	20	0	20	14	1	13	17	0	17	13	0	13	11	0	11	20	0	20	12	1	11	12	0	12	17	0	17	21	0	21	21	0	21	20	0	20	18	0	18	23	0	23	24	0	24	18	4	14	14	1	13	20	1	19	21	0	21
NC_059182.1	4115119	4115120	*	15	0	15	10	0	10	19	1	18	16	0	16	11	0	11	19	1	18	23	0	23	16	0	16	13	0	13	27	1	26	15	0	15	12	0	12	24	0	24	20	0	20	13	0	13	34	0	34	19	3	16	27	0	27	24	1	23	11	0	11
NC_059182.1	13814281	13814282	*	11	0	11	22	0	22	16	0	16	14	0	14	16	0	16	15	1	14	15	0	15	21	0	21	11	0	11	13	0	13	20	1	19	12	0	12	11	0	11	20	2	18	15	0	15	13	0	13	11	7	4	23	0	23	17	0	17	16	0	16
NC_059182.1	18842607	18842608	*	13	0	13	21	0	21	10	0	10	14	0	14	13	0	13	15	1	14	12	1	11	16	0	16	16	0	16	10	0	10	20	0	20	14	0	14	16	0	16	16	0	16	26	0	26	19	0	19	20	4	16	16	0	16	17	0	17	13	0	13
NC_059183.1	3067139	3067140	*	52	3	49	33	0	33	30	0	30	24	0	24	44	0	44	37	1	36	36	1	35	15	0	15	17	0	17	30	0	30	31	1	30	29	1	28	48	0	48	35	1	34	50	2	48	38	2	36	22	5	17	25	0	25	51	1	50	19	4	15
NC_059183.1	4444665	4444666	*	11	0	11	18	0	18	17	0	17	15	0	15	13	0	13	11	0	11	23	0	23	16	2	14	12	0	12	16	0	16	14	2	12	18	0	18	15	0	15	13	0	13	18	0	18	17	0	17	19	3	16	23	1	22	10	0	10	14	0	14
NC_059183.1	9313223	9313224	*	54	0	54	55	0	55	57	0	57	32	0	32	35	0	35	55	0	55	44	0	44	63	0	63	38	0	38	51	0	51	61	0	61	30	0	30	59	1	58	74	0	74	34	0	34	45	1	44	57	4	53	80	0	80	43	0	43	60	0	60
NC_059183.1	12283021	12283022	*	25	0	25	11	0	11	13	0	13	18	0	18	16	0	16	27	0	27	11	0	11	18	0	18	23	0	23	16	0	16	17	0	17	20	0	20	25	0	25	25	0	25	29	0	29	13	0	13	17	4	13	11	0	11	22	1	21	24	0	24
NC_059183.1	12283025	12283026	*	26	0	26	11	0	11	13	0	13	18	0	18	15	0	15	26	0	26	12	0	12	18	0	18	23	0	23	16	0	16	18	0	18	20	0	20	25	0	25	24	0	24	27	0	27	13	0	13	18	4	14	11	0	11	20	0	20	24	1	23
NC_059183.1	12283041	12283042	*	25	0	25	12	0	12	16	0	16	17	0	17	13	0	13	25	0	25	11	0	11	15	0	15	26	1	25	17	0	17	17	0	17	19	0	19	23	0	23	24	0	24	23	0	23	13	0	13	19	3	16	10	0	10	23	1	22	25	0	25
NC_059183.1	18510506	18510507	*	12	0	12	21	2	19	14	0	14	16	0	16	14	0	14	17	0	17	10	0	10	22	1	21	12	0	12	10	0	10	18	2	16	14	0	14	17	0	17	16	0	16	15	0	15	15	0	15	15	3	12	16	0	16	17	0	17	12	0	12
NC_059183.1	18510519	18510520	*	11	0	11	18	0	18	16	0	16	15	0	15	14	0	14	16	0	16	10	0	10	23	2	21	11	0	11	10	0	10	19	0	19	14	0	14	16	0	16	17	0	17	14	0	14	14	0	14	15	3	12	16	1	15	19	0	19	11	0	11
NC_059184.1	8877217	8877218	*	16	0	16	17	0	17	13	0	13	12	0	12	16	0	16	11	0	11	14	0	14	21	0	21	12	0	12	34	0	34	21	0	21	13	0	13	25	0	25	11	0	11	15	0	15	17	0	17	21	3	18	36	0	36	13	0	13	21	1	20
NC_059184.1	11521704	11521705	*	23	0	23	24	0	24	24	0	24	16	0	16	20	1	19	20	0	20	15	0	15	20	0	20	20	0	20	33	0	33	29	0	29	13	0	13	30	0	30	27	0	27	28	1	27	21	0	21	28	8	20	36	0	36	25	0	25	16	1	15
NC_059185.1	614278	614279	*	25	0	25	11	0	11	16	0	16	24	0	24	19	0	19	32	0	32	18	0	18	18	0	18	10	0	10	21	0	21	22	0	22	11	0	11	14	0	14	37	0	37	43	0	43	21	0	21	23	3	20	15	0	15	17	0	17	29	0	29
NC_059185.1	967034	967035	*	19	0	19	18	2	16	13	1	12	24	1	23	12	0	12	10	0	10	16	0	16	19	0	19	10	0	10	10	0	10	19	0	19	16	0	16	14	2	12	14	1	13	18	1	17	15	0	15	21	3	18	16	1	15	11	0	11	18	0	18
NC_059185.1	1167133	1167134	*	30	0	30	21	0	21	24	0	24	12	0	12	18	0	18	22	0	22	16	0	16	13	0	13	14	0	14	34	0	34	29	0	29	25	0	25	21	2	19	23	0	23	29	0	29	20	0	20	24	13	11	14	0	14	28	0	28	12	0	12
NC_059185.1	4294740	4294741	*	20	0	20	22	0	22	16	0	16	20	0	20	14	0	14	13	1	12	26	0	26	15	0	15	16	0	16	21	0	21	28	0	28	25	0	25	24	0	24	16	0	16	31	0	31	19	0	19	34	9	25	52	0	52	26	0	26	25	0	25
NC_059185.1	11263911	11263912	*	16	0	16	15	1	14	10	0	10	14	0	14	15	1	14	19	0	19	10	2	8	15	0	15	11	1	10	13	0	13	19	1	18	22	2	20	16	0	16	12	0	12	12	0	12	15	0	15	17	4	13	12	1	11	17	4	13	21	0	21
NC_059185.1	11744295	11744296	*	17	0	17	18	0	18	18	0	18	11	0	11	16	0	16	13	0	13	15	0	15	14	0	14	14	0	14	14	0	14	23	0	23	22	0	22	23	0	23	29	0	29	18	0	18	20	0	20	17	3	14	13	0	13	28	0	28	16	0	16
NC_059186.1	60490	60491	*	15	0	15	10	0	10	11	0	11	23	0	23	18	0	18	19	0	19	18	0	18	18	0	18	16	0	16	14	0	14	26	0	26	19	0	19	15	0	15	23	0	23	25	0	25	14	0	14	14	3	11	18	0	18	14	0	14	13	0	13
NC_059186.1	7989828	7989829	*	22	0	22	22	0	22	15	0	15	20	0	20	13	0	13	14	0	14	11	0	11	17	0	17	14	0	14	20	0	20	25	0	25	28	1	27	23	0	23	24	0	24	25	0	25	24	0	24	22	3	19	10	0	10	23	0	23	20	0	20
NC_059187.1	9931370	9931371	*	23	0	23	19	0	19	18	0	18	20	0	20	18	0	18	17	0	17	13	0	13	18	0	18	16	0	16	25	0	25	21	0	21	20	0	20	16	0	16	31	0	31	21	0	21	22	1	21	16	3	13	11	0	11	28	0	28	17	0	17
NC_059188.1	10292996	10292997	*	20	1	19	23	0	23	18	0	18	22	2	20	25	0	25	20	0	20	18	0	18	16	1	15	16	0	16	23	1	22	17	0	17	34	0	34	23	0	23	24	0	24	28	1	27	19	0	19	20	3	17	11	0	11	22	1	21	27	0	27
NC_059188.1	11083994	11083995	*	12	0	12	17	1	16	20	0	20	20	0	20	13	0	13	22	0	22	15	0	15	17	0	17	17	0	17	10	0	10	14	0	14	11	0	11	10	0	10	11	0	11	10	0	10	10	0	10	10	3	7	64	0	64	11	0	11	10	0	10
NC_059188.1	12628986	12628987	*	10	0	10	18	0	18	18	0	18	16	0	16	21	1	20	17	2	15	13	0	13	13	0	13	11	0	11	18	0	18	20	0	20	23	0	23	13	0	13	20	0	20	19	0	19	19	0	19	10	6	4	15	0	15	16	0	16	18	0	18
NC_059189.1	2027789	2027790	*	22	0	22	26	0	26	25	1	24	11	0	11	10	0	10	18	1	17	24	1	23	12	0	12	18	2	16	23	1	22	23	2	21	19	2	17	30	0	30	24	2	22	22	2	20	17	1	16	19	4	15	14	5	9	27	4	23	14	1	13
NC_059189.1	9037655	9037656	*	28	0	28	39	0	39	22	0	22	30	0	30	18	0	18	17	0	17	30	0	30	11	0	11	25	0	25	19	0	19	29	0	29	24	0	24	24	0	24	34	0	34	27	0	27	21	0	21	32	5	27	25	0	25	35	0	35	33	1	32
NC_059189.1	9037744	9037745	*	21	0	21	32	2	30	14	0	14	21	0	21	13	0	13	16	0	16	28	0	28	12	0	12	17	0	17	16	0	16	19	0	19	15	0	15	17	1	16	18	0	18	26	0	26	15	1	14	21	3	18	25	0	25	24	0	24	34	1	33
NC_059190.1	177805	177806	*	12	0	12	25	0	25	20	0	20	22	0	22	16	0	16	22	0	22	14	0	14	19	0	19	14	0	14	30	0	30	15	1	14	27	1	26	21	0	21	27	0	27	28	1	27	22	0	22	24	6	18	12	1	11	20	0	20	18	0	18
NC_059190.1	873563	873564	*	17	0	17	16	1	15	12	0	12	17	0	17	12	0	12	17	0	17	13	0	13	12	0	12	10	0	10	14	0	14	15	0	15	20	0	20	13	0	13	10	0	10	18	0	18	13	0	13	20	8	12	17	0	17	15	0	15	20	0	20
NC_059190.1	3265522	3265523	*	20	0	20	15	0	15	20	0	20	15	0	15	12	0	12	25	0	25	19	0	19	15	0	15	24	0	24	21	1	20	12	0	12	16	0	16	21	0	21	19	1	18	15	0	15	19	0	19	20	6	14	16	0	16	17	0	17	22	0	22
NC_059190.1	3267122	3267123	*	24	0	24	28	0	28	26	0	26	20	0	20	26	0	26	37	0	37	23	0	23	20	0	20	19	0	19	18	1	17	24	0	24	23	0	23	28	0	28	33	0	33	31	0	31	24	0	24	26	12	14	15	0	15	39	1	38	28	0	28
NC_059190.1	3593703	3593704	*	18	0	18	10	0	10	13	0	13	22	0	22	11	0	11	14	0	14	16	0	16	19	0	19	15	0	15	27	0	27	17	0	17	21	0	21	16	0	16	30	0	30	19	0	19	24	0	24	15	3	12	16	0	16	25	1	24	13	0	13
NC_059190.1	9021466	9021467	*	31	0	31	18	0	18	20	0	20	13	0	13	18	1	17	20	0	20	11	0	11	18	0	18	13	0	13	26	0	26	22	0	22	16	0	16	26	0	26	24	1	23	31	0	31	26	0	26	22	3	19	11	0	11	24	0	24	20	0	20
NC_059191.1	1040391	1040392	*	18	0	18	20	0	20	13	0	13	23	0	23	18	0	18	15	0	15	12	0	12	13	0	13	25	0	25	23	0	23	27	0	27	23	0	23	23	0	23	25	0	25	19	0	19	18	0	18	16	8	8	11	0	11	23	0	23	24	0	24
NC_059191.1	1685948	1685949	*	19	0	19	18	0	18	19	0	19	20	0	20	14	0	14	16	0	16	19	0	19	24	0	24	12	0	12	19	0	19	20	2	18	23	0	23	29	0	29	18	0	18	23	0	23	23	0	23	21	4	17	29	0	29	21	1	20	19	0	19
NC_059191.1	7954689	7954690	*	17	0	17	19	0	19	13	0	13	13	0	13	17	0	17	16	0	16	17	0	17	17	0	17	13	0	13	25	0	25	34	1	33	26	0	26	27	0	27	23	0	23	22	0	22	18	0	18	17	3	14	17	0	17	22	0	22	26	0	26
NC_059191.1	8988993	8988994	*	16	0	16	16	0	16	14	0	14	13	0	13	15	0	15	19	0	19	16	0	16	12	0	12	13	0	13	16	0	16	16	0	16	12	0	12	19	1	18	19	0	19	21	0	21	23	0	23	19	11	8	11	0	11	14	0	14	26	0	26
NW_025533127.1	185455	185456	*	19	0	19	27	1	26	25	0	25	17	0	17	25	0	25	20	0	20	24	0	24	19	1	18	13	0	13	25	0	25	21	1	20	17	0	17	28	0	28	29	0	29	21	0	21	26	1	25	27	3	24	12	0	12	20	0	20	20	1	19
NW_025533130.1	232602	232603	*	27	1	26	24	1	23	17	1	16	28	2	26	15	0	15	35	0	35	32	0	32	20	0	20	14	0	14	37	0	37	42	0	42	27	2	25	33	0	33	41	0	41	37	2	35	19	0	19	44	5	39	46	0	46	33	0	33	26	0	26
NW_025533168.1	62895	62896	*	25	0	25	28	0	28	12	0	12	22	0	22	34	0	34	22	0	22	36	0	36	28	0	28	15	0	15	45	0	45	17	0	17	33	0	33	23	1	22	29	0	29	39	0	39	45	0	45	15	3	12	47	1	46	32	0	32	12	0	12
NW_025533332.1	10803	10804	*	36	0	36	28	0	28	38	0	38	14	0	14	44	0	44	29	0	29	19	0	19	16	0	16	20	0	20	22	1	21	18	0	18	22	0	22	40	0	40	28	0	28	26	0	26	20	0	20	30	3	27	41	1	40	36	2	34	15	0	15
NW_025533385.1	24270	24271	*	19	0	19	29	0	29	20	0	20	23	0	23	13	0	13	20	0	20	20	0	20	18	0	18	33	0	33	44	0	44	32	0	32	27	0	27	34	0	34	43	0	43	20	0	20	30	0	30	36	4	32	48	1	47	10	0	10	25	0	25
NC_059182.1	6084967	6084968	*	19	1	18	14	0	14	18	0	18	11	0	11	15	0	15	13	0	13	17	0	17	15	0	15	19	0	19	16	1	15	19	0	19	15	1	14	20	0	20	27	0	27	20	0	20	21	0	21	17	0	17	38	4	34	10	1	9	22	0	22
NC_059182.1	8214016	8214017	*	17	0	17	24	0	24	19	0	19	13	0	13	17	0	17	17	0	17	13	0	13	11	0	11	14	0	14	16	0	16	14	0	14	15	0	15	23	1	22	19	0	19	23	0	23	12	0	12	15	0	15	10	3	7	19	0	19	19	0	19
NC_059182.1	10842789	10842790	*	20	0	20	27	0	27	16	0	16	14	0	14	17	1	16	15	0	15	13	0	13	17	0	17	14	0	14	18	1	17	17	0	17	23	0	23	22	0	22	16	0	16	23	1	22	12	0	12	14	2	12	18	6	12	16	0	16	15	0	15
NC_059182.1	11272621	11272622	*	21	0	21	21	0	21	13	0	13	18	0	18	19	0	19	21	0	21	13	0	13	13	0	13	17	0	17	16	0	16	14	0	14	12	0	12	19	0	19	17	1	16	25	0	25	16	0	16	18	0	18	29	6	23	14	0	14	18	0	18
NC_059182.1	12771304	12771305	*	17	0	17	15	0	15	14	0	14	11	0	11	10	0	10	18	0	18	10	0	10	11	0	11	13	0	13	15	0	15	14	0	14	22	0	22	13	0	13	24	0	24	19	0	19	14	0	14	17	1	16	19	10	9	16	0	16	11	0	11
NC_059182.1	16513932	16513933	*	23	0	23	25	0	25	15	0	15	18	0	18	10	0	10	17	0	17	15	0	15	20	0	20	14	0	14	25	0	25	34	0	34	22	0	22	27	0	27	23	0	23	34	0	34	18	0	18	27	1	26	10	4	6	19	0	19	23	0	23
NC_059182.1	17107074	17107075	*	21	0	21	20	0	20	16	0	16	14	0	14	15	0	15	12	0	12	16	0	16	13	0	13	14	0	14	18	0	18	20	0	20	23	0	23	17	0	17	18	1	17	22	0	22	23	0	23	14	0	14	23	3	20	25	0	25	18	0	18
NC_059182.1	18993381	18993382	*	27	0	27	29	0	29	11	0	11	25	0	25	19	0	19	26	0	26	15	0	15	24	0	24	22	0	22	23	0	23	30	0	30	27	0	27	23	0	23	24	0	24	24	0	24	41	0	41	28	0	28	10	3	7	29	1	28	30	0	30
NC_059183.1	4518982	4518983	*	18	0	18	14	0	14	20	0	20	15	0	15	17	0	17	19	0	19	12	0	12	20	0	20	11	0	11	19	0	19	11	0	11	17	0	17	14	0	14	24	0	24	26	0	26	20	0	20	12	0	12	17	3	14	16	0	16	14	0	14
NC_059183.1	4716695	4716696	*	11	0	11	24	0	24	12	0	12	18	0	18	16	0	16	15	0	15	11	0	11	11	0	11	12	0	12	19	0	19	14	0	14	26	0	26	17	0	17	16	0	16	25	0	25	21	0	21	10	0	10	15	5	10	24	0	24	21	0	21
NC_059183.1	4716734	4716735	*	14	0	14	28	0	28	16	1	15	18	0	18	15	0	15	20	0	20	15	2	13	15	0	15	10	0	10	20	0	20	19	1	18	27	0	27	19	0	19	20	0	20	27	0	27	20	0	20	14	0	14	19	9	10	26	1	25	17	0	17
NC_059183.1	8514121	8514122	*	17	0	17	23	0	23	11	0	11	14	0	14	11	0	11	18	0	18	14	0	14	16	0	16	10	0	10	16	0	16	14	0	14	22	0	22	12	0	12	12	0	12	18	0	18	18	0	18	17	0	17	12	3	9	19	1	18	12	0	12
NC_059183.1	8825069	8825070	*	23	0	23	24	2	22	14	0	14	17	0	17	17	0	17	15	1	14	14	0	14	11	1	10	17	0	17	22	0	22	11	0	11	22	2	20	13	0	13	27	0	27	20	1	19	22	0	22	19	0	19	12	3	9	22	0	22	25	0	25
NC_059183.1	10038671	10038672	*	20	0	20	23	0	23	20	0	20	20	0	20	15	0	15	17	0	17	18	0	18	12	0	12	14	0	14	20	0	20	25	0	25	21	0	21	17	0	17	21	0	21	20	0	20	13	0	13	18	0	18	30	4	26	24	0	24	10	0	10
NC_059183.1	12285946	12285947	*	16	0	16	13	0	13	16	0	16	17	0	17	15	0	15	11	0	11	11	0	11	15	0	15	15	0	15	17	0	17	17	0	17	18	0	18	17	0	17	18	1	17	17	0	17	16	0	16	15	0	15	18	3	15	12	0	12	11	0	11
NC_059183.1	13121676	13121677	*	23	0	23	19	0	19	19	0	19	16	0	16	15	0	15	16	0	16	12	0	12	17	0	17	11	0	11	21	0	21	22	0	22	34	0	34	18	0	18	29	0	29	24	0	24	23	1	22	12	0	12	12	5	7	19	0	19	21	0	21
NC_059183.1	14217328	14217329	*	12	0	12	18	0	18	27	0	27	18	0	18	12	0	12	16	0	16	22	0	22	22	0	22	10	0	10	13	0	13	19	0	19	14	0	14	17	0	17	24	0	24	26	1	25	12	0	12	12	0	12	29	3	26	23	1	22	15	0	15
NC_059183.1	14897444	14897445	*	11	0	11	16	0	16	17	0	17	12	0	12	12	0	12	27	0	27	12	0	12	10	0	10	15	0	15	12	0	12	11	0	11	19	0	19	13	0	13	19	0	19	18	0	18	15	0	15	14	0	14	24	4	20	17	0	17	16	1	15
NC_059183.1	17942024	17942025	*	12	1	11	22	0	22	21	0	21	17	0	17	15	1	14	23	0	23	23	0	23	15	0	15	11	0	11	19	2	17	13	0	13	18	0	18	23	0	23	16	0	16	18	0	18	19	0	19	40	0	40	44	11	33	18	1	17	19	0	19
NC_059184.1	125337	125338	*	17	0	17	24	0	24	19	0	19	22	0	22	15	0	15	24	0	24	16	0	16	16	0	16	19	0	19	29	0	29	19	1	18	23	0	23	12	0	12	25	0	25	21	0	21	25	1	24	21	0	21	27	3	24	28	0	28	26	0	26
NC_059184.1	1620848	1620849	*	13	0	13	11	0	11	13	0	13	13	0	13	10	0	10	10	0	10	18	0	18	15	0	15	13	0	13	15	0	15	21	0	21	16	0	16	20	0	20	17	0	17	14	0	14	18	1	17	17	0	17	32	3	29	23	1	22	13	0	13
NC_059184.1	2502911	2502912	*	18	0	18	21	0	21	18	0	18	21	0	21	23	0	23	20	0	20	18	0	18	27	0	27	16	0	16	14	0	14	19	0	19	24	0	24	37	0	37	27	0	27	18	0	18	22	0	22	17	0	17	32	3	29	24	0	24	25	0	25
NC_059184.1	2710160	2710161	*	25	0	25	18	0	18	19	0	19	17	0	17	19	0	19	14	0	14	23	0	23	23	0	23	20	0	20	21	0	21	15	0	15	27	0	27	20	1	19	17	0	17	36	0	36	19	0	19	27	0	27	19	3	16	27	0	27	11	0	11
NC_059184.1	2885986	2885987	*	16	0	16	18	0	18	11	0	11	12	0	12	13	0	13	13	0	13	13	0	13	16	0	16	12	0	12	12	0	12	23	0	23	15	0	15	12	0	12	15	0	15	13	0	13	17	0	17	24	0	24	32	16	16	18	0	18	11	0	11
NC_059184.1	3334993	3334994	*	21	0	21	29	0	29	12	0	12	25	0	25	17	0	17	36	0	36	19	0	19	14	1	13	15	0	15	16	0	16	27	0	27	27	0	27	27	0	27	24	0	24	20	0	20	13	0	13	28	0	28	33	3	30	19	0	19	11	0	11
NC_059184.1	4769265	4769266	*	15	0	15	20	0	20	12	0	12	16	0	16	10	0	10	14	0	14	15	0	15	14	0	14	10	0	10	13	0	13	24	0	24	16	1	15	11	0	11	18	0	18	19	1	18	28	0	28	15	0	15	16	3	13	19	0	19	22	0	22
NC_059184.1	6472219	6472220	*	20	0	20	22	0	22	20	0	20	12	0	12	10	0	10	13	0	13	15	0	15	22	0	22	12	0	12	28	0	28	25	1	24	23	1	22	33	1	32	33	0	33	32	1	31	16	0	16	23	0	23	28	3	25	26	0	26	12	0	12
NC_059184.1	9383911	9383912	*	16	0	16	12	0	12	13	0	13	18	0	18	10	0	10	23	0	23	16	0	16	12	0	12	17	0	17	18	0	18	29	1	28	18	0	18	25	0	25	15	0	15	28	1	27	12	0	12	22	0	22	40	4	36	13	0	13	16	0	16
NC_059184.1	9528744	9528745	*	12	0	12	17	0	17	15	0	15	20	0	20	12	0	12	19	0	19	16	0	16	11	0	11	12	0	12	27	0	27	15	0	15	15	0	15	11	0	11	20	0	20	25	0	25	24	0	24	21	0	21	14	5	9	21	0	21	14	0	14
NC_059184.1	10344841	10344842	*	19	0	19	20	0	20	16	1	15	16	0	16	20	0	20	21	0	21	19	0	19	23	0	23	11	0	11	25	0	25	51	0	51	30	0	30	37	0	37	29	0	29	30	0	30	13	0	13	25	0	25	14	3	11	22	0	22	24	0	24
NC_059184.1	10694208	10694209	*	24	0	24	43	0	43	46	0	46	39	0	39	46	0	46	28	0	28	13	0	13	31	0	31	32	0	32	42	1	41	71	1	70	59	0	59	41	1	40	10	0	10	36	0	36	30	0	30	31	0	31	30	3	27	57	0	57	28	0	28
NC_059184.1	10852729	10852730	*	32	0	32	22	0	22	22	0	22	21	0	21	24	0	24	20	0	20	24	0	24	29	0	29	20	0	20	34	0	34	17	0	17	19	0	19	22	0	22	32	0	32	30	0	30	16	0	16	31	0	31	34	3	31	31	0	31	22	0	22
NC_059184.1	12023433	12023434	*	18	0	18	55	0	55	10	0	10	53	0	53	24	0	24	41	0	41	42	0	42	27	0	27	26	0	26	57	0	57	53	0	53	37	0	37	39	0	39	36	0	36	15	0	15	59	0	59	45	0	45	31	3	28	44	0	44	22	0	22
NC_059184.1	12777474	12777475	*	15	0	15	30	0	30	27	0	27	22	0	22	16	0	16	29	0	29	26	0	26	27	0	27	19	0	19	29	0	29	13	0	13	31	0	31	23	0	23	28	0	28	25	0	25	22	0	22	17	0	17	22	7	15	26	0	26	33	0	33
NC_059184.1	13070923	13070924	*	11	0	11	15	0	15	12	0	12	21	0	21	12	0	12	16	1	15	23	0	23	11	0	11	16	0	16	19	0	19	15	1	14	26	0	26	13	0	13	17	0	17	16	0	16	21	0	21	14	0	14	20	4	16	10	0	10	13	0	13
NC_059185.1	903051	903052	*	10	0	10	12	0	12	15	0	15	20	0	20	11	0	11	23	0	23	16	2	14	11	0	11	19	0	19	12	0	12	14	0	14	19	0	19	14	0	14	16	0	16	18	0	18	17	0	17	14	0	14	18	4	14	17	0	17	18	0	18
NC_059185.1	2027229	2027230	*	14	0	14	19	0	19	12	0	12	12	0	12	11	0	11	14	0	14	11	2	9	12	0	12	13	0	13	18	1	17	16	0	16	18	0	18	23	0	23	26	0	26	19	0	19	16	0	16	13	0	13	17	5	12	21	0	21	13	0	13
NC_059185.1	3873407	3873408	*	23	0	23	18	0	18	10	0	10	16	0	16	11	0	11	15	0	15	11	0	11	16	0	16	14	0	14	16	0	16	19	0	19	13	0	13	15	0	15	15	0	15	20	0	20	15	0	15	17	0	17	20	3	17	20	0	20	10	0	10
NC_059185.1	3965631	3965632	*	15	0	15	25	0	25	18	0	18	15	0	15	25	0	25	20	0	20	21	0	21	17	0	17	19	0	19	31	0	31	28	0	28	31	1	30	26	0	26	23	0	23	28	1	27	22	0	22	23	0	23	20	3	17	26	0	26	26	0	26
NC_059185.1	4755416	4755417	*	14	0	14	30	0	30	10	0	10	17	0	17	17	0	17	11	0	11	21	0	21	12	0	12	17	0	17	24	0	24	22	0	22	17	0	17	14	0	14	19	0	19	28	0	28	21	1	20	19	0	19	29	3	26	12	0	12	12	0	12
NC_059185.1	6526863	6526864	*	38	0	38	41	0	41	28	0	28	29	0	29	15	0	15	31	1	30	32	0	32	15	0	15	19	0	19	14	0	14	14	0	14	49	1	48	42	0	42	28	1	27	27	0	27	43	0	43	31	0	31	48	4	44	50	0	50	30	0	30
NC_059185.1	10870662	10870663	*	29	0	29	17	0	17	13	0	13	16	0	16	15	0	15	26	1	25	14	0	14	17	0	17	19	0	19	24	1	23	24	0	24	22	1	21	19	1	18	19	1	18	17	0	17	25	0	25	26	0	26	14	5	9	22	1	21	25	0	25
NC_059185.1	11773965	11773966	*	12	0	12	16	0	16	14	0	14	20	0	20	16	0	16	17	0	17	15	0	15	15	2	13	14	0	14	14	0	14	26	0	26	11	0	11	14	0	14	16	0	16	22	0	22	15	0	15	19	0	19	34	6	28	14	0	14	14	0	14
NC_059185.1	13130562	13130563	*	43	0	43	18	0	18	40	0	40	30	0	30	43	0	43	46	0	46	37	0	37	18	1	17	21	0	21	53	1	52	48	1	47	43	0	43	45	0	45	34	0	34	37	0	37	20	0	20	34	0	34	29	3	26	38	0	38	43	0	43
NC_059186.1	14044	14045	*	15	0	15	15	0	15	15	0	15	17	0	17	25	0	25	14	0	14	11	0	11	14	0	14	16	0	16	19	0	19	24	0	24	22	1	21	14	0	14	20	0	20	30	1	29	17	0	17	22	0	22	12	3	9	17	0	17	27	0	27
NC_059186.1	6846277	6846278	*	19	1	18	18	0	18	14	0	14	19	1	18	11	0	11	22	0	22	16	0	16	16	0	16	17	0	17	10	0	10	17	0	17	24	0	24	21	0	21	17	0	17	19	1	18	18	0	18	13	0	13	31	3	28	10	0	10	14	0	14
NC_059186.1	9800637	9800638	*	11	0	11	17	0	17	12	0	12	11	0	11	12	0	12	14	0	14	14	0	14	13	0	13	13	0	13	18	0	18	21	0	21	18	0	18	16	0	16	13	0	13	15	0	15	15	0	15	12	0	12	23	13	10	17	1	16	10	0	10
NC_059187.1	912521	912522	*	14	0	14	21	0	21	15	0	15	11	0	11	13	0	13	21	0	21	13	0	13	14	0	14	13	0	13	13	0	13	20	0	20	11	0	11	18	0	18	18	0	18	19	0	19	18	0	18	14	0	14	26	3	23	23	0	23	15	0	15
NC_059187.1	2655819	2655820	*	16	0	16	12	0	12	18	0	18	11	0	11	12	0	12	18	0	18	21	0	21	13	0	13	25	0	25	18	0	18	13	0	13	19	0	19	18	0	18	12	0	12	38	1	37	22	0	22	16	0	16	26	3	23	15	1	14	23	0	23
NC_059187.1	2827961	2827962	*	11	0	11	18	0	18	10	0	10	17	0	17	17	0	17	17	0	17	16	0	16	11	0	11	26	0	26	18	1	17	27	1	26	22	0	22	19	0	19	20	0	20	25	0	25	12	0	12	18	0	18	24	3	21	25	0	25	26	0	26
NC_059187.1	3867785	3867786	*	29	0	29	17	0	17	17	0	17	14	0	14	24	0	24	17	0	17	15	0	15	14	0	14	22	0	22	21	0	21	30	0	30	17	0	17	33	0	33	27	0	27	30	0	30	26	0	26	23	0	23	15	3	12	27	0	27	25	0	25
NC_059187.1	7083303	7083304	*	12	0	12	16	0	16	20	0	20	20	0	20	11	0	11	12	0	12	16	0	16	23	0	23	16	0	16	22	0	22	17	0	17	14	0	14	27	1	26	27	0	27	15	0	15	30	0	30	12	0	12	21	9	12	31	2	29	23	0	23
NC_059187.1	9768784	9768785	*	24	0	24	27	0	27	25	0	25	22	0	22	20	0	20	25	0	25	23	0	23	12	0	12	16	0	16	34	0	34	28	1	27	26	0	26	31	0	31	24	0	24	27	0	27	11	1	10	27	0	27	23	3	20	30	0	30	23	0	23
NC_059188.1	7668290	7668291	*	15	0	15	19	0	19	12	0	12	22	0	22	12	0	12	20	0	20	14	0	14	16	0	16	20	0	20	29	0	29	24	0	24	23	0	23	38	0	38	24	0	24	26	0	26	20	0	20	14	0	14	26	3	23	21	0	21	17	0	17
NC_059189.1	393569	393570	*	19	0	19	18	0	18	22	1	21	10	0	10	12	0	12	23	0	23	17	0	17	13	0	13	10	0	10	18	0	18	23	0	23	17	0	17	19	0	19	12	0	12	26	0	26	20	0	20	14	0	14	15	7	8	24	0	24	13	4	9
NC_059189.1	843433	843434	*	23	0	23	14	0	14	13	0	13	11	0	11	20	1	19	18	0	18	12	0	12	12	0	12	12	0	12	23	0	23	19	1	18	14	0	14	33	0	33	21	0	21	23	0	23	17	0	17	19	0	19	26	3	23	23	0	23	19	0	19
NC_059189.1	2591604	2591605	*	15	0	15	17	1	16	14	0	14	23	0	23	27	0	27	13	0	13	21	0	21	19	0	19	12	0	12	13	0	13	14	0	14	27	0	27	21	0	21	17	0	17	29	0	29	19	0	19	14	0	14	19	6	13	12	0	12	22	0	22
NC_059189.1	2716012	2716013	*	22	0	22	24	0	24	19	0	19	20	0	20	25	0	25	23	0	23	19	0	19	16	0	16	12	0	12	19	0	19	24	0	24	16	0	16	26	0	26	33	0	33	12	0	12	18	0	18	27	0	27	32	3	29	29	0	29	21	0	21
NC_059189.1	3139734	3139735	*	12	0	12	25	0	25	10	0	10	14	0	14	17	0	17	12	0	12	20	0	20	14	0	14	11	0	11	22	0	22	22	0	22	30	0	30	15	0	15	19	0	19	20	0	20	14	1	13	13	0	13	16	3	13	13	0	13	18	0	18
NC_059189.1	7508434	7508435	*	24	0	24	17	0	17	21	0	21	26	0	26	20	0	20	48	0	48	22	0	22	16	0	16	29	0	29	46	0	46	70	0	70	23	0	23	78	1	77	37	0	37	71	1	70	15	0	15	59	0	59	66	17	49	20	0	20	44	0	44
NC_059189.1	7540858	7540859	*	24	0	24	20	0	20	18	0	18	21	0	21	20	0	20	19	1	18	19	0	19	15	0	15	10	0	10	23	0	23	22	0	22	27	0	27	19	0	19	21	0	21	26	0	26	10	0	10	25	0	25	28	9	19	23	0	23	24	0	24
NC_059189.1	7542054	7542055	*	29	0	29	22	0	22	18	0	18	19	0	19	32	0	32	22	0	22	23	0	23	16	0	16	16	0	16	29	0	29	27	0	27	22	0	22	30	0	30	24	0	24	28	0	28	17	0	17	38	0	38	46	11	35	22	0	22	22	0	22
NC_059189.1	7666365	7666366	*	45	0	45	33	0	33	28	0	28	16	0	16	29	1	28	26	0	26	23	0	23	32	1	31	20	0	20	40	0	40	35	0	35	25	0	25	36	0	36	21	0	21	27	0	27	32	1	31	36	0	36	63	4	59	31	0	31	25	0	25
NC_059189.1	10952623	10952624	*	33	0	33	49	0	49	40	0	40	59	0	59	39	0	39	31	0	31	31	0	31	52	0	52	38	0	38	34	0	34	43	0	43	39	0	39	38	0	38	39	0	39	46	0	46	36	1	35	26	0	26	44	14	30	53	6	47	29	0	29
NC_059189.1	11038301	11038302	*	28	0	28	24	0	24	29	0	29	23	0	23	29	0	29	16	0	16	22	0	22	30	0	30	25	0	25	23	0	23	28	0	28	31	0	31	24	0	24	25	1	24	26	0	26	27	0	27	21	1	20	31	10	21	27	0	27	19	0	19
NC_059189.1	11038332	11038333	*	26	0	26	23	0	23	25	0	25	21	0	21	25	0	25	14	0	14	19	0	19	30	0	30	21	0	21	23	0	23	29	0	29	25	0	25	24	0	24	21	0	21	22	1	21	28	0	28	20	0	20	27	6	21	25	0	25	18	0	18
NC_059189.1	11038338	11038339	*	26	0	26	23	0	23	24	0	24	20	0	20	24	0	24	14	0	14	19	0	19	30	0	30	22	0	22	21	0	21	29	0	29	26	1	25	24	0	24	21	0	21	22	0	22	28	0	28	20	1	19	27	6	21	24	0	24	18	0	18
NC_059189.1	11038396	11038397	*	20	0	20	20	0	20	19	0	19	14	0	14	17	0	17	14	0	14	16	0	16	21	0	21	20	0	20	18	0	18	18	0	18	19	0	19	21	0	21	14	2	12	18	0	18	25	0	25	21	0	21	26	3	23	18	0	18	13	1	12
NC_059190.1	144422	144423	*	10	0	10	18	1	17	16	0	16	17	0	17	14	0	14	11	0	11	12	0	12	12	0	12	12	0	12	16	0	16	12	0	12	17	0	17	15	0	15	20	0	20	18	0	18	13	0	13	15	0	15	16	3	13	14	0	14	11	0	11
NC_059190.1	252116	252117	*	22	0	22	18	0	18	15	0	15	19	0	19	13	0	13	16	0	16	17	0	17	13	0	13	11	0	11	21	0	21	18	1	17	23	0	23	26	0	26	20	0	20	23	0	23	28	0	28	10	0	10	14	3	11	14	0	14	22	0	22
NC_059190.1	4036953	4036954	*	13	0	13	11	0	11	16	0	16	16	0	16	15	0	15	25	0	25	13	0	13	20	0	20	16	0	16	16	0	16	29	0	29	15	0	15	27	0	27	24	0	24	24	0	24	18	0	18	20	0	20	20	3	17	26	0	26	19	0	19
NC_059190.1	5034786	5034787	*	51	0	51	39	0	39	24	0	24	27	0	27	27	0	27	23	0	23	47	0	47	13	0	13	18	1	17	29	0	29	39	0	39	20	0	20	26	1	25	40	0	40	25	0	25	40	0	40	32	0	32	28	14	14	22	0	22	11	0	11
NC_059190.1	9383407	9383408	*	32	0	32	18	0	18	22	0	22	23	0	23	22	0	22	22	0	22	16	0	16	22	0	22	17	0	17	19	0	19	19	0	19	18	0	18	26	0	26	15	0	15	20	1	19	20	0	20	24	0	24	74	4	70	14	0	14	14	0	14
NC_059191.1	7262307	7262308	*	23	0	23	10	0	10	13	0	13	22	0	22	15	0	15	14	0	14	11	0	11	14	0	14	23	0	23	26	0	26	25	0	25	12	0	12	24	0	24	22	0	22	25	0	25	31	0	31	22	0	22	13	3	10	26	0	26	22	0	22
NC_059191.1	7556917	7556918	*	15	0	15	12	0	12	10	0	10	17	0	17	18	0	18	22	0	22	13	0	13	12	0	12	10	0	10	16	0	16	22	0	22	19	0	19	11	0	11	16	0	16	22	0	22	21	0	21	15	1	14	17	3	14	26	0	26	17	0	17
NC_059191.1	8296128	8296129	*	19	0	19	27	0	27	30	0	30	22	0	22	32	0	32	13	0	13	28	0	28	25	0	25	25	0	25	31	0	31	43	0	43	39	2	37	24	0	24	47	0	47	53	0	53	32	0	32	17	0	17	25	4	21	25	0	25	38	0	38
NC_059191.1	8566113	8566114	*	23	0	23	17	0	17	12	0	12	20	0	20	22	0	22	18	0	18	21	0	21	25	0	25	11	0	11	19	0	19	25	0	25	27	0	27	25	0	25	34	0	34	26	0	26	23	0	23	20	0	20	13	3	10	37	0	37	26	0	26
NC_059191.1	9643925	9643926	*	10	0	10	26	0	26	18	0	18	17	0	17	29	0	29	20	0	20	14	0	14	20	0	20	16	0	16	22	0	22	23	0	23	30	0	30	33	0	33	34	1	33	25	0	25	26	0	26	24	0	24	10	3	7	21	0	21	21	0	21
NW_025533136.1	20330	20331	*	37	0	37	31	0	31	18	0	18	21	0	21	25	0	25	22	0	22	31	0	31	23	0	23	46	0	46	61	0	61	35	0	35	17	0	17	32	0	32	50	0	50	39	0	39	43	0	43	47	0	47	32	5	27	20	0	20	40	0	40
NW_025533136.1	20395	20396	*	35	0	35	27	1	26	12	0	12	20	0	20	18	1	17	14	0	14	26	1	25	13	0	13	42	0	42	45	0	45	20	0	20	18	0	18	31	1	30	37	0	37	35	0	35	33	0	33	49	0	49	21	4	17	18	0	18	30	0	30
NW_025533175.1	62038	62039	*	41	0	41	47	1	46	31	0	31	29	0	29	45	0	45	37	0	37	40	0	40	30	0	30	34	1	33	41	0	41	43	0	43	30	0	30	65	0	65	42	0	42	47	0	47	31	1	30	35	0	35	24	4	20	53	10	43	18	0	18
NW_025533267.1	41808	41809	*	40	0	40	23	0	23	11	0	11	12	0	12	12	1	11	21	0	21	16	0	16	21	0	21	26	0	26	48	0	48	36	2	34	51	2	49	23	0	23	29	0	29	39	0	39	23	1	22	35	0	35	61	7	54	18	0	18	32	0	32
NW_025533332.1	29931	29932	*	14	0	14	18	0	18	13	0	13	14	1	13	22	0	22	21	0	21	22	0	22	10	0	10	15	0	15	25	0	25	15	0	15	14	0	14	42	0	42	45	1	44	13	0	13	32	0	32	32	0	32	36	9	27	15	0	15	13	0	13
NW_025533362.1	25149	25150	*	47	0	47	28	0	28	30	0	30	21	0	21	22	0	22	25	0	25	35	0	35	28	2	26	28	0	28	37	0	37	38	0	38	43	0	43	24	1	23	31	0	31	39	0	39	65	0	65	33	0	33	60	8	52	49	0	49	38	1	37
NC_059182.1	654019	654020	*	12	0	12	25	0	25	18	0	18	16	0	16	20	0	20	19	0	19	12	0	12	16	0	16	16	0	16	25	0	25	23	0	23	26	0	26	11	0	11	17	0	17	15	0	15	16	0	16	15	0	15	16	0	16	20	3	17	23	0	23
NC_059182.1	2047805	2047806	*	11	0	11	14	0	14	10	0	10	12	0	12	14	0	14	17	0	17	11	0	11	13	0	13	11	0	11	17	0	17	10	0	10	20	0	20	19	1	18	15	0	15	14	0	14	12	1	11	15	0	15	17	0	17	17	3	14	15	0	15
NC_059182.1	2756063	2756064	*	25	0	25	21	0	21	18	0	18	19	0	19	23	0	23	20	0	20	25	0	25	23	0	23	13	0	13	19	0	19	24	0	24	19	0	19	24	0	24	27	0	27	30	0	30	25	0	25	22	0	22	10	0	10	33	3	30	19	0	19
NC_059182.1	4697124	4697125	*	21	0	21	32	0	32	24	0	24	24	1	23	22	0	22	21	0	21	20	0	20	18	0	18	16	0	16	20	0	20	37	0	37	21	0	21	37	0	37	36	0	36	30	0	30	26	0	26	25	0	25	11	0	11	28	3	25	20	0	20
NC_059182.1	6704247	6704248	*	17	0	17	25	0	25	23	0	23	13	0	13	12	0	12	18	0	18	17	0	17	15	0	15	22	0	22	24	0	24	21	0	21	23	0	23	16	0	16	25	0	25	21	0	21	17	0	17	13	0	13	10	0	10	21	3	18	19	0	19
NC_059182.1	12319359	12319360	*	17	0	17	19	0	19	15	0	15	12	0	12	17	0	17	17	0	17	24	0	24	13	0	13	10	0	10	14	0	14	13	1	12	13	0	13	20	0	20	25	0	25	14	0	14	19	0	19	13	0	13	21	0	21	17	3	14	19	0	19
NC_059182.1	12711726	12711727	*	20	0	20	24	0	24	16	0	16	16	0	16	20	0	20	22	0	22	15	0	15	10	0	10	16	0	16	23	0	23	19	0	19	23	0	23	20	0	20	18	0	18	27	0	27	25	0	25	19	0	19	10	0	10	22	3	19	20	0	20
NC_059182.1	13417150	13417151	*	11	0	11	24	2	22	14	0	14	12	0	12	14	0	14	14	0	14	15	2	13	10	1	9	13	0	13	19	0	19	18	1	17	18	2	16	26	0	26	16	1	15	15	0	15	23	0	23	19	0	19	12	0	12	26	3	23	19	2	17
NC_059182.1	14367182	14367183	*	27	0	27	23	0	23	21	0	21	21	1	20	22	0	22	24	0	24	15	0	15	12	0	12	12	0	12	35	0	35	25	0	25	19	0	19	21	0	21	29	0	29	29	0	29	21	0	21	19	0	19	11	0	11	33	3	30	24	0	24
NC_059183.1	2563284	2563285	*	11	0	11	12	0	12	15	0	15	14	0	14	14	0	14	16	0	16	14	0	14	12	0	12	16	0	16	10	0	10	11	0	11	10	0	10	22	0	22	24	0	24	25	1	24	19	0	19	11	0	11	18	0	18	24	3	21	18	0	18
NC_059183.1	2563297	2563298	*	11	0	11	12	1	11	15	0	15	11	0	11	14	0	14	16	0	16	16	0	16	13	0	13	17	0	17	10	0	10	11	0	11	10	0	10	22	0	22	23	0	23	24	0	24	19	0	19	12	2	10	17	0	17	25	9	16	17	0	17
NC_059183.1	4370959	4370960	*	25	0	25	11	0	11	10	0	10	18	0	18	11	0	11	11	0	11	15	0	15	13	0	13	16	0	16	17	0	17	20	0	20	16	0	16	27	0	27	23	0	23	17	0	17	19	0	19	19	0	19	16	0	16	16	4	12	12	0	12
NC_059183.1	7448023	7448024	*	22	0	22	20	0	20	18	0	18	24	0	24	13	0	13	21	0	21	17	0	17	12	0	12	15	0	15	17	0	17	22	0	22	16	1	15	18	0	18	18	0	18	21	0	21	24	0	24	22	0	22	28	1	27	22	3	19	11	0	11
NC_059183.1	8019746	8019747	*	10	0	10	17	0	17	16	0	16	23	0	23	11	0	11	15	0	15	13	0	13	10	0	10	10	0	10	13	0	13	12	0	12	19	0	19	16	0	16	21	1	20	21	0	21	22	0	22	18	0	18	16	1	15	17	3	14	20	0	20
NC_059183.1	9546827	9546828	*	18	0	18	19	0	19	13	0	13	13	0	13	21	0	21	25	0	25	12	0	12	19	0	19	16	0	16	19	0	19	31	0	31	21	0	21	21	0	21	23	0	23	31	0	31	19	0	19	12	0	12	13	0	13	24	3	21	13	0	13
NC_059183.1	11859585	11859586	*	18	0	18	24	0	24	13	0	13	17	0	17	18	0	18	17	0	17	18	0	18	16	0	16	15	0	15	14	0	14	18	0	18	30	0	30	11	0	11	17	1	16	19	0	19	16	0	16	30	1	29	54	0	54	19	3	16	18	0	18
NC_059183.1	12249762	12249763	*	23	0	23	23	0	23	14	0	14	22	0	22	30	0	30	19	0	19	18	0	18	15	0	15	13	0	13	22	0	22	23	0	23	25	0	25	28	0	28	31	0	31	27	0	27	16	0	16	22	0	22	10	0	10	22	3	19	26	0	26
NC_059183.1	12941401	12941402	*	16	0	16	17	0	17	13	0	13	16	0	16	10	0	10	19	0	19	13	1	12	10	0	10	14	0	14	10	0	10	22	0	22	14	0	14	24	0	24	16	0	16	23	1	22	16	1	15	13	0	13	26	0	26	13	4	9	12	1	11
NC_059183.1	14170096	14170097	*	22	0	22	29	0	29	16	0	16	24	0	24	17	0	17	20	0	20	19	0	19	21	0	21	17	0	17	19	0	19	30	0	30	21	0	21	17	0	17	25	0	25	27	0	27	21	0	21	17	0	17	21	0	21	27	3	24	20	0	20
NC_059183.1	18198562	18198563	*	22	0	22	18	0	18	16	0	16	15	0	15	10	1	9	18	0	18	22	0	22	13	0	13	14	0	14	27	0	27	23	1	22	27	0	27	16	1	15	19	0	19	21	1	20	21	1	20	18	0	18	20	0	20	20	3	17	15	0	15
NC_059184.1	7406438	7406439	*	31	0	31	23	0	23	15	0	15	28	0	28	20	0	20	21	0	21	20	0	20	17	1	16	15	0	15	20	0	20	21	0	21	23	0	23	32	0	32	30	0	30	20	0	20	31	0	31	23	0	23	10	0	10	24	3	21	28	0	28
NC_059184.1	9717236	9717237	*	23	0	23	32	0	32	15	0	15	20	0	20	14	0	14	18	0	18	20	0	20	12	1	11	13	0	13	28	0	28	17	0	17	24	0	24	24	0	24	23	0	23	25	0	25	21	0	21	26	0	26	19	0	19	27	3	24	15	0	15
NC_059184.1	10828889	10828890	*	26	0	26	26	0	26	19	0	19	19	0	19	14	0	14	18	0	18	11	0	11	13	0	13	15	0	15	34	1	33	32	0	32	21	0	21	52	0	52	38	0	38	35	0	35	14	1	13	27	0	27	10	0	10	23	3	20	25	0	25
NC_059184.1	11016653	11016654	*	17	0	17	13	0	13	13	0	13	13	0	13	19	0	19	14	0	14	12	0	12	13	0	13	18	0	18	13	0	13	26	0	26	16	0	16	23	0	23	17	0	17	28	0	28	12	0	12	23	0	23	10	0	10	14	3	11	31	0	31
NC_059184.1	11839008	11839009	*	19	0	19	32	0	32	36	0	36	30	1	29	23	0	23	19	0	19	40	0	40	33	1	32	27	0	27	28	2	26	22	0	22	37	0	37	19	0	19	33	0	33	30	0	30	29	0	29	31	0	31	30	1	29	27	8	19	24	0	24
NC_059184.1	11839016	11839017	*	16	0	16	30	0	30	31	0	31	28	0	28	21	0	21	19	0	19	35	0	35	30	0	30	23	0	23	26	0	26	22	1	21	37	0	37	19	0	19	30	0	30	29	0	29	27	0	27	29	0	29	30	0	30	23	7	16	22	0	22
NC_059184.1	11839019	11839020	*	16	0	16	30	0	30	29	0	29	28	0	28	20	0	20	19	1	18	33	0	33	30	0	30	23	0	23	26	1	25	22	1	21	37	0	37	18	0	18	30	0	30	28	0	28	27	0	27	28	0	28	30	1	29	23	7	16	22	0	22
NC_059184.1	13227226	13227227	*	26	0	26	23	0	23	22	0	22	23	0	23	21	0	21	20	0	20	20	0	20	19	0	19	13	0	13	17	0	17	23	0	23	26	0	26	18	0	18	18	0	18	29	0	29	22	0	22	12	0	12	15	1	14	25	10	15	28	0	28
NC_059184.1	13227260	13227261	*	26	0	26	21	0	21	21	0	21	21	0	21	19	0	19	15	0	15	17	0	17	18	0	18	12	0	12	14	0	14	16	0	16	29	0	29	20	0	20	14	0	14	26	0	26	23	0	23	15	0	15	17	0	17	27	3	24	30	0	30
NC_059184.1	13632614	13632615	*	10	0	10	16	0	16	16	0	16	10	0	10	22	0	22	12	0	12	17	0	17	19	0	19	13	0	13	15	0	15	15	0	15	18	0	18	20	0	20	27	0	27	32	0	32	15	0	15	13	0	13	22	0	22	14	6	8	13	0	13
NC_059185.1	4035717	4035718	*	19	0	19	20	0	20	25	0	25	14	0	14	19	0	19	20	0	20	20	0	20	22	0	22	18	0	18	24	0	24	28	0	28	26	0	26	20	0	20	28	0	28	29	0	29	14	0	14	25	0	25	14	0	14	25	3	22	18	0	18
NC_059185.1	6196509	6196510	*	25	0	25	15	0	15	14	0	14	16	0	16	20	0	20	24	0	24	14	0	14	14	0	14	18	0	18	19	0	19	19	0	19	25	0	25	24	0	24	33	0	33	39	0	39	22	0	22	15	0	15	10	0	10	23	3	20	24	0	24
NC_059185.1	9498084	9498085	*	15	0	15	17	1	16	19	0	19	15	0	15	14	0	14	20	0	20	11	0	11	12	0	12	13	0	13	19	0	19	21	0	21	19	0	19	14	0	14	31	0	31	17	0	17	23	0	23	23	0	23	13	0	13	25	5	20	18	0	18
NC_059185.1	11277520	11277521	*	15	0	15	28	0	28	16	0	16	29	0	29	14	0	14	18	0	18	12	0	12	17	0	17	13	0	13	23	0	23	22	0	22	29	0	29	30	0	30	18	0	18	22	0	22	21	0	21	13	0	13	26	1	25	14	5	9	13	0	13
NC_059185.1	13241891	13241892	*	13	0	13	18	0	18	26	0	26	28	0	28	16	0	16	36	0	36	29	0	29	16	0	16	12	0	12	27	0	27	17	0	17	34	0	34	15	0	15	13	0	13	21	0	21	11	0	11	19	0	19	15	0	15	31	3	28	27	0	27
NC_059186.1	2881764	2881765	*	16	0	16	20	1	19	16	0	16	20	0	20	16	0	16	18	0	18	14	0	14	13	0	13	10	0	10	22	0	22	18	0	18	22	0	22	19	0	19	21	0	21	21	1	20	17	0	17	21	0	21	21	0	21	18	4	14	23	0	23
NC_059186.1	8319749	8319750	*	17	0	17	20	0	20	15	0	15	15	0	15	14	0	14	19	0	19	22	1	21	14	0	14	14	0	14	13	0	13	15	0	15	16	0	16	13	0	13	12	0	12	23	0	23	20	1	19	12	0	12	18	0	18	28	3	25	12	0	12
NC_059186.1	9551845	9551846	*	21	0	21	29	0	29	20	0	20	16	0	16	17	0	17	23	0	23	15	0	15	18	1	17	15	0	15	16	0	16	24	0	24	17	0	17	30	1	29	22	0	22	24	1	23	29	0	29	28	0	28	21	0	21	20	5	15	18	0	18
NC_059186.1	9564769	9564770	*	24	0	24	29	0	29	20	0	20	25	0	25	20	0	20	22	0	22	18	0	18	24	0	24	28	0	28	27	0	27	16	0	16	25	0	25	23	1	22	26	0	26	18	0	18	30	0	30	30	0	30	22	0	22	19	3	16	24	0	24
NC_059186.1	11281321	11281322	*	20	0	20	10	0	10	17	0	17	15	0	15	13	0	13	20	0	20	15	0	15	12	1	11	12	0	12	12	0	12	11	0	11	14	1	13	12	0	12	19	1	18	16	0	16	18	0	18	20	2	18	22	1	21	18	4	14	16	0	16
NC_059186.1	11649026	11649027	*	26	0	26	18	0	18	25	0	25	21	0	21	23	0	23	27	2	25	21	0	21	23	0	23	15	0	15	33	2	31	24	0	24	31	0	31	27	2	25	37	1	36	29	0	29	32	0	32	30	0	30	12	1	11	27	3	24	25	1	24
NC_059186.1	11649077	11649078	*	23	0	23	26	0	26	24	0	24	20	1	19	23	0	23	20	0	20	24	0	24	20	0	20	17	0	17	35	0	35	23	0	23	32	1	31	29	0	29	34	0	34	26	0	26	27	0	27	28	0	28	11	0	11	32	5	27	30	0	30
NC_059187.1	1636918	1636919	*	21	0	21	15	0	15	19	0	19	13	0	13	13	0	13	12	0	12	18	0	18	13	0	13	14	0	14	14	0	14	16	0	16	16	0	16	12	0	12	17	0	17	18	0	18	23	0	23	18	0	18	32	0	32	23	3	20	14	0	14
NC_059187.1	2854608	2854609	*	17	0	17	12	0	12	15	0	15	12	0	12	18	0	18	13	0	13	14	0	14	10	0	10	10	0	10	21	0	21	16	0	16	25	0	25	18	1	17	19	0	19	27	0	27	23	0	23	14	0	14	15	0	15	18	7	11	20	0	20
NC_059187.1	2854622	2854623	*	19	0	19	10	0	10	17	0	17	10	0	10	18	0	18	13	1	12	13	0	13	11	0	11	11	1	10	20	0	20	17	0	17	24	0	24	18	0	18	19	0	19	28	0	28	22	0	22	13	0	13	17	0	17	17	8	9	19	0	19
NC_059187.1	3254518	3254519	*	16	0	16	18	0	18	24	0	24	20	0	20	21	0	21	14	0	14	10	0	10	19	0	19	11	0	11	11	0	11	20	0	20	27	0	27	14	0	14	29	0	29	26	0	26	21	1	20	16	0	16	15	1	14	26	3	23	23	0	23
NC_059187.1	5775272	5775273	*	22	0	22	24	0	24	26	0	26	17	0	17	19	0	19	15	0	15	14	0	14	16	0	16	15	0	15	37	0	37	21	0	21	20	0	20	31	0	31	30	0	30	38	0	38	39	0	39	24	0	24	15	0	15	21	3	18	19	0	19
NC_059188.1	229956	229957	*	12	0	12	26	0	26	16	0	16	20	0	20	17	0	17	12	0	12	22	0	22	17	0	17	11	0	11	17	0	17	21	0	21	23	0	23	16	0	16	21	1	20	21	0	21	13	0	13	11	0	11	21	0	21	18	3	15	13	0	13
NC_059188.1	576817	576818	*	11	0	11	21	0	21	18	1	17	14	0	14	23	0	23	14	0	14	16	0	16	15	0	15	21	0	21	17	0	17	21	0	21	16	0	16	26	0	26	20	0	20	24	0	24	12	0	12	28	0	28	17	0	17	26	3	23	13	1	12
NC_059188.1	576825	576826	*	11	0	11	20	0	20	19	0	19	14	0	14	23	1	22	15	0	15	17	0	17	14	0	14	21	0	21	16	0	16	20	0	20	16	0	16	24	0	24	20	2	18	22	0	22	12	0	12	27	0	27	16	0	16	26	3	23	13	0	13
NC_059188.1	2001212	2001213	*	13	0	13	16	0	16	16	0	16	12	0	12	18	0	18	22	0	22	15	0	15	15	0	15	18	0	18	15	2	13	16	1	15	12	0	12	18	0	18	22	0	22	22	2	20	16	1	15	17	0	17	21	2	19	14	7	7	19	0	19
NC_059188.1	10061489	10061490	*	12	0	12	24	0	24	25	0	25	31	0	31	21	0	21	33	0	33	15	0	15	31	0	31	31	0	31	17	0	17	37	1	36	15	0	15	17	0	17	18	1	17	16	1	15	31	0	31	16	0	16	33	0	33	25	3	22	15	0	15
NC_059188.1	13488930	13488931	*	21	0	21	18	1	17	16	0	16	11	0	11	11	0	11	17	0	17	23	0	23	13	0	13	13	0	13	29	0	29	15	0	15	23	1	22	21	0	21	25	0	25	21	0	21	18	0	18	18	0	18	15	0	15	31	3	28	16	0	16
NC_059189.1	226592	226593	*	22	1	21	24	0	24	16	0	16	12	0	12	16	0	16	12	0	12	18	0	18	18	0	18	11	0	11	16	0	16	21	0	21	23	0	23	11	0	11	17	0	17	28	0	28	15	0	15	22	0	22	13	0	13	21	3	18	27	0	27
NC_059189.1	1438219	1438220	*	16	0	16	27	2	25	17	0	17	18	0	18	13	0	13	21	1	20	16	0	16	18	0	18	17	0	17	20	1	19	24	0	24	25	0	25	18	0	18	20	0	20	23	0	23	21	1	20	15	0	15	14	0	14	18	10	8	20	0	20
NC_059189.1	4065590	4065591	*	20	0	20	39	0	39	18	0	18	16	0	16	22	0	22	21	1	20	14	0	14	24	0	24	16	0	16	27	0	27	26	0	26	25	0	25	30	0	30	21	0	21	33	0	33	14	0	14	34	0	34	13	0	13	26	8	18	24	0	24
NC_059189.1	4951244	4951245	*	23	0	23	12	0	12	19	0	19	11	0	11	26	0	26	19	0	19	16	0	16	14	0	14	19	1	18	19	0	19	20	0	20	19	1	18	18	0	18	18	0	18	21	0	21	15	0	15	13	0	13	21	0	21	15	4	11	13	0	13
NC_059189.1	6427800	6427801	*	19	0	19	32	0	32	22	0	22	20	0	20	21	0	21	20	0	20	19	0	19	13	0	13	21	0	21	14	0	14	19	0	19	20	0	20	25	0	25	14	0	14	17	0	17	24	0	24	18	0	18	21	0	21	32	3	29	17	0	17
NC_059189.1	6538187	6538188	*	38	0	38	32	1	31	17	0	17	17	0	17	25	0	25	32	0	32	15	0	15	26	0	26	23	0	23	37	0	37	36	0	36	27	0	27	38	0	38	36	2	34	33	0	33	32	1	31	34	0	34	10	0	10	27	12	15	24	0	24
NC_059189.1	7057462	7057463	*	14	0	14	10	0	10	11	0	11	13	0	13	14	0	14	16	0	16	13	0	13	11	0	11	16	0	16	18	1	17	18	0	18	17	0	17	16	0	16	21	0	21	11	0	11	19	0	19	10	0	10	10	0	10	22	3	19	13	0	13
NC_059189.1	7493923	7493924	*	29	0	29	25	0	25	15	0	15	14	0	14	25	0	25	17	0	17	25	0	25	20	0	20	13	0	13	25	0	25	16	0	16	26	0	26	42	0	42	37	2	35	31	0	31	19	0	19	24	0	24	30	0	30	29	6	23	29	0	29
NC_059189.1	8437539	8437540	*	19	0	19	18	0	18	12	0	12	23	0	23	24	0	24	16	0	16	19	0	19	15	0	15	15	0	15	21	0	21	27	0	27	18	1	17	19	0	19	26	0	26	20	0	20	20	0	20	15	0	15	12	0	12	27	3	24	15	1	14
NC_059189.1	8858267	8858268	*	14	0	14	15	0	15	14	0	14	16	0	16	12	0	12	21	0	21	17	0	17	25	0	25	17	0	17	24	0	24	16	0	16	19	0	19	23	0	23	22	0	22	20	0	20	15	0	15	17	1	16	22	0	22	22	3	19	15	1	14
NC_059190.1	387517	387518	*	16	0	16	21	1	20	19	0	19	15	0	15	13	0	13	16	0	16	18	0	18	20	0	20	13	0	13	21	0	21	24	1	23	16	0	16	20	0	20	24	0	24	17	0	17	12	0	12	22	0	22	10	0	10	30	3	27	13	0	13
NC_059190.1	2511242	2511243	*	27	1	26	21	0	21	18	0	18	22	0	22	18	0	18	15	0	15	18	0	18	18	0	18	18	0	18	22	1	21	22	1	21	22	0	22	28	0	28	15	0	15	31	0	31	24	0	24	22	0	22	11	0	11	23	3	20	21	0	21
NC_059191.1	1049179	1049180	*	16	0	16	25	0	25	15	0	15	14	0	14	17	0	17	21	0	21	16	0	16	20	0	20	13	0	13	15	0	15	15	0	15	16	0	16	28	0	28	11	0	11	23	0	23	22	0	22	17	0	17	11	0	11	20	7	13	14	0	14
NC_059191.1	1049213	1049214	*	17	0	17	25	0	25	15	0	15	13	0	13	14	0	14	20	0	20	13	0	13	21	0	21	12	0	12	16	0	16	19	1	18	14	0	14	27	0	27	15	0	15	21	0	21	22	0	22	19	0	19	11	0	11	21	9	12	14	0	14
NC_059191.1	1607241	1607242	*	18	0	18	32	0	32	16	0	16	15	0	15	18	0	18	20	0	20	19	0	19	16	0	16	13	0	13	24	0	24	20	0	20	18	0	18	23	0	23	25	0	25	26	0	26	24	0	24	16	0	16	11	0	11	19	3	16	26	1	25
NC_059182.1	1125037	1125038	*	12	0	12	17	0	17	11	0	11	17	0	17	14	0	14	33	0	33	21	0	21	23	0	23	16	0	16	20	0	20	24	0	24	17	0	17	14	0	14	21	0	21	15	0	15	18	1	17	15	0	15	36	1	35	23	1	22	14	7	7
NC_059182.1	4087411	4087412	*	21	0	21	34	0	34	19	0	19	17	0	17	11	0	11	16	0	16	15	0	15	20	0	20	10	0	10	20	0	20	32	1	31	16	0	16	26	0	26	30	0	30	33	1	32	24	0	24	17	0	17	10	0	10	25	0	25	17	3	14
NC_059182.1	11274624	11274625	*	23	0	23	13	0	13	17	0	17	18	0	18	25	0	25	24	0	24	10	0	10	13	0	13	18	0	18	15	0	15	16	0	16	12	0	12	25	0	25	25	0	25	21	0	21	16	0	16	20	0	20	24	0	24	18	0	18	14	6	8
NC_059182.1	11366742	11366743	*	30	0	30	22	0	22	29	0	29	21	0	21	23	0	23	15	0	15	22	0	22	16	1	15	17	0	17	18	0	18	27	0	27	14	0	14	36	0	36	34	2	32	31	0	31	19	0	19	35	0	35	30	0	30	18	0	18	14	4	10
NC_059182.1	12736868	12736869	*	17	0	17	18	0	18	18	0	18	11	0	11	24	0	24	16	0	16	14	0	14	13	0	13	14	0	14	17	0	17	16	0	16	24	0	24	18	0	18	29	0	29	20	0	20	13	1	12	13	0	13	12	1	11	18	0	18	17	5	12
NC_059182.1	17199273	17199274	*	15	1	14	26	0	26	17	0	17	18	0	18	17	0	17	20	0	20	20	0	20	10	0	10	14	0	14	21	0	21	17	0	17	25	0	25	19	0	19	19	0	19	26	0	26	20	0	20	29	0	29	47	0	47	20	0	20	15	6	9
NC_059183.1	12156846	12156847	*	17	0	17	15	0	15	10	0	10	12	0	12	12	0	12	16	0	16	22	0	22	13	0	13	11	0	11	15	0	15	26	0	26	15	0	15	16	0	16	16	0	16	14	0	14	13	0	13	11	0	11	30	0	30	16	0	16	11	3	8
NC_059183.1	17273974	17273975	*	13	0	13	12	0	12	17	0	17	11	0	11	14	0	14	17	0	17	15	0	15	13	0	13	15	0	15	12	0	12	22	0	22	21	0	21	17	0	17	13	1	12	12	0	12	12	0	12	10	0	10	13	0	13	21	0	21	12	3	9
NC_059184.1	625324	625325	*	25	0	25	17	0	17	15	0	15	12	0	12	11	0	11	14	0	14	20	0	20	10	2	8	12	0	12	17	0	17	11	1	10	16	0	16	14	0	14	13	0	13	24	0	24	13	0	13	14	1	13	16	0	16	17	1	16	12	3	9
NC_059184.1	11088080	11088081	*	32	0	32	19	0	19	28	0	28	19	0	19	19	0	19	27	0	27	22	0	22	26	0	26	15	0	15	36	0	36	35	1	34	16	0	16	21	0	21	25	0	25	21	0	21	21	1	20	26	0	26	47	1	46	26	0	26	24	6	18
NC_059184.1	11088144	11088145	*	38	0	38	18	0	18	41	0	41	20	0	20	18	0	18	27	0	27	22	0	22	25	1	24	19	0	19	35	0	35	39	0	39	12	0	12	22	0	22	31	0	31	15	0	15	19	0	19	23	0	23	45	0	45	28	0	28	19	8	11
NC_059185.1	33952	33953	*	10	0	10	13	0	13	15	0	15	19	0	19	16	0	16	15	0	15	11	0	11	17	0	17	14	0	14	15	0	15	16	0	16	16	0	16	21	1	20	18	0	18	18	0	18	20	0	20	24	0	24	10	0	10	25	0	25	24	8	16
NC_059185.1	2935416	2935417	*	24	0	24	18	0	18	18	0	18	14	0	14	23	0	23	17	0	17	11	0	11	11	0	11	11	0	11	21	0	21	22	0	22	31	1	30	27	0	27	22	0	22	24	1	23	17	0	17	15	1	14	11	0	11	27	0	27	26	3	23
NC_059185.1	8349414	8349415	*	27	0	27	22	0	22	29	0	29	34	0	34	26	0	26	37	0	37	29	0	29	22	0	22	18	0	18	18	0	18	15	0	15	22	0	22	26	0	26	22	0	22	31	1	30	16	0	16	24	0	24	11	0	11	44	0	44	27	3	24
NC_059185.1	12504676	12504677	*	10	0	10	15	0	15	16	0	16	12	0	12	16	1	15	12	0	12	11	0	11	16	1	15	10	2	8	12	0	12	11	0	11	27	0	27	16	0	16	20	0	20	11	0	11	14	1	13	14	0	14	18	0	18	20	0	20	12	3	9
NC_059186.1	8143677	8143678	*	18	0	18	22	0	22	12	0	12	19	1	18	12	0	12	13	0	13	13	0	13	18	1	17	12	0	12	13	0	13	11	0	11	15	0	15	13	0	13	18	0	18	21	0	21	17	1	16	16	0	16	34	1	33	13	1	12	13	4	9
NC_059186.1	8982424	8982425	*	12	0	12	20	0	20	19	0	19	14	0	14	11	0	11	21	1	20	12	0	12	12	0	12	10	1	9	21	0	21	19	0	19	10	0	10	16	0	16	23	0	23	14	0	14	18	0	18	14	1	13	13	0	13	11	0	11	14	6	8
NC_059187.1	6623444	6623445	*	37	0	37	32	1	31	37	0	37	32	1	31	26	0	26	39	0	39	34	0	34	40	0	40	29	0	29	39	1	38	43	0	43	33	0	33	43	0	43	47	0	47	42	0	42	37	1	36	47	0	47	25	1	24	32	0	32	36	4	32
NC_059187.1	9276775	9276776	*	23	0	23	33	0	33	25	0	25	14	0	14	14	0	14	18	0	18	17	0	17	12	2	10	15	0	15	31	0	31	28	0	28	25	0	25	22	0	22	24	1	23	24	0	24	27	0	27	16	0	16	11	0	11	19	0	19	19	7	12
NC_059188.1	2265815	2265816	*	23	0	23	34	1	33	11	0	11	24	0	24	29	0	29	24	0	24	16	0	16	28	0	28	20	0	20	19	0	19	31	0	31	25	0	25	37	1	36	31	0	31	32	0	32	21	1	20	20	0	20	14	0	14	36	1	35	32	3	29
NC_059188.1	7189223	7189224	*	44	0	44	44	0	44	57	0	57	20	0	20	57	0	57	49	0	49	39	0	39	31	0	31	35	0	35	38	0	38	53	1	52	43	1	42	55	0	55	70	0	70	60	0	60	54	0	54	32	0	32	15	0	15	72	0	72	46	4	42
NC_059188.1	12440079	12440080	*	14	0	14	22	0	22	13	0	13	15	0	15	11	0	11	17	0	17	14	1	13	19	1	18	10	0	10	22	0	22	13	0	13	13	0	13	13	0	13	19	0	19	21	0	21	16	0	16	18	0	18	14	1	13	16	0	16	12	5	7
NC_059189.1	9397201	9397202	*	20	0	20	14	0	14	11	0	11	18	0	18	14	0	14	19	1	18	16	0	16	15	1	14	11	0	11	19	0	19	20	0	20	17	0	17	16	0	16	29	0	29	20	0	20	19	0	19	20	0	20	13	0	13	23	1	22	19	6	13
NC_059190.1	835464	835465	*	16	0	16	17	0	17	23	0	23	14	0	14	16	0	16	16	0	16	27	0	27	19	0	19	18	0	18	16	0	16	21	0	21	19	0	19	17	0	17	25	0	25	13	0	13	19	0	19	10	0	10	18	0	18	20	0	20	19	3	16
NC_059190.1	835545	835546	*	17	0	17	21	0	21	20	0	20	13	0	13	14	0	14	17	0	17	18	0	18	19	0	19	19	0	19	18	0	18	16	0	16	18	0	18	18	0	18	26	0	26	12	0	12	22	0	22	15	1	14	25	0	25	22	1	21	14	6	8
NC_059190.1	835577	835578	*	13	0	13	20	0	20	19	0	19	12	0	12	12	0	12	18	0	18	18	0	18	22	0	22	16	0	16	15	0	15	17	0	17	18	0	18	15	0	15	23	0	23	15	0	15	21	0	21	15	0	15	20	0	20	19	0	19	13	6	7
NC_059190.1	3290799	3290800	*	19	0	19	19	0	19	15	0	15	19	0	19	28	0	28	12	0	12	16	0	16	21	0	21	12	0	12	19	0	19	23	0	23	13	0	13	30	1	29	24	0	24	20	0	20	18	0	18	16	0	16	11	0	11	16	0	16	20	3	17
NC_059190.1	3324772	3324773	*	16	0	16	33	0	33	16	0	16	22	0	22	10	0	10	30	0	30	16	0	16	20	0	20	28	0	28	12	0	12	22	0	22	34	0	34	27	1	26	16	0	16	13	0	13	29	1	28	22	0	22	33	0	33	14	0	14	13	5	8
NC_059190.1	3572084	3572085	*	20	0	20	21	0	21	14	0	14	24	0	24	19	0	19	15	0	15	20	0	20	18	0	18	11	0	11	22	0	22	20	0	20	13	0	13	28	0	28	24	0	24	32	0	32	36	1	35	19	0	19	10	0	10	24	0	24	30	3	27
NC_059190.1	5037887	5037888	*	65	2	63	36	0	36	26	0	26	19	0	19	39	1	38	48	2	46	39	0	39	18	0	18	26	0	26	27	1	26	28	2	26	12	0	12	41	0	41	30	2	28	33	2	31	22	0	22	21	2	19	32	0	32	32	0	32	26	6	20
NC_059190.1	6142749	6142750	*	36	1	35	32	0	32	34	0	34	18	0	18	45	0	45	47	0	47	49	0	49	19	0	19	36	0	36	55	0	55	42	0	42	52	2	50	88	0	88	41	0	41	56	0	56	44	0	44	27	0	27	13	0	13	69	1	68	43	4	39
NC_059191.1	2260744	2260745	*	12	0	12	12	0	12	15	0	15	11	0	11	14	0	14	10	0	10	10	0	10	16	0	16	11	0	11	18	0	18	16	1	15	13	0	13	10	0	10	11	1	10	12	0	12	15	0	15	13	0	13	16	1	15	13	0	13	10	4	6
NC_059191.1	7734023	7734024	*	30	0	30	33	0	33	24	0	24	16	0	16	23	0	23	20	0	20	29	1	28	29	0	29	19	0	19	41	0	41	44	0	44	31	0	31	25	0	25	43	1	42	35	0	35	33	0	33	17	0	17	14	0	14	26	0	26	20	3	17
NW_025533136.1	142835	142836	*	44	0	44	47	0	47	24	0	24	48	0	48	56	0	56	52	2	50	34	0	34	35	0	35	28	0	28	69	0	69	68	0	68	36	0	36	52	0	52	73	0	73	117	0	117	65	0	65	55	0	55	14	0	14	60	0	60	56	4	52
NW_025533169.1	98668	98669	*	17	0	17	24	0	24	21	0	21	24	0	24	23	0	23	27	0	27	23	0	23	16	0	16	29	0	29	13	0	13	30	0	30	21	0	21	24	0	24	42	0	42	31	0	31	30	0	30	15	0	15	35	1	34	10	0	10	26	3	23
NW_025533175.1	34620	34621	*	35	0	35	21	0	21	23	0	23	18	2	16	39	2	37	17	1	16	14	0	14	23	0	23	23	1	22	27	0	27	30	1	29	26	0	26	34	0	34	37	1	36	20	0	20	14	0	14	16	0	16	19	1	18	37	0	37	31	9	22
