"","ID","Description","GeneRatio","BgRatio","RichFactor","FoldEnrichment","zScore","pvalue","p.adjust","qvalue","geneID","Count"
"GO:0006801","GO:0006801","superoxide metabolic process","2/23","24/8255",0.0833333333333333,29.9094202898551,7.49656260870445,0.00197459222635448,0.113843680700165,0.0963383056492625,"LOC116916592/LOC116917901",2
"GO:0006869","GO:0006869","lipid transport","3/23","98/8255",0.0306122448979592,10.9871339840284,5.256929494777,0.00241838823718009,0.113843680700165,0.0963383056492625,"LOC116916592/LOC116917901/LOC116932289",3
"GO:0010876","GO:0010876","lipid localization","3/23","103/8255",0.029126213592233,10.4537779653862,5.10311545798544,0.00278660907389813,0.113843680700165,0.0963383056492625,"LOC116916592/LOC116917901/LOC116932289",3
"GO:0015718","GO:0015718","monocarboxylic acid transport","2/23","33/8255",0.0606060606060606,21.7523056653491,6.31361446717747,0.00372038172222762,0.113843680700165,0.0963383056492625,"LOC116932289/LOC116936522",2
"GO:0072593","GO:0072593","reactive oxygen species metabolic process","2/23","33/8255",0.0606060606060606,21.7523056653491,6.31361446717747,0.00372038172222762,0.113843680700165,0.0963383056492625,"LOC116916592/LOC116917901",2
