"","recovery_0_1","recovery_0_2","recovery_0_4","recovery_1_2","recovery_2_1","recovery_2_5_9","recovery_2_5_11","recovery_3_5_1","recovery_3_5_2","recovery_3_5_15","recovery_3_6","pesticide_6_2","pesticide_6_3","pesticide_7_3","pesticide_7_5","pesticide_7_5_4","pesticide_8_5_3","pesticide_9_5_1","pesticide_9_5_3","pesticide_9_6","pesticide_9_20","eutrophic_12_3","eutrophic_12_4","eutrophic_12_5_1","eutrophic_13_1","eutrophic_13_2","eutrophic_13_3","eutrophic_13_5_1","eutrophic_14_5_1","eutrophic_15_5_1"
"NC_059182.1.115930.115931",100,52.1739130434783,91.6666666666667,61.5384615384615,100,86.6666666666667,94.4444444444444,100,46.1538461538462,100,100,57.8947368421053,95.2380952380952,100,94.1176470588235,95.6521739130435,88.2352941176471,92.8571428571429,93.3333333333333,93.3333333333333,93.1034482758621,100,100,100,96,100,94.7368421052632,100,100,100
"NC_059182.1.126392.126393",100,100,58.3333333333333,92.3076923076923,50,75,33.3333333333333,87.5,91.6666666666667,95.2380952380952,40,87.5,100,35.7142857142857,100,93.3333333333333,100,83.3333333333333,90,83.3333333333333,85.7142857142857,83.3333333333333,100,92.3076923076923,46.6666666666667,100,100,100,53.3333333333333,60
"NC_059182.1.398931.398932",85.7142857142857,57.1428571428571,50,73.6842105263158,75,77.7777777777778,25,75,71.4285714285714,84.6153846153846,20,66.6666666666667,76.9230769230769,64.2857142857143,63.1578947368421,76.9230769230769,83.3333333333333,66.6666666666667,50,91.6666666666667,91.6666666666667,80.9523809523809,53.3333333333333,77.2727272727273,15,92.8571428571429,66.6666666666667,75,50,54.5454545454545
"NC_059182.1.659485.659486",93.75,92.8571428571429,90.4761904761905,100,100,90.9090909090909,100,100,100,95.6521739130435,95.4545454545455,95.2380952380952,87.5,100,90.3225806451613,96.551724137931,95.4545454545455,91.304347826087,94.4444444444444,100,92.8571428571429,80.9523809523809,100,96,95.2380952380952,92.5925925925926,84.6153846153846,91.6666666666667,100,100
"NC_059182.1.659516.659517",93.75,93.75,100,100,100,95.8333333333333,94.7368421052632,100,90.4761904761905,96.1538461538462,91.6666666666667,96,94.1176470588235,100,92.8571428571429,100,100,92,93.75,100,96,95.2380952380952,100,100,100,100,100,100,88.8888888888889,100
"NC_059182.1.659576.659577",100,84.2105263157895,100,100,100,88.4615384615385,92.8571428571429,94.4444444444444,80.9523809523809,95.6521739130435,84,91.6666666666667,100,88.8888888888889,93.1034482758621,96.1538461538462,100,83.3333333333333,100,94.1176470588235,88.8888888888889,95.2380952380952,92.8571428571429,96.2962962962963,78.9473684210526,95.6521739130435,95,100,85.7142857142857,84.6153846153846
"NC_059182.1.659597.659598",87.5,73.6842105263158,81.25,89.4736842105263,87.5,84.6153846153846,87.5,83.3333333333333,77.2727272727273,90,80,87.5,85,86.6666666666667,92.5925925925926,86.3636363636364,84.2105263157895,77.7777777777778,100,100,91.304347826087,82.6086956521739,78.5714285714286,96.2962962962963,80.9523809523809,72.7272727272727,89.4736842105263,82.6086956521739,77.7777777777778,80
"NC_059182.1.929191.929192",85,92.3076923076923,89.4736842105263,93.75,100,100,100,92.8571428571429,86.6666666666667,100,100,94.1176470588235,93.75,95.2380952380952,96,100,87.5,92.3076923076923,100,94.4444444444444,94.1176470588235,100,95.4545454545455,96.4285714285714,88.8888888888889,95.8333333333333,94.4444444444444,100,96.1538461538462,100
"NC_059182.1.929205.929206",100,100,100,100,91.6666666666667,100,100,100,100,100,95,100,94.1176470588235,95.2380952380952,100,94.7368421052632,86.2068965517241,83.3333333333333,100,100,100,100,95,96.6666666666667,94.1176470588235,100,100,100,96,100
"NC_059182.1.930124.930125",83.3333333333333,50,100,90,93.3333333333333,100,100,90.9090909090909,92.3076923076923,94.1176470588235,92,91.6666666666667,88.2352941176471,93.3333333333333,93.5483870967742,90.9090909090909,100,100,93.3333333333333,90,100,92.8571428571429,94.4444444444444,100,100,88,95.6521739130435,100,96.6666666666667,94.4444444444444
"NC_059182.1.930131.930132",85.7142857142857,47.8260869565217,100,90,100,100,92.3076923076923,100,85.7142857142857,100,92,91.6666666666667,88.8888888888889,100,93.9393939393939,95.4545454545455,100,92.3076923076923,93.3333333333333,100,96,85.7142857142857,94.4444444444444,88.8888888888889,100,100,91.6666666666667,100,96.6666666666667,94.7368421052632
"NC_059182.1.933990.933991",81.4814814814815,100,100,100,84.6153846153846,100,100,82.3529411764706,93.3333333333333,88,95.2380952380952,95.6521739130435,100,100,96.6666666666667,100,90.4761904761905,94.1176470588235,100,90.9090909090909,100,96.2962962962963,93.5483870967742,96.1538461538462,100,100,89.6551724137931,100,100,100
"NC_059182.1.934032.934033",93.3333333333333,97.1428571428571,100,100,100,91.6666666666667,100,100,81.25,84,100,96.4285714285714,92.3076923076923,95.4545454545455,100,100,95.2380952380952,85.7142857142857,90,96.1538461538462,100,100,100,97.2972972972973,100,100,96.6666666666667,96,96.969696969697,100
"NC_059182.1.967614.967615",100,91.6666666666667,100,83.3333333333333,100,100,100,100,93.3333333333333,100,100,93.75,77.7777777777778,93.75,85.7142857142857,85.7142857142857,100,100,100,100,95,94.7368421052632,100,100,100,87.5,100,91.6666666666667,88.2352941176471,100
"NC_059182.1.1002082.1002083",95.2380952380952,100,100,84.2105263157895,95.6521739130435,93.75,94.4444444444444,100,94.1176470588235,100,95.2380952380952,92.3076923076923,96.1538461538462,100,100,100,95,96.1538461538462,94.1176470588235,90.9090909090909,90.4761904761905,88,96.551724137931,82.3529411764706,86.6666666666667,95.6521739130435,100,100,85.7142857142857,93.75
"NC_059182.1.1078100.1078101",87.5,85,94.1176470588235,100,96,100,100,93.3333333333333,100,100,100,92.5925925925926,95,100,87.5,94.7368421052632,100,90,92.8571428571429,100,100,100,95.6521739130435,96,87.5,100,100,100,95.6521739130435,100
"NC_059182.1.1078166.1078167",94.1176470588235,87.5,90.4761904761905,84.2105263157895,96.1538461538462,93.75,39.1304347826087,95.2380952380952,88.2352941176471,93.5483870967742,94.1176470588235,89.2857142857143,88.2352941176471,85.1851851851852,66.6666666666667,68.75,96,100,93.3333333333333,100,80.9523809523809,97.2222222222222,85.1851851851852,85.7142857142857,91.304347826087,89.4736842105263,88.4615384615385,83.3333333333333,38.0952380952381,86.3636363636364
"NC_059182.1.1078173.1078174",94.4444444444444,83.3333333333333,85.7142857142857,68.4210526315789,88.4615384615385,94.1176470588235,41.6666666666667,80,82.3529411764706,90.9090909090909,88.8888888888889,85.7142857142857,88.2352941176471,81.4814814814815,76.6666666666667,47.0588235294118,96,94.1176470588235,86.6666666666667,95,73.9130434782609,94.4444444444444,89.2857142857143,85.7142857142857,95.6521739130435,88.8888888888889,88,84.6153846153846,45.4545454545455,95.4545454545455
"NC_059182.1.1086647.1086648",30.4347826086957,18.4210526315789,0,0,0,22.2222222222222,0,0,0,3.44827586206897,10.7142857142857,0,0,51.7241379310345,0,0,0,0,0,0,0,7.54716981132075,0,39.2857142857143,0,3.33333333333333,0,0,0,0
"NC_059182.1.1129498.1129499",100,91.304347826087,95.4545454545455,92.3076923076923,100,75,92.8571428571429,94.1176470588235,100,94.7368421052632,100,95.2380952380952,90,100,100,88.8888888888889,100,90.4761904761905,92.3076923076923,100,100,88.4615384615385,93.3333333333333,93.3333333333333,100,100,93.1034482758621,100,78.9473684210526,100
"NC_059182.1.1129574.1129575",20,3.57142857142857,23.5294117647059,0,16.6666666666667,0,16.6666666666667,7.69230769230769,0,18.1818181818182,65,11.7647058823529,0,3.84615384615385,26.3157894736842,11.7647058823529,15,0,0,6.25,0,5,0,8.69565217391304,10,9.09090909090909,17.2413793103448,0,30,0
"NC_059182.1.1310314.1310315",100,73.3333333333333,92.8571428571429,78.5714285714286,90.9090909090909,91.6666666666667,100,90,94.1176470588235,100,88.2352941176471,100,100,85.7142857142857,95.2380952380952,93.75,90.4761904761905,100,85,81.8181818181818,81.8181818181818,92.8571428571429,85.7142857142857,93.75,90.9090909090909,86.6666666666667,88.8888888888889,93.75,93.75,88.8888888888889
"NC_059182.1.1310340.1310341",42.8571428571429,57.1428571428571,100,100,55.5555555555556,58.3333333333333,100,100,93.75,33.3333333333333,58.8235294117647,33.3333333333333,100,31.25,95,100,55,100,44.4444444444444,90.4761904761905,90.4761904761905,92.8571428571429,50,100,47.6190476190476,100,50,100,0,27.7777777777778
"NC_059182.1.1310353.1310354",100,92.8571428571429,100,92.8571428571429,100,92.8571428571429,100,100,100,100,94.1176470588235,94.1176470588235,100,93.75,100,100,100,94.4444444444444,100,90.9090909090909,100,93.3333333333333,100,100,94.7368421052632,93.3333333333333,94.4444444444444,100,100,100
"NC_059182.1.1531334.1531335",77.2727272727273,90.4761904761905,86.3636363636364,90,84.2105263157895,85.7142857142857,76.4705882352941,80,71.4285714285714,94.7368421052632,90,91.6666666666667,94.4444444444444,100,90.9090909090909,70,95.6521739130435,72.7272727272727,85.7142857142857,86.6666666666667,88.8888888888889,94.1176470588235,95.6521739130435,93.75,94.4444444444444,77.7777777777778,83.3333333333333,90,75,65.2173913043478
"NC_059182.1.1552404.1552405",92,83.3333333333333,100,70,83.3333333333333,90,76.1904761904762,87.5,89.4736842105263,88.2352941176471,93.75,79.1666666666667,88.2352941176471,86.6666666666667,96.4285714285714,83.3333333333333,88,91.304347826087,90,92.8571428571429,88.8888888888889,93.75,91.304347826087,64.2857142857143,92.8571428571429,75,84.2105263157895,87.0967741935484,77.2727272727273,78.9473684210526
"NC_059182.1.1681999.1682000",94.1176470588235,92.3076923076923,100,92.3076923076923,87.5,100,88.2352941176471,91.6666666666667,81.8181818181818,93.75,100,83.3333333333333,88.2352941176471,86.9565217391304,88,100,91.6666666666667,86.6666666666667,88,92,100,94.1176470588235,92.8571428571429,83.3333333333333,93.3333333333333,81.8181818181818,94.1176470588235,92.3076923076923,95.6521739130435,92.3076923076923
"NC_059182.1.1682017.1682018",100,95.8333333333333,100,100,100,100,94.1176470588235,92.3076923076923,85.7142857142857,88.8888888888889,100,96.2962962962963,94.1176470588235,80.9523809523809,92.5925925925926,100,83.3333333333333,100,96.4285714285714,91.6666666666667,100,85,92.8571428571429,89.4736842105263,93.3333333333333,81.8181818181818,87.5,85.1851851851852,100,100
"NC_059182.1.1682169.1682170",91.6666666666667,100,100,91.6666666666667,100,90,94.4444444444444,94.7368421052632,100,100,100,100,84.6153846153846,90,96.2962962962963,94.1176470588235,100,91.6666666666667,100,95.6521739130435,100,91.6666666666667,91.6666666666667,95.8333333333333,95.4545454545455,100,84.2105263157895,95,100,100
"NC_059182.1.1722265.1722266",40,0,31.25,40,0,77.4193548387097,28.5714285714286,50,0,66.6666666666667,0,0,0,0,40,0,0,72.7272727272727,0,0,0,45,22.7272727272727,0,0,0,0,0,0,37.5
"NC_059182.1.1722341.1722342",20,0,0,0,0,0,0,0,0,0,0,0,0,0,0,0,0,8,2.5,0,3.84615384615385,28,0,0,0,0,0,0,0,0
"NC_059182.1.1731546.1731547",59.0909090909091,88.2352941176471,95,100,84.2105263157895,100,78.5714285714286,90.9090909090909,76.4705882352941,68.75,90,60.8695652173913,93.3333333333333,82.3529411764706,96.1538461538462,78.9473684210526,42.8571428571429,100,94.7368421052632,80,71.4285714285714,80.9523809523809,70.5882352941177,52,62.962962962963,92.8571428571429,100,92.8571428571429,66.6666666666667,100
"NC_059182.1.1914119.1914120",47.8260869565217,100,91.6666666666667,100,92.3076923076923,90.9090909090909,86.6666666666667,83.3333333333333,100,100,100,94.7368421052632,92.8571428571429,85,95.2380952380952,88.8888888888889,96.551724137931,100,100,100,93.75,100,100,95.4545454545455,100,88.2352941176471,100,100,90.9090909090909,100
"NC_059182.1.1936314.1936315",93.75,100,100,94.4444444444444,100,86.6666666666667,81.8181818181818,100,100,100,100,96.1538461538462,86.6666666666667,100,100,100,100,100,94.4444444444444,100,93.75,100,100,88.8888888888889,78.2608695652174,100,100,100,95.4545454545455,94.1176470588235
"NC_059182.1.1997576.1997577",93.3333333333333,66.6666666666667,100,93.75,100,94.1176470588235,88.2352941176471,100,100,100,100,100,95,92.8571428571429,94.7368421052632,94.1176470588235,92,89.4736842105263,96.7741935483871,92.8571428571429,100,100,100,100,96.2962962962963,94.4444444444444,100,87.5,48,100
"NC_059182.1.2052081.2052082",72.7272727272727,78.5714285714286,62.5,77.7777777777778,86.6666666666667,89.4736842105263,76.9230769230769,85.7142857142857,100,88.8888888888889,68.75,77.7777777777778,84.6153846153846,69.2307692307692,77.2727272727273,62.5,73.6842105263158,73.3333333333333,84.6153846153846,88.2352941176471,82.3529411764706,80,84.2105263157895,93.3333333333333,68.75,66.6666666666667,76.9230769230769,84.8484848484848,70,81.25
"NC_059182.1.2085939.2085940",100,90,93.75,92.8571428571429,92.8571428571429,83.3333333333333,100,90.4761904761905,100,95.2380952380952,84.2105263157895,94.4444444444444,100,93.75,100,100,100,100,96.4285714285714,100,100,92.8571428571429,100,95.2380952380952,100,100,85.7142857142857,100,100,89.4736842105263
"NC_059182.1.2085962.2085963",100,100,100,87.5,92.8571428571429,87.5,100,95.2380952380952,100,95.6521739130435,90.4761904761905,100,100,88.2352941176471,92,100,100,100,93.1034482758621,100,92.3076923076923,94.1176470588235,100,100,100,94.4444444444444,100,100,96,100
"NC_059182.1.2085985.2085986",100,100,100,92.8571428571429,93.3333333333333,91.304347826087,100,100,92.8571428571429,100,90.4761904761905,100,94.4444444444444,94.4444444444444,92,100,95.4545454545455,100,89.6551724137931,95.4545454545455,100,100,90.9090909090909,95.4545454545455,100,100,100,93.3333333333333,96,95.2380952380952
"NC_059182.1.2085994.2085995",100,100,100,92.8571428571429,93.75,91.6666666666667,100,95.2380952380952,100,100,95.6521739130435,100,94.1176470588235,100,92,100,90.9090909090909,100,100,100,96.551724137931,94.4444444444444,100,91.304347826087,93.3333333333333,100,91.6666666666667,100,100,100
"NC_059182.1.2086034.2086035",56.25,100,100,100,92.3076923076923,95.2380952380952,100,100,100,100,96.6666666666667,93.3333333333333,100,100,92.5925925925926,100,93.75,73.3333333333333,100,100,100,86.9565217391304,66.6666666666667,100,91.6666666666667,100,100,100,100,100
"NC_059182.1.2086068.2086069",94.1176470588235,100,100,92.8571428571429,100,95.8333333333333,100,88.2352941176471,100,91.6666666666667,93.5483870967742,93.75,87.5,100,92.3076923076923,92.8571428571429,84.6153846153846,64.2857142857143,93.9393939393939,89.6551724137931,93.5483870967742,95.4545454545455,91.6666666666667,95,100,100,93.3333333333333,88.8888888888889,88.8888888888889,93.3333333333333
"NC_059182.1.2086096.2086097",92.3076923076923,88.8888888888889,91.6666666666667,92.8571428571429,73.3333333333333,100,100,100,93.3333333333333,96,96.551724137931,86.6666666666667,87.5,100,95.4545454545455,93.3333333333333,91.6666666666667,78.5714285714286,93.5483870967742,92.3076923076923,100,94.4444444444444,92.3076923076923,94.7368421052632,91.6666666666667,94.4444444444444,93.75,95,95.2380952380952,100
"NC_059182.1.2175513.2175514",92.8571428571429,94.1176470588235,94.7368421052632,100,90,92.8571428571429,86.6666666666667,84.2105263157895,88.8888888888889,81.25,100,100,83.3333333333333,82.6086956521739,95.4545454545455,95.6521739130435,100,94.4444444444444,91.304347826087,88.2352941176471,88.8888888888889,95.6521739130435,100,85.7142857142857,86.6666666666667,100,78.5714285714286,88.8888888888889,90.4761904761905,84.2105263157895
"NC_059182.1.2175612.2175613",100,100,100,88.2352941176471,93.3333333333333,94.4444444444444,88.2352941176471,100,100,100,100,100,94.1176470588235,88.4615384615385,97.2222222222222,95.4545454545455,89.4736842105263,100,97.2222222222222,94.4444444444444,100,92.5925925925926,92.8571428571429,93.1034482758621,96.1538461538462,100,100,92.3076923076923,100,91.304347826087
"NC_059182.1.2213551.2213552",95.8333333333333,100,100,100,100,90,100,100,100,100,100,100,100,94.1176470588235,100,93.3333333333333,100,100,96.2962962962963,95,85.7142857142857,77.7777777777778,80,95.6521739130435,100,95.6521739130435,100,97.1428571428571,100,100
"NC_059182.1.2213558.2213559",100,100,100,100,100,100,100,100,100,100,93.3333333333333,100,100,94.1176470588235,100,100,100,100,88.8888888888889,100,95.2380952380952,100,89.4736842105263,100,100,100,100,100,100,93.75
"NC_059182.1.2300153.2300154",38.4615384615385,0,39.2857142857143,64.5161290322581,54.5454545454545,33.3333333333333,54.5454545454545,48,56,0,33.3333333333333,25.8064516129032,39.1304347826087,64,37.5,0,22.5806451612903,37.9310344827586,10.3448275862069,35.7142857142857,0,42.1052631578947,62.5,23.0769230769231,44.7368421052632,46.1538461538462,50,48.4848484848485,0,0
"NC_059182.1.2300160.2300161",40,0,42.8571428571429,60,52.1739130434783,40.9090909090909,54.5454545454545,50,58.3333333333333,0,40,31.25,34.7826086956522,68,39.1304347826087,0,27.5862068965517,37.9310344827586,14.2857142857143,35.7142857142857,8.33333333333333,44.7368421052632,58.8235294117647,24,50,45,52.1739130434783,48.4848484848485,0,0
"NC_059182.1.2300197.2300198",42.3076923076923,0,40.7407407407407,53.8461538461538,45.8333333333333,50,46.1538461538462,42.8571428571429,46.4285714285714,0,20,41.3793103448276,48,46.4285714285714,24,0,25.9259259259259,34.375,17.2413793103448,43.75,0,37.8378378378378,38.8888888888889,26.9230769230769,44.4444444444444,38.0952380952381,47.8260869565217,45.1612903225806,0,0
"NC_059182.1.2306344.2306345",94.1176470588235,100,91.6666666666667,100,100,100,100,100,100,100,100,94.7368421052632,100,94.1176470588235,100,94.4444444444444,100,100,100,95.8333333333333,100,95.4545454545455,96.551724137931,100,100,100,93.75,100,95.6521739130435,92.3076923076923
"NC_059182.1.2306369.2306370",90,95.6521739130435,100,84.6153846153846,100,82.3529411764706,100,100,100,100,100,77.7777777777778,100,100,100,94.5945945945946,76.4705882352941,100,100,88.4615384615385,100,100,96.875,85,100,100,100,100,92.3076923076923,90
"NC_059182.1.2390032.2390033",87.5,95,95.2380952380952,95,92.3076923076923,100,100,100,91.6666666666667,100,81.25,95.2380952380952,93.75,100,95.2380952380952,83.3333333333333,82.3529411764706,100,93.3333333333333,87.5,100,100,85.7142857142857,93.3333333333333,90.4761904761905,95.4545454545455,93.3333333333333,91.6666666666667,92.5925925925926,83.3333333333333
"NC_059182.1.2674795.2674796",100,93.75,100,81.4814814814815,100,81.8181818181818,100,93.3333333333333,40,92.8571428571429,90.4761904761905,37.5,33.3333333333333,91.1764705882353,95.6521739130435,96,95,100,95.8333333333333,100,96.551724137931,95.4545454545455,100,41.3793103448276,93.75,90.9090909090909,100,54.5454545454545,91.304347826087,96.1538461538462
"NC_059182.1.2897648.2897649",100,95.4545454545455,100,83.3333333333333,100,91.6666666666667,81.25,100,86.6666666666667,90.9090909090909,93.3333333333333,81.4814814814815,84.8484848484848,83.3333333333333,92.5925925925926,93.75,89.4736842105263,81.25,79.1666666666667,86.9565217391304,94.4444444444444,100,100,100,92.3076923076923,96.551724137931,88.8888888888889,100,80,100
"NC_059182.1.2897660.2897661",100,95.4545454545455,100,95.6521739130435,100,91.6666666666667,87.5,91.6666666666667,86.6666666666667,100,73.3333333333333,89.2857142857143,93.75,100,92,92.8571428571429,94.4444444444444,100,92.3076923076923,95.6521739130435,94.7368421052632,95.4545454545455,88.8888888888889,100,100,100,90,90.9090909090909,95.8333333333333,100
"NC_059182.1.2897710.2897711",47.0588235294118,27.2727272727273,0,0,35.7142857142857,3.44827586206897,0,0,0,77.2727272727273,53.8461538461538,0,40.7407407407407,29.4117647058824,95.6521739130435,53.3333333333333,92.8571428571429,5.55555555555556,90.4761904761905,84.2105263157895,100,60,4.54545454545455,0,66.6666666666667,50,40,0,54.1666666666667,52.6315789473684
"NC_059182.1.3002150.3002151",70,75,56.5217391304348,73.6842105263158,87.5,64.7058823529412,65,88.2352941176471,66.6666666666667,78.5714285714286,50,71.4285714285714,91.304347826087,50,66.6666666666667,55.5555555555556,75,73.6842105263158,61.5384615384615,81.8181818181818,73.6842105263158,69.5652173913043,80.9523809523809,85.7142857142857,80,77.7777777777778,78.9473684210526,84.6153846153846,80.7692307692308,57.1428571428571
"NC_059182.1.3002220.3002221",92.8571428571429,92.3076923076923,86.3636363636364,83.3333333333333,80,91.1764705882353,90.9090909090909,85,86.6666666666667,95.4545454545455,90.9090909090909,88.5714285714286,92.3076923076923,100,94.1176470588235,89.4736842105263,93.75,91.6666666666667,93.3333333333333,100,90.9090909090909,95.2380952380952,90.9090909090909,96.875,95.6521739130435,93.3333333333333,94.1176470588235,94.7368421052632,95.8333333333333,78.5714285714286
"NC_059182.1.3002250.3002251",93.3333333333333,100,95.2380952380952,72.2222222222222,91.6666666666667,93.9393939393939,100,95.8333333333333,84.6153846153846,100,95,90.3225806451613,96.2962962962963,92.8571428571429,100,100,84.6153846153846,96,100,100,100,100,95,100,92,100,96.875,100,95.6521739130435,90
"NC_059182.1.3368134.3368135",94.1176470588235,100,93.3333333333333,92.8571428571429,100,94.7368421052632,91.6666666666667,90,90.9090909090909,94.4444444444444,100,100,91.6666666666667,93.3333333333333,96.7741935483871,88.4615384615385,100,83.3333333333333,89.6551724137931,95.6521739130435,100,100,96.7741935483871,100,100,88.8888888888889,100,100,100,100
"NC_059182.1.3368209.3368210",100,78.5714285714286,87.5,84.6153846153846,91.6666666666667,84.2105263157895,61.5384615384615,75,76.9230769230769,81.8181818181818,89.4736842105263,90.4761904761905,100,94.7368421052632,96.969696969697,87.5,75,80,79.3103448275862,72,82.3529411764706,68,87.5,58.8235294117647,92,88.8888888888889,84.2105263157895,71.4285714285714,75,46.1538461538462
"NC_059182.1.3368239.3368240",93.75,78.5714285714286,93.75,93.3333333333333,90.9090909090909,82.3529411764706,83.3333333333333,93.75,81.8181818181818,100,95.2380952380952,91.6666666666667,100,92,93.75,75,95.4545454545455,94.1176470588235,79.3103448275862,95.4545454545455,82.3529411764706,84,100,93.3333333333333,84,88.2352941176471,100,85.7142857142857,90.9090909090909,93.3333333333333
"NC_059182.1.3368244.3368245",100,92.8571428571429,100,100,81.8181818181818,94.4444444444444,100,93.3333333333333,100,95,94.7368421052632,94.7368421052632,100,96,96.6666666666667,90.4761904761905,100,94.4444444444444,89.6551724137931,100,93.75,100,96.969696969697,93.3333333333333,91.6666666666667,100,100,100,95.4545454545455,93.3333333333333
"NC_059182.1.3368276.3368277",100,87.5,100,93.75,81.8181818181818,94.1176470588235,92.3076923076923,100,100,100,100,94.7368421052632,100,90.4761904761905,100,100,100,89.4736842105263,100,94.1176470588235,100,95.8333333333333,96.2962962962963,92.8571428571429,95.4545454545455,93.3333333333333,100,100,100,93.75
"NC_059182.1.3431740.3431741",100,92,100,100,100,96.4285714285714,92.8571428571429,83.3333333333333,68.75,100,100,100,100,100,96.551724137931,92.8571428571429,94.4444444444444,100,100,100,100,92.8571428571429,96.1538461538462,91.6666666666667,100,100,95.2380952380952,90.9090909090909,94.1176470588235,100
"NC_059182.1.3431767.3431768",100,100,94.1176470588235,100,100,89.2857142857143,100,84.6153846153846,66.6666666666667,100,93.3333333333333,100,100,70.5882352941177,92.5925925925926,92.8571428571429,88.2352941176471,100,100,91.6666666666667,94.7368421052632,100,100,100,100,100,91.304347826087,66.6666666666667,94.7368421052632,88.8888888888889
"NC_059182.1.3595833.3595834",94.1176470588235,90,94.1176470588235,92.8571428571429,94.7368421052632,92.3076923076923,90,91.304347826087,85.7142857142857,100,100,89.4736842105263,87.5,100,100,94.4444444444444,93.3333333333333,100,84.2105263157895,100,95.8333333333333,86.6666666666667,100,100,94.1176470588235,81.25,85.7142857142857,90.9090909090909,94.4444444444444,100
"NC_059182.1.3698743.3698744",80,65,28.5714285714286,63.6363636363636,66.6666666666667,78.2608695652174,66.6666666666667,64.2857142857143,38.8888888888889,80,70.3703703703704,26.4705882352941,63.6363636363636,62.5,74.0740740740741,72.7272727272727,76,77.2727272727273,76.6666666666667,34.7826086956522,13.0434782608696,65,85.7142857142857,70,42.8571428571429,70.3703703703704,60,16.6666666666667,40,54.1666666666667
"NC_059182.1.3698754.3698755",80,68.4210526315789,25,90.9090909090909,75,82.6086956521739,63.6363636363636,71.4285714285714,38.8888888888889,85.7142857142857,71.4285714285714,27.7777777777778,63.6363636363636,65.2173913043478,74.0740740740741,81.8181818181818,76,82.6086956521739,80.6451612903226,37.5,12.5,57.1428571428571,56.5217391304348,71.4285714285714,40.625,86.2068965517241,70,24,35,60
"NC_059182.1.3745479.3745480",80,69.2307692307692,72.7272727272727,61.1111111111111,93.75,66.6666666666667,52.9411764705882,45.4545454545455,0,38.4615384615385,30.7692307692308,38.8888888888889,80,59.0909090909091,47.3684210526316,80,70,72.7272727272727,75,68.75,76.4705882352941,78.5714285714286,70,52.3809523809524,75,90,60,70,46.1538461538462,75
"NC_059182.1.4115193.4115194",27.7777777777778,41.6666666666667,44.4444444444444,57.1428571428571,30,33.3333333333333,44.4444444444444,40,25,50,73.3333333333333,39.1304347826087,50,18.1818181818182,62.5,40.7407407407407,54.5454545454545,37.5,60.7142857142857,44,5.88235294117647,21.4285714285714,25,37.5,64.2857142857143,43.3333333333333,52.9411764705882,41.1764705882353,27.2727272727273,50
"NC_059182.1.4246417.4246418",50,0,14.2857142857143,0,0,13.3333333333333,36.1111111111111,0,32.1428571428571,38.0952380952381,34.375,66.6666666666667,0,20.9302325581395,1.58730158730159,0,58.0645161290323,4.16666666666667,6.89655172413793,13.953488372093,25.4237288135593,16.6666666666667,0,26.1904761904762,1.75438596491228,42.3076923076923,32.258064516129,36.3636363636364,48.4848484848485,2.04081632653061
"NC_059182.1.4299230.4299231",82.3529411764706,80,90.4761904761905,86.6666666666667,100,100,84.6153846153846,91.6666666666667,90.9090909090909,100,93.3333333333333,92,100,69.5652173913043,95.8333333333333,94.4444444444444,100,92.8571428571429,95.4545454545455,90,100,100,100,88.2352941176471,100,94.4444444444444,90.9090909090909,100,92.8571428571429,93.75
"NC_059182.1.4354347.4354348",76.9230769230769,42.1052631578947,73.0769230769231,47.0588235294118,73.3333333333333,52.6315789473684,70,66.6666666666667,28.5714285714286,57.1428571428571,57.1428571428571,55.5555555555556,60,32,43.4782608695652,50,59.2592592592593,45.8333333333333,48,61.1111111111111,56,37.5,38.8888888888889,13.3333333333333,26.0869565217391,40,30.7692307692308,25,9.09090909090909,47.0588235294118
"NC_059182.1.4502809.4502810",100,100,100,100,90.9090909090909,92.8571428571429,100,100,100,100,100,97.0588235294118,100,100,92.3076923076923,100,96.551724137931,92.3076923076923,100,100,95.2380952380952,100,95.8333333333333,90,100,96.6666666666667,94.7368421052632,54.5454545454545,100,100
"NC_059182.1.4502846.4502847",95.4545454545455,100,95,100,100,100,100,100,100,88.8888888888889,100,97.2972972972973,100,95.4545454545455,100,96,92.8571428571429,100,100,100,100,95,95.8333333333333,64.7058823529412,92.5925925925926,96.875,86.3636363636364,100,100,96
"NC_059182.1.4502893.4502894",95.6521739130435,96,76.4705882352941,92.3076923076923,100,100,93.75,94.1176470588235,100,96.551724137931,100,94.4444444444444,94.4444444444444,95,100,96.2962962962963,95.2380952380952,100,87.5,90.4761904761905,92.8571428571429,95.2380952380952,91.304347826087,100,96,96.551724137931,89.2857142857143,100,94.7368421052632,86.3636363636364
"NC_059182.1.4502940.4502941",90.9090909090909,96,93.75,93.3333333333333,91.6666666666667,100,88.2352941176471,100,94.1176470588235,90.4761904761905,92.3076923076923,90.3225806451613,100,77.2727272727273,100,96.1538461538462,95.2380952380952,100,92.5925925925926,95.8333333333333,100,95.4545454545455,100,95.4545454545455,94.7368421052632,93.3333333333333,100,100,95.8333333333333,95.8333333333333
"NC_059182.1.4588902.4588903",100,93.3333333333333,100,100,83.3333333333333,91.304347826087,93.3333333333333,100,81.8181818181818,95.4545454545455,93.75,92.5925925925926,93.75,100,100,95.2380952380952,90,91.6666666666667,100,100,94.7368421052632,85.7142857142857,100,93.75,88.2352941176471,84.2105263157895,94.1176470588235,83.3333333333333,80,90.9090909090909
"NC_059182.1.4588916.4588917",100,82.3529411764706,100,93.3333333333333,87.5,95.4545454545455,85.7142857142857,100,92.3076923076923,95.2380952380952,88.2352941176471,92,100,90,100,85,90.9090909090909,92.3076923076923,95,100,89.4736842105263,84.6153846153846,93.3333333333333,92.8571428571429,82.3529411764706,84.2105263157895,93.75,100,92.8571428571429,94.4444444444444
"NC_059182.1.4693618.4693619",95,81.25,86.6666666666667,93.3333333333333,92.3076923076923,95.4545454545455,93.3333333333333,92.3076923076923,100,94.4444444444444,90.9090909090909,96,93.3333333333333,100,100,91.6666666666667,100,100,95.6521739130435,100,100,92.5925925925926,100,100,100,100,85,93.75,100,94.4444444444444
"NC_059182.1.4693630.4693631",100,93.75,92.8571428571429,100,100,100,93.75,100,100,89.4736842105263,100,96,100,100,100,92.3076923076923,93.3333333333333,95.2380952380952,100,100,100,100,100,96.7741935483871,100,100,95,87.5,100,100
"NC_059182.1.4693645.4693646",90,88.2352941176471,100,94.1176470588235,85.7142857142857,100,94.1176470588235,100,100,90.4761904761905,100,92.3076923076923,92.8571428571429,100,100,100,100,90.9090909090909,100,89.4736842105263,96.551724137931,96.4285714285714,100,100,100,100,95,100,100,100
"NC_059182.1.5600450.5600451",100,87.5,100,90,100,85.7142857142857,100,100,93.3333333333333,94.7368421052632,100,85,94.1176470588235,90,100,90.4761904761905,100,95.2380952380952,76.4705882352941,94.4444444444444,90,82.3529411764706,100,100,94.1176470588235,100,94.1176470588235,92.3076923076923,90.4761904761905,81.25
"NC_059182.1.5719840.5719841",100,100,86.6666666666667,90.9090909090909,100,100,95.6521739130435,95,78.9473684210526,89.4736842105263,83.3333333333333,95.8333333333333,94.7368421052632,100,100,80.9523809523809,80.9523809523809,92.3076923076923,95.2380952380952,100,86.3636363636364,100,91.304347826087,91.6666666666667,89.4736842105263,100,90.625,88.8888888888889,100,72.7272727272727
"NC_059182.1.5719957.5719958",90,100,95,92.8571428571429,90,94.4444444444444,100,100,100,94.7368421052632,100,96.1538461538462,100,100,93.1034482758621,92,95,100,100,100,84,100,84.2105263157895,92,100,95.6521739130435,100,92.8571428571429,90.9090909090909,88.2352941176471
"NC_059182.1.5719996.5719997",90.9090909090909,92.8571428571429,100,100,95,94.1176470588235,94.1176470588235,100,92.3076923076923,100,94.4444444444444,96.1538461538462,86.6666666666667,90.4761904761905,90.625,87.5,100,91.6666666666667,92.8571428571429,100,87.5,95.6521739130435,95.6521739130435,85.1851851851852,100,95.8333333333333,95.4545454545455,92.3076923076923,91.6666666666667,80
"NC_059182.1.5720015.5720016",90,83.3333333333333,100,94.1176470588235,90,100,94.4444444444444,100,100,90,88.8888888888889,96.4285714285714,92.3076923076923,94.7368421052632,93.5483870967742,95.6521739130435,85.7142857142857,100,91.304347826087,100,100,100,95.4545454545455,92.3076923076923,86.3636363636364,90.9090909090909,90.9090909090909,100,96,90
"NC_059182.1.5848828.5848829",93.3333333333333,95,100,91.6666666666667,94.1176470588235,100,94.7368421052632,92.8571428571429,92.3076923076923,100,100,100,100,93.75,100,100,91.6666666666667,94.7368421052632,87.5,100,96.2962962962963,92.3076923076923,100,92.3076923076923,88.8888888888889,95.2380952380952,100,100,94.7368421052632,88
"NC_059182.1.5848840.5848841",92.3076923076923,95,100,100,94.4444444444444,100,100,92.3076923076923,92.3076923076923,100,100,94.1176470588235,95.6521739130435,100,100,95.4545454545455,91.6666666666667,100,100,92.3076923076923,91.6666666666667,100,100,100,94.7368421052632,95,100,100,90,95.8333333333333
"NC_059182.1.5848872.5848873",93.75,100,91.6666666666667,85.7142857142857,94.4444444444444,100,90,91.6666666666667,92.3076923076923,100,91.6666666666667,94.4444444444444,94.4444444444444,100,100,100,100,100,93.75,100,100,100,100,100,100,100,100,100,89.4736842105263,100
"NC_059182.1.5924827.5924828",96.1538461538462,87.5,100,90,94.4444444444444,86.9565217391304,91.6666666666667,92,100,89.4736842105263,95.2380952380952,95.8333333333333,100,94.7368421052632,91.304347826087,100,94.7368421052632,94.7368421052632,97.3684210526316,100,100,92.8571428571429,95.4545454545455,88.2352941176471,93.9393939393939,100,100,94.5454545454545,88.2352941176471,100
"NC_059182.1.5977820.5977821",94.4444444444444,87.5,94.4444444444444,100,92.8571428571429,76.1904761904762,100,90,90,86.6666666666667,100,94.1176470588235,93.3333333333333,93.75,96.2962962962963,94.1176470588235,91.304347826087,100,93.75,100,88.2352941176471,83.3333333333333,87.5,94.4444444444444,94.4444444444444,95,89.4736842105263,90.4761904761905,93.3333333333333,100
"NC_059182.1.5977847.5977848",100,94.4444444444444,100,100,93.75,89.4736842105263,100,90,94.1176470588235,94.4444444444444,100,81.25,100,93.3333333333333,96.1538461538462,70.5882352941177,89.4736842105263,92.3076923076923,93.75,100,92.3076923076923,88.2352941176471,94.4444444444444,90,72.2222222222222,95.6521739130435,90,90.9090909090909,92.8571428571429,100
"NC_059182.1.6078803.6078804",38.8888888888889,78.5714285714286,20,85.7142857142857,43.75,80,73.3333333333333,80,66.6666666666667,90.9090909090909,76.4705882352941,83.3333333333333,42.1052631578947,84.6153846153846,82.6086956521739,33.3333333333333,80,28.5714285714286,88,44,13.3333333333333,75,100,73.3333333333333,76.4705882352941,90.9090909090909,57.8947368421053,83.3333333333333,61.1111111111111,88.2352941176471
"NC_059182.1.6256462.6256463",96.2962962962963,95.8333333333333,92.8571428571429,76.9230769230769,93.75,95.6521739130435,100,88.2352941176471,89.4736842105263,95.2380952380952,90.4761904761905,89.4736842105263,93.75,100,92.8571428571429,96.2962962962963,93.3333333333333,94.7368421052632,84.6153846153846,88.4615384615385,96.1538461538462,96.4285714285714,95.6521739130435,100,95.4545454545455,100,100,97.8260869565217,96.1538461538462,94.4444444444444
"NC_059182.1.6275001.6275002",89.4736842105263,93.75,86.9565217391304,93.3333333333333,94.7368421052632,100,84.2105263157895,100,75,100,95.8333333333333,100,100,93.75,96.2962962962963,100,100,95.6521739130435,94.7368421052632,90.9090909090909,100,96,100,95.6521739130435,92.3076923076923,89.2857142857143,90.9090909090909,84.6153846153846,94.1176470588235,95.2380952380952
"NC_059182.1.6275097.6275098",96.4285714285714,88.8888888888889,77.2727272727273,100,100,92.3076923076923,83.3333333333333,75,88.8888888888889,96,88,94.4444444444444,100,94.1176470588235,96,100,94.1176470588235,84.2105263157895,96,100,100,100,96.6666666666667,96.4285714285714,96.1538461538462,90.4761904761905,93.75,97.3684210526316,91.6666666666667,95.6521739130435
"NC_059182.1.6386594.6386595",43.75,0,0,0,0,0,0,0,0,0,0,0,0,5.26315789473684,0,0,0,0,0,0,0,0,5.26315789473684,0,0,0,4.76190476190476,0,0,55
"NC_059182.1.6457340.6457341",92,100,92.3076923076923,100,94.4444444444444,100,95.4545454545455,100,100,100,100,96.551724137931,100,94.1176470588235,100,100,100,94.4444444444444,96.4285714285714,93.3333333333333,96,85.1851851851852,100,94.8717948717949,85.7142857142857,93.1034482758621,100,100,86.9565217391304,90.4761904761905
"NC_059182.1.6457411.6457412",90.4761904761905,93.3333333333333,100,91.6666666666667,90.9090909090909,100,89.4736842105263,93.75,92.8571428571429,90,100,84.2105263157895,100,95.2380952380952,87.5,77.7777777777778,95.4545454545455,90.4761904761905,88,90.4761904761905,96,95.8333333333333,95.4545454545455,100,80,91.304347826087,82.6086956521739,93.75,94.1176470588235,94.1176470588235
"NC_059182.1.6513057.6513058",100,93.3333333333333,100,92.8571428571429,53.3333333333333,90.9090909090909,84.6153846153846,81.8181818181818,100,100,93.75,94.4444444444444,100,100,92,100,93.3333333333333,85.7142857142857,100,89.4736842105263,94.1176470588235,92.8571428571429,86.9565217391304,93.75,100,94.7368421052632,94.4444444444444,94.4444444444444,94.1176470588235,100
"NC_059182.1.6513089.6513090",95.4545454545455,87.5,100,100,53.3333333333333,95,94.1176470588235,90.9090909090909,93.3333333333333,100,94.4444444444444,85,100,91.304347826087,86.6666666666667,100,100,100,92,94.4444444444444,100,93.75,100,100,88.8888888888889,76.4705882352941,100,85.7142857142857,94.7368421052632,94.1176470588235
"NC_059182.1.6513130.6513131",61.1111111111111,66.6666666666667,28.5714285714286,50,62.5,47.0588235294118,64.7058823529412,81.8181818181818,87.5,76.4705882352941,61.1111111111111,68.4210526315789,61.9047619047619,54.5454545454545,43.3333333333333,56.5217391304348,76.4705882352941,53.3333333333333,76,71.4285714285714,60,43.75,45.8333333333333,53.3333333333333,75,61.5384615384615,68.75,78.9473684210526,61.9047619047619,66.6666666666667
"NC_059182.1.6559350.6559351",89.4736842105263,100,100,100,100,100,90.9090909090909,90.9090909090909,60,100,94.7368421052632,96.2962962962963,95.6521739130435,85.7142857142857,90.4761904761905,95.8333333333333,92.3076923076923,83.3333333333333,86.6666666666667,76.4705882352941,100,100,100,94.4444444444444,56,95.6521739130435,93.3333333333333,100,47.3684210526316,94.4444444444444
"NC_059182.1.6653554.6653555",94.7368421052632,92,81.25,100,100,100,93.75,100,89.4736842105263,94.1176470588235,95.6521739130435,100,89.4736842105263,96.551724137931,81.8181818181818,100,93.75,100,97.1428571428571,100,87.5,100,100,95.2380952380952,100,100,92.8571428571429,100,90.9090909090909,100
"NC_059182.1.6653584.6653585",100,100,93.3333333333333,93.3333333333333,94.4444444444444,94.7368421052632,94.4444444444444,100,100,100,100,94.7368421052632,100,96.6666666666667,95.8333333333333,88.2352941176471,92.8571428571429,100,96.1538461538462,94.4444444444444,93.3333333333333,91.6666666666667,93.3333333333333,100,95,100,92.8571428571429,100,90.9090909090909,100
"NC_059182.1.6696712.6696713",100,100,100,100,93.3333333333333,87.5,100,92,100,86.6666666666667,15.3846153846154,92,93.75,40,0,87.5,52.9411764705882,91.6666666666667,42.1052631578947,89.4736842105263,95.6521739130435,58.3333333333333,100,91.304347826087,100,100,90.9090909090909,100,95.6521739130435,90
"NC_059182.1.6974120.6974121",92.3076923076923,46.6666666666667,61.1111111111111,36.8421052631579,55.5555555555556,52.6315789473684,87.5,66.6666666666667,0,20.8333333333333,90.4761904761905,50,3.57142857142857,34.7826086956522,96,6.25,40.9090909090909,0,100,0,0,100,50,0,36.8421052631579,64.2857142857143,0,0,100,0
"NC_059182.1.6974141.6974142",100,11.7647058823529,63.6363636363636,40.9090909090909,52.6315789473684,47.6190476190476,33.3333333333333,52.6315789473684,14.2857142857143,8,96,56.25,2.63157894736842,39.1304347826087,96.7741935483871,5.26315789473684,45.8333333333333,0,100,0,0,100,50,0,40,67.8571428571429,5.26315789473684,5.55555555555556,100,0
"NC_059182.1.6974245.6974246",85,96.551724137931,96.4285714285714,95.4545454545455,91.6666666666667,95.2380952380952,94.7368421052632,89.4736842105263,100,95.2380952380952,83.3333333333333,91.4285714285714,85.3658536585366,93.5483870967742,94.2857142857143,57.6923076923077,100,92.3076923076923,90.3225806451613,94.4444444444444,94.7368421052632,82.6086956521739,96.2962962962963,88.4615384615385,94.7368421052632,92,100,84.2105263157895,100,90
"NC_059182.1.7117271.7117272",100,42.8571428571429,4.54545454545455,0,0,0,95.2380952380952,0,61.5384615384615,90,53.3333333333333,100,86.9565217391304,38.8888888888889,55,35,77.7777777777778,71.4285714285714,66.6666666666667,100,52.6315789473684,42.8571428571429,55.5555555555556,91.6666666666667,100,50,93.3333333333333,100,68.75,78.5714285714286
"NC_059182.1.7442393.7442394",56.25,38.4615384615385,41.6666666666667,26.6666666666667,100,29.6296296296296,52.9411764705882,27.7777777777778,100,100,50,70,100,53.3333333333333,4.16666666666667,93.75,38.0952380952381,47.3684210526316,0,100,100,31.25,100,100,54.5454545454545,100,100,88.8888888888889,0,94.1176470588235
"NC_059182.1.7442409.7442410",63.1578947368421,46.6666666666667,53.8461538461538,26.6666666666667,100,35.7142857142857,52.9411764705882,25,100,93.75,57.1428571428571,67.741935483871,100,50,7.40740740740741,94.1176470588235,47.8260869565217,47.3684210526316,17.6470588235294,95.2380952380952,100,30.7692307692308,100,93.75,61.9047619047619,96.1538461538462,95.2380952380952,90,0,94.4444444444444
"NC_059182.1.7554811.7554812",95,95.4545454545455,83.3333333333333,100,88.8888888888889,100,100,90.9090909090909,63.6363636363636,91.304347826087,86.6666666666667,100,91.304347826087,93.3333333333333,90.4761904761905,91.304347826087,95.8333333333333,78.5714285714286,100,100,89.6551724137931,100,100,90.3225806451613,96.2962962962963,90.4761904761905,95.2380952380952,100,94.7368421052632,93.3333333333333
"NC_059182.1.8331596.8331597",14.2857142857143,0,13.6363636363636,5.40540540540541,10.2564102564103,7.14285714285714,2.85714285714286,30,9.09090909090909,9.09090909090909,30,8.82352941176471,7.69230769230769,7.14285714285714,7.89473684210526,8.69565217391304,8,10,1.19047619047619,0,10.8108108108108,4,0,0,19.4444444444444,19.2307692307692,19.5121951219512,0,8.69565217391304,0
"NC_059182.1.8331681.8331682",14.2857142857143,2.12765957446809,13.3333333333333,4.34782608695652,27.7777777777778,4.65116279069767,8.82352941176471,10,8.33333333333333,6.89655172413793,0,2.77777777777778,7.14285714285714,5,0,5.55555555555556,4,16.6666666666667,2.7027027027027,0,0,0,0,9.52380952380952,12.8205128205128,17.7777777777778,14.2857142857143,0,5,0
"NC_059182.1.8566469.8566470",100,100,100,100,100,100,90.9090909090909,100,100,94.7368421052632,93.75,94.7368421052632,92.3076923076923,100,100,100,100,100,100,94.4444444444444,100,92.3076923076923,100,93.75,95,92.8571428571429,90.9090909090909,100,73.3333333333333,90
"NC_059182.1.8566510.8566511",96.4285714285714,95.8333333333333,88.2352941176471,100,100,100,93.75,91.6666666666667,86.6666666666667,92,95.8333333333333,93.3333333333333,85,100,92.3076923076923,96.4285714285714,95,100,90.3225806451613,92.5925925925926,100,91.304347826087,96.1538461538462,100,92.3076923076923,100,75,93.75,100,100
"NC_059182.1.8566533.8566534",87.5,84,87.5,94.4444444444444,94.1176470588235,95.2380952380952,92.8571428571429,86.3636363636364,73.3333333333333,91.6666666666667,90.9090909090909,83.8709677419355,90,94.1176470588235,89.2857142857143,65.3846153846154,94.7368421052632,95,53.3333333333333,84,91.6666666666667,78.2608695652174,88,80,91.6666666666667,100,88.8888888888889,80,100,89.4736842105263
"NC_059182.1.10868828.10868829",22.5352112676056,19.047619047619,8.33333333333333,0,1.96078431372549,0,0,6.06060606060606,3.03030303030303,12.5,0,6.25,3.44827586206897,0,0,24.2424242424242,3.44827586206897,13.6363636363636,0,2.5,3.33333333333333,0,0,5.88235294117647,10.8695652173913,76.1904761904762,0,41.1764705882353,0,0
"NC_059182.1.12018625.12018626",75,80.9523809523809,80,84.6153846153846,92.8571428571429,94.4444444444444,93.75,90,73.3333333333333,77.7777777777778,65.2173913043478,92.8571428571429,94.4444444444444,94.4444444444444,76.4705882352941,71.4285714285714,46.6666666666667,85,73.9130434782609,95,87.5,88.2352941176471,93.3333333333333,78.5714285714286,80.9523809523809,68,83.3333333333333,88.2352941176471,85.7142857142857,73.6842105263158
"NC_059182.1.12018653.12018654",85.7142857142857,95.6521739130435,91.6666666666667,81.25,100,100,94.1176470588235,84.6153846153846,88.2352941176471,94.4444444444444,85.7142857142857,100,80.9523809523809,88.8888888888889,93.75,94.7368421052632,57.1428571428571,94.7368421052632,80.9523809523809,100,89.4736842105263,87.5,100,86.6666666666667,100,92.8571428571429,92.3076923076923,100,95.2380952380952,95
"NC_059182.1.12018659.12018660",86.6666666666667,86.9565217391304,100,70.5882352941177,92.3076923076923,95.2380952380952,100,92.3076923076923,94.1176470588235,100,86.3636363636364,100,100,94.1176470588235,100,84.2105263157895,64.2857142857143,95,90.4761904761905,100,88.8888888888889,93.3333333333333,100,82.3529411764706,95.8333333333333,89.2857142857143,84.6153846153846,100,90,95
"NC_059182.1.12018664.12018665",80,95.6521739130435,95.6521739130435,94.4444444444444,92.3076923076923,100,100,100,94.1176470588235,100,95.4545454545455,100,95.4545454545455,94.1176470588235,100,88.8888888888889,57.1428571428571,90,90.9090909090909,100,94.4444444444444,100,100,94.1176470588235,100,89.6551724137931,100,92.3076923076923,95,95
"NC_059182.1.12026471.12026472",92.3076923076923,75,91.6666666666667,88.2352941176471,92.8571428571429,81.8181818181818,100,100,93.3333333333333,100,81.8181818181818,92.8571428571429,70.5882352941177,85.7142857142857,84.6153846153846,94.4444444444444,88.8888888888889,94.1176470588235,70.5882352941177,43.75,76.9230769230769,80,100,92.8571428571429,94.7368421052632,88.8888888888889,94.4444444444444,94.4444444444444,100,92.8571428571429
"NC_059182.1.12030608.12030609",32,56.5217391304348,66.6666666666667,77.7777777777778,92.8571428571429,72.2222222222222,62.5,55.5555555555556,75,43.75,72.7272727272727,0,76.4705882352941,70.5882352941177,23.0769230769231,31.5789473684211,88.8888888888889,38.8888888888889,34.4827586206897,46.1538461538462,62.5,75,65,50,68.1818181818182,71.4285714285714,41.1764705882353,82.6086956521739,50,63.6363636363636
"NC_059182.1.12048966.12048967",93.3333333333333,92.8571428571429,80,100,88.2352941176471,89.4736842105263,61.5384615384615,81.8181818181818,83.3333333333333,92.8571428571429,100,100,81.25,89.4736842105263,92.3076923076923,91.6666666666667,95.2380952380952,78.9473684210526,85.7142857142857,82.6086956521739,82.3529411764706,95,88.2352941176471,86.6666666666667,78.9473684210526,86.3636363636364,86.6666666666667,90,90,100
"NC_059182.1.12049032.12049033",88.8888888888889,77.2727272727273,80,93.75,94.4444444444444,90,90,80,70,82.3529411764706,88.8888888888889,90.4761904761905,86.9565217391304,85.7142857142857,85.7142857142857,91.304347826087,91.6666666666667,89.4736842105263,90.9090909090909,88.4615384615385,88.8888888888889,82.1428571428571,95.6521739130435,82.6086956521739,72.2222222222222,89.6551724137931,70,95.4545454545455,85.1851851851852,77.7777777777778
"NC_059182.1.12049081.12049082",90.9090909090909,95.4545454545455,95,100,93.75,95.4545454545455,93.75,100,91.6666666666667,88.8888888888889,100,95.8333333333333,91.304347826087,94.4444444444444,100,100,100,100,100,96,96.2962962962963,100,100,95.6521739130435,86.6666666666667,100,93.75,100,100,92.8571428571429
"NC_059182.1.12049093.12049094",86.3636363636364,95.6521739130435,100,100,100,95.6521739130435,87.5,94.7368421052632,81.8181818181818,88.2352941176471,100,91.304347826087,100,90,93.75,100,100,100,100,90.9090909090909,100,100,100,100,93.75,100,93.3333333333333,96.551724137931,100,100
"NC_059182.1.12151798.12151799",100,88.2352941176471,100,100,93.3333333333333,94.7368421052632,90,92.8571428571429,93.75,100,90,94.4444444444444,100,100,76,90,95,100,100,90,96.2962962962963,100,95.6521739130435,90.4761904761905,100,88.2352941176471,100,100,100,100
"NC_059182.1.12151830.12151831",28.5714285714286,40.9090909090909,41.1764705882353,33.3333333333333,10.5263157894737,41.1764705882353,5,35,0,26.6666666666667,50,8.33333333333333,7.69230769230769,10.5263157894737,56,30.4347826086957,25,50,20.5882352941176,45,44.8275862068966,26.3157894736842,26.0869565217391,32,3.84615384615385,28.5714285714286,8.69565217391304,40,22.8571428571429,11.1111111111111
"NC_059182.1.12379917.12379918",100,90,84.6153846153846,70.5882352941177,91.6666666666667,100,92.8571428571429,81.8181818181818,93.75,87.5,85.7142857142857,88.2352941176471,81.8181818181818,92.8571428571429,76,94.1176470588235,93.3333333333333,100,95.2380952380952,88.8888888888889,94.4444444444444,92.3076923076923,87.5,86.9565217391304,91.6666666666667,94.1176470588235,81.25,90.9090909090909,93.3333333333333,90
"NC_059182.1.12424457.12424458",100,100,92.3076923076923,93.75,100,100,92.3076923076923,100,100,100,100,96.4285714285714,100,92.8571428571429,100,94.1176470588235,100,100,100,100,100,100,100,100,100,100,100,100,100,100
"NC_059182.1.12424479.12424480",100,100,100,88.2352941176471,100,100,92.8571428571429,93.75,100,100,95.8333333333333,96.875,100,100,100,100,100,94.7368421052632,94.1176470588235,100,96.4285714285714,94.4444444444444,90,100,100,95.4545454545455,100,100,100,90
"NC_059182.1.12770990.12770991",96,97.3684210526316,92,91.6666666666667,100,80,91.304347826087,93.3333333333333,95.2380952380952,97.5,93.4782608695652,92.5925925925926,92.8571428571429,92.8571428571429,94.2857142857143,100,96,85.7142857142857,95,94.7368421052632,100,95.6521739130435,96.6666666666667,87.0967741935484,93.75,89.2857142857143,92,100,91.1764705882353,93.9393939393939
"NC_059182.1.12771071.12771072",89.4736842105263,90.625,95.6521739130435,94.7368421052632,94.1176470588235,93.3333333333333,93.3333333333333,100,87.5,86.8421052631579,86.3636363636364,90,77.7777777777778,100,75,83.3333333333333,85.1851851851852,100,93.75,84.375,84.6153846153846,86.3636363636364,90.9090909090909,74.0740740740741,84.8484848484848,91.6666666666667,95.2380952380952,93.3333333333333,93.75,100
"NC_059182.1.12791869.12791870",85.7142857142857,100,100,100,91.6666666666667,100,76.9230769230769,100,90,100,92.3076923076923,100,80,93.75,92,89.4736842105263,100,100,95,100,100,100,100,100,85.7142857142857,100,100,100,80,93.3333333333333
"NC_059182.1.12794698.12794699",80,33.3333333333333,44.4444444444444,71.4285714285714,84.6153846153846,94.1176470588235,54.5454545454545,93.3333333333333,78.5714285714286,53.8461538461538,86.6666666666667,75,80,61.1111111111111,88,96.1538461538462,83.3333333333333,100,100,89.4736842105263,83.3333333333333,30,76.4705882352941,83.3333333333333,83.3333333333333,94.7368421052632,72.2222222222222,86.3636363636364,56.25,71.4285714285714
"NC_059182.1.12799848.12799849",28.5714285714286,56.25,0,0,0,11.7647058823529,31.25,0,0,0,0,0,5.55555555555556,0,13.0434782608696,4,0,0,0,0,0,5.55555555555556,0,0,0,0,7.14285714285714,7.69230769230769,6.66666666666667,4.34782608695652
"NC_059182.1.12850047.12850048",78.5714285714286,100,100,100,86.6666666666667,95.2380952380952,94.1176470588235,100,84.6153846153846,63.6363636363636,92.8571428571429,95.2380952380952,100,92.8571428571429,91.6666666666667,100,94.4444444444444,100,90,88.8888888888889,96.1538461538462,100,88.2352941176471,88.8888888888889,100,94.7368421052632,75,100,92.8571428571429,90.9090909090909
"NC_059182.1.12927284.12927285",100,91.6666666666667,30,100,0,30,100,0,100,95.6521739130435,35.7142857142857,42.1052631578947,35.2941176470588,91.6666666666667,94.1176470588235,42.8571428571429,57.8947368421053,18.1818181818182,63.1578947368421,58.8235294117647,43.75,58.8235294117647,100,84.6153846153846,90.4761904761905,100,93.3333333333333,50.8474576271186,41.1764705882353,83.3333333333333
"NC_059182.1.12927351.12927352",95.2380952380952,90.9090909090909,93.3333333333333,100,53.8461538461538,100,90,90.9090909090909,92.3076923076923,78.9473684210526,100,61.5384615384615,93.75,45.4545454545455,68.75,84.6153846153846,90,91.6666666666667,46.6666666666667,100,88.2352941176471,94.1176470588235,80,100,85,85.7142857142857,87.5,53.3333333333333,92.8571428571429,100
"NC_059182.1.12952591.12952592",80,83.3333333333333,100,100,100,93.3333333333333,100,86.3636363636364,92.8571428571429,100,93.3333333333333,95,84.2105263157895,93.3333333333333,60,93.75,71.4285714285714,94.1176470588235,90.625,100,100,100,100,89.4736842105263,100,100,100,100,100,80
"NC_059182.1.12952636.12952637",100,100,91.6666666666667,100,92.8571428571429,93.75,100,100,100,58.8235294117647,93.75,95.6521739130435,100,100,88.2352941176471,94.1176470588235,93.75,81.25,92.8571428571429,92.8571428571429,100,100,95,94.7368421052632,93.75,100,94.1176470588235,100,72.7272727272727,100
"NC_059182.1.12979271.12979272",100,82.3529411764706,100,92.8571428571429,88.2352941176471,100,92.3076923076923,92.3076923076923,100,95.4545454545455,100,93.1034482758621,100,92.3076923076923,82.3529411764706,100,90.9090909090909,94.4444444444444,96.1538461538462,92.8571428571429,94.7368421052632,94.1176470588235,95.6521739130435,100,100,87.5,90,89.1891891891892,100,100
"NC_059182.1.13352021.13352022",85.7142857142857,100,94.4444444444444,100,90.9090909090909,89.4736842105263,94.1176470588235,89.4736842105263,92.3076923076923,100,100,100,84.2105263157895,100,100,96,85.7142857142857,100,96.2962962962963,100,100,100,100,96,100,100,94.4444444444444,100,91.304347826087,92.3076923076923
"NC_059182.1.14026063.14026064",50,0,0,0,0,0,0,0,0,0,0,0,0,0,0,0,0,0,3.44827586206897,0,0,0,8.33333333333333,0,0,0,0,4.76190476190476,0,0
"NC_059182.1.14120250.14120251",100,100,100,95.8333333333333,96.2962962962963,95,100,100,92.8571428571429,100,100,95,95,93.75,89.6551724137931,100,100,100,95,91.6666666666667,100,100,100,94.4444444444444,91.6666666666667,80,95.2380952380952,100,100,100
"NC_059182.1.14163138.14163139",81.8181818181818,73.0769230769231,100,87.5,100,78.2608695652174,82.1428571428571,57.1428571428571,100,100,80,77.7777777777778,83.3333333333333,82.1428571428571,75,86.9565217391304,84.6153846153846,87.5,81.4814814814815,76.4705882352941,100,85.7142857142857,86.3636363636364,72.7272727272727,80,88,95.4545454545455,86.6666666666667,85.7142857142857,89.4736842105263
"NC_059182.1.14163172.14163173",93.1034482758621,85.7142857142857,80,87.5,90.9090909090909,79.1666666666667,93.1034482758621,92.8571428571429,90.9090909090909,100,75,94.1176470588235,83.3333333333333,85.1851851851852,84.2105263157895,88,92.5925925925926,85.1851851851852,89.6551724137931,87.5,29.4117647058824,95,72.7272727272727,76.1904761904762,90.4761904761905,82.7586206896552,90,88,82.3529411764706,84.2105263157895
"NC_059182.1.14222233.14222234",82.3529411764706,95.4545454545455,88.2352941176471,92.8571428571429,86.9565217391304,84.6153846153846,100,83.3333333333333,50,96.1538461538462,100,50,90,76.4705882352941,92.3076923076923,50,70.5882352941177,88.2352941176471,96.7741935483871,95.6521739130435,100,91.6666666666667,95.2380952380952,90,77.2727272727273,96.1538461538462,57.1428571428571,91.6666666666667,41.3793103448276,77.7777777777778
"NC_059182.1.14263085.14263086",90.9090909090909,88.8888888888889,92.8571428571429,91.6666666666667,92.8571428571429,100,85.7142857142857,100,100,100,100,96.875,94.7368421052632,100,90.9090909090909,100,94.4444444444444,91.6666666666667,97.2222222222222,94.4444444444444,85.7142857142857,100,92,94.1176470588235,100,100,77.7777777777778,89.4736842105263,96.4285714285714,84.2105263157895
"NC_059182.1.14263176.14263177",89.4736842105263,90,92.8571428571429,100,80,84.2105263157895,100,100,92.8571428571429,100,100,91.6666666666667,90.9090909090909,93.75,100,100,94.7368421052632,92.3076923076923,93.75,93.3333333333333,100,100,92.8571428571429,85.7142857142857,100,87.5,88.8888888888889,89.4736842105263,100,92.8571428571429
"NC_059182.1.14376908.14376909",58.3333333333333,0,0,20,0,0,0,30.7692307692308,41.6666666666667,0,0,61.1111111111111,0,0,0,0,0,0,40.9090909090909,0,0,0,0,0,0,0,0,0,0,0
"NC_059182.1.14477369.14477370",80,92.3076923076923,86.6666666666667,86.6666666666667,88.2352941176471,83.3333333333333,90.9090909090909,100,91.6666666666667,95,89.4736842105263,70.5882352941177,75,90.4761904761905,88.2352941176471,83.3333333333333,80,70,84.6153846153846,90.9090909090909,94.1176470588235,76.9230769230769,100,72.2222222222222,80,100,91.6666666666667,88.8888888888889,70,91.6666666666667
"NC_059182.1.14661594.14661595",100,94.7368421052632,100,95,92.3076923076923,100,89.4736842105263,88.8888888888889,90.9090909090909,100,100,90.625,95.2380952380952,100,100,86.9565217391304,100,94.4444444444444,93.5483870967742,96,95.2380952380952,95,100,89.4736842105263,100,92,100,100,100,94.1176470588235
"NC_059182.1.14732347.14732348",100,57.1428571428571,94.1176470588235,58.3333333333333,100,87.5,91.304347826087,95,80,78.9473684210526,78.9473684210526,92,88.8888888888889,93.3333333333333,32.258064516129,85.7142857142857,96.7741935483871,92.3076923076923,92.3076923076923,84.6153846153846,100,92,89.2857142857143,95,86.4864864864865,84.8484848484848,38.0952380952381,81.3953488372093,93.1034482758621,92.5925925925926
"NC_059182.1.14732385.14732386",100,75,100,91.6666666666667,50,92.8571428571429,100,94.7368421052632,100,100,56.25,72,96.1538461538462,100,54.2857142857143,94.4444444444444,96.551724137931,100,56.6666666666667,25.9259259259259,48,55.5555555555556,92.3076923076923,100,37.1428571428571,96.6666666666667,47.6190476190476,95.4545454545455,60.7142857142857,96.2962962962963
"NC_059182.1.15104640.15104641",38.8888888888889,42.1052631578947,57.1428571428571,100,0,100,0,45.4545454545455,42.1052631578947,53.3333333333333,0,54.1666666666667,0,43.75,57.1428571428571,56.25,7.69230769230769,36.3636363636364,100,0,45.8333333333333,0,90,8,0,29.1666666666667,0,0,52.3809523809524,90.4761904761905
"NC_059182.1.15107524.15107525",87.5,81.25,61.5384615384615,92.3076923076923,100,94.1176470588235,83.3333333333333,93.3333333333333,92.8571428571429,90.9090909090909,100,100,100,100,90.9090909090909,100,88.8888888888889,20,95.8333333333333,94.4444444444444,94.4444444444444,91.6666666666667,91.6666666666667,85.7142857142857,85.7142857142857,94.1176470588235,94.4444444444444,100,94.7368421052632,100
"NC_059182.1.15107527.15107528",100,81.25,57.1428571428571,92.3076923076923,100,94.1176470588235,94.4444444444444,93.3333333333333,78.5714285714286,100,60,93.3333333333333,95,100,90.4761904761905,88.8888888888889,94.4444444444444,20,91.6666666666667,83.3333333333333,94.7368421052632,83.3333333333333,83.3333333333333,80.9523809523809,78.5714285714286,94.1176470588235,88.8888888888889,97.2972972972973,88.8888888888889,100
"NC_059182.1.15107534.15107535",87.5,93.75,64.2857142857143,100,100,100,94.4444444444444,100,92.8571428571429,90.9090909090909,100,93.3333333333333,94.4444444444444,100,95.2380952380952,100,100,21.4285714285714,95.8333333333333,94.4444444444444,100,91.6666666666667,100,95,85.7142857142857,100,100,100,88.2352941176471,100
"NC_059182.1.15107564.15107565",94.7368421052632,83.3333333333333,61.5384615384615,85.7142857142857,86.6666666666667,94.4444444444444,94.7368421052632,92.3076923076923,80,90,100,61.5384615384615,80,81.8181818181818,90.4761904761905,90,90.4761904761905,43.75,95.4545454545455,100,100,86.6666666666667,91.6666666666667,94.7368421052632,84.6153846153846,100,78.9473684210526,90,86.6666666666667,90
"NC_059182.1.15311886.15311887",95.4545454545455,95.2380952380952,100,87.5,100,100,100,100,100,92.3076923076923,94.1176470588235,100,100,100,93.5483870967742,100,82.6086956521739,93.75,95.6521739130435,100,100,94.7368421052632,100,92.3076923076923,100,83.3333333333333,100,100,100,100
"NC_059182.1.15311926.15311927",93.3333333333333,81.25,84.6153846153846,86.6666666666667,91.6666666666667,100,100,90,86.3636363636364,93.75,94.7368421052632,95.8333333333333,80,91.6666666666667,88.8888888888889,86.3636363636364,80,84.6153846153846,100,100,86.9565217391304,93.75,91.6666666666667,80,90.4761904761905,90,76.1904761904762,85.7142857142857,96.1538461538462,100
"NC_059182.1.15322513.15322514",94.7368421052632,94.7368421052632,83.3333333333333,93.75,92.3076923076923,91.6666666666667,93.3333333333333,100,92.8571428571429,92,100,94.4444444444444,100,100,100,93.3333333333333,100,83.3333333333333,100,100,100,100,93.3333333333333,100,100,100,90,96.1538461538462,92.3076923076923,100
"NC_059182.1.15322647.15322648",91.6666666666667,100,70,100,92.3076923076923,90,100,100,85.7142857142857,81.8181818181818,100,94.7368421052632,100,100,93.75,90.9090909090909,100,100,100,91.6666666666667,100,88.2352941176471,100,100,100,100,93.3333333333333,86.6666666666667,85,92.3076923076923
"NC_059182.1.15552663.15552664",53.8461538461538,58.3333333333333,64.2857142857143,75,42.8571428571429,63.1578947368421,36.3636363636364,56.25,76.4705882352941,47.6190476190476,81.4814814814815,88.8888888888889,92.3076923076923,10,86.6666666666667,38.7096774193548,55,86.6666666666667,80.6451612903226,50,87.5,27.7777777777778,72.2222222222222,88.8888888888889,43.4782608695652,90,77.7777777777778,59.4594594594595,40,11.7647058823529
"NC_059182.1.15552712.15552713",71.4285714285714,85.7142857142857,60,80,100,88.8888888888889,34.6153846153846,17.6470588235294,85.7142857142857,0,82.7586206896552,95.8333333333333,86.6666666666667,85.7142857142857,44,87.5,90,94.4444444444444,41.3793103448276,94.4444444444444,93.3333333333333,88.8888888888889,100,90,90.9090909090909,89.4736842105263,82.3529411764706,90.3225806451613,88.8888888888889,37.5
"NC_059182.1.15560108.15560109",100,92.5925925925926,93.3333333333333,100,100,87.5,93.3333333333333,100,95,100,88.8888888888889,90.9090909090909,88.8888888888889,100,96.551724137931,94.7368421052632,96.1538461538462,100,93.1034482758621,100,100,93.5483870967742,92.3076923076923,100,96.875,96.2962962962963,91.6666666666667,92.3076923076923,92.8571428571429,92
"NC_059182.1.15586064.15586065",93.75,92,80,86.6666666666667,94.7368421052632,90,43.75,81.8181818181818,92.3076923076923,86.9565217391304,65,74.0740740740741,73.3333333333333,94.4444444444444,68.4210526315789,84.2105263157895,75,94.1176470588235,86.2068965517241,80,100,73.6842105263158,86.9565217391304,85.7142857142857,75,100,53.3333333333333,87.5,77.2727272727273,83.3333333333333
"NC_059182.1.15737198.15737199",100,90.4761904761905,100,81.8181818181818,100,89.6551724137931,100,100,100,92,76.9230769230769,100,92.8571428571429,100,84.6153846153846,100,100,100,100,93.75,90.4761904761905,87.5,95.6521739130435,100,96.7741935483871,93.75,100,96.2962962962963,86.2068965517241,94.4444444444444
"NC_059182.1.15737253.15737254",76.4705882352941,100,93.3333333333333,90,100,95.8333333333333,100,89.4736842105263,100,95.8333333333333,100,96.1538461538462,86.6666666666667,94.1176470588235,91.6666666666667,100,87.5,90,91.6666666666667,100,90,95,95.6521739130435,89.6551724137931,93.3333333333333,96.4285714285714,86.6666666666667,92,97.0588235294118,100
"NC_059182.1.15871314.15871315",52.6315789473684,26.6666666666667,0,0,35.2941176470588,0,35.2941176470588,88.2352941176471,30.7692307692308,7.69230769230769,50,92.5925925925926,50,5.55555555555556,35.2941176470588,35,27.7777777777778,61.5384615384615,52.6315789473684,40,0,83.3333333333333,44.4444444444444,0,63.6363636363636,0,27.7777777777778,0,30.7692307692308,45.1612903225806
"NC_059182.1.15871334.15871335",50,29.0322580645161,0,0,46.6666666666667,0,35.2941176470588,81.25,33.3333333333333,3.7037037037037,47.0588235294118,96.1538461538462,42.8571428571429,4.76190476190476,35.1351351351351,40.9090909090909,38.8888888888889,53.8461538461538,47.6190476190476,40,0,84.6153846153846,45,0,59.0909090909091,0,35,0,30.7692307692308,50
"NC_059182.1.15871340.15871341",52.3809523809524,32.1428571428571,0,0,46.6666666666667,0,35.2941176470588,86.6666666666667,40,4,50,96,47.3684210526316,4.54545454545455,36.1111111111111,40.9090909090909,38.8888888888889,53.8461538461538,47.6190476190476,45,0,92,50,0,63.6363636363636,0,35,0,32,51.6129032258064
"NC_059182.1.15871365.15871366",56.5217391304348,34.375,0,0,43.75,0,26.6666666666667,84.6153846153846,35.2941176470588,3.7037037037037,43.75,100,42.1052631578947,4.76190476190476,36.6666666666667,45.4545454545455,27.7777777777778,84.6153846153846,52,52.1739130434783,0,80.7692307692308,45.4545454545455,0,68.1818181818182,0,36.8421052631579,0,31.8181818181818,53.5714285714286
"NC_059182.1.15871397.15871398",65.3846153846154,34.4827586206897,0,0,35.7142857142857,0,33.3333333333333,100,38.8888888888889,11.1111111111111,40,95.4545454545455,22.7272727272727,4.16666666666667,51.6129032258064,52.3809523809524,33.3333333333333,100,57.6923076923077,52,7.69230769230769,86.3636363636364,39.1304347826087,0,66.6666666666667,7.69230769230769,75,0,42.8571428571429,52.1739130434783
"NC_059182.1.16313122.16313123",92.8571428571429,100,100,100,100,90,85.7142857142857,92.8571428571429,100,100,94.7368421052632,45.8333333333333,94.4444444444444,95.6521739130435,92.3076923076923,100,92.8571428571429,92.8571428571429,90.4761904761905,88.8888888888889,95,95.2380952380952,100,100,91.304347826087,85.1851851851852,88.8888888888889,100,80.9523809523809,86.3636363636364
"NC_059182.1.16584481.16584482",50,45,96,100,33.3333333333333,100,100,100,47.0588235294118,100,61.5384615384615,52.6315789473684,54.5454545454545,50,54.5454545454545,44.4444444444444,0,100,92.8571428571429,57.1428571428571,96.4285714285714,60.8695652173913,100,94.1176470588235,50,100,100,93.75,100,88.2352941176471
"NC_059182.1.16587850.16587851",81.25,88.2352941176471,88.2352941176471,100,100,100,100,92.8571428571429,84.6153846153846,100,92.8571428571429,86.9565217391304,89.4736842105263,94.1176470588235,89.4736842105263,100,92.3076923076923,95,100,100,100,89.4736842105263,100,88.8888888888889,100,93.75,78.5714285714286,92.3076923076923,100,91.6666666666667
"NC_059182.1.16587898.16587899",93.3333333333333,88.8888888888889,90,95.4545454545455,100,100,95,100,100,100,89.4736842105263,96,100,100,92,96.1538461538462,93.75,96.2962962962963,97.0588235294118,94.7368421052632,100,94.7368421052632,100,90,95,100,100,84.2105263157895,95,100
"NC_059182.1.16587938.16587939",100,89.4736842105263,100,83.3333333333333,91.304347826087,100,95.6521739130435,100,93.3333333333333,100,100,89.2857142857143,92.3076923076923,100,96.1538461538462,100,95,90.625,100,95.2380952380952,100,89.2857142857143,82.7586206896552,100,95.4545454545455,95.4545454545455,93.75,100,100,100
"NC_059182.1.16587983.16587984",95.2380952380952,76.1904761904762,76.9230769230769,95.4545454545455,92,86.3636363636364,80,86.6666666666667,92.8571428571429,88,86.3636363636364,82.1428571428571,92,75,73.0769230769231,84.2105263157895,100,93.75,80.7692307692308,90.4761904761905,69.2307692307692,92.8571428571429,83.3333333333333,91.304347826087,90,86.3636363636364,90.9090909090909,95.6521739130435,91.6666666666667,85
"NC_059182.1.16588016.16588017",94.7368421052632,81.8181818181818,84.6153846153846,80.9523809523809,92,82.6086956521739,84,86.6666666666667,60,85.7142857142857,73.6842105263158,90.4761904761905,91.6666666666667,86.6666666666667,79.1666666666667,94.4444444444444,100,93.3333333333333,88.8888888888889,88.2352941176471,76.9230769230769,86.3636363636364,90.625,90.4761904761905,90.4761904761905,70,94.4444444444444,95.4545454545455,100,84.2105263157895
"NC_059182.1.16739758.16739759",66.6666666666667,92.3076923076923,80,50,64.2857142857143,75,80,80,75,65,62.5,40.9090909090909,85.7142857142857,77.7777777777778,73.0769230769231,50,73.9130434782609,65,84,85.7142857142857,53.8461538461538,95,92.3076923076923,88.8888888888889,70,61.1111111111111,100,93.3333333333333,73.3333333333333,70.5882352941177
"NC_059182.1.16886325.16886326",86.6666666666667,93.1034482758621,100,100,91.6666666666667,100,92.3076923076923,86.3636363636364,100,92.3076923076923,100,100,91.6666666666667,85.7142857142857,96.4285714285714,90.4761904761905,100,94.1176470588235,80.9523809523809,100,94.1176470588235,100,73.6842105263158,93.75,100,100,100,93.75,100,91.6666666666667
"NC_059182.1.16886378.16886379",100,79.3103448275862,94.1176470588235,81.8181818181818,100,80,80,91.304347826087,75,90,100,81.8181818181818,28.5714285714286,93.3333333333333,90.3225806451613,89.4736842105263,73.3333333333333,85.7142857142857,85,92.8571428571429,94.7368421052632,91.6666666666667,83.3333333333333,85.7142857142857,85,91.304347826087,88.4615384615385,94.7368421052632,96,91.6666666666667
"NC_059182.1.17070695.17070696",22.7272727272727,0,0,0,0,0,0,0,0,0,0,0,72.7272727272727,0,0,0,0,0,0,0,0,4.76190476190476,0,0,0,0,0,0,0,0
"NC_059182.1.17070737.17070738",36,0,0,0,0,0,0,0,0,0,4.76190476190476,0,58.3333333333333,0,0,3.03030303030303,6.25,0,11.4285714285714,0,0,4.34782608695652,0,0,3.7037037037037,3.84615384615385,0,0,0,0
"NC_059182.1.17199231.17199232",41.1764705882353,0,0,0,0,0,0,0,0,0,13.3333333333333,0,5.26315789473684,0,0,0,0,5.88235294117647,0,0,0,0,0,0,0,0,0,0,0,63.6363636363636
"NC_059182.1.17199248.17199249",43.75,0,0,0,0,0,0,0,0,0,0,0,0,7.14285714285714,0,0,0,0,0,0,0,0,0,0,0,0,0,0,0,50
"NC_059182.1.17572406.17572407",36.8421052631579,47.0588235294118,90,100,66.6666666666667,100,55.5555555555556,86.6666666666667,46.6666666666667,100,61.9047619047619,52,0,41.1764705882353,58.6206896551724,58.6206896551724,31.25,100,87.5,100,100,50,91.304347826087,57.8947368421053,95,95.2380952380952,55.5555555555556,0,100,40
"NC_059182.1.17580312.17580313",76.4705882352941,44,50,47.0588235294118,0,37.5,6.25,76.4705882352941,50,60,5.88235294117647,40,35.7142857142857,0,45.8333333333333,8.33333333333333,0,0,25,0,14.2857142857143,30.7692307692308,0,0,10.5263157894737,42.1052631578947,33.3333333333333,0,14.2857142857143,0
"NC_059182.1.17871045.17871046",63.6363636363636,93.1034482758621,80,82.3529411764706,100,90.9090909090909,81.25,92.8571428571429,69.2307692307692,88.8888888888889,92.3076923076923,95.4545454545455,80,73.3333333333333,89.6551724137931,88.8888888888889,95.2380952380952,66.6666666666667,75,92.8571428571429,85,88.2352941176471,73.3333333333333,100,80.7692307692308,100,79.1666666666667,95.8333333333333,80.7692307692308,92.8571428571429
"NC_059182.1.17929646.17929647",86.6666666666667,90.9090909090909,91.6666666666667,80,92.8571428571429,90.4761904761905,100,78.5714285714286,100,85.7142857142857,88.8888888888889,89.4736842105263,93.3333333333333,95.2380952380952,95.8333333333333,100,100,100,90.4761904761905,92.3076923076923,100,100,96,100,94.4444444444444,100,100,95.6521739130435,95.2380952380952,81.8181818181818
"NC_059182.1.18054850.18054851",95,84.2105263157895,100,100,35.2941176470588,92.3076923076923,100,94.1176470588235,93.3333333333333,100,100,100,85.7142857142857,100,95,96,94.7368421052632,85.7142857142857,94.1176470588235,90.9090909090909,100,100,94.4444444444444,85,100,100,100,88.2352941176471,100,100
"NC_059182.1.18054950.18054951",95.6521739130435,100,91.6666666666667,94.7368421052632,85.7142857142857,95.2380952380952,94.4444444444444,100,94.4444444444444,100,100,96.1538461538462,93.3333333333333,100,94.4444444444444,95.8333333333333,96.551724137931,94.7368421052632,92.8571428571429,100,100,91.6666666666667,95.6521739130435,93.75,93.3333333333333,96.7741935483871,94.7368421052632,100,100,90.9090909090909
"NC_059182.1.18055004.18055005",92.8571428571429,81.8181818181818,78.5714285714286,90.9090909090909,93.75,68.9655172413793,57.8947368421053,95.4545454545455,47.3684210526316,76.4705882352941,92,75,100,48.1481481481481,81.0810810810811,82.6086956521739,89.2857142857143,37.5,83.8709677419355,92.3076923076923,90,88,100,82.7586206896552,48.780487804878,96.969696969697,85,93.3333333333333,65,32
"NC_059182.1.18055169.18055170",86.3636363636364,90.9090909090909,90.4761904761905,94.7368421052632,100,100,93.75,72.7272727272727,84.6153846153846,75,100,96.875,93.3333333333333,95.2380952380952,90.9090909090909,92.3076923076923,95,72.7272727272727,95,100,86.3636363636364,94.1176470588235,100,100,100,26.3157894736842,100,100,84.6153846153846,100
"NC_059182.1.18754280.18754281",68.4210526315789,50,40,50,50,50,0,52.9411764705882,46.1538461538462,50,4.34782608695652,0,0,0,6.66666666666667,0,69.2307692307692,0,0,50,57.8947368421053,0,60,58.0645161290323,94.7368421052632,56.25,33.3333333333333,0,61.9047619047619,59.0909090909091
"NC_059182.1.18754439.18754440",89.4736842105263,100,89.4736842105263,91.6666666666667,95.8333333333333,90,93.75,100,92.8571428571429,92.3076923076923,92.8571428571429,81.4814814814815,93.75,100,80,90.9090909090909,100,85.7142857142857,100,100,95.6521739130435,90,100,96,96.7741935483871,96.1538461538462,87.5,100,94.7368421052632,80
"NC_059182.1.18754468.18754469",45.4545454545455,54.5454545454545,62.5,41.6666666666667,60,90.625,0,61.5384615384615,29.4117647058824,50,53.8461538461538,32,0,63.6363636363636,39.1304347826087,45,40,0,60.8695652173913,47.0588235294118,50,52.3809523809524,50,59.0909090909091,90.3225806451613,69.2307692307692,63.1578947368421,0,52.6315789473684,52.1739130434783
"NC_059182.1.18756472.18756473",81.8181818181818,88.8888888888889,70,73.3333333333333,92.3076923076923,81.25,80,75,92.8571428571429,92.8571428571429,64.2857142857143,76.6666666666667,73.3333333333333,87.5,78.2608695652174,75,94.4444444444444,77.7777777777778,72.2222222222222,83.3333333333333,88.8888888888889,90,73.0769230769231,72.7272727272727,91.6666666666667,100,76.9230769230769,88.8888888888889,84.2105263157895,69.5652173913043
"NC_059182.1.18759017.18759018",60,58.8235294117647,91.6666666666667,68.75,72.7272727272727,73.6842105263158,58.8235294117647,64.7058823529412,72.7272727272727,75,62.5,70.5882352941177,86.6666666666667,47.0588235294118,70.5882352941177,68,68.1818181818182,52.1739130434783,54.1666666666667,73.6842105263158,84.6153846153846,52.9411764705882,83.3333333333333,80,59.2592592592593,71.4285714285714,53.3333333333333,84.6153846153846,61.1111111111111,53.8461538461538
"NC_059182.1.18876655.18876656",85.7142857142857,86.9565217391304,93.75,100,100,90.4761904761905,94.7368421052632,100,100,94.7368421052632,95,100,95.2380952380952,94.7368421052632,86.6666666666667,95,100,100,94.4444444444444,93.5483870967742,94.1176470588235,95.6521739130435,95,95.2380952380952,100,94.7368421052632,100,91.6666666666667,96.7741935483871,100
"NC_059182.1.18876677.18876678",84.6153846153846,90,93.75,100,100,93.75,93.75,72.7272727272727,100,93.75,88.8888888888889,100,94.7368421052632,100,93.3333333333333,90,91.6666666666667,100,96.6666666666667,93.1034482758621,100,95.4545454545455,100,95,100,94.1176470588235,82.3529411764706,84.6153846153846,90.625,91.304347826087
"NC_059182.1.18876737.18876738",76.4705882352941,100,100,92.3076923076923,90.9090909090909,80,91.6666666666667,90.9090909090909,86.6666666666667,92.3076923076923,93.3333333333333,90,90.9090909090909,82.3529411764706,90.9090909090909,83.3333333333333,94.1176470588235,100,100,94.4444444444444,100,85.7142857142857,94.4444444444444,80,88,92.3076923076923,88.2352941176471,90.9090909090909,88.4615384615385,92.8571428571429
"NC_059182.1.18955267.18955268",100,82.1428571428571,100,100,100,91.304347826087,90,84.6153846153846,91.6666666666667,88.4615384615385,92.3076923076923,96.1538461538462,92.8571428571429,100,88.2352941176471,88.8888888888889,95.8333333333333,94.1176470588235,93.3333333333333,83.3333333333333,87.8787878787879,100,80.7692307692308,81.8181818181818,88.8888888888889,91.304347826087,94.4444444444444,93.3333333333333,94.1176470588235,75
"NC_059182.1.18955353.18955354",78.9473684210526,100,35,95.4545454545455,100,50,92.8571428571429,100,100,92.3076923076923,65,100,91.6666666666667,55,89.2857142857143,100,57.1428571428571,100,100,94.4444444444444,100,53.3333333333333,95.4545454545455,86.9565217391304,95.6521739130435,100,100,90,88.2352941176471,95
"NC_059182.1.19026670.19026671",38.0952380952381,39.2857142857143,0,0,5.88235294117647,0,0,0,0,4.54545454545455,0,3.33333333333333,0,0,40.5405405405405,0,31.5789473684211,0,2.77777777777778,51.7241379310345,54.5454545454545,0,40.9090909090909,0,4,55.1724137931034,0,0,0,0
"NC_059182.1.19026696.19026697",38.8888888888889,37.9310344827586,0,0,0,0,4.34782608695652,0,0,0,0,0,0,0,2.7027027027027,3.7037037037037,33.3333333333333,0,0,45.4545454545455,54.1666666666667,0,42.8571428571429,0,4.54545454545455,0,0,0,0,0
"NC_059183.1.98496.98497",92.8571428571429,91.6666666666667,86.9565217391304,91.304347826087,88.8888888888889,93.3333333333333,91.6666666666667,100,75,95.4545454545455,88.8888888888889,95.4545454545455,81.8181818181818,87.5,92,81.25,81.25,100,83.3333333333333,100,86.6666666666667,90,91.6666666666667,81.8181818181818,100,90.4761904761905,94.1176470588235,100,77.2727272727273,100
"NC_059183.1.98523.98524",93.3333333333333,100,95.2380952380952,95.4545454545455,100,100,100,100,93.75,95.4545454545455,94.4444444444444,100,92.8571428571429,89.6551724137931,100,88.8888888888889,88.8888888888889,81.8181818181818,43.3333333333333,63.1578947368421,92.8571428571429,100,50,96,100,100,94.1176470588235,100,90.9090909090909,100
"NC_059183.1.112644.112645",92.5925925925926,95,100,84.6153846153846,96,89.4736842105263,100,100,100,95.4545454545455,100,96.7741935483871,93.3333333333333,92.8571428571429,87.0967741935484,100,100,100,95,95.4545454545455,94.7368421052632,92.8571428571429,97.0588235294118,92.3076923076923,100,94.1176470588235,95.8333333333333,100,100,100
"NC_059183.1.112690.112691",96.4285714285714,100,90.9090909090909,100,50,95,100,100,100,91.6666666666667,92,96.6666666666667,93.3333333333333,88.8888888888889,100,56,96.6666666666667,32,100,92,91.1764705882353,94.1176470588235,42.8571428571429,100,56,94.7368421052632,93.75,60.7142857142857,100,100
"NC_059183.1.160557.160558",70,33.3333333333333,66.6666666666667,17.3913043478261,84.6153846153846,46.6666666666667,27.2727272727273,20,41.6666666666667,27.2727272727273,69.2307692307692,35,53.3333333333333,30.7692307692308,13.6363636363636,33.3333333333333,57.8947368421053,33.3333333333333,56.6666666666667,66.6666666666667,62.5,68.75,65,53.8461538461538,40.9090909090909,40,5.55555555555556,21.4285714285714,56.5217391304348,31.25
"NC_059183.1.160586.160587",84.2105263157895,33.3333333333333,100,27.2727272727273,100,80,50,16.6666666666667,75,28.5714285714286,92.8571428571429,35.2941176470588,76.9230769230769,50,40.9090909090909,38.4615384615385,100,43.75,86.2068965517241,85.7142857142857,81.25,83.3333333333333,80,93.3333333333333,84.2105263157895,80,0,25,76.9230769230769,73.3333333333333
"NC_059183.1.160617.160618",68.4210526315789,26.6666666666667,70.5882352941177,20.8333333333333,81.25,70.5882352941177,36.8421052631579,30.7692307692308,60,27.2727272727273,64.2857142857143,40.9090909090909,73.3333333333333,33.3333333333333,28.5714285714286,25,88.2352941176471,26.6666666666667,59.2592592592593,78.9473684210526,77.1428571428571,70,55,60,60,50,0,42.8571428571429,54.8387096774194,62.5
"NC_059183.1.160659.160660",40,29.4117647058824,80.9523809523809,5.26315789473684,89.4736842105263,61.1111111111111,47.6190476190476,20,53.8461538461538,20,54.5454545454545,40,76.4705882352941,60,26.6666666666667,35.2941176470588,77.7777777777778,29.4117647058824,54.1666666666667,72.2222222222222,74.1935483870968,66.6666666666667,68.75,73.3333333333333,68.75,61.1111111111111,0,56.25,74.1935483870968,70.5882352941177
"NC_059183.1.160684.160685",47.0588235294118,33.3333333333333,80,0,66.6666666666667,33.3333333333333,30,18.75,50,18.75,50,42.1052631578947,53.8461538461538,46.1538461538462,18.75,28.5714285714286,58.8235294117647,14.2857142857143,55,64.7058823529412,64.2857142857143,66.6666666666667,50,60,37.5,55.5555555555556,0,50,51.5151515151515,68.75
"NC_059183.1.747608.747609",61.5384615384615,100,92.8571428571429,94.7368421052632,100,100,100,100,92.3076923076923,94.7368421052632,91.6666666666667,92.8571428571429,90.9090909090909,100,46.4285714285714,87.5,94.7368421052632,100,96.551724137931,92.8571428571429,100,96.875,95.8333333333333,100,100,95.8333333333333,90.9090909090909,100,100,94.7368421052632
"NC_059183.1.747636.747637",100,100,87.5,87.5,100,90,100,100,93.3333333333333,100,100,96.969696969697,92.3076923076923,100,92,91.6666666666667,95,94.1176470588235,93.75,92.8571428571429,94.7368421052632,97.1428571428571,95.6521739130435,100,94.7368421052632,96,90.9090909090909,100,100,100
"NC_059183.1.747681.747682",94.1176470588235,100,87.5,92.8571428571429,92.8571428571429,94.7368421052632,100,100,86.6666666666667,100,100,90.625,90.9090909090909,100,92,100,94.1176470588235,100,96.2962962962963,92.8571428571429,94.1176470588235,100,100,100,100,91.6666666666667,100,71.4285714285714,100,100
"NC_059183.1.882146.882147",100,89.6551724137931,100,100,41.6666666666667,95.6521739130435,94.1176470588235,94.1176470588235,90,95.6521739130435,100,91.304347826087,90.9090909090909,100,96.1538461538462,86.3636363636364,94.7368421052632,100,100,100,76.1904761904762,93.75,100,89.4736842105263,95.8333333333333,100,100,90.9090909090909,100,96.1538461538462
"NC_059183.1.882178.882179",95.2380952380952,90.9090909090909,100,94.4444444444444,90.9090909090909,88.4615384615385,100,95.2380952380952,95,100,100,96,100,100,93.3333333333333,96.1538461538462,95,94.7368421052632,100,96.551724137931,95.4545454545455,95.2380952380952,90,100,89.2857142857143,95,95.6521739130435,100,96.2962962962963,96.1538461538462
"NC_059183.1.882218.882219",100,97.2222222222222,100,94.1176470588235,100,100,95,100,85,96,91.6666666666667,100,100,100,96.7741935483871,100,90,87.5,92.8571428571429,100,94.7368421052632,95.4545454545455,96,95.4545454545455,92.3076923076923,91.304347826087,95.8333333333333,100,92.3076923076923,87.5
"NC_059183.1.882261.882262",93.75,89.6551724137931,83.3333333333333,89.4736842105263,100,96,95,85,100,95.4545454545455,100,100,94.4444444444444,100,93.5483870967742,54.1666666666667,88.2352941176471,65,45.8333333333333,89.2857142857143,93.3333333333333,94.7368421052632,85.7142857142857,100,95.6521739130435,90,91.304347826087,85.7142857142857,100,84
"NC_059183.1.1035406.1035407",73.6842105263158,85.1851851851852,68.75,90,74.0740740740741,82.7586206896552,76.1904761904762,85.7142857142857,76.4705882352941,82.6086956521739,72,82.7586206896552,75,83.3333333333333,85.7142857142857,62.5,92.8571428571429,66.6666666666667,72,88.8888888888889,60.8695652173913,72.4137931034483,68.75,62.5,75,73.6842105263158,80.9523809523809,80,68.4210526315789,73.6842105263158
"NC_059183.1.1035475.1035476",100,88.5714285714286,94.7368421052632,100,100,95.6521739130435,89.4736842105263,94.7368421052632,100,96.875,86.6666666666667,96.6666666666667,95.6521739130435,100,86.6666666666667,100,100,94.7368421052632,93.3333333333333,100,87.5,96.4285714285714,100,97.1428571428571,95.4545454545455,95.4545454545455,100,100,77.2727272727273,100
"NC_059183.1.1174778.1174779",100,82.6086956521739,91.304347826087,90.9090909090909,100,95.2380952380952,100,100,90.9090909090909,96.1538461538462,100,95.2380952380952,100,95,92,100,100,86.6666666666667,96.2962962962963,100,90,87.5,95.6521739130435,100,100,93.75,96.2962962962963,94.1176470588235,93.3333333333333,92.3076923076923
"NC_059183.1.1174810.1174811",100,96.2962962962963,100,95,100,84.2105263157895,93.3333333333333,80,90,100,93.75,95.8333333333333,100,94.4444444444444,96,100,95.2380952380952,92.8571428571429,92.8571428571429,92.3076923076923,100,96.4285714285714,95.6521739130435,100,100,92.8571428571429,96.1538461538462,100,94.4444444444444,92.3076923076923
"NC_059183.1.1205227.1205228",80,100,81.25,89.4736842105263,100,100,93.3333333333333,100,72.7272727272727,92.3076923076923,77.2727272727273,95,85.7142857142857,75,89.4736842105263,100,87.5,90.9090909090909,78.9473684210526,85.1851851851852,90.625,88.8888888888889,88.8888888888889,88.2352941176471,77.2727272727273,85,95.8333333333333,92.8571428571429,92,81.8181818181818
"NC_059183.1.1316246.1316247",45,0,0,30,0,42.8571428571429,0,0,0,0,0,0,0,0,0,0,0,0,0,0,5,0,0,0,0,5.88235294117647,0,7.69230769230769,0,0
"NC_059183.1.1338510.1338511",37.5,0,0,41.6666666666667,0,20.8333333333333,4.54545454545455,0,6.25,0,0,3.7037037037037,3.84615384615385,0,0,23.8095238095238,3.44827586206897,0,0,0,44,0,0,3.2258064516129,0,0,0,0,0,27.2727272727273
"NC_059183.1.1399669.1399670",92.3076923076923,86.9565217391304,72.4137931034483,53.3333333333333,100,81.4814814814815,76.1904761904762,83.3333333333333,79.1666666666667,86.6666666666667,83.3333333333333,67.8571428571429,95.4545454545455,86.6666666666667,93.3333333333333,88,70.5882352941177,83.3333333333333,90.9090909090909,86.6666666666667,63.6363636363636,68.1818181818182,86.9565217391304,78.9473684210526,88.4615384615385,78.9473684210526,93.3333333333333,90.9090909090909,66.6666666666667,76.4705882352941
"NC_059183.1.1399715.1399716",68.75,76,60.6060606060606,75,94.1176470588235,80.6451612903226,71.4285714285714,60,72.7272727272727,80,61.9047619047619,60.7142857142857,68.4210526315789,71.4285714285714,78.5714285714286,72.4137931034483,73.6842105263158,68.4210526315789,85.1851851851852,85.7142857142857,73.9130434782609,65.2173913043478,84.2105263157895,73.3333333333333,92.8571428571429,82.3529411764706,83.3333333333333,93.3333333333333,75,82.3529411764706
"NC_059183.1.3063161.3063162",5.71428571428571,0,0,0,0,0,0,0,0,0,0,2.63157894736842,0,0,2.32558139534884,0,0,0,2.94117647058824,0,0,0,0,0,0,0,0,0,0,4.76190476190476
"NC_059183.1.3067246.3067247",9.75609756097561,0,0,0,0,0,0,5.55555555555556,0,0,6.38297872340426,7.69230769230769,6.66666666666667,0,1.69491525423729,5,7.40740740740741,0,4,0,0,4.76190476190476,4.25531914893617,3.7037037037037,5.88235294117647,11.4285714285714,0,3.57142857142857,2.56410256410256,0
"NC_059183.1.3891877.3891878",87.5,88.8888888888889,85,83.3333333333333,100,100,92.3076923076923,92.3076923076923,100,100,91.6666666666667,100,100,92.8571428571429,93.3333333333333,95.2380952380952,100,88.2352941176471,100,100,95,94.7368421052632,100,95.4545454545455,90.9090909090909,91.6666666666667,100,83.3333333333333,92.3076923076923,92
"NC_059183.1.4444994.4444995",92.3076923076923,80,83.3333333333333,78.9473684210526,100,91.304347826087,75,81.8181818181818,94.4444444444444,47.0588235294118,94.1176470588235,88.8888888888889,91.304347826087,89.4736842105263,89.4736842105263,88.2352941176471,94.1176470588235,92.3076923076923,91.6666666666667,35.2941176470588,94.4444444444444,90.9090909090909,95,69.5652173913043,95.4545454545455,94.7368421052632,100,50,76.1904761904762,92.8571428571429
"NC_059183.1.4445022.4445023",83.3333333333333,83.3333333333333,100,90,100,86.3636363636364,95,63.6363636363636,94.1176470588235,95,94.4444444444444,95,86.3636363636364,100,95.2380952380952,100,83.3333333333333,84.6153846153846,89.2857142857143,83.3333333333333,100,95,100,95.4545454545455,95.4545454545455,94.1176470588235,100,78.5714285714286,94.7368421052632,100
"NC_059183.1.4445099.4445100",100,87.5,90.9090909090909,78.5714285714286,100,94.1176470588235,87.5,83.3333333333333,84.6153846153846,82.3529411764706,100,80,100,82.3529411764706,95.2380952380952,100,84.2105263157895,100,86.3636363636364,100,100,94.1176470588235,95.8333333333333,83.3333333333333,91.304347826087,93.3333333333333,86.6666666666667,87.5,92,85.7142857142857
"NC_059183.1.4462261.4462262",93.75,94.4444444444444,64.2857142857143,100,94.1176470588235,100,100,88.2352941176471,100,100,100,95.6521739130435,100,96.1538461538462,86.9565217391304,95,95.4545454545455,88.2352941176471,95.8333333333333,94.4444444444444,100,84.2105263157895,95.4545454545455,100,92.3076923076923,91.304347826087,76.9230769230769,100,95.2380952380952,50
"NC_059183.1.4671082.4671083",85.7142857142857,92,70,90.9090909090909,90.9090909090909,100,100,92.8571428571429,84.6153846153846,100,85.7142857142857,93.75,100,100,86.6666666666667,95.4545454545455,95.2380952380952,91.6666666666667,94.4444444444444,95.4545454545455,100,100,86.6666666666667,100,95,91.6666666666667,100,84.2105263157895,100,94.1176470588235
"NC_059183.1.4671107.4671108",94.4444444444444,95.8333333333333,80,100,92.3076923076923,94.7368421052632,88.2352941176471,93.75,100,94.1176470588235,78.5714285714286,94.4444444444444,100,95.6521739130435,86.6666666666667,100,94.7368421052632,91.6666666666667,100,76,95,100,83.3333333333333,100,95.4545454545455,88.8888888888889,95.8333333333333,93.3333333333333,100,88.8888888888889
"NC_059183.1.4671170.4671171",95,95.4545454545455,81.8181818181818,100,100,100,94.4444444444444,100,86.6666666666667,100,90,93.75,89.4736842105263,94.1176470588235,94.4444444444444,90.9090909090909,93.75,100,94.7368421052632,100,90.4761904761905,93.75,90,100,96,100,96,100,90.4761904761905,94.1176470588235
"NC_059183.1.4785056.4785057",88,84,86.6666666666667,100,100,100,90,94.4444444444444,86.6666666666667,94.1176470588235,92.3076923076923,88,83.3333333333333,100,100,89.2857142857143,92.5925925925926,100,100,92.3076923076923,94.1176470588235,91.304347826087,100,94.7368421052632,93.75,35,88.2352941176471,96.1538461538462,100,86.6666666666667
"NC_059183.1.4786249.4786250",100,100,100,100,95.4545454545455,100,100,88.2352941176471,100,92.8571428571429,64.2857142857143,100,93.75,93.75,100,50,94.7368421052632,100,94.1176470588235,94.1176470588235,95.2380952380952,72.2222222222222,88.2352941176471,100,96.4285714285714,95.8333333333333,100,96.6666666666667,100,100
"NC_059183.1.4786298.4786299",100,100,90,94.1176470588235,95.2380952380952,90.9090909090909,94.4444444444444,94.7368421052632,88.2352941176471,91.6666666666667,100,95.2380952380952,90.9090909090909,94.4444444444444,100,85.7142857142857,100,92.8571428571429,88.2352941176471,100,100,100,100,92.8571428571429,100,90.9090909090909,86.6666666666667,97.2222222222222,100,92.8571428571429
"NC_059183.1.4907898.4907899",100,100,100,87.5,100,90,90.9090909090909,90,84.6153846153846,100,100,100,92.3076923076923,91.6666666666667,88.8888888888889,100,100,100,94.7368421052632,93.75,100,91.6666666666667,85.7142857142857,100,87.5,95.2380952380952,94.4444444444444,100,96,92.3076923076923
"NC_059183.1.4947592.4947593",92.3076923076923,86.6666666666667,100,100,100,100,90,100,93.3333333333333,92.3076923076923,100,94.7368421052632,100,90.4761904761905,96,93.5483870967742,100,84.6153846153846,100,92.8571428571429,100,96.4285714285714,92.8571428571429,96.1538461538462,88,100,95,96.7741935483871,91.6666666666667,100
"NC_059183.1.4965906.4965907",90,100,100,93.75,93.75,100,100,94.7368421052632,100,90.9090909090909,90.4761904761905,93.3333333333333,100,100,100,100,100,100,94.1176470588235,100,93.5483870967742,100,100,95.6521739130435,100,100,96,100,96.1538461538462,100
"NC_059183.1.5016503.5016504",100,58.8235294117647,93.3333333333333,0,36.3636363636364,60,100,42.8571428571429,40.9090909090909,0,30.7692307692308,0,47.3684210526316,47.0588235294118,53.125,53.3333333333333,46.6666666666667,60,0,39.1304347826087,27.2727272727273,40,100,32.1428571428571,90.9090909090909,100,90.9090909090909,33.3333333333333,100,0
"NC_059183.1.5765143.5765144",86.3636363636364,89.4736842105263,100,84.6153846153846,100,94.4444444444444,90,90,91.6666666666667,85.7142857142857,93.3333333333333,90.4761904761905,85,88.2352941176471,87.5,94.4444444444444,95.2380952380952,100,96.4285714285714,90.4761904761905,100,76.9230769230769,100,95.2380952380952,100,88.8888888888889,96.969696969697,96.969696969697,100,90
"NC_059183.1.5925450.5925451",73.3333333333333,90,92.5925925925926,96,95,93.9393939393939,20,84.6153846153846,93.75,95.6521739130435,87.5,97.4358974358974,92.3076923076923,100,88,95.8333333333333,100,92.3076923076923,96.4285714285714,60,91.6666666666667,89.6551724137931,88.5714285714286,100,100,90,83.3333333333333,91.6666666666667,90.3225806451613,90.9090909090909
"NC_059183.1.5925467.5925468",78.5714285714286,92,96,100,100,96.551724137931,26.6666666666667,92.8571428571429,92.8571428571429,95,95,94.2857142857143,91.6666666666667,100,85.7142857142857,95.4545454545455,100,93.3333333333333,92,69.5652173913043,90.4761904761905,84.6153846153846,94.2857142857143,96.551724137931,92,90.9090909090909,87.5,83.3333333333333,86.2068965517241,100
"NC_059183.1.5925489.5925490",78.2608695652174,58.3333333333333,78.2608695652174,100,73.6842105263158,70,35.7142857142857,91.6666666666667,100,94.7368421052632,85,83.8709677419355,76.4705882352941,100,76.1904761904762,86.6666666666667,100,86.6666666666667,90.9090909090909,76.1904761904762,88.2352941176471,75,88.8888888888889,92,79.1666666666667,92.5925925925926,80,92.3076923076923,86.9565217391304,92.3076923076923
"NC_059183.1.5925558.5925559",88.2352941176471,93.3333333333333,90.4761904761905,100,90,100,92.3076923076923,84.6153846153846,92.3076923076923,81.25,100,84.6153846153846,94.7368421052632,92.8571428571429,90.4761904761905,89.4736842105263,100,82.3529411764706,89.2857142857143,100,100,86.2068965517241,80.9523809523809,88.2352941176471,81.4814814814815,95.6521739130435,84.6153846153846,100,90,81.25
"NC_059183.1.5925785.5925786",80,61.1111111111111,73.6842105263158,84.2105263157895,70,61.5384615384615,50,83.3333333333333,88.8888888888889,72.7272727272727,80,82.7586206896552,80.9523809523809,81.25,75,44.7368421052632,83.3333333333333,95.4545454545455,78.9473684210526,93.75,89.4736842105263,82.7586206896552,66.6666666666667,80.9523809523809,82.3529411764706,91.6666666666667,73.9130434782609,80.9523809523809,68.1818181818182,84.2105263157895
"NC_059183.1.6915638.6915639",27.2727272727273,0,0,0,61.5384615384615,0,0,0,0,0,0,5,0,6.25,40,0,0,0,0,0,0,0,0,0,0,5.26315789473684,0,0,0,0
"NC_059183.1.6929466.6929467",33.3333333333333,0,56.25,0,23.0769230769231,0,46.1538461538462,94.4444444444444,66.6666666666667,35.7142857142857,100,96.1538461538462,0,37.5,45.8333333333333,0,46.6666666666667,0,44,43.4782608695652,46.6666666666667,45.4545454545455,56.5217391304348,52.3809523809524,0,55.5555555555556,45.4545454545455,58.3333333333333,94.5945945945946,91.6666666666667
"NC_059183.1.6929486.6929487",36.3636363636364,0,66.6666666666667,0,28.5714285714286,0,66.6666666666667,82.3529411764706,60,33.3333333333333,94.1176470588235,93.3333333333333,4.76190476190476,40,39.1304347826087,0,50,5,41.6666666666667,44,44.4444444444444,45.4545454545455,58.3333333333333,48,0,61.1111111111111,45,18.1818181818182,97.0588235294118,92.3076923076923
"NC_059183.1.7042863.7042864",93.3333333333333,94.1176470588235,100,100,100,100,100,100,100,100,92.8571428571429,100,100,100,92.3076923076923,100,100,93.75,100,100,100,100,95,95.6521739130435,94.7368421052632,95.4545454545455,96.7741935483871,100,95.6521739130435,89.4736842105263
"NC_059183.1.7053011.7053012",94.7368421052632,100,90.9090909090909,93.3333333333333,100,100,100,100,91.304347826087,100,100,96.7741935483871,96.2962962962963,100,95.2380952380952,90.4761904761905,84.2105263157895,100,100,94.7368421052632,100,100,100,100,100,100,100,100,100,95.2380952380952
"NC_059183.1.7053118.7053119",72.2222222222222,85.7142857142857,69.2307692307692,69.2307692307692,81.25,81.25,88.2352941176471,80,76.1904761904762,78.5714285714286,80,80.7692307692308,95.2380952380952,89.4736842105263,78.2608695652174,84,90.4761904761905,72.2222222222222,89.2857142857143,83.3333333333333,76.4705882352941,85.7142857142857,90.9090909090909,88,95,100,78.9473684210526,78.9473684210526,95.6521739130435,91.304347826087
"NC_059183.1.7053148.7053149",100,100,100,100,81.25,100,100,100,93.75,92.3076923076923,95.4545454545455,89.6551724137931,94.4444444444444,82.3529411764706,95.8333333333333,92.8571428571429,87.5,100,96.6666666666667,91.6666666666667,100,100,95.6521739130435,100,100,92.3076923076923,78.9473684210526,92.8571428571429,100,95.6521739130435
"NC_059183.1.7397422.7397423",42.1052631578947,68.75,64.2857142857143,30.7692307692308,100,0,0,30.7692307692308,40.9090909090909,7.14285714285714,0,61.5384615384615,46.1538461538462,100,41.6666666666667,0,100,61.1111111111111,96.551724137931,76.9230769230769,5.55555555555556,0,0,85,53.3333333333333,0,0,0,31.5789473684211,100
"NC_059183.1.7453504.7453505",89.2857142857143,92.3076923076923,80,70,76,94.7368421052632,100,90,91.6666666666667,87.5,52.9411764705882,86.2068965517241,87.5,88.2352941176471,70.9677419354839,86.2068965517241,76.9230769230769,88.2352941176471,89.6551724137931,86.6666666666667,84.6153846153846,88,87.5,76.9230769230769,80.9523809523809,80.7692307692308,82.1428571428571,94.7368421052632,83.3333333333333,88.4615384615385
"NC_059183.1.7453550.7453551",89.6551724137931,100,93.75,81.8181818181818,96,95.4545454545455,88.8888888888889,100,92.3076923076923,94.1176470588235,94.1176470588235,96.6666666666667,78.5714285714286,95.4545454545455,85.1851851851852,92.3076923076923,92.5925925925926,86.9565217391304,96.551724137931,86.6666666666667,96.6666666666667,96.2962962962963,95.8333333333333,80,87.5,95,96.1538461538462,84.2105263157895,100,90.9090909090909
"NC_059183.1.7453577.7453578",92.8571428571429,100,94.1176470588235,100,96,100,94.4444444444444,91.6666666666667,100,88.2352941176471,100,87.8787878787879,92.8571428571429,100,96,100,96.1538461538462,91.6666666666667,92.8571428571429,92.8571428571429,96.6666666666667,100,100,100,91.6666666666667,83.3333333333333,96.4285714285714,95,92.3076923076923,100
"NC_059183.1.7453598.7453599",100,100,100,92.3076923076923,95.4545454545455,95,94.1176470588235,91.6666666666667,100,93.3333333333333,100,97.0588235294118,92.8571428571429,100,95.6521739130435,100,92.5925925925926,100,92.8571428571429,92.8571428571429,100,100,100,95.6521739130435,91.6666666666667,100,96.1538461538462,100,100,100
"NC_059183.1.7589920.7589921",33.3333333333333,0,30.7692307692308,0,0,0,4.76190476190476,0,53.8461538461538,0,0,0,0,0,70.8333333333333,54.5454545454545,20,37.5,0,0,0,0,47.0588235294118,0,0,39.1304347826087,37.5,0,36.8421052631579,0
"NC_059183.1.7651657.7651658",100,93.75,92.8571428571429,93.3333333333333,100,100,100,92.8571428571429,100,96.4285714285714,91.6666666666667,96,100,100,95.8333333333333,95.6521739130435,96.1538461538462,100,96.6666666666667,100,95.2380952380952,100,100,94.7368421052632,94.1176470588235,94.1176470588235,100,100,100,91.6666666666667
"NC_059183.1.8031294.8031295",50,91.304347826087,53.8461538461538,93.3333333333333,78.5714285714286,88.2352941176471,81.25,54.5454545454545,36.8421052631579,47.8260869565217,66.6666666666667,89.6551724137931,94.1176470588235,93.3333333333333,96.4285714285714,94.1176470588235,35.2941176470588,78.2608695652174,91.304347826087,42.8571428571429,100,93.75,66.6666666666667,9.09090909090909,76.4705882352941,92.5925925925926,93.3333333333333,57.8947368421053,73.6842105263158,85.7142857142857
"NC_059183.1.8352569.8352570",94.7368421052632,90,90.9090909090909,100,100,100,73.6842105263158,92.8571428571429,81.8181818181818,100,92.8571428571429,80.7692307692308,90.9090909090909,90.9090909090909,94.1176470588235,100,94.4444444444444,92.8571428571429,88.8888888888889,100,100,92.8571428571429,100,96.4285714285714,93.75,95.6521739130435,88.2352941176471,91.6666666666667,96.551724137931,94.4444444444444
"NC_059183.1.8359615.8359616",19.2307692307692,0,11.7647058823529,0,0,0,0,0,0,0,0,0,0,0,0,0,0,0,0,0,0,0,6.66666666666667,0,3.2258064516129,0,0,0,2.4390243902439,0
"NC_059183.1.8359678.8359679",25,27.2727272727273,23.5294117647059,25,46.6666666666667,0,16.6666666666667,47.0588235294118,0,16.6666666666667,0,15.3846153846154,26.6666666666667,41.1764705882353,26.8292682926829,36.9565217391304,36.6666666666667,19.047619047619,36.734693877551,33.3333333333333,6.66666666666667,51.8518518518519,6.66666666666667,31.4285714285714,47.0588235294118,32.258064516129,0,28.5714285714286,19.5652173913043,33.3333333333333
"NC_059183.1.8359853.8359854",54.5454545454545,48,70.5882352941177,15,80.9523809523809,27.2727272727273,41.1764705882353,28,42.8571428571429,75,50,70.8333333333333,61.5384615384615,50,55.5555555555556,46.3414634146341,66.6666666666667,78.9473684210526,58.974358974359,75,7.69230769230769,43.4782608695652,35.2941176470588,26.4705882352941,37.5,53.5714285714286,0,57.6923076923077,57.1428571428571,61.5384615384615
"NC_059183.1.8422275.8422276",61.1111111111111,47.6190476190476,61.9047619047619,53.8461538461538,66.6666666666667,53.3333333333333,70.5882352941177,53.8461538461538,53.3333333333333,61.9047619047619,56.25,73.3333333333333,70.8333333333333,69.2307692307692,69.2307692307692,36.3636363636364,55.5555555555556,63.6363636363636,85.7142857142857,68.75,70.5882352941177,76.1904761904762,65,61.1111111111111,82.3529411764706,84.2105263157895,63.1578947368421,88,60,64.7058823529412
"NC_059183.1.8422326.8422327",90,100,95,100,94.4444444444444,100,100,84.6153846153846,100,100,100,93.1034482758621,100,100,96.4285714285714,90.4761904761905,100,92,100,95.6521739130435,94.4444444444444,100,95.2380952380952,100,100,100,100,100,94.4444444444444,94.1176470588235
"NC_059183.1.8422343.8422344",63.1578947368421,86.6666666666667,94.7368421052632,100,95.2380952380952,93.75,100,100,100,92.3076923076923,92.8571428571429,100,100,100,95.8333333333333,100,100,95.4545454545455,95.6521739130435,88.4615384615385,95,92.3076923076923,95.2380952380952,100,93.75,95,95,96.551724137931,100,100
"NC_059183.1.8435578.8435579",100,84.6153846153846,88.2352941176471,92.3076923076923,83.3333333333333,80,83.3333333333333,87.5,81.8181818181818,81.8181818181818,100,91.304347826087,85,84.6153846153846,88.4615384615385,95.2380952380952,86.6666666666667,88.8888888888889,96,80,92.3076923076923,100,86.6666666666667,90.4761904761905,91.6666666666667,90.4761904761905,85.7142857142857,80,82.3529411764706,66.6666666666667
"NC_059183.1.8455296.8455297",96.7741935483871,92.5925925925926,81.8181818181818,95.8333333333333,100,100,95.2380952380952,100,100,100,92.8571428571429,100,89.4736842105263,91.6666666666667,96.1538461538462,95.8333333333333,94.4444444444444,97.1428571428571,93.1034482758621,90,100,96,90.9090909090909,91.6666666666667,96.2962962962963,96.551724137931,100,100,100,94.1176470588235
"NC_059183.1.8455340.8455341",91.4285714285714,85.7142857142857,91.6666666666667,100,95.8333333333333,93.75,95.4545454545455,90.4761904761905,100,44.4444444444444,94.7368421052632,100,86.6666666666667,93.3333333333333,95.6521739130435,91.6666666666667,100,97.2222222222222,92.3076923076923,54.5454545454545,95.6521739130435,100,100,100,100,93.3333333333333,100,40,83.3333333333333,95
"NC_059183.1.8455443.8455444",93.3333333333333,94.7368421052632,94.1176470588235,95.6521739130435,100,94.1176470588235,94.7368421052632,100,88.2352941176471,95,90,100,88.8888888888889,100,100,100,100,95.8333333333333,92.3076923076923,92.8571428571429,100,96.1538461538462,94.4444444444444,100,95.4545454545455,92.5925925925926,95.6521739130435,98.2142857142857,100,95.4545454545455
"NC_059183.1.8499692.8499693",30,0,25,0,25,0,0,29.4117647058824,25,0,0,38.4615384615385,0,0,0,0,0,0,0,33.3333333333333,4.76190476190476,0,11.1111111111111,0,29.6296296296296,65,0,20,0,0
"NC_059183.1.8541834.8541835",91.6666666666667,92.3076923076923,92.8571428571429,100,87.5,100,81.8181818181818,52.9411764705882,90.9090909090909,37.5,75,80,68.75,80,89.4736842105263,88.8888888888889,81.25,88.2352941176471,93.75,46.1538461538462,84.6153846153846,95,90,90.9090909090909,81.25,100,66.6666666666667,50,88.2352941176471,93.75
"NC_059183.1.8541839.8541840",91.6666666666667,92.3076923076923,100,100,100,95.8333333333333,90.9090909090909,47.0588235294118,75,41.1764705882353,90.9090909090909,89.4736842105263,81.25,100,84.2105263157895,66.6666666666667,80,88.2352941176471,82.3529411764706,57.1428571428571,92.3076923076923,85,90,91.6666666666667,80,90,60,60,89.4736842105263,94.1176470588235
"NC_059183.1.8543741.8543742",64,69.2307692307692,27.2727272727273,41.6666666666667,44.4444444444444,71.4285714285714,25,52.9411764705882,68.75,52,60,87.5,75,42.3076923076923,50,50,89.4736842105263,59.0909090909091,66.6666666666667,56.25,72.4137931034483,68.1818181818182,47.3684210526316,62.5,59.2592592592593,85.7142857142857,73.0769230769231,76.9230769230769,88.8888888888889,25
"NC_059183.1.8688064.8688065",90,100,95.4545454545455,86.6666666666667,100,95.2380952380952,87.5,87.5,100,100,100,100,95.4545454545455,100,100,91.6666666666667,94.4444444444444,93.75,94.7368421052632,100,88.8888888888889,100,100,90.4761904761905,100,94.7368421052632,100,94.4444444444444,100,94.1176470588235
"NC_059183.1.8688067.8688068",90,100,95.4545454545455,100,93.3333333333333,95.2380952380952,87.5,100,100,100,90,100,95.4545454545455,100,100,90.9090909090909,94.4444444444444,93.75,89.4736842105263,90,94.4444444444444,100,95.2380952380952,95.4545454545455,100,100,94.1176470588235,100,95.4545454545455,100
"NC_059183.1.8688134.8688135",100,90.4761904761905,82.3529411764706,100,100,84.2105263157895,100,92.8571428571429,81.8181818181818,72.7272727272727,100,100,90.4761904761905,80,100,100,93.75,84.2105263157895,88.8888888888889,91.6666666666667,90,88.2352941176471,94.1176470588235,78.2608695652174,89.4736842105263,85.7142857142857,88.8888888888889,95,88.8888888888889,94.1176470588235
"NC_059183.1.8690903.8690904",93.3333333333333,81.25,68.4210526315789,78.2608695652174,85.7142857142857,76.9230769230769,100,70,78.2608695652174,76,89.4736842105263,90,88.2352941176471,80.9523809523809,81.8181818181818,75,93.3333333333333,90,78.7878787878788,82.3529411764706,66.6666666666667,90,94.7368421052632,68,47.8260869565217,95.8333333333333,80,82.1428571428571,82.6086956521739,100
"NC_059183.1.8734674.8734675",100,93.3333333333333,92.8571428571429,90.9090909090909,100,93.75,90,100,92.3076923076923,95,100,100,90.9090909090909,95.2380952380952,100,96,100,89.4736842105263,96.875,93.3333333333333,100,100,100,100,100,96,81.25,100,96.1538461538462,100
"NC_059183.1.8734709.8734710",92.3076923076923,92.8571428571429,92.8571428571429,84.6153846153846,93.75,94.4444444444444,63.6363636363636,78.5714285714286,83.3333333333333,47.0588235294118,85.7142857142857,90.4761904761905,94.7368421052632,90,82.7586206896552,88.8888888888889,85.7142857142857,84.2105263157895,90.625,40,82.6086956521739,100,94.1176470588235,94.1176470588235,78.5714285714286,93.3333333333333,88.8888888888889,43.75,93.3333333333333,80
"NC_059183.1.8788545.8788546",94.1176470588235,94.7368421052632,87.5,93.75,73.3333333333333,88.2352941176471,100,73.3333333333333,96,92.8571428571429,88.8888888888889,95.8333333333333,100,82.6086956521739,93.5483870967742,91.6666666666667,94.1176470588235,83.3333333333333,96.969696969697,81.25,94.4444444444444,95.2380952380952,93.75,88,88.8888888888889,95.6521739130435,96.1538461538462,95.6521739130435,92.8571428571429,85
"NC_059183.1.8788671.8788672",100,100,94.4444444444444,78.5714285714286,100,87.5,72.2222222222222,85.7142857142857,100,85.7142857142857,100,100,94.1176470588235,94.1176470588235,95.2380952380952,100,100,86.3636363636364,71.875,88.8888888888889,95,100,85.7142857142857,100,100,100,100,96.6666666666667,95,88.8888888888889
"NC_059183.1.8824818.8824819",88.2352941176471,92.8571428571429,100,95,92.8571428571429,100,86.6666666666667,100,83.3333333333333,88.8888888888889,100,100,92.8571428571429,88.2352941176471,100,90,88.2352941176471,100,95,94.4444444444444,93.75,90.9090909090909,100,91.304347826087,100,90.625,100,100,100,100
"NC_059183.1.8824899.8824900",100,92,100,94.7368421052632,93.75,94.4444444444444,94.1176470588235,90,100,100,92.5925925925926,83.3333333333333,95.4545454545455,100,88,80,88.4615384615385,95.8333333333333,85,95.6521739130435,88.8888888888889,88.2352941176471,92.3076923076923,93.75,97.0588235294118,97.0588235294118,89.2857142857143,94.1176470588235,94.7368421052632,89.4736842105263
"NC_059183.1.8824914.8824915",90.9090909090909,84,100,94.7368421052632,93.3333333333333,95,100,90.4761904761905,92.8571428571429,93.75,92.8571428571429,95.8333333333333,91.6666666666667,100,92,90,95.8333333333333,96.4285714285714,100,100,87.5,100,96,94.2857142857143,90.9090909090909,90.625,96.4285714285714,94.4444444444444,100,100
"NC_059183.1.8981157.8981158",84.6153846153846,95.2380952380952,88.2352941176471,93.3333333333333,100,100,100,100,93.75,94.1176470588235,81.8181818181818,90,100,100,92.5925925925926,96,94.7368421052632,100,100,93.3333333333333,90,36.3636363636364,94.1176470588235,92.3076923076923,88.8888888888889,70.5882352941177,100,92.8571428571429,71.4285714285714,93.75
"NC_059183.1.8981244.8981245",81.25,95.2380952380952,94.4444444444444,93.3333333333333,86.6666666666667,100,84.6153846153846,94.1176470588235,82.3529411764706,94.7368421052632,93.75,92.8571428571429,82.3529411764706,94.1176470588235,88,88,93.3333333333333,94.1176470588235,90,100,89.4736842105263,100,94.4444444444444,93.3333333333333,85.7142857142857,80,81.8181818181818,92.3076923076923,80.9523809523809,100
"NC_059183.1.11363973.11363974",68.6274509803922,82.3529411764706,60.8695652173913,35.7142857142857,72.7272727272727,61.0169491525424,48.4848484848485,65.4545454545455,47.5,63.3333333333333,76.9230769230769,54.0540540540541,66.6666666666667,76.1904761904762,63.3333333333333,46.4285714285714,76.3157894736842,77.5,58.5365853658537,85,66.6666666666667,70.2702702702703,55.1724137931034,57.1428571428571,69.811320754717,73.2142857142857,37.5,55.5555555555556,72,64.1025641025641
"NC_059183.1.11364118.11364119",92.5,73.1707317073171,87.037037037037,41.1764705882353,71.4285714285714,66.6666666666667,51.5151515151515,67.3076923076923,78.3783783783784,55.5555555555556,94.4444444444444,77.7777777777778,69.5652173913043,70.5882352941177,57.1428571428571,65.3846153846154,71.0526315789474,81.0810810810811,59.0909090909091,73.6842105263158,67.6470588235294,74.1379310344828,53.8461538461538,78.125,83.7837837837838,80,66.6666666666667,65,72,71.875
"NC_059183.1.11364152.11364153",73.3333333333333,67.741935483871,80.8510638297872,35,64.2857142857143,63.6363636363636,48.2758620689655,72.2222222222222,78.5714285714286,50,100,80,56.25,69.5652173913043,50,54.2372881355932,71.4285714285714,81.8181818181818,57.1428571428571,66.6666666666667,76,80,68.4210526315789,83.3333333333333,72,77.1428571428571,65,64.2857142857143,66.6666666666667,78.9473684210526
"NC_059183.1.11629148.11629149",100,100,90.9090909090909,100,93.3333333333333,100,100,100,87.5,91.6666666666667,100,100,87.5,94.4444444444444,96,90.9090909090909,96.1538461538462,88.8888888888889,95,100,100,100,100,86.6666666666667,100,100,100,100,100,100
"NC_059183.1.11629193.11629194",100,100,42.8571428571429,100,100,100,94.1176470588235,100,89.4736842105263,100,90,95.4545454545455,100,94.7368421052632,100,93.3333333333333,96.6666666666667,95,100,66.6666666666667,96.4285714285714,93.1034482758621,93.3333333333333,55.5555555555556,100,92.8571428571429,93.3333333333333,96.4285714285714,89.4736842105263,95.4545454545455
"NC_059183.1.11629215.11629216",91.6666666666667,100,100,100,100,90.9090909090909,87.5,100,94.4444444444444,85.7142857142857,95.4545454545455,96.1538461538462,100,83.3333333333333,100,100,96.2962962962963,100,100,100,96.2962962962963,96.551724137931,87.5,94.4444444444444,94.1176470588235,93.3333333333333,100,96.551724137931,100,100
"NC_059183.1.11723427.11723428",100,92.8571428571429,100,100,88.8888888888889,90,88.8888888888889,72.7272727272727,100,94.7368421052632,100,100,100,100,100,100,88.8888888888889,100,100,100,95,100,100,90.4761904761905,94.1176470588235,94.7368421052632,88.8888888888889,92,93.3333333333333,100
"NC_059183.1.11894682.11894683",95.6521739130435,82.3529411764706,83.3333333333333,44.4444444444444,92.8571428571429,33.3333333333333,92.8571428571429,92.3076923076923,92.3076923076923,95.6521739130435,90,80,72.7272727272727,86.6666666666667,88.8888888888889,91.304347826087,100,92,86.3636363636364,94.1176470588235,95,83.3333333333333,92.5925925925926,92.3076923076923,74.0740740740741,100,94.5945945945946,90,100,100
"NC_059183.1.11985069.11985070",100,100,87.5,100,100,100,91.6666666666667,92.8571428571429,93.3333333333333,100,100,86.6666666666667,83.3333333333333,100,94.4444444444444,100,100,91.6666666666667,100,100,100,85.7142857142857,80,93.3333333333333,100,100,90,90.9090909090909,100,100
"NC_059183.1.12209542.12209543",73.3333333333333,0,0,5.88235294117647,0,0,0,54.5454545454545,52.9411764705882,0,0,0,55.5555555555556,47.0588235294118,43.75,0,0,0,4.34782608695652,58.8235294117647,50,0,0,0,0,0,76.9230769230769,5.26315789473684,0,0
"NC_059183.1.12276745.12276746",100,100,100,100,92.8571428571429,100,94.4444444444444,93.75,92.8571428571429,100,93.75,100,100,100,90,94.7368421052632,100,100,100,100,100,100,92.3076923076923,95.2380952380952,100,100,94.4444444444444,100,100,94.1176470588235
"NC_059183.1.12276800.12276801",100,94.4444444444444,92.8571428571429,93.75,100,100,95.4545454545455,92.3076923076923,100,95.4545454545455,100,93.75,95,100,92.8571428571429,93.75,86.6666666666667,94.7368421052632,96.551724137931,96,96,92.3076923076923,87.5,95.6521739130435,95.4545454545455,96.2962962962963,93.3333333333333,100,96,95.4545454545455
"NC_059183.1.12276821.12276822",46.4285714285714,47.6190476190476,100,93.3333333333333,93.3333333333333,52.3809523809524,91.304347826087,93.3333333333333,68.75,100,95.6521739130435,90.9090909090909,40,60,56.25,63.6363636363636,88.2352941176471,100,93.5483870967742,56.6666666666667,65.2173913043478,48.1481481481481,75,91.6666666666667,88,90.625,47.0588235294118,50,96.1538461538462,86.9565217391304
"NC_059183.1.12276856.12276857",96.551724137931,90.4761904761905,66.6666666666667,100,87.5,100,84.2105263157895,94.4444444444444,100,92.3076923076923,87.5,93.5483870967742,100,95.2380952380952,100,90,81.25,100,94.1176470588235,96.551724137931,100,96,89.4736842105263,82.6086956521739,96.2962962962963,93.9393939393939,93.3333333333333,100,100,100
"NC_059183.1.12422476.12422477",90.1960784313726,92.3076923076923,78.125,55.1724137931034,4.16666666666667,34.4827586206897,100,91.1764705882353,92.3076923076923,96.1538461538462,65,8,79.4871794871795,27.5,47.5409836065574,20,59.0909090909091,32,90.3225806451613,93.9393939393939,90.9090909090909,95.4545454545455,32.258064516129,42.5925925925926,24.6153846153846,85.1851851851852,71.7948717948718,82.3529411764706,50,46.1538461538462
"NC_059183.1.12422478.12422479",54.7169811320755,88.4615384615385,21.875,56.6666666666667,0,34.4827586206897,100,52.9411764705882,84.6153846153846,53.8461538461538,37.5,8,58.5365853658537,27.5,27.8688524590164,29.6296296296296,63.6363636363636,0,96.875,67.6470588235294,90.9090909090909,90.9090909090909,43.75,20,23.0769230769231,88.8888888888889,51.2820512820513,82.3529411764706,53.125,41.025641025641
"NC_059183.1.12422495.12422496",97.9166666666667,80.7692307692308,75.7575757575758,70.5882352941177,19.2307692307692,37.9310344827586,100,97.1428571428571,100,52.1739130434783,60,8,80.8510638297872,55.5555555555556,68.9655172413793,17.2413793103448,59.0909090909091,36,94.2857142857143,100,100,100,44.1176470588235,45.4545454545455,15,42.3076923076923,78.0487804878049,75,50,56.4102564102564
"NC_059183.1.12422525.12422526",85.3658536585366,70.8333333333333,84.8484848484848,65.625,57.1428571428571,48.2758620689655,88.8888888888889,96.7741935483871,100,100,100,51.8518518518519,79.5454545454545,51.7241379310345,71.9298245614035,81.4814814814815,86.3636363636364,100,94.2857142857143,100,100,95.6521739130435,97.0588235294118,79.6296296296296,37.9310344827586,89.2857142857143,77.2727272727273,95.2380952380952,96.969696969697,64.1025641025641
"NC_059183.1.12422557.12422558",97.0588235294118,79.1666666666667,97.2972972972973,68.9655172413793,92.5925925925926,70.8333333333333,85.7142857142857,83.3333333333333,100,89.2857142857143,90.625,92.5925925925926,77.5,51.6129032258064,70.9090909090909,80.7692307692308,100,85.7142857142857,93.9393939393939,96.1538461538462,100,90.9090909090909,100,74.5098039215686,61.1111111111111,92.8571428571429,70,90.9090909090909,100,50
"NC_059183.1.12422676.12422677",80,86.6666666666667,92.8571428571429,41.6666666666667,100,70.5882352941177,81.8181818181818,94.1176470588235,100,87.5,81.8181818181818,100,72.2222222222222,66.6666666666667,91.304347826087,76.1904761904762,81.8181818181818,90,85,80,82.3529411764706,93.3333333333333,88.8888888888889,88.4615384615385,78.2608695652174,100,89.4736842105263,88.8888888888889,89.4736842105263,50
"NC_059183.1.12492884.12492885",100,65.2173913043478,94.4444444444444,19.047619047619,90.9090909090909,0,0,82.3529411764706,0,92.3076923076923,94.1176470588235,77.4193548387097,73.9130434782609,40.9090909090909,0,82.3529411764706,86.9565217391304,37.5,87.5,100,61.1111111111111,0,85.7142857142857,48.1481481481481,86.2068965517241,84.6153846153846,44.4444444444444,52.7777777777778,27.2727272727273,80
"NC_059183.1.12492914.12492915",81.8181818181818,91.6666666666667,100,100,100,95.8333333333333,100,93.3333333333333,100,100,88.2352941176471,97.1428571428571,80,100,93.75,100,91.304347826087,88.2352941176471,96.4285714285714,93.75,88.8888888888889,95,100,94.7368421052632,100,96.1538461538462,100,93.75,100,94.1176470588235
"NC_059183.1.12493017.12493018",85.7142857142857,95,88.8888888888889,100,93.3333333333333,90,85.7142857142857,100,100,100,100,89.6551724137931,93.3333333333333,90.4761904761905,95.2380952380952,92.3076923076923,100,94.1176470588235,86.9565217391304,95.8333333333333,89.4736842105263,81.8181818181818,100,91.6666666666667,93.3333333333333,100,100,100,94.4444444444444,88.2352941176471
"NC_059183.1.12493158.12493159",100,96,85,53.3333333333333,100,100,84.6153846153846,95,92.8571428571429,95.4545454545455,88.2352941176471,94.4444444444444,89.4736842105263,95.4545454545455,92.8571428571429,100,100,100,88.8888888888889,95.4545454545455,100,95.4545454545455,100,91.6666666666667,100,100,95.4545454545455,100,95.8333333333333,90
"NC_059183.1.12493182.12493183",95.2380952380952,95.4545454545455,87.5,69.2307692307692,100,100,100,100,100,100,93.75,88.2352941176471,90.4761904761905,90,91.6666666666667,92.5925925925926,93.75,95.6521739130435,88.8888888888889,94.7368421052632,95.4545454545455,95.2380952380952,100,91.6666666666667,90.4761904761905,100,89.4736842105263,100,96,100
"NC_059183.1.12546133.12546134",66.6666666666667,72.2222222222222,70.5882352941177,74.1935483870968,72.7272727272727,90.625,84,76.9230769230769,85.7142857142857,63.1578947368421,76.9230769230769,44.4444444444444,87.5,76,68.5714285714286,51.4285714285714,56.5217391304348,75,72.7272727272727,100,79.3103448275862,82.6086956521739,42.8571428571429,54.5454545454545,75.7575757575758,80,87.8787878787879,91.7808219178082,76,56.25
"NC_059183.1.12546217.12546218",56.5217391304348,86.6666666666667,75,94.4444444444444,63.1578947368421,100,84.6153846153846,69.2307692307692,90.9090909090909,69.2307692307692,76.9230769230769,31.8181818181818,82.3529411764706,66.6666666666667,60,50,50,64.2857142857143,61.5384615384615,92.8571428571429,69.5652173913043,88.8888888888889,46.6666666666667,57.1428571428571,68.75,60,77.7777777777778,89.8305084745763,57.1428571428571,56.25
"NC_059183.1.12546231.12546232",38.0952380952381,25,53.3333333333333,21.4285714285714,0,23.5294117647059,0,0,27.2727272727273,0,0,0,73.3333333333333,24,0,0,0,0,12.5,0,13.6363636363636,50,0,31.5789473684211,0,0,16.6666666666667,56.3636363636364,31.5789473684211,0
"NC_059183.1.12652159.12652160",94.4444444444444,87.5,95,100,87.5,100,100,84.6153846153846,100,100,93.75,100,92.3076923076923,100,93.75,92.8571428571429,95.6521739130435,100,88.8888888888889,100,91.304347826087,100,100,92.3076923076923,100,100,87.5,92,91.6666666666667,90.4761904761905
"NC_059183.1.12652246.12652247",68.75,71.4285714285714,70,46.6666666666667,61.1111111111111,70.5882352941177,62.5,69.2307692307692,76.1904761904762,64.7058823529412,61.9047619047619,57.6923076923077,58.3333333333333,43.75,66.6666666666667,84.6153846153846,80,86.3636363636364,77.7777777777778,73.0769230769231,65.2173913043478,68.9655172413793,66.6666666666667,71.4285714285714,69.6969696969697,59.4594594594595,66.6666666666667,75,75.8620689655172,59.375
"NC_059183.1.12652288.12652289",93.75,93.75,89.4736842105263,100,90,100,100,100,95.4545454545455,100,95,96.4285714285714,94.7368421052632,89.4736842105263,92,100,100,100,100,100,100,96.7741935483871,100,100,100,94.2857142857143,95.4545454545455,95.6521739130435,100,96.875
"NC_059183.1.12652324.12652325",100,96.4285714285714,95,100,94.4444444444444,100,100,100,100,100,100,96.1538461538462,90,100,88,100,91.6666666666667,92.3076923076923,95,100,95.8333333333333,96.1538461538462,100,100,97.3684210526316,93.5483870967742,100,97.7777777777778,95,96.2962962962963
"NC_059183.1.12652375.12652376",92.8571428571429,72.7272727272727,76.9230769230769,81.8181818181818,86.6666666666667,78.5714285714286,88.2352941176471,66.6666666666667,93.3333333333333,78.5714285714286,83.3333333333333,86.9565217391304,86.3636363636364,64.2857142857143,55,84.2105263157895,84.6153846153846,87.5,85.7142857142857,87.5,90.4761904761905,83.3333333333333,75,81.8181818181818,86.9565217391304,89.2857142857143,64.7058823529412,93.1818181818182,83.3333333333333,77.7777777777778
"NC_059183.1.12928285.12928286",84,95,93.3333333333333,100,100,100,100,92.8571428571429,90.9090909090909,100,100,96.551724137931,95.8333333333333,93.75,91.304347826087,89.4736842105263,82.3529411764706,85,100,100,94.1176470588235,94.7368421052632,92.3076923076923,100,81.4814814814815,95,90.4761904761905,88.2352941176471,92.8571428571429,93.3333333333333
"NC_059183.1.12928336.12928337",91.6666666666667,95.2380952380952,100,95,100,100,93.75,100,91.6666666666667,91.6666666666667,89.4736842105263,90.625,100,100,100,90.4761904761905,100,95.8333333333333,100,100,92.3076923076923,95,86.6666666666667,94.4444444444444,93.1034482758621,95.8333333333333,95.6521739130435,94.1176470588235,100,87.5
"NC_059183.1.13007551.13007552",91.304347826087,97.2972972972973,100,95.2380952380952,100,95.6521739130435,92.3076923076923,90,100,95,100,96,100,95.6521739130435,95.6521739130435,100,96.2962962962963,93.3333333333333,96.6666666666667,96,100,100,93.1034482758621,100,100,96.969696969697,97.2972972972973,100,90.625,88
"NC_059183.1.13007589.13007590",94.7368421052632,84.6153846153846,100,100,100,90.4761904761905,93.5483870967742,100,100,100,95.2380952380952,87.0967741935484,95.8333333333333,96.1538461538462,100,100,96.4285714285714,93.3333333333333,97.1428571428571,96.2962962962963,100,94.7368421052632,100,92.8571428571429,96.7741935483871,100,96.969696969697,100,93.9393939393939,100
"NC_059183.1.13048601.13048602",100,88.2352941176471,100,84.2105263157895,100,100,100,93.3333333333333,94.1176470588235,100,83.3333333333333,100,100,100,100,100,96.551724137931,96.7741935483871,83.3333333333333,100,100,91.6666666666667,100,100,100,94.1176470588235,100,94.7368421052632,88,92.8571428571429
"NC_059183.1.13048681.13048682",84.6153846153846,52.3809523809524,85.7142857142857,93.3333333333333,90.9090909090909,100,76.9230769230769,100,40,94.7368421052632,91.6666666666667,89.6551724137931,100,76.4705882352941,85.7142857142857,100,80.9523809523809,95.6521739130435,92,93.75,93.3333333333333,86.9565217391304,76,88.2352941176471,66.6666666666667,89.4736842105263,100,83.3333333333333,88.8888888888889,100
"NC_059183.1.13048701.13048702",61.5384615384615,45.8333333333333,61.5384615384615,64.2857142857143,68.4210526315789,88.8888888888889,91.6666666666667,100,7.14285714285714,80,86.6666666666667,82.1428571428571,58.3333333333333,57.1428571428571,67.8571428571429,72,80,90.4761904761905,78.2608695652174,88.8888888888889,93.3333333333333,65.2173913043478,54.1666666666667,72.2222222222222,75,76.1904761904762,73.0769230769231,84.8484848484848,68.75,88.2352941176471
"NC_059183.1.13048737.13048738",72.7272727272727,83.3333333333333,91.6666666666667,91.6666666666667,93.75,94.1176470588235,76.9230769230769,100,37.5,94.1176470588235,100,88,66.6666666666667,83.3333333333333,84,44,90,95.6521739130435,90.4761904761905,100,94.7368421052632,86.9565217391304,73.9130434782609,77.7777777777778,95.2380952380952,95.2380952380952,95.6521739130435,100,90,86.6666666666667
"NC_059183.1.13071898.13071899",89.4736842105263,91.6666666666667,100,100,94.1176470588235,88.2352941176471,83.3333333333333,95.4545454545455,91.6666666666667,94.7368421052632,93.75,100,100,90.4761904761905,83.3333333333333,93.3333333333333,90.9090909090909,95,100,100,96.1538461538462,100,95.4545454545455,89.6551724137931,100,88.2352941176471,95.8333333333333,90.4761904761905,96.1538461538462,92.5925925925926
"NC_059183.1.13072265.13072266",33.3333333333333,35.7142857142857,38.8888888888889,57.1428571428571,19.047619047619,85.7142857142857,0,94.1176470588235,94.1176470588235,100,90.9090909090909,100,30.7692307692308,40,44.4444444444444,84.2105263157895,58.3333333333333,92.8571428571429,44.4444444444444,33.3333333333333,96,100,96.1538461538462,43.4782608695652,6.25,100,88,93.3333333333333,100,69.2307692307692
"NC_059183.1.13305501.13305502",40.9090909090909,0,0,0,0,0,0,0,0,0,0,0,0,0,0,0,0,0,0,0,0,0,0,0,26.0869565217391,61.9047619047619,0,0,2.94117647058824,0
"NC_059183.1.13853168.13853169",58.3333333333333,66.6666666666667,30,38.4615384615385,76.9230769230769,73.3333333333333,30,61.9047619047619,46.1538461538462,70.5882352941177,66.6666666666667,52.6315789473684,53.3333333333333,46.1538461538462,66.6666666666667,62.5,66.6666666666667,33.3333333333333,50,57.1428571428571,80,75,61.1111111111111,52.1739130434783,72.2222222222222,77.2727272727273,44.8275862068966,66.6666666666667,57.8947368421053,58.3333333333333
"NC_059183.1.13866619.13866620",100,100,94.1176470588235,92,95.2380952380952,100,100,90.9090909090909,95.2380952380952,96.2962962962963,93.3333333333333,95.6521739130435,100,95.6521739130435,100,96,100,86.6666666666667,100,100,95.6521739130435,100,100,95,89.2857142857143,96.6666666666667,93.75,94.1176470588235,94.1176470588235,100
"NC_059183.1.13866661.13866662",91.304347826087,100,84.2105263157895,100,95.8333333333333,95.4545454545455,100,90,100,94.7368421052632,100,94.7368421052632,100,90.4761904761905,95,92.5925925925926,88.8888888888889,100,100,95.2380952380952,95,94.7368421052632,100,100,95.2380952380952,92.3076923076923,92.8571428571429,100,89.4736842105263,100
"NC_059183.1.13866686.13866687",86.9565217391304,78.5714285714286,64.7058823529412,75,86.9565217391304,87.5,87.5,91.6666666666667,89.4736842105263,80,77.7777777777778,94.4444444444444,93.3333333333333,90,85,85.1851851851852,94.4444444444444,81.25,91.6666666666667,86.3636363636364,85.7142857142857,81.25,66.6666666666667,95.4545454545455,86.3636363636364,76.6666666666667,80,90.625,95,85
"NC_059183.1.13866811.13866812",86.3636363636364,96,100,100,94.4444444444444,89.2857142857143,95,84.2105263157895,88.8888888888889,100,93.9393939393939,93.5483870967742,95.2380952380952,100,100,100,96,93.75,96.1538461538462,96.551724137931,92.5925925925926,95.4545454545455,96.1538461538462,95.6521739130435,95.4545454545455,93.5483870967742,91.304347826087,93.8461538461538,100,85.7142857142857
"NC_059183.1.13932522.13932523",90.4761904761905,85.2941176470588,82.3529411764706,100,85.7142857142857,82.3529411764706,76.4705882352941,90,91.304347826087,87.5,86.6666666666667,42.1052631578947,44.4444444444444,61.5384615384615,86.3636363636364,90,100,83.3333333333333,45,41.1764705882353,100,86.9565217391304,93.75,100,93.3333333333333,94.1176470588235,82.6086956521739,0,85.7142857142857,81.8181818181818
"NC_059183.1.14065809.14065810",27.7777777777778,0,0,0,0,0,0,0,0,0,0,0,0,5.26315789473684,0,0,0,0,0,0,0,0,0,0,0,0,0,0,0,0
"NC_059183.1.14157595.14157596",100,91.6666666666667,100,100,92.3076923076923,93.75,93.75,94.1176470588235,89.4736842105263,100,100,95.8333333333333,90,94.4444444444444,93.5483870967742,94.7368421052632,93.5483870967742,100,95.2380952380952,90.9090909090909,100,92.8571428571429,100,100,100,84,100,100,100,100
"NC_059183.1.14184838.14184839",52.9411764705882,0,0,0,0,38.0952380952381,30.7692307692308,0,26.3157894736842,12,3.7037037037037,23.5294117647059,47.3684210526316,30,29.0322580645161,0,0,0,0,30,0,28.5714285714286,30,0,0,0,0,36.3636363636364,0,12.5
"NC_059183.1.14298525.14298526",100,100,100,93.75,100,85.7142857142857,92.3076923076923,85.7142857142857,100,94.7368421052632,92.3076923076923,83.3333333333333,100,93.75,89.4736842105263,100,78.5714285714286,76.1904761904762,94.7368421052632,100,100,100,100,100,100,95.4545454545455,95.2380952380952,88.8888888888889,93.3333333333333,90
"NC_059183.1.14332003.14332004",100,95.2380952380952,100,100,94.1176470588235,93.75,100,100,94.7368421052632,100,96.1538461538462,93.75,91.6666666666667,92.8571428571429,88.2352941176471,100,88.8888888888889,92.3076923076923,96.6666666666667,96,100,95.8333333333333,95.6521739130435,96.7741935483871,96.1538461538462,100,95.6521739130435,97.5,95.8333333333333,95
"NC_059183.1.14332045.14332046",92.3076923076923,82.3529411764706,100,100,92.3076923076923,100,90.9090909090909,92.8571428571429,100,90.9090909090909,73.3333333333333,85,88.8888888888889,92.8571428571429,85.1851851851852,91.8918918918919,94.4444444444444,91.6666666666667,100,90,100,84.2105263157895,89.4736842105263,92.5925925925926,95.6521739130435,95.6521739130435,80.9523809523809,90.6976744186046,95.8333333333333,90
"NC_059183.1.14401547.14401548",28.5714285714286,57.8947368421053,33.3333333333333,27.7777777777778,61.9047619047619,50,57.1428571428571,60,46.6666666666667,25,36.8421052631579,70.5882352941177,35.7142857142857,15.3846153846154,32.1428571428571,56,60,40,53.3333333333333,59.0909090909091,40.7407407407407,53.3333333333333,36.3636363636364,17.6470588235294,52.6315789473684,38.0952380952381,55.5555555555556,61.5384615384615,41.6666666666667,50
"NC_059183.1.14659826.14659827",92.8571428571429,0,100,0,92.8571428571429,94.7368421052632,69.2307692307692,35.2941176470588,100,100,46.6666666666667,100,100,100,0,25,91.6666666666667,40,65,100,47.3684210526316,66.6666666666667,94.4444444444444,100,92.8571428571429,100,90.9090909090909,97.1428571428571,21.4285714285714,35.2941176470588
"NC_059183.1.14684160.14684161",94.4444444444444,81.25,95.8333333333333,81.25,100,100,100,95,100,94.1176470588235,100,100,100,100,100,95,95.4545454545455,100,100,100,100,95.4545454545455,100,100,100,96.1538461538462,100,100,100,100
"NC_059183.1.14839234.14839235",100,93.75,41.6666666666667,93.75,52.9411764705882,100,0,84.2105263157895,26.3157894736842,47.3684210526316,100,0,38.4615384615385,25,100,43.75,45,54.1666666666667,44,46.1538461538462,44.4444444444444,100,0,66.6666666666667,38.4615384615385,46.6666666666667,95.6521739130435,37.5,100,25
"NC_059183.1.14839332.14839333",28.5714285714286,94.1176470588235,31.8181818181818,93.75,46.1538461538462,92.8571428571429,0,68.4210526315789,30,0,75,35.2941176470588,81.25,100,43.75,5.88235294117647,55,70,60,48.3870967741936,5.88235294117647,75,0,0,0,12.5,43.4782608695652,5.26315789473684,85.2941176470588,27.7777777777778
"NC_059183.1.14856644.14856645",80.7692307692308,81.4814814814815,84.6153846153846,72.2222222222222,83.3333333333333,84.2105263157895,100,66.6666666666667,61.1111111111111,80,81.25,100,75,100,76.6666666666667,75,87.5,90.4761904761905,96.1538461538462,84,77.2727272727273,80,88,83.3333333333333,84,90.4761904761905,84.6153846153846,93.3333333333333,96,81.8181818181818
"NC_059183.1.14856755.14856756",92,95.6521739130435,85.7142857142857,47.0588235294118,93.75,92.3076923076923,93.3333333333333,86.6666666666667,85.7142857142857,88,92.8571428571429,95.6521739130435,73.3333333333333,90,96.1538461538462,82.3529411764706,90.9090909090909,90.4761904761905,92.3076923076923,80,100,90.9090909090909,94.1176470588235,78.2608695652174,66.6666666666667,87.5,72,80,80.9523809523809,80.9523809523809
"NC_059183.1.14975923.14975924",100,91.6666666666667,100,87.5,100,100,90.9090909090909,86.6666666666667,92.8571428571429,94.7368421052632,100,100,95.4545454545455,100,100,100,100,90.9090909090909,94.2857142857143,96.1538461538462,57.1428571428571,100,100,100,100,100,100,92.8571428571429,95.2380952380952,95.2380952380952
"NC_059183.1.14976108.14976109",100,100,100,100,93.3333333333333,100,100,92.8571428571429,88.8888888888889,95,91.6666666666667,100,73.3333333333333,100,94.7368421052632,94.4444444444444,91.6666666666667,95,94.7368421052632,100,100,84.6153846153846,100,100,93.3333333333333,96.2962962962963,100,91.6666666666667,95.8333333333333,85.7142857142857
"NC_059183.1.14976261.14976262",50,57.1428571428571,5.55555555555556,90,0,64,45.4545454545455,14.2857142857143,0,94.4444444444444,93.75,88.2352941176471,45.8333333333333,63.6363636363636,40,52.1739130434783,92.3076923076923,52.9411764705882,100,90.4761904761905,100,88.2352941176471,96.1538461538462,77.7777777777778,47.8260869565217,45.8333333333333,0,100,41.6666666666667,0
"NC_059183.1.15060773.15060774",100,89.4736842105263,100,100,100,94.4444444444444,100,92.3076923076923,90.9090909090909,88.2352941176471,100,100,100,100,95.8333333333333,100,88.8888888888889,100,100,94.1176470588235,100,86.6666666666667,94.7368421052632,88.2352941176471,94.4444444444444,100,84.6153846153846,100,90,100
"NC_059183.1.15081196.15081197",93.75,100,100,100,100,93.5483870967742,89.4736842105263,84.6153846153846,100,100,100,93.3333333333333,93.3333333333333,94.4444444444444,86.6666666666667,100,100,100,100,100,100,94.7368421052632,100,85.7142857142857,93.75,96.6666666666667,88.8888888888889,100,100,86.3636363636364
"NC_059183.1.15081254.15081255",83.3333333333333,100,94.7368421052632,95.6521739130435,100,71.875,90,92.3076923076923,83.3333333333333,96.551724137931,100,97.2222222222222,85.7142857142857,95.2380952380952,89.4736842105263,92.5925925925926,93.1034482758621,77.2727272727273,86.3636363636364,80,87.5,85.1851851851852,86.9565217391304,88.8888888888889,90,96.6666666666667,76.9230769230769,91.8918918918919,88.8888888888889,81.4814814814815
"NC_059183.1.15081287.15081288",58.8235294117647,54.8387096774194,88.8888888888889,75,72,79.3103448275862,79.1666666666667,91.6666666666667,80,92,64.2857142857143,86.4864864864865,79.3103448275862,81.25,70.2702702702703,92,84.6153846153846,88.2352941176471,69.5652173913043,86.9565217391304,100,85,79.3103448275862,82.3529411764706,77.7777777777778,87.5,75,83.7837837837838,63.1578947368421,76
"NC_059183.1.15081359.15081360",93.75,93.3333333333333,50,100,96.6666666666667,100,95.2380952380952,46.6666666666667,100,90,100,100,100,100,94.1176470588235,100,100,94.7368421052632,92.5925925925926,90.9090909090909,52.3809523809524,100,100,100,100,95.8333333333333,95.2380952380952,100,100,63.1578947368421
"NC_059183.1.15081370.15081371",87.5,92.8571428571429,47.8260869565217,100,96.4285714285714,93.75,95,57.1428571428571,90.9090909090909,100,100,100,96,100,92.8571428571429,96,95.2380952380952,100,96.1538461538462,95.4545454545455,52.6315789473684,95.6521739130435,100,100,100,96,100,100,93.75,64.7058823529412
"NC_059183.1.15445566.15445567",30,0,0,0,0,0,0,0,0,0,0,0,0,0,0,0,0,0,0,6.66666666666667,0,0,0,0,0,0,0,0,0,0
"NC_059183.1.15775137.15775138",100,87.5,92.3076923076923,100,100,94.4444444444444,100,93.75,80,100,95,100,100,100,96.1538461538462,100,94.1176470588235,100,90.9090909090909,92.3076923076923,100,100,100,95.2380952380952,100,100,92.3076923076923,100,100,100
"NC_059183.1.15780244.15780245",100,88,100,100,100,100,100,100,92.8571428571429,100,100,97.1428571428571,82.3529411764706,100,93.75,95.2380952380952,86.3636363636364,88.8888888888889,100,100,100,100,92.5925925925926,100,100,87.5,95.8333333333333,92.8571428571429,94.4444444444444,90
"NC_059183.1.15780385.15780386",100,88.8888888888889,93.75,96.6666666666667,100,100,100,53.3333333333333,25,95.4545454545455,95.2380952380952,96.875,96.2962962962963,100,97.2972972972973,100,41.1764705882353,100,100,42.8571428571429,44.8275862068966,100,100,100,96.551724137931,53.3333333333333,100,100,33.3333333333333,93.1034482758621
"NC_059183.1.15780398.15780399",95.8333333333333,96.551724137931,94.1176470588235,100,100,100,95.8333333333333,93.75,85.7142857142857,95.8333333333333,96,93.75,90,94.1176470588235,97.2222222222222,80.9523809523809,100,94.1176470588235,100,91.304347826087,100,100,100,100,100,100,100,92.8571428571429,96.4285714285714,90.625
"NC_059183.1.15780512.15780513",100,90,100,92.3076923076923,92.8571428571429,100,94.1176470588235,100,81.25,100,95.2380952380952,91.4285714285714,91.6666666666667,94.1176470588235,92,95,100,87.5,92,83.3333333333333,85.7142857142857,95.8333333333333,100,100,96,100,95,100,84.6153846153846,86.9565217391304
"NC_059183.1.16010886.16010887",95,100,100,92.3076923076923,100,91.6666666666667,100,100,100,93.3333333333333,93.3333333333333,92.3076923076923,100,100,100,100,100,87.5,95.2380952380952,100,100,90,100,100,100,100,100,90.4761904761905,100,100
"NC_059183.1.16011242.16011243",100,100,100,100,100,90.9090909090909,93.3333333333333,100,100,100,100,100,100,100,96,100,90,92.3076923076923,95.8333333333333,94.1176470588235,93.3333333333333,100,90.4761904761905,100,100,100,92.3076923076923,95.4545454545455,100,94.1176470588235
"NC_059183.1.16224684.16224685",93.3333333333333,84.6153846153846,78.5714285714286,83.3333333333333,81.25,68.75,76.4705882352941,100,66.6666666666667,83.3333333333333,92,84.2105263157895,94.4444444444444,80,72,81.8181818181818,89.4736842105263,84.2105263157895,63.6363636363636,85,71.4285714285714,75,95.6521739130435,86.9565217391304,86.9565217391304,88,96.551724137931,88.0952380952381,80,84.6153846153846
"NC_059183.1.16362464.16362465",100,100,94.1176470588235,80,92.3076923076923,100,91.304347826087,95,100,100,92.8571428571429,94.1176470588235,88.2352941176471,81.8181818181818,87.5,93.75,100,94.1176470588235,88.4615384615385,72.7272727272727,95,92.3076923076923,95.2380952380952,100,95.4545454545455,100,92.8571428571429,94.7368421052632,100,100
"NC_059183.1.16473917.16473918",100,100,100,100,93.3333333333333,89.6551724137931,100,100,94.1176470588235,93.75,95.8333333333333,92,94.7368421052632,94.7368421052632,97.3684210526316,90.3225806451613,100,100,88.2352941176471,100,93.3333333333333,100,100,87.5,100,86.6666666666667,96.2962962962963,57.8947368421053,100,95.2380952380952
"NC_059183.1.16754099.16754100",17.6470588235294,17.2413793103448,78.5714285714286,4.54545454545455,60,68.75,0,50,72.7272727272727,43.75,4.54545454545455,83.3333333333333,0,0,9.52380952380952,36,4.76190476190476,73.3333333333333,8.69565217391304,10,53.3333333333333,0,25.9259259259259,36,0,29.1666666666667,9.09090909090909,96.4285714285714,4.34782608695652,0
"NC_059183.1.17022730.17022731",100,100,100,100,100,94.4444444444444,93.75,93.3333333333333,100,100,100,90,100,92.8571428571429,100,100,95.2380952380952,94.4444444444444,96.551724137931,90,100,100,100,96.551724137931,94.1176470588235,100,100,93.3333333333333,100,100
"NC_059183.1.17022760.17022761",100,92.3076923076923,100,91.6666666666667,93.75,89.4736842105263,100,100,100,93.75,92.8571428571429,78.2608695652174,95.2380952380952,92.8571428571429,86.6666666666667,100,95.6521739130435,100,94.4444444444444,90.9090909090909,94.7368421052632,94.1176470588235,83.3333333333333,91.6666666666667,90,94.7368421052632,100,87.5,88,100
"NC_059183.1.17201698.17201699",52.6315789473684,4.16666666666667,38.8888888888889,50,0,7.14285714285714,0,0,0,0,0,55.5555555555556,66.6666666666667,100,4.34782608695652,0,0,0,58.6206896551724,92.8571428571429,0,0,0,0,4.76190476190476,0,42.3076923076923,0,0,0
"NC_059183.1.17201965.17201966",86.3636363636364,100,92.3076923076923,87.5,95.2380952380952,100,100,100,100,94.7368421052632,100,95,90,94.4444444444444,100,93.5483870967742,100,100,93.75,100,100,77.2727272727273,100,95,100,90,100,100,100,85.7142857142857
"NC_059183.1.17327192.17327193",42.8571428571429,70.8333333333333,60,50,66.6666666666667,40,65.3846153846154,50,66.6666666666667,83.3333333333333,51.5151515151515,66.6666666666667,80,50,50,53.8461538461538,81.25,70.5882352941177,91.6666666666667,64.2857142857143,66.6666666666667,52.1739130434783,64.7058823529412,42.3076923076923,72,42.3076923076923,78.9473684210526,90.9090909090909,68,70.8333333333333
"NC_059183.1.17327264.17327265",50,70,55.5555555555556,58.8235294117647,80,51.7241379310345,55,60,84.6153846153846,90,55.5555555555556,75,71.4285714285714,58.8235294117647,43.3333333333333,50,81.8181818181818,66.6666666666667,100,80,63.1578947368421,57.8947368421053,57.8947368421053,64,79.1666666666667,43.75,82.3529411764706,85.7142857142857,66.6666666666667,81.8181818181818
"NC_059183.1.17409294.17409295",41.6666666666667,75,81.8181818181818,63.1578947368421,51.8518518518519,55.5555555555556,83.3333333333333,66.6666666666667,86.6666666666667,52.9411764705882,35.2941176470588,46.6666666666667,50,29.4117647058824,34.7826086956522,90.9090909090909,54.5454545454545,46.1538461538462,50,38.8888888888889,93.75,94.4444444444444,90,30.7692307692308,23.6363636363636,69.5652173913043,48.1481481481481,85,59.0909090909091,31.25
"NC_059183.1.17409326.17409327",46.4285714285714,78.9473684210526,50,55,60,47.6190476190476,50,0,73.3333333333333,65.2173913043478,40,51.4285714285714,67.8571428571429,15.1515151515152,34.8837209302326,76.1904761904762,22.2222222222222,40,65.625,36,85.7142857142857,94.4444444444444,72.7272727272727,0,16.9491525423729,71.4285714285714,37.5,72.7272727272727,59.2592592592593,20.9302325581395
"NC_059183.1.17941391.17941392",100,46.6666666666667,93.75,100,100,92.8571428571429,96.4285714285714,90,93.3333333333333,50,90.9090909090909,100,100,100,95.6521739130435,100,90.9090909090909,73.3333333333333,97.6190476190476,100,100,100,88.8888888888889,95,97.1428571428571,96.875,96.6666666666667,90,100,100
"NC_059183.1.17941401.17941402",90.9090909090909,40,93.75,95.8333333333333,100,100,92.5925925925926,90,93.3333333333333,61.5384615384615,90.9090909090909,100,96,100,91.304347826087,100,90,74.1935483870968,97.5,100,94.7368421052632,92.3076923076923,88.8888888888889,95,93.5483870967742,93.75,83.8709677419355,90.4761904761905,96.551724137931,96.4285714285714
"NC_059183.1.17941407.17941408",90.9090909090909,40,75,95.8333333333333,90.4761904761905,100,88,95,100,38.4615384615385,100,92.5925925925926,96,100,96,92.3076923076923,75,48.4848484848485,94.7368421052632,92.5925925925926,89.4736842105263,92.5925925925926,81.4814814814815,94.7368421052632,93.75,80.6451612903226,90.625,90.4761904761905,96.551724137931,85.7142857142857
"NC_059183.1.17982823.17982824",80,42.8571428571429,23.0769230769231,93.75,100,84,94.1176470588235,92.3076923076923,100,56.25,88.8888888888889,100,94.7368421052632,70,93.75,80.9523809523809,30.7692307692308,90,94.7368421052632,87.5,50,50,100,95.4545454545455,64.7058823529412,100,85.7142857142857,42.1052631578947,46.1538461538462,95
"NC_059183.1.17982853.17982854",86.6666666666667,53.3333333333333,14.2857142857143,93.3333333333333,83.3333333333333,83.3333333333333,94.1176470588235,87.5,100,36.3636363636364,85.7142857142857,92.8571428571429,90.4761904761905,62.5,100,80.9523809523809,35.7142857142857,100,85,81.25,40,50,92.3076923076923,95.4545454545455,46.1538461538462,100,80,29.4117647058824,33.3333333333333,85.7142857142857
"NC_059183.1.18099478.18099479",38.8888888888889,42.1052631578947,70,72,73.3333333333333,80.9523809523809,63.1578947368421,52.9411764705882,76.4705882352941,36.8421052631579,68.4210526315789,48.3870967741936,72.7272727272727,47.8260869565217,53.125,60.6060606060606,41.1764705882353,82.6086956521739,51.8518518518519,85.7142857142857,84,47.3684210526316,93.3333333333333,92,52,84.2105263157895,86.9565217391304,73.9130434782609,33.3333333333333,57.8947368421053
"NC_059183.1.18119329.18119330",88.8888888888889,79.1666666666667,81.25,56.25,86.6666666666667,84.2105263157895,85,100,85.7142857142857,88.8888888888889,68.4210526315789,96.551724137931,66.6666666666667,86.3636363636364,80.9523809523809,64.2857142857143,87.5,80,95.6521739130435,85,92.3076923076923,72.4137931034483,81.8181818181818,78.5714285714286,72.7272727272727,83.3333333333333,91.6666666666667,68.4210526315789,83.3333333333333,70
"NC_059183.1.18119419.18119420",100,84.2105263157895,100,94.7368421052632,93.75,95.2380952380952,100,91.6666666666667,100,86.3636363636364,95,94.7368421052632,100,100,78.9473684210526,94.7368421052632,86.6666666666667,100,90.4761904761905,93.75,95.4545454545455,100,100,100,100,100,95.6521739130435,96.4285714285714,96.7741935483871,100
"NC_059183.1.18451855.18451856",95,86.6666666666667,100,81.25,91.6666666666667,100,94.1176470588235,85.7142857142857,92.3076923076923,95.4545454545455,88.2352941176471,78.2608695652174,100,90.9090909090909,76,89.4736842105263,93.75,100,88.8888888888889,100,96,86.3636363636364,94.7368421052632,88.8888888888889,100,95.2380952380952,100,94.1176470588235,100,86.9565217391304
"NC_059183.1.18608509.18608510",90.4761904761905,93.3333333333333,100,81.8181818181818,95.4545454545455,95,87.5,83.3333333333333,94.4444444444444,95.4545454545455,90.4761904761905,100,96.1538461538462,96,93.1034482758621,100,93.75,94.1176470588235,94.4444444444444,97.2222222222222,100,100,96,95.8333333333333,96.1538461538462,100,96.2962962962963,100,96.7741935483871,96.4285714285714
"NC_059183.1.18608527.18608528",100,88.2352941176471,93.75,81.8181818181818,95.4545454545455,90,93.75,82.3529411764706,100,95.6521739130435,86.3636363636364,96.7741935483871,91.304347826087,95.6521739130435,100,96.551724137931,85.7142857142857,94.7368421052632,97.0588235294118,93.5483870967742,96.969696969697,95.8333333333333,100,100,100,92.3076923076923,100,94.7368421052632,96.551724137931,96.2962962962963
"NC_059183.1.18608542.18608543",100,88.2352941176471,81.25,63.6363636363636,91.304347826087,95,87.5,84.2105263157895,92.8571428571429,85,85.7142857142857,89.2857142857143,95.2380952380952,81.8181818181818,90,84.6153846153846,92.8571428571429,94.4444444444444,87.0967741935484,90,96.875,91.304347826087,95.8333333333333,95.4545454545455,93.3333333333333,88.8888888888889,81.4814814814815,94.4444444444444,92.3076923076923,96.2962962962963
"NC_059183.1.18834413.18834414",95.2380952380952,95.2380952380952,75,100,94.1176470588235,89.4736842105263,84.2105263157895,85.7142857142857,87.5,95.4545454545455,93.3333333333333,90,100,90,95.2380952380952,78.9473684210526,84.6153846153846,87.5,80,95.4545454545455,95.6521739130435,90.4761904761905,92,93.3333333333333,84.2105263157895,89.2857142857143,81.25,91.6666666666667,95.4545454545455,87.5
"NC_059183.1.18834429.18834430",95.2380952380952,80.9523809523809,93.75,87.5,88.2352941176471,83.3333333333333,94.7368421052632,91.6666666666667,94.1176470588235,91.6666666666667,57.1428571428571,81.8181818181818,95.4545454545455,100,95.6521739130435,85.7142857142857,80,87.5,88,81.8181818181818,95.8333333333333,95.2380952380952,91.6666666666667,96.2962962962963,88.2352941176471,88.8888888888889,87.5,90.9090909090909,85.7142857142857,91.6666666666667
"NC_059183.1.18886532.18886533",100,100,100,68.4210526315789,100,93.75,64.7058823529412,90.9090909090909,93.3333333333333,100,84.6153846153846,100,93.75,100,100,88.2352941176471,86.6666666666667,94.1176470588235,96.551724137931,95,100,96,94.4444444444444,87.5,96.2962962962963,94.1176470588235,100,90.9090909090909,94.1176470588235,90
"NC_059183.1.18907428.18907429",100,81.8181818181818,93.3333333333333,61.5384615384615,58.3333333333333,47.0588235294118,73.3333333333333,100,86.6666666666667,35.2941176470588,100,93.75,93.75,86.6666666666667,35,58.0645161290323,66.6666666666667,80,100,84.6153846153846,100,100,100,41.6666666666667,60,88.2352941176471,100,92.3076923076923,58.3333333333333,100
"NC_059183.1.18927264.18927265",100,91.6666666666667,100,100,100,100,93.75,92.8571428571429,54.5454545454545,100,90.9090909090909,95.2380952380952,90.9090909090909,100,100,100,100,100,95,100,100,100,100,100,100,100,100,92.3076923076923,100,100
"NC_059183.1.18975674.18975675",100,100,95.2380952380952,100,91.6666666666667,100,100,100,92.3076923076923,94.7368421052632,85,100,92.3076923076923,100,100,82.6086956521739,94.4444444444444,100,100,100,96,93.75,90,95.2380952380952,95.8333333333333,93.3333333333333,95.6521739130435,96.1538461538462,90.9090909090909,100
"NC_059183.1.18975707.18975708",93.75,95,100,100,100,100,100,100,100,100,92.8571428571429,100,100,100,100,92.3076923076923,96,93.3333333333333,100,100,96.2962962962963,100,100,94.7368421052632,100,100,100,100,100,93.3333333333333
"NC_059183.1.18975829.18975830",88.2352941176471,94.4444444444444,80,82.3529411764706,61.5384615384615,83.3333333333333,91.6666666666667,90,83.3333333333333,88,80.7692307692308,82.7586206896552,52.6315789473684,29.4117647058824,70.2702702702703,67.741935483871,82.7586206896552,90,95.6521739130435,100,82.3529411764706,83.3333333333333,77.7777777777778,81.25,70.8333333333333,84.2105263157895,63.1578947368421,87.5,76,65.2173913043478
"NC_059184.1.106131.106132",86.6666666666667,77.7777777777778,73.6842105263158,61.5384615384615,70,81.8181818181818,75,69.2307692307692,84.6153846153846,86.6666666666667,92.3076923076923,76,81.25,41.1764705882353,77.7777777777778,84,35.7142857142857,88.8888888888889,83.8709677419355,83.3333333333333,90.9090909090909,87.5,77.7777777777778,83.3333333333333,40,75,78.5714285714286,33.3333333333333,85,69.2307692307692
"NC_059184.1.400649.400650",81.8181818181818,87.1794871794872,37.5,100,100,91.6666666666667,88.8888888888889,87.5,100,95.8333333333333,76.9230769230769,88.2352941176471,90.9090909090909,96.2962962962963,91.4285714285714,95.4545454545455,91.6666666666667,94.4444444444444,41.6666666666667,91.304347826087,95.6521739130435,85.7142857142857,94.7368421052632,96.2962962962963,95.2380952380952,89.2857142857143,97.2972972972973,92,100,92.5925925925926
"NC_059184.1.400721.400722",100,97.9166666666667,93.75,95.4545454545455,95.6521739130435,100,100,100,100,95.8333333333333,100,92.3076923076923,85.1851851851852,100,96.969696969697,96.4285714285714,100,100,100,100,96.4285714285714,95.8333333333333,97.8723404255319,100,89.6551724137931,94.8717948717949,100,89.4736842105263,100,100
"NC_059184.1.400786.400787",100,93.1818181818182,88.2352941176471,100,95.6521739130435,100,100,100,100,90.4761904761905,100,94.5945945945946,100,100,100,96.1538461538462,100,88.2352941176471,95.8333333333333,96.551724137931,100,100,97.2972972972973,96.2962962962963,100,97.3684210526316,96.2962962962963,92.3076923076923,100,92.8571428571429
"NC_059184.1.400816.400817",95.8333333333333,91.1764705882353,91.6666666666667,88.8888888888889,95.4545454545455,92.8571428571429,90.4761904761905,86.6666666666667,100,100,100,96.7741935483871,100,90.4761904761905,95.2380952380952,100,100,100,95,100,95.6521739130435,96,100,88,100,100,96,90.9090909090909,100,95.6521739130435
"NC_059184.1.792843.792844",100,100,89.4736842105263,100,100,100,92.8571428571429,78.5714285714286,84.6153846153846,100,92.8571428571429,79.3103448275862,86.6666666666667,94.4444444444444,90.4761904761905,100,92.8571428571429,84.6153846153846,87.5,96.2962962962963,95.8333333333333,78.9473684210526,100,94.1176470588235,94.7368421052632,91.6666666666667,89.6551724137931,100,85,78.5714285714286
"NC_059184.1.792889.792890",94.4444444444444,100,93.75,100,100,100,100,85.7142857142857,100,96,93.75,93.3333333333333,89.4736842105263,100,90,100,92.8571428571429,90.9090909090909,93.75,95.8333333333333,88.4615384615385,100,100,94.7368421052632,100,95.2380952380952,96.1538461538462,100,100,86.6666666666667
"NC_059184.1.800943.800944",62.5,56.25,56.25,78.5714285714286,76.9230769230769,52.9411764705882,54.5454545454545,54.5454545454545,61.5384615384615,37.5,35.7142857142857,47.6190476190476,42.8571428571429,50,31.8181818181818,60,76.4705882352941,31.5789473684211,64.2857142857143,64.7058823529412,56.25,58.8235294117647,35.2941176470588,41.6666666666667,31.5789473684211,48.1481481481481,50,70,66.6666666666667,46.6666666666667
"NC_059184.1.815322.815323",66.6666666666667,84.6153846153846,83.3333333333333,73.3333333333333,90.9090909090909,83.3333333333333,92.3076923076923,85.7142857142857,88.8888888888889,81.8181818181818,87.5,72.2222222222222,88.8888888888889,81.8181818181818,89.4736842105263,84.6153846153846,87.5,93.3333333333333,81.8181818181818,90.4761904761905,89.2857142857143,84.6153846153846,68.75,93.3333333333333,77.4193548387097,92.3076923076923,72.2222222222222,92.8571428571429,100,81.8181818181818
"NC_059184.1.815330.815331",95.6521739130435,100,94.4444444444444,86.6666666666667,81.8181818181818,91.6666666666667,100,84.6153846153846,89.4736842105263,90.9090909090909,100,83.3333333333333,100,100,94.7368421052632,100,83.3333333333333,92.8571428571429,90.9090909090909,95.2380952380952,89.2857142857143,92,75,93.3333333333333,96.6666666666667,100,83.3333333333333,92.8571428571429,100,100
"NC_059184.1.815468.815469",67.8571428571429,60,50,78.9473684210526,75,57.8947368421053,61.9047619047619,45.4545454545455,78.9473684210526,46.6666666666667,64.2857142857143,76.1904761904762,73.0769230769231,69.2307692307692,80,56.5217391304348,85,75,84.6153846153846,95.2380952380952,72.7272727272727,76.9230769230769,77.7777777777778,68.75,72.7272727272727,68.75,50,86.9565217391304,50,66.6666666666667
"NC_059184.1.1315280.1315281",92.8571428571429,89.4736842105263,72.7272727272727,75,0,23.0769230769231,46.1538461538462,40,83.3333333333333,76.9230769230769,90,33.3333333333333,81.8181818181818,27.7777777777778,50,6.25,15.3846153846154,53.3333333333333,13.3333333333333,0,40.9090909090909,94.4444444444444,60,21.0526315789474,90,53.8461538461538,27.2727272727273,88.2352941176471,60,100
"NC_059184.1.1418399.1418400",100,100,90.9090909090909,100,93.75,100,100,100,92.3076923076923,100,100,95,100,100,85.7142857142857,100,76.9230769230769,90.9090909090909,96.2962962962963,90.9090909090909,100,92.8571428571429,92.3076923076923,95.2380952380952,90.4761904761905,100,94.1176470588235,100,94.1176470588235,100
"NC_059184.1.1418438.1418439",90.4761904761905,100,78.5714285714286,100,90.4761904761905,100,86.6666666666667,100,93.75,95.8333333333333,94.1176470588235,93.9393939393939,95,96,93.1034482758621,100,85.7142857142857,100,97.1428571428571,94.1176470588235,90,89.4736842105263,94.7368421052632,96.1538461538462,96,96.4285714285714,92.8571428571429,95.8333333333333,92.5925925925926,87.5
"NC_059184.1.1418515.1418516",100,100,100,100,100,100,100,92.3076923076923,100,100,90.4761904761905,93.5483870967742,100,91.304347826087,93.9393939393939,96.7741935483871,100,87.5,97.5,100,96,90.4761904761905,100,96.4285714285714,100,88,96.6666666666667,96.4285714285714,93.1034482758621,90
"NC_059184.1.1418546.1418547",100,100,100,100,95.4545454545455,100,100,91.6666666666667,100,92.5925925925926,100,96.7741935483871,94.1176470588235,90,100,100,92.3076923076923,90,93.9393939393939,100,91.6666666666667,94.7368421052632,100,100,100,100,100,100,100,94.1176470588235
"NC_059184.1.1519323.1519324",50,58.8235294117647,53.8461538461538,0,38.8888888888889,0,0,0,0,47.0588235294118,40.9090909090909,0,0,0,3.44827586206897,0,0,57.1428571428571,3.03030303030303,5,50,4.54545454545455,0,21.0526315789474,85.1851851851852,100,0,41.6666666666667,40,0
"NC_059184.1.1591580.1591581",100,100,94.1176470588235,100,60,93.75,95,100,90,92.3076923076923,100,100,90,92.8571428571429,70.8333333333333,90.9090909090909,95.4545454545455,95,100,100,100,100,100,92.3076923076923,96.4285714285714,50,89.4736842105263,100,96.551724137931,62.5
"NC_059184.1.1591664.1591665",54.5454545454545,41.1764705882353,0,56.25,54.5454545454545,38.4615384615385,0,0,58.8235294117647,0,0,45.4545454545455,61.1111111111111,0,0,4.16666666666667,0,5.55555555555556,0,37.5,0,0,38.8888888888889,0,0,0,38.8888888888889,0,0,0
"NC_059184.1.1591677.1591678",54.5454545454545,41.1764705882353,0,58.8235294117647,63.6363636363636,35.7142857142857,0,0,71.4285714285714,0,0,40.9090909090909,61.1111111111111,0,0,8.69565217391304,0,0,0,56.25,0,0,41.1764705882353,0,0,6.66666666666667,61.1111111111111,0,0,0
"NC_059184.1.1664355.1664356",90.9090909090909,87.5,100,100,95.4545454545455,100,91.6666666666667,93.3333333333333,100,100,95.4545454545455,100,100,100,95.6521739130435,91.304347826087,90.9090909090909,100,92,100,100,86.6666666666667,90,100,94.4444444444444,93.75,100,90,90.9090909090909,100
"NC_059184.1.2235106.2235107",94.1176470588235,87.5,100,93.75,100,96,91.6666666666667,94.4444444444444,85.7142857142857,100,90.9090909090909,96.6666666666667,91.304347826087,93.3333333333333,84.6153846153846,94.1176470588235,93.3333333333333,84.6153846153846,100,94.1176470588235,88.8888888888889,86.9565217391304,90.4761904761905,94.1176470588235,95.2380952380952,85,94.7368421052632,95,94.4444444444444,100
"NC_059184.1.2263900.2263901",87.5,70.9677419354839,83.3333333333333,84.2105263157895,90.4761904761905,77.7777777777778,65,70,60,75,69.5652173913043,62.962962962963,60.8695652173913,70,68.9655172413793,83.8709677419355,72.4137931034483,88.8888888888889,85.1851851851852,83.3333333333333,80,88.8888888888889,78.5714285714286,63.6363636363636,76.6666666666667,71.4285714285714,81.25,84.6153846153846,84.2105263157895,93.3333333333333
"NC_059184.1.2263942.2263943",75,81.25,70,77.7777777777778,72.7272727272727,76.9230769230769,66.6666666666667,82.6086956521739,72.7272727272727,90.9090909090909,82.6086956521739,76.6666666666667,58.3333333333333,66.6666666666667,75.8620689655172,84.8484848484848,78.125,76,100,90,81.0810810810811,75,80,66.6666666666667,91.1764705882353,88.4615384615385,86.6666666666667,100,88.8888888888889,58.8235294117647
"NC_059184.1.2315074.2315075",100,100,93.75,90.9090909090909,92.3076923076923,91.304347826087,100,100,100,100,93.75,90,100,92.8571428571429,100,100,93.75,100,100,91.6666666666667,96,100,89.4736842105263,95.2380952380952,93.75,100,93.75,89.4736842105263,100,100
"NC_059184.1.2545036.2545037",71.4285714285714,91.304347826087,75,100,95,92,30.4347826086957,57.8947368421053,100,45,93.1034482758621,96.7741935483871,88.8888888888889,94.7368421052632,97.1428571428571,100,90.4761904761905,28.5714285714286,32.1428571428571,100,56.5217391304348,85.1851851851852,52,39.1304347826087,100,96.4285714285714,97.1428571428571,100,89.6551724137931,65
"NC_059184.1.2562600.2562601",50,58.8235294117647,50,73.3333333333333,40,60,60,66.6666666666667,72.7272727272727,61.1111111111111,69.2307692307692,78.2608695652174,71.4285714285714,87.5,57.1428571428571,61.1111111111111,68.75,68.75,70.3703703703704,91.6666666666667,57.8947368421053,76.1904761904762,45.4545454545455,77.7777777777778,40,50,81.25,75,85.7142857142857,45
"NC_059184.1.2562636.2562637",91.6666666666667,94.4444444444444,100,88.2352941176471,100,90.4761904761905,100,92.3076923076923,100,100,100,95.2380952380952,100,93.75,100,100,100,94.4444444444444,95.8333333333333,100,100,95,100,94.4444444444444,92.3076923076923,100,93.3333333333333,90,86.6666666666667,100
"NC_059184.1.2562660.2562661",100,94.7368421052632,100,100,90.9090909090909,95.2380952380952,100,100,100,95,100,95.2380952380952,100,100,100,100,92.8571428571429,94.4444444444444,90.4761904761905,93.3333333333333,92.3076923076923,95,100,100,100,94.7368421052632,92.8571428571429,100,89.4736842105263,100
"NC_059184.1.2565938.2565939",100,81.8181818181818,100,100,94.7368421052632,86.6666666666667,94.4444444444444,100,90,88.8888888888889,93.75,96.6666666666667,92.3076923076923,88.8888888888889,93.75,94.1176470588235,100,90,90,94.4444444444444,88.8888888888889,86.6666666666667,96,100,87.5,100,100,94.7368421052632,95.8333333333333,94.1176470588235
"NC_059184.1.2687509.2687510",85.7142857142857,100,100,95.4545454545455,100,95.6521739130435,94.7368421052632,100,90,95,100,90,93.3333333333333,94.1176470588235,100,75,93.3333333333333,92.8571428571429,78.2608695652174,100,94.7368421052632,93.75,95,85.7142857142857,89.4736842105263,100,91.304347826087,92.8571428571429,100,100
"NC_059184.1.2690657.2690658",90.4761904761905,100,88.2352941176471,100,100,93.75,100,84.6153846153846,100,100,100,90.9090909090909,95.2380952380952,100,100,96,100,100,93.75,94.1176470588235,100,100,86.6666666666667,100,94.1176470588235,100,100,100,94.1176470588235,100
"NC_059184.1.2694844.2694845",92.3076923076923,0,38.4615384615385,0,58.3333333333333,40,57.1428571428571,0,0,5.55555555555556,0,4.76190476190476,0,0,45,0,0,44.4444444444444,37.5,0,0,0,44.4444444444444,0,0,0,0,64.2857142857143,0,35
"NC_059184.1.2858546.2858547",45.4545454545455,55,100,91.6666666666667,100,31.25,46.1538461538462,100,40,85.7142857142857,23.0769230769231,30.7692307692308,54.5454545454545,54.5454545454545,0,45,0,83.3333333333333,59.2592592592593,61.5384615384615,95.8333333333333,53.3333333333333,90.9090909090909,50,90.9090909090909,53.3333333333333,100,92.8571428571429,54.5454545454545,100
"NC_059184.1.2871373.2871374",89.6551724137931,88.2352941176471,100,90,95.6521739130435,92.3076923076923,94.4444444444444,100,100,82.3529411764706,94.7368421052632,95.2380952380952,88.2352941176471,95.4545454545455,93.75,86.9565217391304,100,84.6153846153846,93.3333333333333,95,94.1176470588235,100,96.1538461538462,95,91.6666666666667,93.75,95.2380952380952,100,94.7368421052632,86.3636363636364
"NC_059184.1.2871436.2871437",78.5714285714286,71.4285714285714,100,93.3333333333333,100,93.75,87.5,90.9090909090909,70,94.1176470588235,84.6153846153846,47.0588235294118,91.6666666666667,86.6666666666667,86.3636363636364,84.2105263157895,80,61.5384615384615,100,100,80,95.2380952380952,42.8571428571429,94.4444444444444,78.5714285714286,75,91.6666666666667,83.3333333333333,84.2105263157895,87.5
"NC_059184.1.2871516.2871517",92,95,100,100,100,94.1176470588235,100,76.9230769230769,90.9090909090909,93.75,91.6666666666667,87.5,91.6666666666667,90.9090909090909,94.1176470588235,100,95.6521739130435,95.4545454545455,100,100,100,92.3076923076923,96.4285714285714,100,100,92.3076923076923,100,100,100,91.6666666666667
"NC_059184.1.3020652.3020653",61.9047619047619,41.6666666666667,41.1764705882353,55.5555555555556,45.4545454545455,88,58.8235294117647,100,40,94.4444444444444,100,100,50,88,85,100,95.2380952380952,33.3333333333333,35.7142857142857,27.7777777777778,0,47.8260869565217,5,83.3333333333333,95.2380952380952,96.969696969697,36.8421052631579,91.304347826087,88.4615384615385,0
"NC_059184.1.3043153.3043154",54.5454545454545,0,81.25,40,54.5454545454545,0,100,63.6363636363636,40,100,0,100,94.1176470588235,100,28.5714285714286,85.7142857142857,23.0769230769231,88.2352941176471,90,87.5,90.4761904761905,81.25,85.7142857142857,0,47.3684210526316,63.1578947368421,81.8181818181818,100,53.3333333333333,91.6666666666667
"NC_059184.1.3356278.3356279",93.3333333333333,0,6.66666666666667,84.6153846153846,45.4545454545455,8.33333333333333,0,41.6666666666667,63.6363636363636,0,72.2222222222222,62.5,0,0,0,4,0,41.1764705882353,6.66666666666667,52.6315789473684,55,86.6666666666667,8,66.6666666666667,14.2857142857143,8.69565217391304,45,75,45,48
"NC_059184.1.3356307.3356308",94.7368421052632,42.8571428571429,86.6666666666667,92.3076923076923,76.9230769230769,20,40,72.7272727272727,81.8181818181818,81.25,75,50,58.3333333333333,44.4444444444444,0,29.1666666666667,0,86.6666666666667,48.2758620689655,88.2352941176471,81.8181818181818,92.3076923076923,60,100,44,9.09090909090909,89.4736842105263,83.3333333333333,95.2380952380952,88.8888888888889
"NC_059184.1.3755652.3755653",100,92.3076923076923,83.3333333333333,100,95.6521739130435,100,100,87.5,100,93.3333333333333,94.4444444444444,95.2380952380952,100,90.9090909090909,88.4615384615385,92.8571428571429,88.8888888888889,90,90.4761904761905,91.6666666666667,96.1538461538462,94.4444444444444,86.3636363636364,86.3636363636364,89.4736842105263,94.7368421052632,83.3333333333333,100,100,100
"NC_059184.1.3785256.3785257",94.1176470588235,100,100,100,50,91.6666666666667,38.4615384615385,34.7826086956522,100,47.6190476190476,86.6666666666667,0,45.4545454545455,73.3333333333333,38.7096774193548,0,0,46.6666666666667,46.1538461538462,52.1739130434783,100,51.8518518518519,96,92.3076923076923,50,30,52.9411764705882,0,5.55555555555556,93.75
"NC_059184.1.3793799.3793800",35.2941176470588,0,9.52380952380952,0,0,0,45,50,9.09090909090909,15.7894736842105,7.40740740740741,0,15.7894736842105,11.1111111111111,42.8571428571429,0,7.40740740740741,0,0,16.6666666666667,5.26315789473684,6.25,0,0,25,4.54545454545455,5.55555555555556,8.33333333333333,14.2857142857143,9.09090909090909
"NC_059184.1.3882883.3882884",100,95.2380952380952,88.2352941176471,100,100,94.1176470588235,100,100,100,100,100,100,83.3333333333333,93.3333333333333,100,94.1176470588235,100,85.7142857142857,100,100,100,95,96.2962962962963,100,100,94.1176470588235,90.9090909090909,90.9090909090909,100,100
"NC_059184.1.3882892.3882893",94.7368421052632,100,100,100,100,95,80,91.6666666666667,100,100,100,100,90.9090909090909,93.75,96,100,100,80,100,94.1176470588235,92.8571428571429,95.6521739130435,100,100,100,100,90.9090909090909,90.9090909090909,94.1176470588235,100
"NC_059184.1.3886163.3886164",80.9523809523809,75,92.3076923076923,80,92.8571428571429,90.4761904761905,90,93.3333333333333,77.7777777777778,90.9090909090909,82.3529411764706,94.1176470588235,80.9523809523809,100,96,75,100,90.9090909090909,93.3333333333333,80,89.4736842105263,85.7142857142857,72.2222222222222,92.8571428571429,27.2727272727273,93.3333333333333,84.6153846153846,100,73.3333333333333,85
"NC_059184.1.3965342.3965343",89.6551724137931,84.6153846153846,95.8333333333333,88.8888888888889,91.304347826087,81.8181818181818,95.6521739130435,86.3636363636364,88.8888888888889,93.3333333333333,82.3529411764706,83.3333333333333,87.0967741935484,96.2962962962963,70.8333333333333,83.3333333333333,82.3529411764706,90.9090909090909,86.2068965517241,92.8571428571429,75,93.3333333333333,95.2380952380952,82.7586206896552,83.3333333333333,90.3225806451613,86.9565217391304,86.2068965517241,75,80.9523809523809
"NC_059184.1.4160146.4160147",96.2962962962963,88.8888888888889,65.3846153846154,80.7692307692308,73.6842105263158,100,89.4736842105263,73.6842105263158,94.1176470588235,88.8888888888889,91.6666666666667,100,93.75,100,96.875,100,100,100,96.2962962962963,95.2380952380952,96.7741935483871,95.4545454545455,57.5757575757576,87.5,94.1176470588235,100,96.6666666666667,96.551724137931,100,70.9677419354839
"NC_059184.1.4160160.4160161",100,93.3333333333333,66.6666666666667,100,75,93.3333333333333,88.8888888888889,70,94.1176470588235,94.1176470588235,95.8333333333333,100,93.75,94.1176470588235,100,94.7368421052632,81.8181818181818,92.8571428571429,96.2962962962963,94.4444444444444,92.3076923076923,100,63.6363636363636,93.75,100,96,93.3333333333333,96.7741935483871,100,78.125
"NC_059184.1.4160324.4160325",96.551724137931,81.8181818181818,100,91.6666666666667,80,97.0588235294118,80.9523809523809,92.3076923076923,90.4761904761905,93.75,88,100,100,100,88.8888888888889,100,100,95,96.2962962962963,83.3333333333333,100,80,96.969696969697,92.3076923076923,100,89.4736842105263,100,100,100,88.8888888888889
"NC_059184.1.4163323.4163324",93.3333333333333,95.4545454545455,100,100,86.6666666666667,76.4705882352941,91.6666666666667,94.4444444444444,100,100,92.3076923076923,92.3076923076923,100,100,95.6521739130435,100,100,88.8888888888889,95,100,100,100,85.7142857142857,100,82.3529411764706,93.75,100,100,92.8571428571429,100
"NC_059184.1.4163337.4163338",92.8571428571429,95.4545454545455,100,81.8181818181818,100,93.75,91.6666666666667,100,92.3076923076923,100,100,92.8571428571429,100,90,100,100,94.1176470588235,94.7368421052632,95,100,100,100,100,92.3076923076923,93.3333333333333,89.4736842105263,100,95.3488372093023,100,90.9090909090909
"NC_059184.1.4210444.4210445",42.8571428571429,0,0,53.8461538461538,0,0,0,0,40,0,0,0,18.1818181818182,0,4.16666666666667,0,0,0,0,0,0,0,0,0,0,0,0,5.88235294117647,0,0
"NC_059184.1.4224157.4224158",100,90,94.7368421052632,100,100,95,94.4444444444444,100,94.4444444444444,100,86.6666666666667,100,92.8571428571429,88.8888888888889,95.8333333333333,100,100,80,90.9090909090909,100,100,100,100,100,81.4814814814815,100,100,100,100,100
"NC_059184.1.4228355.4228356",88.8888888888889,100,100,94.7368421052632,100,76.9230769230769,100,95.2380952380952,93.3333333333333,100,91.6666666666667,94.2857142857143,90.9090909090909,94.1176470588235,100,90.4761904761905,76.4705882352941,100,93.3333333333333,94.4444444444444,91.304347826087,96.1538461538462,100,94.7368421052632,90.9090909090909,89.2857142857143,100,100,93.9393939393939,90
"NC_059184.1.4228411.4228412",94.1176470588235,83.3333333333333,93.75,87.5,89.4736842105263,95.4545454545455,100,95.6521739130435,88.8888888888889,100,95,96.969696969697,95,85.7142857142857,95.6521739130435,90,100,91.6666666666667,88.4615384615385,91.6666666666667,86.3636363636364,100,100,94.7368421052632,92,88.8888888888889,88.2352941176471,100,96,94.1176470588235
"NC_059184.1.4323443.4323444",96.551724137931,93.3333333333333,91.304347826087,100,89.4736842105263,100,94.1176470588235,100,95.4545454545455,95,75,96.1538461538462,100,100,85.7142857142857,100,89.4736842105263,95.8333333333333,96.969696969697,100,46.6666666666667,93.75,91.6666666666667,95,90.4761904761905,95.2380952380952,83.3333333333333,93.3333333333333,95,88.2352941176471
"NC_059184.1.5632868.5632869",94.7368421052632,95,100,88.2352941176471,100,100,100,100,71.4285714285714,100,100,100,100,84.6153846153846,96,93.75,100,100,96.2962962962963,100,93.3333333333333,91.6666666666667,87.5,94.1176470588235,100,93.75,90.9090909090909,100,92.3076923076923,100
"NC_059184.1.5698301.5698302",25,0,0,0,0,0,0,0,0,5.26315789473684,0,0,0,0,0,4.76190476190476,0,0,0,0,0,0,0,0,0,0,0,0,0,6.66666666666667
"NC_059184.1.5793092.5793093",100,100,100,100,100,93.3333333333333,92.8571428571429,100,100,80,94.7368421052632,96,96.1538461538462,100,93.3333333333333,95.4545454545455,100,92.3076923076923,100,100,100,78.5714285714286,100,92,100,100,93.75,96.2962962962963,100,100
"NC_059184.1.5793140.5793141",100,100,100,100,100,91.6666666666667,90.9090909090909,100,92.8571428571429,86.6666666666667,100,100,100,100,90.9090909090909,95.4545454545455,100,69.2307692307692,100,100,87.5,92.8571428571429,100,100,92.8571428571429,100,92.3076923076923,96.4285714285714,92.3076923076923,95
"NC_059184.1.5810907.5810908",93.75,100,25,100,100,100,42.8571428571429,100,100,100,92.3076923076923,96.551724137931,93.75,91.304347826087,43.4782608695652,95,92.3076923076923,100,88.8888888888889,93.75,100,94.4444444444444,33.3333333333333,100,100,100,100,42.8571428571429,90,100
"NC_059184.1.5817100.5817101",95.2380952380952,100,85.7142857142857,91.6666666666667,100,95.4545454545455,100,100,86.6666666666667,100,100,95.4545454545455,100,93.75,100,100,90,90.9090909090909,100,92.8571428571429,95.4545454545455,100,100,94.7368421052632,100,90.4761904761905,92.8571428571429,100,92.8571428571429,90.9090909090909
"NC_059184.1.7008213.7008214",59.0909090909091,100,69.2307692307692,100,95.8333333333333,76.4705882352941,52.9411764705882,45.4545454545455,81.8181818181818,95,84.2105263157895,42.8571428571429,52.1739130434783,0,52.1739130434783,52,87.5,94.1176470588235,65.3846153846154,38.0952380952381,95.8333333333333,58.6206896551724,100,56.5217391304348,100,100,76,92.8571428571429,9.09090909090909,52.9411764705882
"NC_059184.1.8400662.8400663",86.6666666666667,88.2352941176471,100,93.3333333333333,92.3076923076923,92.8571428571429,95,95.2380952380952,90.4761904761905,93.75,100,90.9090909090909,87.5,100,94.1176470588235,94.1176470588235,84.2105263157895,100,94.1176470588235,95,94.4444444444444,100,100,100,94.7368421052632,92.8571428571429,100,83.3333333333333,85,100
"NC_059184.1.9717070.9717071",100,94.1176470588235,92.8571428571429,100,94.1176470588235,87.5,100,95,93.75,95.4545454545455,100,93.1034482758621,89.4736842105263,95,96.551724137931,100,100,93.3333333333333,91.6666666666667,87.5,100,96.1538461538462,95.6521739130435,93.75,92.5925925925926,93.75,88.2352941176471,95.4545454545455,100,100
"NC_059184.1.9717135.9717136",100,96.4285714285714,93.3333333333333,91.304347826087,71.4285714285714,100,83.3333333333333,93.3333333333333,93.75,100,100,91.8918918918919,95.6521739130435,92,100,100,95.6521739130435,92.5925925925926,100,100,100,96.4285714285714,95.4545454545455,94.7368421052632,96.969696969697,96.2962962962963,100,91.6666666666667,100,95.8333333333333
"NC_059184.1.9717153.9717154",90.4761904761905,96.6666666666667,93.3333333333333,82.6086956521739,69.2307692307692,96,70.8333333333333,93.75,82.3529411764706,100,95.8333333333333,86.8421052631579,100,96.2962962962963,96.6666666666667,100,100,85.7142857142857,96.7741935483871,100,86.3636363636364,96.4285714285714,88.8888888888889,91.304347826087,100,96.2962962962963,96.1538461538462,92.5925925925926,96.6666666666667,95.6521739130435
"NC_059184.1.9717170.9717171",54.5454545454545,55.1724137931034,42.8571428571429,33.3333333333333,8.33333333333333,69.5652173913043,29.1666666666667,60,61.1111111111111,66.6666666666667,40.9090909090909,41.025641025641,62.962962962963,81.4814814814815,62.0689655172414,48.1481481481481,33.3333333333333,12,34.4827586206897,64.2857142857143,31.8181818181818,58.6206896551724,4,50,89.2857142857143,46.1538461538462,70,56.5217391304348,65.5172413793103,68.1818181818182
"NC_059184.1.9717193.9717194",45,40,35.7142857142857,28.5714285714286,0,38.0952380952381,8.33333333333333,50,61.1111111111111,16.6666666666667,10,19.4444444444444,26.0869565217391,51.8518518518519,51.6129032258064,26.9230769230769,32,0,20.6896551724138,48.1481481481481,36.8421052631579,20.8333333333333,4.54545454545455,38.0952380952381,74.0740740740741,43.4782608695652,62.5,50,65.3846153846154,52.9411764705882
"NC_059184.1.9959522.9959523",85.7142857142857,95.2380952380952,100,85.7142857142857,100,94.7368421052632,82.3529411764706,87.5,88.2352941176471,91.6666666666667,94.4444444444444,96,95.2380952380952,100,100,100,93.3333333333333,90.9090909090909,88.4615384615385,93.75,95,100,100,100,93.3333333333333,100,96,89.2857142857143,83.3333333333333,100
"NC_059184.1.11407153.11407154",96.7741935483871,96.2962962962963,100,91.304347826087,93.3333333333333,100,92,100,100,100,95.4545454545455,91.8918918918919,100,100,95,82.6086956521739,96.969696969697,90,93.75,94.4444444444444,100,88.4615384615385,94.2857142857143,100,100,100,96.969696969697,87.5,100,95
"NC_059184.1.11407257.11407258",96.1538461538462,95.4545454545455,91.6666666666667,95,93.3333333333333,100,100,100,93.75,100,90,91.1764705882353,92.5925925925926,93.75,94.7368421052632,100,96.2962962962963,100,96.969696969697,88.8888888888889,89.4736842105263,83.3333333333333,96.551724137931,93.3333333333333,100,94.1176470588235,92.8571428571429,94.7368421052632,100,90.9090909090909
"NC_059184.1.11407301.11407302",100,86.6666666666667,100,93.3333333333333,100,100,94.1176470588235,100,92.3076923076923,94.7368421052632,78.5714285714286,85.7142857142857,95.2380952380952,92.3076923076923,100,100,80.9523809523809,100,92,92.8571428571429,93.3333333333333,87.5,92,92.3076923076923,100,93.5483870967742,95.6521739130435,100,100,92.8571428571429
"NC_059184.1.12636675.12636676",95.8333333333333,100,100,100,90,95,100,84.6153846153846,100,86.3636363636364,85.7142857142857,92,100,84.6153846153846,80,100,93.75,93.75,97.0588235294118,100,100,89.4736842105263,94.7368421052632,94.4444444444444,88.2352941176471,94.4444444444444,84.2105263157895,100,95.2380952380952,88.8888888888889
"NC_059184.1.13065222.13065223",100,100,100,100,100,95.2380952380952,94.4444444444444,93.3333333333333,92.3076923076923,100,91.6666666666667,100,52.6315789473684,90.9090909090909,94.7368421052632,100,100,100,95.2380952380952,100,93.75,100,100,87.5,94.1176470588235,61.1111111111111,100,92.8571428571429,100,100
"NC_059184.1.13082654.13082655",92.3076923076923,88.8888888888889,100,92.3076923076923,100,95.2380952380952,100,83.3333333333333,91.6666666666667,95.6521739130435,92.3076923076923,94.7368421052632,90.4761904761905,88,100,95.4545454545455,94.4444444444444,91.6666666666667,100,93.75,90.4761904761905,88.8888888888889,92.3076923076923,94.1176470588235,83.3333333333333,100,95.2380952380952,81.8181818181818,100,100
"NC_059184.1.13082764.13082765",88.2352941176471,77.7777777777778,100,89.4736842105263,100,95.4545454545455,85.7142857142857,88.8888888888889,100,96.7741935483871,81.25,94.4444444444444,92.8571428571429,100,100,100,85,100,92,100,100,89.4736842105263,100,94.7368421052632,95,100,94.1176470588235,91.6666666666667,100,90.9090909090909
"NC_059184.1.13082778.13082779",88.2352941176471,75,93.3333333333333,93.75,90.9090909090909,95.2380952380952,100,93.75,100,100,87.5,100,100,100,100,94.4444444444444,94.7368421052632,100,95.6521739130435,90.9090909090909,96.2962962962963,100,92.3076923076923,88.8888888888889,94.4444444444444,100,82.3529411764706,83.3333333333333,100,88.8888888888889
"NC_059184.1.13227122.13227123",38.4615384615385,60.7142857142857,15.3846153846154,45.8333333333333,64.7058823529412,39.1304347826087,25,55.1724137931034,15.7894736842105,66.6666666666667,12.5,61.1111111111111,42.1052631578947,10.3448275862069,28.125,31.5789473684211,24.1379310344828,28.5714285714286,19.4444444444444,7.14285714285714,46.1538461538462,80,11.5384615384615,16.6666666666667,21.4285714285714,79.3103448275862,66.6666666666667,20,33.3333333333333,40
"NC_059184.1.13372443.13372444",95.2380952380952,90.4761904761905,89.4736842105263,88.8888888888889,100,86.6666666666667,91.6666666666667,88,100,88,86.3636363636364,90.4761904761905,90.9090909090909,100,96.7741935483871,95.2380952380952,95.8333333333333,91.6666666666667,96.875,86.3636363636364,92.3076923076923,91.304347826087,87.5,95.8333333333333,100,95.2380952380952,100,92.3076923076923,100,100
"NC_059184.1.13372551.13372552",83.3333333333333,75.8620689655172,70.8333333333333,37.5,92.5925925925926,46.6666666666667,30.7692307692308,90.9090909090909,64.7058823529412,75,63.1578947368421,60,42.8571428571429,66.6666666666667,65.5172413793103,64.2857142857143,69.2307692307692,57.1428571428571,54.1666666666667,68.4210526315789,75,73.6842105263158,60,57.8947368421053,57.6923076923077,78.7878787878788,83.3333333333333,50,65.2173913043478,57.1428571428571
"NC_059184.1.13429589.13429590",87.5,82.3529411764706,93.3333333333333,92.8571428571429,100,80.9523809523809,100,100,100,86.6666666666667,100,88.8888888888889,84.2105263157895,92.8571428571429,92.8571428571429,92.8571428571429,88.2352941176471,100,94.7368421052632,100,100,94.4444444444444,100,92.8571428571429,91.304347826087,100,96,86.6666666666667,93.3333333333333,100
"NC_059184.1.13429750.13429751",95,95,100,89.4736842105263,100,100,85.7142857142857,95.4545454545455,92.8571428571429,92.3076923076923,93.75,85,93.75,93.75,96,100,100,90,96.6666666666667,90.9090909090909,100,87.5,85.7142857142857,95.2380952380952,94.7368421052632,95.2380952380952,92,95,94.7368421052632,100
"NC_059184.1.13438021.13438022",91.6666666666667,85,48,92.3076923076923,100,92.8571428571429,100,100,83.3333333333333,92.8571428571429,58.8235294117647,63.1578947368421,100,63.1578947368421,95,64.2857142857143,53.8461538461538,25,57.5,50,80,100,90.9090909090909,82.3529411764706,94.1176470588235,84.2105263157895,90,73.6842105263158,51.3513513513514,88.2352941176471
"NC_059184.1.13541553.13541554",100,84.6153846153846,88.8888888888889,84.6153846153846,94.1176470588235,94.4444444444444,73.3333333333333,100,90.9090909090909,81.25,80,94.4444444444444,88.8888888888889,100,100,82.3529411764706,100,69.2307692307692,84.6153846153846,94.4444444444444,93.75,91.6666666666667,100,93.3333333333333,94.7368421052632,90.9090909090909,82.3529411764706,94.4444444444444,94.4444444444444,100
"NC_059184.1.13568524.13568525",80,96.1538461538462,100,100,100,95.4545454545455,86.6666666666667,95,94.1176470588235,100,89.4736842105263,90.9090909090909,96.2962962962963,92.8571428571429,96.4285714285714,38.8888888888889,90,100,93.1034482758621,100,86.6666666666667,100,94.4444444444444,100,100,96,100,100,100,100
"NC_059184.1.13568532.13568533",90.9090909090909,96.1538461538462,88.2352941176471,92.8571428571429,92.8571428571429,91.304347826087,93.3333333333333,94.1176470588235,93.75,89.4736842105263,94.7368421052632,81.8181818181818,92,88.8888888888889,96.6666666666667,33.3333333333333,94.7368421052632,95.4545454545455,95.8333333333333,94.4444444444444,88.8888888888889,88.4615384615385,88.2352941176471,95.2380952380952,83.3333333333333,86.3636363636364,92.3076923076923,89.6551724137931,100,95.6521739130435
"NC_059184.1.13568592.13568593",92.3076923076923,94.7368421052632,87.5,100,91.6666666666667,84.6153846153846,90.9090909090909,100,76.4705882352941,93.75,81.25,95,94.4444444444444,90,95.8333333333333,40,88.2352941176471,100,100,100,95,91.6666666666667,95,93.75,88.2352941176471,84,95.2380952380952,87.8787878787879,88.2352941176471,90.4761904761905
"NC_059184.1.13568649.13568650",93.3333333333333,90,87.5,100,92.3076923076923,95.8333333333333,90.9090909090909,100,93.75,81.25,100,90.9090909090909,80,93.75,100,89.4736842105263,90.9090909090909,100,85,94.7368421052632,88.2352941176471,90.4761904761905,95,84.6153846153846,94.4444444444444,84.6153846153846,95.6521739130435,88,100,93.75
"NC_059184.1.13568700.13568701",60,75,96.2962962962963,81.8181818181818,91.6666666666667,95,83.3333333333333,29.4117647058824,25,94.1176470588235,100,92,80,57.1428571428571,94.7368421052632,40,89.6551724137931,88.2352941176471,36.8421052631579,35.2941176470588,88.2352941176471,93.75,100,100,77.7777777777778,91.304347826087,94.7368421052632,81.25,100,86.6666666666667
"NC_059184.1.13645803.13645804",91.6666666666667,100,100,94.1176470588235,88.2352941176471,86.6666666666667,90.9090909090909,100,100,92.8571428571429,90.9090909090909,100,92.8571428571429,100,100,93.3333333333333,100,100,96.551724137931,100,94.1176470588235,90,100,100,100,90.9090909090909,81.8181818181818,95.4545454545455,95.4545454545455,95
"NC_059184.1.13645833.13645834",100,100,100,93.75,93.3333333333333,100,100,100,90,91.6666666666667,100,100,100,93.3333333333333,93.3333333333333,93.75,100,94.1176470588235,92.3076923076923,100,93.75,100,100,91.6666666666667,100,100,100,100,89.4736842105263,95.6521739130435
"NC_059184.1.13722061.13722062",100,95.2380952380952,100,100,94.4444444444444,81.25,100,92.3076923076923,80,94.1176470588235,100,93.75,100,100,100,85,94.7368421052632,90.9090909090909,92.5925925925926,100,94.7368421052632,100,100,95.8333333333333,88.8888888888889,100,100,100,94.1176470588235,100
"NC_059184.1.13722128.13722129",92.8571428571429,82.3529411764706,63.6363636363636,100,86.6666666666667,84.6153846153846,78.5714285714286,100,100,93.75,90,86.6666666666667,86.6666666666667,87.5,86.6666666666667,90,78.5714285714286,90,100,88.8888888888889,94.4444444444444,85.7142857142857,94.4444444444444,94.4444444444444,100,100,88.8888888888889,90,93.3333333333333,61.1111111111111
"NC_059184.1.13831233.13831234",95,100,93.75,100,100,100,92.3076923076923,92.8571428571429,93.3333333333333,100,100,100,100,100,95.4545454545455,86.9565217391304,82.3529411764706,96.1538461538462,96.875,100,100,88.8888888888889,100,93.5483870967742,100,100,100,100,100,100
"NC_059184.1.13831244.13831245",90.4761904761905,94.4444444444444,94.1176470588235,91.6666666666667,100,100,92.3076923076923,92.8571428571429,100,94.4444444444444,100,100,93.1034482758621,88.8888888888889,100,95.8333333333333,83.3333333333333,100,96.969696969697,100,100,94.7368421052632,100,96.7741935483871,100,100,96.551724137931,94.4444444444444,96.4285714285714,100
"NC_059184.1.13831266.13831267",100,93.75,100,100,92.3076923076923,95,83.3333333333333,100,94.7368421052632,100,88.8888888888889,93.3333333333333,100,100,100,88,80,100,96.875,86.6666666666667,100,100,83.3333333333333,93.9393939393939,100,91.304347826087,88.8888888888889,73.3333333333333,96.6666666666667,100
"NC_059185.1.48574.48575",90.4761904761905,94.1176470588235,91.6666666666667,90.9090909090909,89.4736842105263,100,93.3333333333333,92.8571428571429,100,100,87.5,90.9090909090909,94.4444444444444,95,100,94.7368421052632,100,90.9090909090909,100,95.8333333333333,100,95.6521739130435,100,87.5,100,92.3076923076923,91.304347826087,100,90,94.1176470588235
"NC_059185.1.48613.48614",86.3636363636364,100,100,91.6666666666667,100,95.4545454545455,100,86.6666666666667,94.1176470588235,91.6666666666667,77.7777777777778,95,88.8888888888889,100,100,95.2380952380952,90,92.8571428571429,91.304347826087,95.8333333333333,86.3636363636364,95.2380952380952,94.7368421052632,100,91.6666666666667,92.8571428571429,100,100,95.4545454545455,89.4736842105263
"NC_059185.1.48627.48628",90,100,100,92.8571428571429,93.3333333333333,100,94.1176470588235,94.1176470588235,87.5,91.6666666666667,83.3333333333333,85,81.25,86.6666666666667,88,100,94.7368421052632,92.8571428571429,95.4545454545455,95.6521739130435,78.2608695652174,90,100,100,100,92.8571428571429,90.4761904761905,90.9090909090909,100,100
"NC_059185.1.94961.94962",27.2727272727273,0,0,0,0,0,0,9.09090909090909,0,0,0,0,0,0,0,0,0,0,0,0,0,0,0,0,0,0,0,0,0,0
"NC_059185.1.109973.109974",88.8888888888889,94.4444444444444,70,96.1538461538462,38.0952380952381,90.9090909090909,95.2380952380952,18.75,70,25.9259259259259,100,96,64.2857142857143,100,94.4444444444444,91.6666666666667,84.6153846153846,92.8571428571429,88.8888888888889,100,86.3636363636364,54.5454545454545,55.5555555555556,96,63.6363636363636,28.5714285714286,100,100,100,62.5
"NC_059185.1.110010.110011",100,100,94.4444444444444,88.8888888888889,40,90,86.3636363636364,60,70,64.2857142857143,100,100,68.4210526315789,100,97.0588235294118,84.6153846153846,100,78.5714285714286,93.9393939393939,100,96.2962962962963,64.7058823529412,55.5555555555556,96.6666666666667,94.4444444444444,65.5172413793103,94.4444444444444,94.4444444444444,100,61.1111111111111
"NC_059185.1.120907.120908",30.7692307692308,0,0,0,0,0,0,0,0,8.33333333333333,48,3.33333333333333,0,0,3.125,7.69230769230769,0,44.4444444444444,0,0,44,0,31.5789473684211,4.76190476190476,0,4,0,5.12820512820513,0,0
"NC_059185.1.120940.120941",28,25,0,0,0,0,0,0,0,0,45,3.44827586206897,9.52380952380952,0,0,0,0,44.4444444444444,0,0,33.3333333333333,0,50,5.55555555555556,5.55555555555556,0,0,0,0,0
"NC_059185.1.147974.147975",100,88,100,91.304347826087,100,100,100,90,94.1176470588235,94.4444444444444,95.6521739130435,100,95.6521739130435,96,96,95.8333333333333,95.6521739130435,94.7368421052632,93.5483870967742,92.8571428571429,90.4761904761905,90.4761904761905,90.9090909090909,86.6666666666667,85.7142857142857,100,92.5925925925926,88,92.5925925925926,87.5
"NC_059185.1.148010.148011",92.3076923076923,87.5,88.8888888888889,86.9565217391304,100,95.6521739130435,100,90.9090909090909,100,88.2352941176471,95.8333333333333,94.1176470588235,96,100,90.4761904761905,90.3225806451613,93.9393939393939,93.75,96.7741935483871,100,95.6521739130435,90.4761904761905,87.5,94.1176470588235,94.7368421052632,95.8333333333333,100,100,100,100
"NC_059185.1.148166.148167",85.7142857142857,94.1176470588235,92.8571428571429,100,88.2352941176471,90,85.7142857142857,100,100,100,100,90.4761904761905,100,100,92,54.5454545454545,58.3333333333333,94.4444444444444,50,92,85.7142857142857,100,89.4736842105263,95.4545454545455,100,87.5,86.3636363636364,97.7777777777778,85,100
"NC_059185.1.210192.210193",62.1621621621622,45,55,52.9411764705882,48.4848484848485,40,60,48.2758620689655,23.5294117647059,60.8695652173913,44.4444444444444,16.6666666666667,62.5,48.1481481481481,35.1351351351351,37.5,45.4545454545455,50,66.6666666666667,70,59.375,70.8333333333333,23.8095238095238,31.8181818181818,26.0869565217391,52.6315789473684,44.4444444444444,50,65.2173913043478,35.7142857142857
"NC_059185.1.210236.210237",26.3157894736842,44,44.4444444444444,23.5294117647059,40.625,10.5263157894737,40,48.2758620689655,33.3333333333333,37.037037037037,41.6666666666667,37.5,25,33.3333333333333,22.2222222222222,18.5185185185185,32.1428571428571,35.8974358974359,36,40,39.3939393939394,48.3870967741936,22.7272727272727,25,39.2857142857143,12.5,35.7142857142857,40,16,5
"NC_059185.1.255142.255143",100,96,75,90,75,86.6666666666667,100,90.9090909090909,100,87.5,62.5,100,94.7368421052632,100,61.9047619047619,95.2380952380952,100,68.75,96.4285714285714,82.3529411764706,100,100,80.7692307692308,88.2352941176471,96.1538461538462,95.2380952380952,94.7368421052632,90,94.4444444444444,90.9090909090909
"NC_059185.1.255197.255198",95.6521739130435,96.2962962962963,100,88.2352941176471,92.8571428571429,90,94.4444444444444,100,93.3333333333333,100,94.7368421052632,100,94.7368421052632,95.4545454545455,95,95.6521739130435,100,100,100,95.2380952380952,100,97.2222222222222,100,100,91.6666666666667,90.9090909090909,100,84.6153846153846,95.2380952380952,100
"NC_059185.1.326337.326338",91.6666666666667,95.2380952380952,100,100,100,92.8571428571429,46.1538461538462,91.6666666666667,93.3333333333333,96.2962962962963,100,100,92.8571428571429,100,100,100,100,100,92,88.8888888888889,92.8571428571429,100,95.6521739130435,60.8695652173913,100,94.4444444444444,100,55,41.1764705882353,100
"NC_059185.1.326487.326488",100,100,100,100,100,100,94.1176470588235,92.3076923076923,80,90.4761904761905,90.9090909090909,100,100,96,100,100,100,100,94.7368421052632,100,92.8571428571429,100,100,100,100,100,100,95.4545454545455,93.3333333333333,92.8571428571429
"NC_059185.1.378893.378894",100,94.4444444444444,94.4444444444444,88.2352941176471,88.8888888888889,89.4736842105263,85,90.9090909090909,95.4545454545455,95.4545454545455,100,91.304347826087,100,96.2962962962963,100,95,100,100,88.2352941176471,87.5,100,93.5483870967742,94.1176470588235,96.875,97.5,96.551724137931,100,100,100,100
"NC_059185.1.378975.378976",88.2352941176471,81.8181818181818,64.7058823529412,94.1176470588235,88.8888888888889,77.7777777777778,61.1111111111111,76.4705882352941,77.7777777777778,76.4705882352941,64.7058823529412,76,77.2727272727273,80.6451612903226,56,70.8333333333333,77.2727272727273,66.6666666666667,83.3333333333333,70.5882352941177,77.1428571428571,82.6086956521739,78.125,83.3333333333333,81.25,70.5882352941177,57.6923076923077,81.8181818181818,81.4814814814815,62.5
"NC_059185.1.379017.379018",100,95,93.3333333333333,87.5,100,40,50,92.8571428571429,93.3333333333333,26.6666666666667,95.2380952380952,86.9565217391304,92.3076923076923,96.551724137931,95.2380952380952,100,94.4444444444444,100,83.3333333333333,100,100,100,96.4285714285714,96.2962962962963,86.3636363636364,48.1481481481481,100,38.4615384615385,40.7407407407407,93.3333333333333
"NC_059185.1.515750.515751",30.7692307692308,52.3809523809524,83.3333333333333,84.2105263157895,61.1111111111111,53.3333333333333,31.25,61.5384615384615,57.1428571428571,52.6315789473684,86.3636363636364,28,44.4444444444444,23.5294117647059,28,46.6666666666667,71.4285714285714,23.0769230769231,16.1290322580645,50,62.0689655172414,12,81.4814814814815,34.7826086956522,22.7272727272727,28,46.1538461538462,60,38.0952380952381,60.7142857142857
"NC_059185.1.620176.620177",100,91.304347826087,100,100,100,85,100,88.2352941176471,94.1176470588235,88.8888888888889,93.3333333333333,83.3333333333333,77.7777777777778,95.2380952380952,90.4761904761905,92.3076923076923,90.4761904761905,93.75,90.9090909090909,92.3076923076923,100,95,84.6153846153846,100,83.3333333333333,93.75,93.3333333333333,100,81.8181818181818,100
"NC_059185.1.669697.669698",96,100,84.2105263157895,100,100,100,100,100,87.5,100,100,100,100,87.5,89.4736842105263,89.4736842105263,93.75,95.4545454545455,93.75,92.8571428571429,92.8571428571429,100,100,93.75,100,100,95.6521739130435,100,90.9090909090909,86.6666666666667
"NC_059185.1.746180.746181",90,100,100,95,100,56.25,50,100,100,0,95.2380952380952,60,100,35.7142857142857,100,36.3636363636364,94.4444444444444,90.9090909090909,100,92.3076923076923,95,87.5,100,52.9411764705882,95,27.2727272727273,25,36.3636363636364,47.6190476190476,90.9090909090909
"NC_059185.1.769973.769974",89.6551724137931,95,94.1176470588235,87.5,100,100,94.4444444444444,90.9090909090909,100,35,94.7368421052632,84.2105263157895,93.75,94.1176470588235,87.5,95.2380952380952,87.5,88.2352941176471,92.3076923076923,88.8888888888889,97.4358974358974,100,90.9090909090909,60.7142857142857,100,100,50,100,89.6551724137931,76.9230769230769
"NC_059185.1.770250.770251",80,96.6666666666667,100,95.6521739130435,65,100,92.3076923076923,100,100,92,94.4444444444444,92.5925925925926,90,100,81.8181818181818,100,95,93.3333333333333,96.7741935483871,94.1176470588235,100,100,100,92.5925925925926,90.4761904761905,91.6666666666667,94.4444444444444,100,89.2857142857143,95
"NC_059185.1.770253.770254",80,100,90.9090909090909,95.6521739130435,100,84.2105263157895,100,100,90.9090909090909,92,94.4444444444444,92.5925925925926,90,100,95.4545454545455,94.4444444444444,90,93.3333333333333,96.7741935483871,100,100,100,95.6521739130435,92.5925925925926,100,100,100,100,89.2857142857143,100
"NC_059185.1.770265.770266",80,86.2068965517241,91.6666666666667,95.4545454545455,95.2380952380952,100,100,92.3076923076923,91.6666666666667,88,88.8888888888889,96,80,94.1176470588235,90.9090909090909,100,95,86.6666666666667,90.625,82.3529411764706,100,95.8333333333333,95.8333333333333,96.2962962962963,90.4761904761905,92.3076923076923,100,100,81.4814814814815,90
"NC_059185.1.770297.770298",100,100,90,94.4444444444444,100,90,92.3076923076923,100,100,95.4545454545455,95,96.2962962962963,100,94.1176470588235,95.8333333333333,94.1176470588235,100,100,96.875,100,94.1176470588235,100,96.1538461538462,100,100,92.3076923076923,100,100,85.1851851851852,94.7368421052632
"NC_059185.1.936724.936725",100,89.4736842105263,100,100,100,95,100,100,100,100,94.7368421052632,91.6666666666667,95.2380952380952,80.9523809523809,100,94.7368421052632,81.8181818181818,90.3225806451613,95,85,94.1176470588235,100,100,100,100,100,100,97.0588235294118,100,92.8571428571429
"NC_059185.1.936872.936873",94.4444444444444,93.3333333333333,90,100,88.8888888888889,94.7368421052632,100,100,100,100,89.6551724137931,96.6666666666667,94.1176470588235,95.4545454545455,92.5925925925926,96.2962962962963,100,100,100,94.1176470588235,90.9090909090909,96.1538461538462,96,100,100,93.75,100,95,100,100
"NC_059185.1.936897.936898",94.4444444444444,93.1034482758621,94.4444444444444,100,91.304347826087,100,82.6086956521739,90.9090909090909,90.9090909090909,96.2962962962963,95.4545454545455,96.2962962962963,100,95.8333333333333,96.551724137931,100,95,95.2380952380952,96.1538461538462,100,94.7368421052632,100,100,100,93.75,100,95.6521739130435,100,95.6521739130435,82.3529411764706
"NC_059185.1.936954.936955",72.2222222222222,67.8571428571429,56.25,75,68.1818181818182,63.6363636363636,64,86.6666666666667,69.2307692307692,52,61.5384615384615,62.0689655172414,100,50,86.2068965517241,59.2592592592593,50,68,52.1739130434783,92.3076923076923,57.8947368421053,75,57.1428571428571,45.4545454545455,71.4285714285714,64.2857142857143,56.5217391304348,50,50,64.7058823529412
"NC_059185.1.937024.937025",86.6666666666667,82.3529411764706,83.3333333333333,100,95,94.4444444444444,85.7142857142857,91.6666666666667,100,100,95.2380952380952,96.1538461538462,100,85,96,96.4285714285714,100,82.6086956521739,95,100,100,100,100,100,100,95.4545454545455,94.1176470588235,100,96.4285714285714,81.8181818181818
"NC_059185.1.1176198.1176199",100,95,100,100,90,89.4736842105263,92.8571428571429,100,92.8571428571429,96,87.5,95.6521739130435,100,100,90.9090909090909,92.8571428571429,93.3333333333333,93.75,96.6666666666667,100,100,100,78.5714285714286,100,93.3333333333333,83.3333333333333,94.4444444444444,90.9090909090909,93.75,82.3529411764706
"NC_059185.1.1176234.1176235",86.6666666666667,95.2380952380952,93.75,76.9230769230769,83.3333333333333,90,90.4761904761905,91.6666666666667,73.3333333333333,88,78.2608695652174,83.3333333333333,90.9090909090909,81.8181818181818,81.8181818181818,64.2857142857143,76.4705882352941,82.3529411764706,88.2352941176471,92,95.4545454545455,81.25,88.2352941176471,88.2352941176471,88.8888888888889,95,94.7368421052632,100,83.3333333333333,85.7142857142857
"NC_059185.1.1176324.1176325",100,91.6666666666667,100,100,94.1176470588235,88.8888888888889,100,94.1176470588235,100,100,88.8888888888889,93.75,90.9090909090909,90.9090909090909,85,100,100,80,91.6666666666667,95.4545454545455,90,82.3529411764706,100,81.25,100,100,95.4545454545455,86.3636363636364,89.4736842105263,96.1538461538462
"NC_059185.1.1176362.1176363",100,96,100,100,100,100,95,91.6666666666667,87.5,92.3076923076923,87.5,100,90.9090909090909,100,100,93.3333333333333,90.4761904761905,95.2380952380952,96.969696969697,85,95.4545454545455,100,100,92.8571428571429,100,100,100,95.8333333333333,95,95.2380952380952
"NC_059185.1.1180210.1180211",92.8571428571429,100,95.8333333333333,76.9230769230769,100,92.5925925925926,85.7142857142857,84.2105263157895,100,100,20,88.8888888888889,100,92.8571428571429,78.5714285714286,83.3333333333333,94.4444444444444,100,91.304347826087,92.8571428571429,78.2608695652174,93.3333333333333,73.6842105263158,86.9565217391304,86.6666666666667,94.1176470588235,100,80,100,81.25
"NC_059185.1.1180256.1180257",85.7142857142857,84.2105263157895,100,93.3333333333333,95.6521739130435,93.5483870967742,94.1176470588235,89.4736842105263,78.5714285714286,100,33.3333333333333,86.4864864864865,93.75,92.3076923076923,78.5714285714286,95,93.75,89.4736842105263,79.1666666666667,94.4444444444444,88,88,95.4545454545455,94.7368421052632,100,95.2380952380952,85.1851851851852,91.6666666666667,76.4705882352941,87.5
"NC_059185.1.1180318.1180319",47.0588235294118,92.5925925925926,94.7368421052632,64.7058823529412,63.6363636363636,93.75,47.6190476190476,63.1578947368421,100,95,4.76190476190476,55.2631578947368,55.5555555555556,52.9411764705882,96.7741935483871,45,52.6315789473684,65.2173913043478,96.2962962962963,95.6521739130435,96.1538461538462,96.551724137931,100,45,68.1818181818182,100,35.7142857142857,100,95,50
"NC_059185.1.1180325.1180326",100,92.5925925925926,94.4444444444444,94.1176470588235,100,100,95,63.1578947368421,100,95,50,94.8717948717949,89.4736842105263,87.5,96.875,94.7368421052632,94.7368421052632,100,96.4285714285714,100,96.1538461538462,93.1034482758621,100,95,54.5454545454545,95.6521739130435,96.4285714285714,100,95,92.8571428571429
"NC_059185.1.1531404.1531405",91.304347826087,91.6666666666667,100,100,94.1176470588235,86.6666666666667,93.75,100,88.2352941176471,100,100,96.551724137931,87.5,100,94.7368421052632,100,100,91.6666666666667,96.6666666666667,88.8888888888889,92,100,94.1176470588235,100,39.3939393939394,95.6521739130435,96,100,92,94.7368421052632
"NC_059185.1.1531541.1531542",86.9565217391304,95,88.2352941176471,100,94.1176470588235,95.2380952380952,100,100,100,96.875,100,84.8484848484848,100,96.4285714285714,86.8421052631579,100,100,94.4444444444444,100,96.551724137931,91.6666666666667,96,100,90,100,100,90.9090909090909,80,27.5862068965517,95
"NC_059185.1.1531579.1531580",35.2941176470588,0,38.8888888888889,14.2857142857143,40,85,72.7272727272727,36.3636363636364,37.5,46.4285714285714,0,0,40,39.1304347826087,40.7407407407407,42.3076923076923,48,47.8260869565217,0,46.6666666666667,95.4545454545455,38.0952380952381,0,39.2857142857143,52,81.8181818181818,94.7368421052632,0,3.125,0
"NC_059185.1.1744372.1744373",33.3333333333333,0,0,41.6666666666667,0,0,0,0,0,5.55555555555556,35.2941176470588,30,18.5185185185185,6.66666666666667,0,38.8888888888889,27.7777777777778,23.8095238095238,17.6470588235294,28.5714285714286,43.4782608695652,0,10.5263157894737,6.25,54.1666666666667,10.8108108108108,20,15.1898734177215,0,23.5294117647059
"NC_059185.1.1745331.1745332",55.5555555555556,85,92.8571428571429,93.3333333333333,81.8181818181818,85,100,76.9230769230769,66.6666666666667,78.5714285714286,91.6666666666667,60,76.9230769230769,93.3333333333333,70.5882352941177,72.2222222222222,93.75,62.5,72.2222222222222,100,90.9090909090909,82.3529411764706,93.75,88.8888888888889,88.2352941176471,100,85,86.3636363636364,50,83.3333333333333
"NC_059185.1.1764482.1764483",86.6666666666667,100,91.6666666666667,91.6666666666667,91.6666666666667,90,100,100,100,100,93.3333333333333,95.6521739130435,87.5,88.8888888888889,94.4444444444444,87.5,95.4545454545455,91.6666666666667,84.2105263157895,85.7142857142857,100,93.3333333333333,91.6666666666667,88.8888888888889,92,95.6521739130435,100,90,100,92.8571428571429
"NC_059185.1.1907860.1907861",86.2068965517241,95.6521739130435,93.3333333333333,85.7142857142857,100,100,26.6666666666667,38.8888888888889,58.8235294117647,100,92.3076923076923,85,93.3333333333333,50,96,40,35.7142857142857,58.8235294117647,53.3333333333333,93.75,90,55,86.3636363636364,73.3333333333333,100,100,94.1176470588235,100,38.0952380952381,72.2222222222222
"NC_059185.1.2140569.2140570",100,100,100,100,95,95.2380952380952,100,100,100,90.9090909090909,100,56,93.75,94.7368421052632,91.6666666666667,100,100,100,93.75,100,100,94.1176470588235,96,96.875,94.4444444444444,89.4736842105263,100,95.4545454545455,96.6666666666667,100
"NC_059185.1.2140638.2140639",90,92.3076923076923,83.3333333333333,95.2380952380952,92.3076923076923,95.8333333333333,100,93.75,100,92.3076923076923,100,100,100,94.7368421052632,86.9565217391304,100,86.6666666666667,75,95.8333333333333,100,94.1176470588235,100,100,93.3333333333333,94.4444444444444,88.8888888888889,94.1176470588235,100,96.1538461538462,83.3333333333333
"NC_059185.1.2195053.2195054",92.8571428571429,85.7142857142857,84.6153846153846,100,100,75,100,100,95.2380952380952,95,92.3076923076923,100,92.3076923076923,95,94.7368421052632,96.1538461538462,100,90,64,93.75,92.3076923076923,93.3333333333333,100,89.4736842105263,95.8333333333333,94.1176470588235,100,100,100,92.8571428571429
"NC_059185.1.2259958.2259959",91.6666666666667,100,100,100,93.3333333333333,85.7142857142857,69.2307692307692,92.3076923076923,90,100,94.1176470588235,96.1538461538462,100,76.1904761904762,91.304347826087,61.1111111111111,100,96.1538461538462,92,84.2105263157895,88.2352941176471,95.6521739130435,87.5,62.0689655172414,90,93.75,100,94.7368421052632,90,93.3333333333333
"NC_059185.1.2424435.2424436",95,100,94.7368421052632,100,93.75,100,85.7142857142857,100,100,93.1034482758621,100,91.304347826087,90.4761904761905,100,100,89.4736842105263,93.3333333333333,100,100,93.3333333333333,95.4545454545455,100,91.6666666666667,93.75,100,94.7368421052632,100,100,100,100
"NC_059185.1.2424481.2424482",88,96.1538461538462,93.75,93.75,92.3076923076923,93.3333333333333,93.75,100,100,96.2962962962963,91.6666666666667,100,100,100,92,100,100,100,84.2105263157895,81.25,94.4444444444444,94.1176470588235,84.6153846153846,100,100,94.7368421052632,94.1176470588235,90,93.75,92.8571428571429
"NC_059185.1.2612193.2612194",85.7142857142857,95,100,91.6666666666667,93.3333333333333,93.3333333333333,92.8571428571429,100,100,100,100,100,100,100,93.1034482758621,87.5,95.2380952380952,95.2380952380952,95.2380952380952,100,75,92.8571428571429,95.8333333333333,94.7368421052632,86.9565217391304,95.4545454545455,100,93.3333333333333,85,88.2352941176471
"NC_059185.1.2612223.2612224",100,100,100,95.6521739130435,100,100,100,100,100,100,90.9090909090909,100,100,100,91.6666666666667,90.9090909090909,100,94.4444444444444,90,100,100,93.3333333333333,100,100,86.3636363636364,95,100,100,95.6521739130435,87.5
"NC_059185.1.2612606.2612607",100,96,100,94.7368421052632,90.9090909090909,92.8571428571429,94.4444444444444,71.4285714285714,100,92.8571428571429,100,96.1538461538462,54.5454545454545,46.1538461538462,100,100,100,95,96.551724137931,93.3333333333333,100,92,100,95.2380952380952,100,82.6086956521739,89.2857142857143,76.9230769230769,100,95.4545454545455
"NC_059185.1.2655562.2655563",100,95.6521739130435,90,92.8571428571429,90,95.2380952380952,94.1176470588235,93.75,83.3333333333333,100,88.2352941176471,100,81.8181818181818,93.3333333333333,93.75,88.2352941176471,87.5,100,88,92.8571428571429,95.6521739130435,90,95.2380952380952,100,93.75,100,94.4444444444444,100,100,92.5925925925926
"NC_059185.1.2655601.2655602",76,95.4545454545455,82.6086956521739,66.6666666666667,80,84.2105263157895,90,93.3333333333333,81.8181818181818,85,73.6842105263158,85.7142857142857,50,93.75,90,89.4736842105263,100,92.8571428571429,72.7272727272727,78.9473684210526,100,50,87.5,85.7142857142857,90.4761904761905,82.6086956521739,88.2352941176471,83.3333333333333,47.6190476190476,74.1935483870968
"NC_059185.1.2655617.2655618",95.6521739130435,86.3636363636364,96,81.25,83.3333333333333,84.2105263157895,94.4444444444444,91.6666666666667,90,100,76.1904761904762,94.4444444444444,71.4285714285714,94.4444444444444,94.7368421052632,100,87.5,77.7777777777778,95,88.8888888888889,96.2962962962963,45.4545454545455,95.6521739130435,95,85.7142857142857,95,88.2352941176471,81.8181818181818,60,87.8787878787879
"NC_059185.1.2692008.2692009",100,92.3076923076923,100,94.4444444444444,100,100,100,87.5,93.75,100,100,94.1176470588235,100,100,90,93.75,100,89.4736842105263,100,93.3333333333333,100,89.4736842105263,100,95,88.2352941176471,100,85,100,88.8888888888889,90
"NC_059185.1.2916354.2916355",68.75,100,100,100,100,100,93.75,94.7368421052632,86.6666666666667,90.9090909090909,100,94.1176470588235,80,100,90.4761904761905,92.3076923076923,100,86.6666666666667,95,94.7368421052632,100,82.3529411764706,93.75,93.3333333333333,100,100,90.9090909090909,92,46.6666666666667,93.3333333333333
"NC_059185.1.2991303.2991304",85.7142857142857,100,83.3333333333333,87.5,38.0952380952381,90,90.4761904761905,100,90.9090909090909,80,100,92,73.3333333333333,100,100,35.2941176470588,92.8571428571429,88.2352941176471,82.7586206896552,100,100,100,100,95.8333333333333,94.7368421052632,96.4285714285714,100,94.4444444444444,95.8333333333333,91.6666666666667
"NC_059185.1.2991310.2991311",85,94.1176470588235,83.3333333333333,86.6666666666667,33.3333333333333,90,85.7142857142857,92.3076923076923,90.9090909090909,80,100,91.6666666666667,85.7142857142857,100,94.7368421052632,46.6666666666667,85.7142857142857,94.4444444444444,82.7586206896552,100,100,100,92.8571428571429,91.304347826087,84.2105263157895,92.5925925925926,88.8888888888889,94.4444444444444,90.9090909090909,95.2380952380952
"NC_059185.1.3018013.3018014",45,90,35.7142857142857,0,50,0,37.037037037037,0,0,0,0,0,0,44.4444444444444,51.6129032258064,0,0,0,0,0,0,0,0,44,0,0,0,0,0,52
"NC_059185.1.3122592.3122593",94.4444444444444,89.6551724137931,100,92.8571428571429,63.6363636363636,100,100,100,100,95,100,94.4444444444444,100,100,95.4545454545455,100,95.8333333333333,92.3076923076923,100,42.1052631578947,91.304347826087,100,96.969696969697,93.3333333333333,57.8947368421053,92.3076923076923,100,100,100,100
"NC_059185.1.3122622.3122623",94.4444444444444,96.875,100,100,58.3333333333333,90.9090909090909,100,100,100,94.4444444444444,88.8888888888889,94.1176470588235,93.3333333333333,95.2380952380952,95.2380952380952,100,100,100,100,38.8888888888889,96.1538461538462,100,96.969696969697,96.7741935483871,56.7567567567568,96.2962962962963,100,100,95.6521739130435,95.8333333333333
"NC_059185.1.3122677.3122678",95.2380952380952,96.1538461538462,100,92.8571428571429,100,95.8333333333333,88.2352941176471,92.3076923076923,100,95.2380952380952,100,92.3076923076923,100,93.75,90,91.6666666666667,90.4761904761905,100,91.6666666666667,100,100,100,96.7741935483871,96.875,96.551724137931,96,100,100,100,100
"NC_059185.1.3122717.3122718",95,89.4736842105263,100,93.3333333333333,100,96,86.6666666666667,81.8181818181818,100,100,92.3076923076923,100,92.8571428571429,92.3076923076923,88.8888888888889,100,88.4615384615385,100,100,95,85,96,91.6666666666667,96,95.4545454545455,91.6666666666667,92.3076923076923,100,100,90.9090909090909
"NC_059185.1.3134591.3134592",92,95.6521739130435,100,95.2380952380952,95.4545454545455,94.1176470588235,100,100,100,100,100,93.9393939393939,96.2962962962963,94.4444444444444,90.9090909090909,87.5,96.551724137931,94.4444444444444,97.1428571428571,95.4545454545455,100,90.3225806451613,95.2380952380952,81.25,96.969696969697,96,88.5714285714286,90,100,88
"NC_059185.1.3414276.3414277",91.6666666666667,91.6666666666667,84.6153846153846,100,88.2352941176471,90,100,100,80,100,88,95.6521739130435,90,95.6521739130435,91.4285714285714,93.3333333333333,87.5,94.1176470588235,100,90,100,90.9090909090909,91.6666666666667,95.4545454545455,95.4545454545455,100,95.2380952380952,100,95.2380952380952,100
"NC_059185.1.3529543.3529544",90.9090909090909,85.7142857142857,100,100,100,90,100,88.8888888888889,100,96.2962962962963,100,85.7142857142857,93.75,100,86.9565217391304,100,100,100,100,100,100,100,100,90,96,95,85.7142857142857,100,95.2380952380952,100
"NC_059185.1.3529584.3529585",70,65.2173913043478,58.3333333333333,50,92.3076923076923,52.6315789473684,50,52.9411764705882,56.25,50,83.3333333333333,65.2173913043478,85,63.6363636363636,62.5,50,68.4210526315789,64.2857142857143,88,84.6153846153846,52.6315789473684,80,60,59.0909090909091,65.7142857142857,66.6666666666667,42.8571428571429,70,77.7777777777778,50
"NC_059185.1.3705770.3705771",95.2380952380952,84.2105263157895,83.3333333333333,89.4736842105263,100,81.25,85.1851851851852,42.8571428571429,78.9473684210526,93.75,83.3333333333333,59.4594594594595,68.75,100,85,72.2222222222222,95,88.2352941176471,93.1034482758621,92.8571428571429,62.8571428571429,84,83.8709677419355,68.75,90.9090909090909,100,55.5555555555556,97.2222222222222,85,86.6666666666667
"NC_059185.1.3705773.3705774",61.9047619047619,68.4210526315789,66.6666666666667,68.4210526315789,94.1176470588235,75,57.6923076923077,50,66.6666666666667,84.375,76.9230769230769,53.8461538461538,50,80.7692307692308,62.5,61.1111111111111,78.9473684210526,57.8947368421053,83.8709677419355,71.4285714285714,44.4444444444444,75,51.6129032258064,56.25,70.8333333333333,87.5,50,78.3783783783784,50,73.3333333333333
"NC_059185.1.3705779.3705780",86.3636363636364,89.4736842105263,79.1666666666667,89.4736842105263,100,87.5,76.9230769230769,56.25,94.7368421052632,84.375,84.6153846153846,60.5263157894737,73.3333333333333,100,85,72.2222222222222,80,88.8888888888889,90.3225806451613,89.2857142857143,56.7567567567568,87.5,82.3529411764706,75,84,90.625,55.5555555555556,97.4358974358974,90,92.8571428571429
"NC_059185.1.3705833.3705834",96,96.1538461538462,96.1538461538462,91.6666666666667,91.304347826087,100,93.5483870967742,100,92.5925925925926,92.5,88.8888888888889,97.2972972972973,94.7368421052632,93.75,98.1132075471698,95.6521739130435,96.1538461538462,100,92.8571428571429,93.1034482758621,90,100,95.4545454545455,100,96.2962962962963,94.2857142857143,88,98.0769230769231,100,100
"NC_059185.1.3705854.3705855",100,100,95.8333333333333,96,91.6666666666667,91.6666666666667,86.6666666666667,95.8333333333333,89.6551724137931,94.7368421052632,100,97.0588235294118,100,96.551724137931,100,95.2380952380952,92.3076923076923,95.4545454545455,89.1891891891892,96.551724137931,100,96.2962962962963,100,100,100,93.3333333333333,92.8571428571429,97.9166666666667,92.3076923076923,100
"NC_059185.1.3705892.3705893",86.2068965517241,95.8333333333333,87.5,71.4285714285714,88.4615384615385,85,82.6086956521739,87.5,82.8571428571429,82.5,81.8181818181818,81.8181818181818,82.6086956521739,93.1034482758621,91.304347826087,80.9523809523809,81.4814814814815,80.9523809523809,84.2105263157895,83.3333333333333,80,87.0967741935484,82.9268292682927,87.5,86.9565217391304,94.7368421052632,82.1428571428571,90,82.7586206896552,86.3636363636364
"NC_059185.1.3705914.3705915",75.8620689655172,86.3636363636364,87.5,71.4285714285714,74.1935483870968,81.8181818181818,73.0769230769231,83.3333333333333,80.6451612903226,86.9565217391304,77.7777777777778,78.125,70.8333333333333,77.7777777777778,92.156862745098,52.3809523809524,89.2857142857143,86.9565217391304,88.0952380952381,65.3846153846154,86.2068965517241,87.8787878787879,87.5,50,90.9090909090909,84.6153846153846,83.3333333333333,88.8888888888889,62.962962962963,84.6153846153846
"NC_059185.1.3705975.3705976",16.1290322580645,30,20.8333333333333,47.3684210526316,32.258064516129,0,44.4444444444444,0,14.8148148148148,15,0,0,18.1818181818182,0,33.3333333333333,0,35.7142857142857,0,2.56410256410256,33.3333333333333,0,36.6666666666667,76.3157894736842,0,47.3684210526316,33.3333333333333,0,65,18.1818181818182,0
"NC_059185.1.4045111.4045112",100,100,91.6666666666667,94.1176470588235,95.2380952380952,100,87.5,100,100,90,100,100,94.4444444444444,94.7368421052632,72,100,100,100,92.8571428571429,94.7368421052632,100,100,92,100,95.8333333333333,86.6666666666667,90.4761904761905,78.5714285714286,91.304347826087,95.2380952380952
"NC_059185.1.4045123.4045124",100,96.4285714285714,100,100,100,88.8888888888889,94.1176470588235,100,100,100,100,100,94.7368421052632,90.4761904761905,76,94.7368421052632,100,100,96.2962962962963,100,100,92.3076923076923,96,100,100,94.1176470588235,100,92.8571428571429,95.8333333333333,94.7368421052632
"NC_059185.1.4189826.4189827",100,90,75,93.75,100,86.6666666666667,100,93.3333333333333,100,92.3076923076923,100,92.8571428571429,92.3076923076923,93.75,100,88.2352941176471,100,90.9090909090909,100,83.3333333333333,100,91.6666666666667,91.6666666666667,100,100,90.4761904761905,100,100,94.1176470588235,93.3333333333333
"NC_059185.1.4294683.4294684",100,90.4761904761905,94.7368421052632,94.7368421052632,100,93.75,82.1428571428571,94.7368421052632,94.1176470588235,100,100,93.1818181818182,83.3333333333333,89.6551724137931,92.8571428571429,100,100,92.3076923076923,96.969696969697,95.8333333333333,96,81.8181818181818,89.6551724137931,100,100,83.3333333333333,87.8787878787879,94.8275862068966,100,92.3076923076923
"NC_059185.1.4302183.4302184",56,95.4545454545455,100,92.3076923076923,100,93.3333333333333,50,100,100,100,86.9565217391304,85,86.6666666666667,100,95.4545454545455,91.6666666666667,86.3636363636364,100,100,68.4210526315789,100,100,81.8181818181818,90,91.6666666666667,100,93.3333333333333,100,96.6666666666667,95
"NC_059185.1.4508209.4508210",36.8421052631579,64.2857142857143,86.3636363636364,100,55.5555555555556,100,35,100,60,95.4545454545455,91.6666666666667,95.2380952380952,100,92.8571428571429,40,87.5,94.4444444444444,92.8571428571429,95.4545454545455,41.1764705882353,0,38.8888888888889,100,80,84.2105263157895,92.8571428571429,94.4444444444444,100,93.75,95.2380952380952
"NC_059185.1.4610332.4610333",100,94.8717948717949,65.7142857142857,75.7575757575758,100,70.9677419354839,100,100,86.9565217391304,100,96.2962962962963,100,93.75,100,94.5945945945946,100,96.969696969697,96.2962962962963,100,100,96.551724137931,94.5945945945946,97.5609756097561,100,92.5,92.3076923076923,97.0588235294118,100,92.6829268292683,100
"NC_059185.1.4610344.4610345",100,95.1219512195122,66.6666666666667,77.1428571428571,96.7741935483871,70.9677419354839,95.8333333333333,100,96,100,92.5925925925926,97.4358974358974,87.8787878787879,95.6521739130435,97.6190476190476,96.969696969697,100,96.4285714285714,93.3333333333333,100,100,100,97.5609756097561,97.5609756097561,100,94.8717948717949,94.4444444444444,96.1538461538462,97.6190476190476,95.6521739130435
"NC_059185.1.4610350.4610351",100,80.4878048780488,63.8888888888889,77.7777777777778,100,73.5294117647059,96.2962962962963,90.4761904761905,95.8333333333333,100,85.7142857142857,100,90.9090909090909,95.8333333333333,95.2380952380952,100,93.75,96.551724137931,91.1111111111111,100,96.7741935483871,100,100,95.2380952380952,95.5555555555556,95,88.8888888888889,100,100,100
"NC_059185.1.4684349.4684350",82.3529411764706,63.6363636363636,83.3333333333333,66.6666666666667,63.6363636363636,73.3333333333333,78.5714285714286,88.8888888888889,81.8181818181818,78.5714285714286,76.9230769230769,81.8181818181818,50,69.2307692307692,76.9230769230769,66.6666666666667,62.5,100,73.6842105263158,83.3333333333333,44.4444444444444,84.6153846153846,75,81.25,64.7058823529412,80.7692307692308,100,89.2857142857143,68.4210526315789,72.7272727272727
"NC_059185.1.4684357.4684358",82.3529411764706,81.8181818181818,55.5555555555556,71.4285714285714,80,80,78.5714285714286,94.4444444444444,83.3333333333333,78.5714285714286,76.9230769230769,90.9090909090909,80,61.5384615384615,75,77.7777777777778,82.3529411764706,92.3076923076923,63.1578947368421,83.3333333333333,88.8888888888889,69.2307692307692,70.5882352941177,75,76.4705882352941,85.1851851851852,100,89.6551724137931,73.6842105263158,90
"NC_059185.1.4716318.4716319",20,44.4444444444444,41.6666666666667,0,76.9230769230769,0,53.8461538461538,43.75,0,0,0,68,0,0,48.1481481481481,0,0,66.6666666666667,0,46.6666666666667,0,0,100,0,47.8260869565217,0,0,0,0,40
"NC_059185.1.8426847.8426848",100,95.8333333333333,100,38.4615384615385,100,100,100,91.6666666666667,95.2380952380952,90,93.75,88,80,100,88.8888888888889,91.304347826087,100,100,96.4285714285714,100,100,100,100,100,56.25,81.4814814814815,95.6521739130435,92.3076923076923,88.2352941176471,100
"NC_059185.1.8426937.8426938",100,87.5,92.3076923076923,94.7368421052632,93.75,100,100,93.3333333333333,90.9090909090909,78.5714285714286,86.3636363636364,96.4285714285714,100,100,100,90,96.1538461538462,84.6153846153846,96.969696969697,91.6666666666667,94.7368421052632,100,100,100,100,93.1034482758621,89.2857142857143,93.3333333333333,100,94.1176470588235
"NC_059185.1.9494200.9494201",94.4444444444444,94.7368421052632,100,100,92.8571428571429,100,100,95.2380952380952,100,100,92.3076923076923,95.4545454545455,94.7368421052632,100,88.8888888888889,95,95.6521739130435,100,95.2380952380952,90.9090909090909,88.8888888888889,100,100,95,80,95,89.4736842105263,100,100,100
"NC_059185.1.9966598.9966599",94.4444444444444,85.1851851851852,100,100,95.6521739130435,94.7368421052632,100,100,100,100,87.5,94.7368421052632,88.2352941176471,54.1666666666667,100,94.4444444444444,94.4444444444444,86.3636363636364,96.1538461538462,100,88,96,100,92.8571428571429,94.4444444444444,86.3636363636364,100,87.5,93.3333333333333,93.3333333333333
"NC_059185.1.10014673.10014674",91.304347826087,77.7777777777778,94.4444444444444,53.3333333333333,38.0952380952381,73.6842105263158,92.3076923076923,90,90.9090909090909,91.304347826087,94.4444444444444,84.2105263157895,92.3076923076923,88.4615384615385,80,78.7878787878788,73.0769230769231,88.4615384615385,91.1764705882353,86.6666666666667,78.2608695652174,100,82.6086956521739,78.2608695652174,30.7692307692308,91.304347826087,75,72.4137931034483,94.1176470588235,66.6666666666667
"NC_059185.1.10089364.10089365",91.6666666666667,93.3333333333333,91.6666666666667,91.6666666666667,87.5,100,90,93.3333333333333,100,92.8571428571429,100,90,93.3333333333333,72.7272727272727,95.8333333333333,86.9565217391304,100,100,79.1666666666667,92.3076923076923,88.2352941176471,88.2352941176471,100,90.9090909090909,94.1176470588235,94.4444444444444,100,100,100,78.5714285714286
"NC_059185.1.10227394.10227395",100,80,93.75,94.7368421052632,100,93.3333333333333,87.5,81.8181818181818,81.25,93.75,94.1176470588235,88.2352941176471,100,90.9090909090909,86.3636363636364,96,100,94.4444444444444,95.6521739130435,82.3529411764706,100,100,82.3529411764706,85.7142857142857,90.4761904761905,88.8888888888889,91.6666666666667,85.2941176470588,92.3076923076923,66.6666666666667
"NC_059185.1.10227516.10227517",100,92.3076923076923,85.7142857142857,94.1176470588235,94.4444444444444,100,100,94.1176470588235,93.3333333333333,100,93.3333333333333,100,83.3333333333333,100,94.4444444444444,95.6521739130435,100,94.4444444444444,92.8571428571429,94.1176470588235,93.75,94.7368421052632,100,100,88,100,100,92.3076923076923,100,91.6666666666667
"NC_059185.1.10239713.10239714",87.5,93.3333333333333,94.7368421052632,90.9090909090909,90.4761904761905,92.8571428571429,100,94.4444444444444,75,100,100,94.1176470588235,84.6153846153846,77.7777777777778,82.6086956521739,96,100,86.6666666666667,95.2380952380952,94.4444444444444,92.8571428571429,94.7368421052632,84.2105263157895,100,95.2380952380952,95,60,93.3333333333333,91.304347826087,93.3333333333333
"NC_059185.1.10239774.10239775",100,100,100,100,95.8333333333333,100,100,100,80,100,100,100,85.7142857142857,95.6521739130435,100,100,100,87.5,100,90.9090909090909,100,100,95.4545454545455,52.9411764705882,100,100,91.6666666666667,100,100,100
"NC_059185.1.10318357.10318358",100,95.4545454545455,100,100,100,94.1176470588235,100,100,100,93.3333333333333,100,100,92.8571428571429,100,100,100,100,95.2380952380952,90.9090909090909,100,100,93.75,100,100,91.6666666666667,88.8888888888889,94.1176470588235,94.4444444444444,94.4444444444444,100
"NC_059185.1.10405413.10405414",42.1052631578947,86.9565217391304,38.4615384615385,68.4210526315789,61.5384615384615,80,44.4444444444444,27.2727272727273,30,76.1904761904762,64.2857142857143,42.3076923076923,33.3333333333333,87.5,46.6666666666667,25,47.3684210526316,0,59.375,0,38.4615384615385,48.1481481481481,45,57.8947368421053,0,69.2307692307692,82.6086956521739,92.8571428571429,35.7142857142857,70.5882352941177
"NC_059185.1.10471633.10471634",95.4545454545455,95,100,92.5925925925926,94.4444444444444,85.7142857142857,94.7368421052632,100,93.3333333333333,95.2380952380952,91.304347826087,96.6666666666667,79.3103448275862,91.6666666666667,100,95.4545454545455,100,78.5714285714286,90.3225806451613,94.4444444444444,95.8333333333333,93.5483870967742,94.2857142857143,96,96.875,92.8571428571429,80.7692307692308,100,100,88.8888888888889
"NC_059185.1.10603989.10603990",81.4814814814815,81.25,68.1818181818182,61.5384615384615,85,89.4736842105263,54.5454545454545,60,60,91.304347826087,84.6153846153846,81.8181818181818,77.2727272727273,75,93.5483870967742,72.7272727272727,91.304347826087,57.1428571428571,78.5714285714286,88.2352941176471,83.3333333333333,92.8571428571429,77.7777777777778,70,78.7878787878788,94.1176470588235,91.304347826087,80,79.3103448275862,88.8888888888889
"NC_059185.1.10608912.10608913",25,54.5454545454545,58.8235294117647,95,79.1666666666667,90,50,47.0588235294118,0,47.8260869565217,57.1428571428571,0,52.9411764705882,53.8461538461538,100,43.75,28.5714285714286,0,0,0,0,73.3333333333333,62.5,0,6.25,0,50,0,0,0
"NC_059185.1.10631810.10631811",85.7142857142857,84,100,100,100,100,94.7368421052632,86.6666666666667,88.2352941176471,91.6666666666667,88.8888888888889,96,100,95,100,88.8888888888889,92.8571428571429,95,87.5,93.75,85.7142857142857,100,92.8571428571429,100,94.7368421052632,81.25,91.6666666666667,100,93.3333333333333,64.2857142857143
"NC_059185.1.10631837.10631838",91.6666666666667,92,100,93.75,88.2352941176471,93.75,100,94.7368421052632,93.3333333333333,86.6666666666667,94.1176470588235,82.6086956521739,100,100,88.2352941176471,94.4444444444444,91.6666666666667,100,94.7368421052632,87.5,100,100,100,100,95,92.8571428571429,95.6521739130435,100,100,80
"NC_059185.1.10681385.10681386",100,87.5,87.5,84.6153846153846,88.2352941176471,100,100,94.4444444444444,100,100,100,100,94.7368421052632,100,100,86.6666666666667,100,93.75,96.551724137931,100,100,94.7368421052632,100,100,95.4545454545455,100,94.1176470588235,100,95.8333333333333,85.7142857142857
"NC_059185.1.10810568.10810569",95.2380952380952,100,90,89.4736842105263,100,100,92.3076923076923,100,100,100,100,100,100,100,95.4545454545455,100,100,90.4761904761905,100,100,94.1176470588235,100,100,100,100,100,100,93.3333333333333,100,100
"NC_059185.1.10810586.10810587",96,100,100,100,88.2352941176471,100,100,100,100,100,96.1538461538462,95.2380952380952,100,100,95.8333333333333,100,100,100,96.6666666666667,100,100,100,95.8333333333333,100,100,94.7368421052632,100,100,100,86.3636363636364
"NC_059185.1.10810655.10810656",89.2857142857143,83.3333333333333,90.9090909090909,89.4736842105263,94.1176470588235,84.2105263157895,78.5714285714286,72.7272727272727,100,93.75,90.4761904761905,86.6666666666667,80,86.6666666666667,81.8181818181818,87.5,100,95,95.6521739130435,93.3333333333333,92.8571428571429,84.2105263157895,100,77.7777777777778,88,88.8888888888889,80.9523809523809,100,82.3529411764706,71.4285714285714
"NC_059185.1.10854936.10854937",80,86.3636363636364,100,85.7142857142857,100,100,92.8571428571429,92.3076923076923,92.3076923076923,93.75,88.2352941176471,83.3333333333333,95,92.8571428571429,84.2105263157895,100,100,83.3333333333333,77.2727272727273,93.75,75,84.6153846153846,94.7368421052632,80.9523809523809,93.3333333333333,100,83.3333333333333,90.9090909090909,94.1176470588235,90.9090909090909
"NC_059185.1.10870767.10870768",100,91.6666666666667,100,100,100,92,100,100,100,94.1176470588235,100,93.1034482758621,90.625,100,100,100,100,94.7368421052632,100,95,96.2962962962963,100,90.9090909090909,100,100,100,96.6666666666667,100,90.4761904761905,100
"NC_059185.1.11067866.11067867",100,100,81.8181818181818,88.2352941176471,100,88.4615384615385,94.7368421052632,100,100,100,100,84.2105263157895,95,92.3076923076923,94.7368421052632,93.3333333333333,86.6666666666667,62.5,84.2105263157895,80,66.6666666666667,100,92.3076923076923,76,100,68.75,82.3529411764706,94.2857142857143,100,90
"NC_059185.1.11067877.11067878",95,100,83.3333333333333,87.5,81.8181818181818,88,90,81.25,66.6666666666667,100,100,83.3333333333333,94.7368421052632,92.3076923076923,85,87.5,86.6666666666667,58.8235294117647,84.2105263157895,78.5714285714286,66.6666666666667,100,83.3333333333333,83.3333333333333,100,57.1428571428571,82.3529411764706,88.2352941176471,93.75,83.3333333333333
"NC_059185.1.11144554.11144555",86.6666666666667,80.7692307692308,72.7272727272727,61.5384615384615,61.1111111111111,88.8888888888889,68.4210526315789,71.4285714285714,88.2352941176471,88.8888888888889,78.9473684210526,80.9523809523809,73.0769230769231,80,84,76.1904761904762,77.7777777777778,64.7058823529412,80.6451612903226,80,77.2727272727273,88.8888888888889,67.6470588235294,85,71.4285714285714,92.3076923076923,82.6086956521739,66.6666666666667,76.9230769230769,89.4736842105263
"NC_059185.1.11220218.11220219",95.2380952380952,76.9230769230769,100,84.6153846153846,100,95.4545454545455,93.3333333333333,85.7142857142857,100,100,100,100,100,95.2380952380952,76.9230769230769,100,89.4736842105263,90,96.551724137931,85.7142857142857,87.5,90,92.3076923076923,96.1538461538462,88.8888888888889,95.6521739130435,100,94.4444444444444,94.5945945945946,100
"NC_059185.1.11256086.11256087",94.1176470588235,90,85.7142857142857,100,93.3333333333333,95.2380952380952,100,89.4736842105263,84.2105263157895,100,100,88.4615384615385,100,62.5,96.875,91.6666666666667,84.6153846153846,95,100,89.2857142857143,100,90.4761904761905,26.9230769230769,94.1176470588235,94.1176470588235,96.2962962962963,87.5,90,88,100
"NC_059185.1.11256125.11256126",100,85.1851851851852,93.75,93.3333333333333,88.8888888888889,100,100,94.1176470588235,94.1176470588235,100,100,90.9090909090909,100,100,96.551724137931,95.4545454545455,96.1538461538462,100,91.6666666666667,95.8333333333333,93.3333333333333,100,88.8888888888889,93.3333333333333,100,100,100,100,100,93.75
"NC_059185.1.11355488.11355489",84.6153846153846,65,35.2941176470588,38.8888888888889,72.7272727272727,79.1666666666667,76.9230769230769,71.4285714285714,64.2857142857143,52.9411764705882,75,25,64.7058823529412,50,50,47.8260869565217,66.6666666666667,88.2352941176471,76.4705882352941,66.6666666666667,70.5882352941177,73.3333333333333,54.5454545454545,38.4615384615385,64.7058823529412,66.6666666666667,72.2222222222222,54.5454545454545,40,56.25
"NC_059185.1.11361729.11361730",93.3333333333333,91.304347826087,92.8571428571429,93.75,100,100,91.6666666666667,92.8571428571429,100,100,100,100,100,100,92,100,100,100,100,100,100,92.8571428571429,95.4545454545455,93.75,100,100,88.8888888888889,100,95.2380952380952,92.3076923076923
"NC_059185.1.11392680.11392681",40,100,90.9090909090909,94.4444444444444,100,100,93.75,100,36.3636363636364,45.4545454545455,66.6666666666667,92.5925925925926,40,92.3076923076923,91.6666666666667,34.7826086956522,90.9090909090909,92.8571428571429,42.1052631578947,94.7368421052632,0,44.4444444444444,36.3636363636364,92.8571428571429,90.9090909090909,52.9411764705882,0,78.5714285714286,3.84615384615385,50
"NC_059185.1.11392702.11392703",100,100,100,94.4444444444444,100,100,100,82.3529411764706,25,75,92.3076923076923,96,86.6666666666667,100,92.3076923076923,38.0952380952381,95.6521739130435,86.6666666666667,100,94.7368421052632,92,93.75,94.7368421052632,93.1034482758621,88.8888888888889,100,91.6666666666667,94.4444444444444,96.2962962962963,100
"NC_059185.1.11521208.11521209",94.7368421052632,65,72.2222222222222,78.5714285714286,80,100,90.9090909090909,86.9565217391304,88.8888888888889,81.25,70.3703703703704,85.7142857142857,84.2105263157895,70,80.6451612903226,82.6086956521739,84.6153846153846,76.1904761904762,81.4814814814815,79.3103448275862,92.5925925925926,88.8888888888889,82.1428571428571,65.625,94.7368421052632,87.0967741935484,80,73.3333333333333,64,81.25
"NC_059185.1.11521227.11521228",100,95.4545454545455,89.4736842105263,84.6153846153846,82.3529411764706,93.3333333333333,69.2307692307692,96,94.1176470588235,94.1176470588235,89.2857142857143,90.625,95.2380952380952,90.9090909090909,86.2068965517241,92.3076923076923,91.6666666666667,79.1666666666667,83.8709677419355,90,81.8181818181818,87.5,90.9090909090909,79.4117647058823,95,91.1764705882353,96.969696969697,88.2352941176471,88,88.8888888888889
"NC_059185.1.11521291.11521292",90.9090909090909,95.4545454545455,95.2380952380952,100,100,85.7142857142857,92.3076923076923,100,94.4444444444444,90,95.4545454545455,100,90,100,100,100,90.9090909090909,96.4285714285714,87.8787878787879,100,100,100,94.2857142857143,96.875,94.7368421052632,96.4285714285714,100,93.75,100,100
"NC_059185.1.11526416.11526417",100,100,85.7142857142857,90,92.8571428571429,95.8333333333333,100,90.9090909090909,100,87.5,87.5,100,100,100,100,21.0526315789474,100,100,57.1428571428571,50,95.2380952380952,82.3529411764706,88.2352941176471,100,100,100,100,85.7142857142857,56.5217391304348,91.6666666666667
"NC_059185.1.11526489.11526490",88.8888888888889,70.5882352941177,66.6666666666667,70,83.3333333333333,95.6521739130435,80,82.3529411764706,92.8571428571429,80,84.6153846153846,85.7142857142857,88.2352941176471,84.6153846153846,86.9565217391304,31.8181818181818,93.3333333333333,76.4705882352941,35.2941176470588,57.1428571428571,77.7777777777778,80,80.9523809523809,52.9411764705882,100,92.3076923076923,84.2105263157895,77.7777777777778,73.9130434782609,76.9230769230769
"NC_059185.1.11526610.11526611",90.4761904761905,92.3076923076923,94.4444444444444,100,100,94.1176470588235,100,100,100,100,100,100,100,95,100,100,100,95,95.6521739130435,94.1176470588235,100,95.4545454545455,91.304347826087,95.8333333333333,100,93.3333333333333,100,100,100,94.7368421052632
"NC_059185.1.11596338.11596339",95.6521739130435,81.25,92.3076923076923,95,100,95,100,100,93.3333333333333,100,90,100,100,92.8571428571429,95.8333333333333,95.6521739130435,100,93.75,95.2380952380952,93.1034482758621,100,100,100,96.4285714285714,100,100,78.5714285714286,100,100,100
"NC_059185.1.11596380.11596381",88.4615384615385,71.4285714285714,93.3333333333333,90.4761904761905,100,86.3636363636364,78.9473684210526,76.6666666666667,82.3529411764706,100,85,81.25,94.1176470588235,93.3333333333333,91.304347826087,82.6086956521739,100,80,100,93.5483870967742,92.5925925925926,93.1034482758621,85.7142857142857,96.551724137931,90,90.3225806451613,85.7142857142857,100,88,93.75
"NC_059185.1.11596409.11596410",95.8333333333333,81.8181818181818,100,86.3636363636364,100,27.7777777777778,63.6363636363636,100,87.5,95.8333333333333,95.2380952380952,90,100,93.3333333333333,95,80,100,86.6666666666667,80,96.4285714285714,95.6521739130435,100,100,95.6521739130435,100,96.7741935483871,85.7142857142857,100,100,92.3076923076923
"NC_059185.1.11735853.11735854",100,95.2380952380952,93.3333333333333,100,70,100,100,93.3333333333333,90.9090909090909,94.4444444444444,64.2857142857143,100,90.9090909090909,92.8571428571429,96,93.75,100,100,94.7368421052632,100,95.8333333333333,100,100,100,100,85,100,100,93.3333333333333,90.9090909090909
"NC_059185.1.11745081.11745082",100,93.3333333333333,94.7368421052632,90.9090909090909,100,95.8333333333333,100,100,100,96.4285714285714,87.5,100,100,100,90.4761904761905,100,95.8333333333333,90.9090909090909,94.2857142857143,100,97.2222222222222,95.6521739130435,95.2380952380952,100,92.3076923076923,95.6521739130435,100,100,93.5483870967742,94.4444444444444
"NC_059185.1.11745105.11745106",95.4545454545455,92.8571428571429,90.9090909090909,92.3076923076923,100,95.2380952380952,94.4444444444444,95,91.6666666666667,96.969696969697,88,96.551724137931,90.4761904761905,93.75,87.5,96.4285714285714,96,92.8571428571429,97.3684210526316,92.8571428571429,87.5,90.4761904761905,90.4761904761905,93.3333333333333,100,95.4545454545455,95.4545454545455,85.7142857142857,50,93.75
"NC_059185.1.11834900.11834901",76.4705882352941,92.8571428571429,76.4705882352941,72.2222222222222,91.304347826087,72.7272727272727,82.3529411764706,81.8181818181818,82.3529411764706,87.5,83.3333333333333,100,83.3333333333333,75,76.1904761904762,86.2068965517241,81.25,81.8181818181818,86.3636363636364,90.4761904761905,77.7777777777778,87.5,83.3333333333333,90.9090909090909,77.7777777777778,88.4615384615385,82.6086956521739,100,91.304347826087,82.3529411764706
"NC_059185.1.11834985.11834986",70,86.9565217391304,81.8181818181818,77.7777777777778,88,100,37.5,92.3076923076923,79.1666666666667,82.3529411764706,79.3103448275862,77.7777777777778,76,76.1904761904762,88.8888888888889,82.6086956521739,76.9230769230769,84.6153846153846,44,78.9473684210526,77.4193548387097,74.0740740740741,75,60.7142857142857,85.7142857142857,77.7777777777778,31.25,50,90.4761904761905,72.2222222222222
"NC_059185.1.11835024.11835025",73.6842105263158,64.7058823529412,46.6666666666667,71.4285714285714,84,86.6666666666667,60,100,61.9047619047619,63.1578947368421,55.5555555555556,70.8333333333333,56.5217391304348,72.7272727272727,86.9565217391304,70.8333333333333,83.3333333333333,78.5714285714286,77.2727272727273,72.2222222222222,78.5714285714286,83.3333333333333,82.6086956521739,51.5151515151515,55.5555555555556,84.6153846153846,80.9523809523809,75,77.2727272727273,64.2857142857143
"NC_059185.1.11947318.11947319",56.25,65,26.6666666666667,64.2857142857143,88.8888888888889,71.4285714285714,41.1764705882353,44,54.5454545454545,83.3333333333333,43.75,14.2857142857143,60,50,56,51.7241379310345,67.8571428571429,53.8461538461538,42.8571428571429,86.9565217391304,85.1851851851852,45,40,73.6842105263158,55.5555555555556,62.5,48,62.0689655172414,46.1538461538462,53.3333333333333
"NC_059185.1.11947372.11947373",68.1818181818182,43.4782608695652,44.4444444444444,46.6666666666667,64.7058823529412,44.8275862068966,41.6666666666667,51.6129032258064,76.9230769230769,50,52.6315789473684,71.875,62.5,23.3333333333333,60.8695652173913,57.6923076923077,61.5384615384615,46.875,67.8571428571429,55.5555555555556,71.4285714285714,59.0909090909091,23.0769230769231,62.5,58.3333333333333,60,52,61.7647058823529,58.6206896551724,55.5555555555556
"NC_059185.1.11947402.11947403",50,66.6666666666667,46.6666666666667,93.75,64.2857142857143,61.5384615384615,40.9090909090909,50,73.3333333333333,68.1818181818182,76.4705882352941,90,70,32.258064516129,60,82.1428571428571,86.9565217391304,58.3333333333333,88.8888888888889,56,81.4814814814815,69.5652173913043,50,95.2380952380952,56,82.7586206896552,65.2173913043478,86.6666666666667,70.3703703703704,61.1111111111111
"NC_059185.1.11989871.11989872",100,90,100,100,100,87.5,92.8571428571429,100,94.1176470588235,100,88.2352941176471,100,100,93.3333333333333,88,100,100,91.6666666666667,95.2380952380952,81.8181818181818,100,94.7368421052632,100,100,100,100,100,100,100,100
"NC_059185.1.11989889.11989890",92.8571428571429,100,100,95.4545454545455,100,94.7368421052632,92.8571428571429,100,100,100,88.2352941176471,100,100,86.6666666666667,96.1538461538462,81.8181818181818,100,100,95.4545454545455,80,93.75,89.4736842105263,100,88.2352941176471,92.3076923076923,100,100,100,96.2962962962963,92
"NC_059185.1.11989980.11989981",94.1176470588235,100,40,95.4545454545455,41.1764705882353,0,40,0,31.25,57.8947368421053,71.4285714285714,25,38.8888888888889,61.5384615384615,38.8888888888889,28.5714285714286,50,40,100,38.4615384615385,58.8235294117647,35.7142857142857,65.2173913043478,94.4444444444444,30.7692307692308,46.6666666666667,100,50,40,55
"NC_059185.1.12137217.12137218",100,88.8888888888889,100,93.3333333333333,100,88.8888888888889,91.6666666666667,87.5,82.3529411764706,100,100,100,91.6666666666667,100,95.4545454545455,95.2380952380952,100,100,100,95,90.9090909090909,89.4736842105263,100,100,86.9565217391304,94.1176470588235,81.8181818181818,100,91.6666666666667,100
"NC_059185.1.12137230.12137231",94.4444444444444,100,100,92.8571428571429,100,88.8888888888889,91.6666666666667,84.6153846153846,100,100,100,100,90.9090909090909,100,100,100,100,100,100,94.7368421052632,100,100,100,100,95,87.5,95.2380952380952,100,100,92.3076923076923
"NC_059185.1.12255752.12255753",100,93.3333333333333,100,88.2352941176471,100,100,91.6666666666667,100,95,90.3225806451613,86.9565217391304,100,92.5925925925926,92.5925925925926,96.7741935483871,100,91.304347826087,100,94.4444444444444,82.3529411764706,95.4545454545455,100,84.2105263157895,100,89.4736842105263,100,90,100,100,95.4545454545455
"NC_059185.1.12255779.12255780",100,96.1538461538462,86.6666666666667,93.75,96,100,94.7368421052632,94.4444444444444,94.1176470588235,93.3333333333333,91.6666666666667,94.1176470588235,96.6666666666667,96.551724137931,93.1034482758621,100,100,100,95,85.7142857142857,95.2380952380952,88.8888888888889,100,95.2380952380952,95.2380952380952,100,95.4545454545455,100,95.6521739130435,100
"NC_059185.1.12272890.12272891",90.4761904761905,85.7142857142857,89.4736842105263,92.8571428571429,100,81.25,100,75,93.3333333333333,85.7142857142857,88.2352941176471,100,95.2380952380952,93.3333333333333,90,90.4761904761905,84.2105263157895,92.8571428571429,92.8571428571429,100,100,90,89.4736842105263,95,92.8571428571429,93.1034482758621,90,100,83.3333333333333,94.1176470588235
"NC_059185.1.12272997.12272998",88.2352941176471,88.2352941176471,100,86.6666666666667,100,100,88.2352941176471,100,94.1176470588235,100,100,88.8888888888889,100,100,95.8333333333333,95.2380952380952,100,100,93.1034482758621,100,100,100,100,100,96.2962962962963,95.4545454545455,100,93.3333333333333,92.8571428571429,100
"NC_059185.1.12283409.12283410",89.4736842105263,100,100,94.4444444444444,100,100,88.8888888888889,100,95,100,91.6666666666667,94.4444444444444,100,100,95.6521739130435,95.6521739130435,100,100,90.4761904761905,93.75,81.8181818181818,94.4444444444444,95,100,100,91.6666666666667,86.6666666666667,96.551724137931,100,89.4736842105263
"NC_059185.1.13107421.13107422",13.8888888888889,33.3333333333333,30.952380952381,0,43.1818181818182,0,25,38.0952380952381,0,0,25.3521126760563,53.4883720930233,46.5116279069767,0,17.7777777777778,27.906976744186,19.5121951219512,42.5,45.1612903225806,0,0,27.2727272727273,25.7575757575758,7.69230769230769,3.125,0,6.45161290322581,0,0,46.4285714285714
"NC_059185.1.13107440.13107441",12.1951219512195,58.3333333333333,29.2682926829268,0,34.7826086956522,0,20,40,11.4285714285714,0,28,55.5555555555556,45.4545454545455,0,13.4615384615385,25,15.7894736842105,41.4634146341463,50,0,0,21.7391304347826,24.1935483870968,12.9032258064516,0,0,0,9.67741935483871,0,41.3793103448276
"NC_059185.1.13107444.13107445",17.5,50,31.7073170731707,2.85714285714286,42.2222222222222,5.12820512820513,21.7391304347826,48.1481481481481,13.8888888888889,0,31.5789473684211,54.3478260869565,45.6521739130435,4.54545454545455,17.3076923076923,23.8095238095238,21.9512195121951,56.0975609756098,50,3.03030303030303,2.77777777777778,21.7391304347826,26.984126984127,16.1290322580645,0,0,0,16.1290322580645,0,44.8275862068966
"NC_059185.1.13107561.13107562",46.875,75,62.8571428571429,58.6206896551724,81.3953488372093,43.1818181818182,46.4285714285714,60,84.375,100,53.030303030303,60.8695652173913,61.7647058823529,63.1578947368421,64.1509433962264,61.2244897959184,70,72.7272727272727,88,46.1538461538462,32.258064516129,82.1428571428571,74.1379310344828,62.5,68.9655172413793,90.9090909090909,33.3333333333333,74,51.6666666666667,58.8235294117647
"NC_059185.1.13110179.13110180",72.4137931034483,41.6666666666667,79.1666666666667,65.5172413793103,23.8095238095238,53.125,43.5897435897436,18.75,35.2941176470588,91.6666666666667,35.5263157894737,43.75,39.1304347826087,64.2857142857143,65.9090909090909,28.5714285714286,48,27.906976744186,57.5757575757576,65.5172413793103,69.4444444444444,38.4615384615385,73.9130434782609,75.7575757575758,76.1904761904762,72.2222222222222,53.8461538461538,58.8235294117647,68.5185185185185,58.6206896551724
"NC_059185.1.13133933.13133934",15.7894736842105,0,0,12.9032258064516,40,31.4285714285714,26.9230769230769,40,42.1052631578947,0,20,41.304347826087,15.7894736842105,37.037037037037,0,0,17.0731707317073,34.375,0,31.25,20.6896551724138,21.6216216216216,0,0,36.3636363636364,5,29.6296296296296,21.0526315789474,0,31.4285714285714
"NC_059185.1.13133988.13133989",19.3548387096774,0,0,0,27.7777777777778,12.5,0,38.8888888888889,18.75,0,15.3846153846154,44.4444444444444,19.3548387096774,33.3333333333333,0,32.4324324324324,15.7894736842105,42.8571428571429,0,36,12.5,0,0,0,0,0,0,19.3548387096774,0,33.3333333333333
"NC_059185.1.13145845.13145846",91.304347826087,93.75,100,90.4761904761905,92.3076923076923,92.8571428571429,90.4761904761905,93.3333333333333,100,82.6086956521739,96.4285714285714,100,88.8888888888889,84.6153846153846,95.6521739130435,94.4444444444444,95.8333333333333,75,100,90,93.3333333333333,94.4444444444444,100,100,81.4814814814815,83.3333333333333,78.2608695652174,100,93.1034482758621,88.8888888888889
"NC_059185.1.13204024.13204025",100,100,100,88.2352941176471,92.3076923076923,100,93.75,93.75,94.4444444444444,100,94.4444444444444,90.4761904761905,96.6666666666667,100,92.8571428571429,92,96.969696969697,95,93.75,95,100,88.2352941176471,96.2962962962963,78.5714285714286,96.4285714285714,94.1176470588235,87.8787878787879,91.6666666666667,100,100
"NC_059185.1.13206294.13206295",91.6666666666667,93.3333333333333,92.8571428571429,100,100,93.75,93.75,72.7272727272727,93.3333333333333,84.6153846153846,100,83.3333333333333,73.3333333333333,100,100,88.8888888888889,94.1176470588235,100,100,93.75,90.4761904761905,100,100,84.2105263157895,86.3636363636364,100,100,89.6551724137931,84.2105263157895,84.2105263157895
"NC_059185.1.13237395.13237396",22.7272727272727,0,0,26.9230769230769,22.2222222222222,36,0,28,0,0,36.3636363636364,20.6896551724138,8.33333333333333,40,0,56.5217391304348,32.1428571428571,0,0,35.7142857142857,29.6296296296296,0,3.44827586206897,0,27.2727272727273,0,50,33.3333333333333,26.3157894736842,21.4285714285714
"NC_059185.1.13237402.13237403",25,0,6.25,30.7692307692308,35.7142857142857,31.8181818181818,0,20.8333333333333,21.4285714285714,0,30,26.6666666666667,9.09090909090909,44,0,76.1904761904762,25.8064516129032,0,0,36.3636363636364,36.3636363636364,0,0,0,25,0,63.6363636363636,36.3636363636364,42.1052631578947,32
"NC_059185.1.13237413.13237414",20,0,6.25,25,35.7142857142857,31.5789473684211,0,20,21.4285714285714,0,18.1818181818182,25.8064516129032,0,48,0,75,22.5806451612903,0,0,45.4545454545455,37.5,0,0,21.4285714285714,24.1379310344828,0,54.5454545454545,30.4347826086957,47.6190476190476,30.4347826086957
"NC_059185.1.13237465.13237466",16.6666666666667,0,5.88235294117647,16.6666666666667,12.5,0,0,26.9230769230769,53.3333333333333,7.69230769230769,0,22.5806451612903,0,31.5789473684211,0,46.6666666666667,2.63157894736842,29.4117647058824,0,38.8888888888889,27.5862068965517,0,0,80,30.4347826086957,0,36.3636363636364,20.8333333333333,21.4285714285714,23.8095238095238
"NC_059185.1.13250853.13250854",100,93.3333333333333,84.2105263157895,88.8888888888889,95,96,93.75,68.75,90,86.3636363636364,100,81.4814814814815,87.5,81.25,76.1904761904762,80,93.3333333333333,87.5,87.5,86.9565217391304,93.3333333333333,83.3333333333333,81.8181818181818,81.8181818181818,92.5925925925926,78.9473684210526,90,81.8181818181818,100,83.3333333333333
"NC_059185.1.13250914.13250915",93.75,50,95.4545454545455,78.9473684210526,100,84,89.4736842105263,89.4736842105263,92.3076923076923,95.4545454545455,86.3636363636364,93.5483870967742,100,77.7777777777778,88.8888888888889,39.1304347826087,100,92.8571428571429,91.6666666666667,100,66.6666666666667,80,64.2857142857143,76.1904761904762,96.1538461538462,94.7368421052632,90.4761904761905,100,87.5,84.2105263157895
"NC_059186.1.90410.90411",100,100,95.4545454545455,81.25,100,100,95,100,90,93.3333333333333,100,82.1428571428571,94.1176470588235,100,100,96.2962962962963,100,100,80.7692307692308,100,92.5925925925926,100,100,93.75,85.1851851851852,83.3333333333333,100,100,86.9565217391304,84.6153846153846
"NC_059186.1.95262.95263",90.9090909090909,52.3809523809524,0,0,50,40,8.33333333333333,57.1428571428571,55,61.1111111111111,38.8888888888889,91.304347826087,87.5,55.5555555555556,0,0,0,41.1764705882353,87.5,0,63.6363636363636,41.1764705882353,100,100,0,41.6666666666667,38.4615384615385,0,72.7272727272727,70
"NC_059186.1.157128.157129",92,64.7058823529412,31.25,18.1818181818182,91.6666666666667,68.4210526315789,84.6153846153846,92.3076923076923,86.6666666666667,82.3529411764706,85.7142857142857,93.1034482758621,86.6666666666667,88.2352941176471,89.4736842105263,82.6086956521739,93.75,100,71.4285714285714,100,93.75,86.6666666666667,82.6086956521739,83.3333333333333,82.3529411764706,92.8571428571429,94.7368421052632,91.1764705882353,90.4761904761905,91.6666666666667
"NC_059186.1.157151.157152",95.2380952380952,100,100,90.9090909090909,100,100,100,100,92.8571428571429,94.4444444444444,100,100,100,94.4444444444444,100,86.9565217391304,100,81.8181818181818,100,100,100,90.9090909090909,95.2380952380952,100,100,100,100,100,100,100
"NC_059186.1.157303.157304",100,95.2380952380952,100,100,100,91.6666666666667,100,90,100,96,94.7368421052632,100,100,95.4545454545455,93.75,90.4761904761905,83.3333333333333,90,100,100,90.4761904761905,100,100,100,92.8571428571429,92.3076923076923,90,95.6521739130435,100,93.3333333333333
"NC_059186.1.157322.157323",100,90.4761904761905,94.7368421052632,88.2352941176471,90.9090909090909,100,100,100,100,90,91.304347826087,91.6666666666667,100,100,96.1538461538462,100,84.2105263157895,91.6666666666667,100,100,85.7142857142857,100,95.2380952380952,100,92.5925925925926,100,90.9090909090909,100,100,92.8571428571429
"NC_059186.1.254510.254511",43.4782608695652,93.75,83.3333333333333,86.9565217391304,100,100,85.7142857142857,100,96.1538461538462,90,91.8918918918919,97.6190476190476,88.4615384615385,48.2758620689655,97.3684210526316,93.1034482758621,94.7368421052632,96.6666666666667,54.5454545454545,100,97.1428571428571,91.8918918918919,97.0588235294118,97.1428571428571,97.7272727272727,96.1538461538462,96.4285714285714,90.9090909090909,97.6190476190476,97.7272727272727
"NC_059186.1.254538.254539",47.8260869565217,93.75,95.8333333333333,100,96.2962962962963,100,75,87.5,91.304347826087,92.8571428571429,97.3684210526316,89.4736842105263,89.2857142857143,90.3225806451613,94.2857142857143,91.6666666666667,88.8888888888889,96.1538461538462,67.6470588235294,96.551724137931,97.0588235294118,89.1891891891892,100,96.6666666666667,100,88.4615384615385,92.5925925925926,100,91.6666666666667,97.6744186046512
"NC_059186.1.254845.254846",100,94.4444444444444,84.2105263157895,94.7368421052632,100,100,91.6666666666667,100,95.6521739130435,96.1538461538462,100,95.4545454545455,100,100,91.6666666666667,100,90.4761904761905,100,100,92.3076923076923,96.4285714285714,100,93.3333333333333,90,90.4761904761905,85.7142857142857,100,90,96.2962962962963,87.5
"NC_059186.1.254861.254862",100,91.304347826087,100,84.2105263157895,95.2380952380952,95.2380952380952,92.8571428571429,100,96.1538461538462,92.3076923076923,94.7368421052632,95.4545454545455,100,95.4545454545455,96.1538461538462,96.1538461538462,95,100,96.4285714285714,93.3333333333333,100,93.75,96.7741935483871,95.8333333333333,95.8333333333333,100,100,90,96.6666666666667,88.2352941176471
"NC_059186.1.254912.254913",90.9090909090909,84,72.2222222222222,75,90.4761904761905,76.1904761904762,80,89.4736842105263,73.9130434782609,72,76.1904761904762,92,69.5652173913043,80,80.6451612903226,81.25,88.4615384615385,72.4137931034483,80,68.4210526315789,82.7586206896552,100,84.8484848484848,72.4137931034483,92.5925925925926,92.3076923076923,85,80,76,76.4705882352941
"NC_059186.1.352134.352135",90,86.3636363636364,93.3333333333333,93.75,95.2380952380952,95.2380952380952,100,93.75,80,76.1904761904762,83.3333333333333,100,80.9523809523809,90.9090909090909,83.3333333333333,90,90,82.3529411764706,84,88.8888888888889,91.304347826087,93.3333333333333,86.9565217391304,80,85.1851851851852,93.1034482758621,82.6086956521739,93.3333333333333,89.2857142857143,92.8571428571429
"NC_059186.1.452481.452482",38.8888888888889,66.6666666666667,36.3636363636364,38.0952380952381,29.4117647058824,27.7777777777778,50,0,37.5,35.2941176470588,85,0,0,0,0,45.4545454545455,12.5,50,56.6666666666667,27.2727272727273,78.2608695652174,41.9354838709677,83.3333333333333,57.1428571428571,35,55.5555555555556,0,87.5,3.33333333333333,0
"NC_059186.1.725299.725300",100,100,100,100,100,82.3529411764706,100,100,93.3333333333333,92.8571428571429,100,95,100,100,91.6666666666667,100,83.3333333333333,100,100,100,95.2380952380952,94.7368421052632,100,80,93.3333333333333,88.8888888888889,96.1538461538462,97.7777777777778,94.7368421052632,100
"NC_059186.1.860661.860662",90,94.4444444444444,100,100,100,88.2352941176471,90,91.6666666666667,100,100,84.6153846153846,100,84.6153846153846,100,87.5,93.75,100,100,94.7368421052632,95.2380952380952,100,100,100,94.1176470588235,92.3076923076923,100,94.1176470588235,100,88.8888888888889,100
"NC_059186.1.860669.860670",100,88.2352941176471,100,93.75,92.8571428571429,82.3529411764706,100,91.6666666666667,93.75,100,76.9230769230769,95.4545454545455,78.5714285714286,86.6666666666667,94.1176470588235,93.75,100,100,100,94.4444444444444,100,88.8888888888889,100,87.5,92.8571428571429,92.3076923076923,89.4736842105263,100,100,100
"NC_059186.1.860765.860766",100,86.6666666666667,92.8571428571429,85.7142857142857,92.3076923076923,94.4444444444444,83.3333333333333,75,90.4761904761905,93.3333333333333,80.9523809523809,63.6363636363636,89.4736842105263,75,84.2105263157895,81.8181818181818,95.4545454545455,86.6666666666667,92.5925925925926,92.3076923076923,92.3076923076923,86.6666666666667,88.2352941176471,68.75,94.1176470588235,100,88,90,72.2222222222222,75
"NC_059186.1.860774.860775",100,93.3333333333333,92.3076923076923,100,92.3076923076923,100,100,81.25,100,93.75,95,95.6521739130435,100,91.6666666666667,100,82.6086956521739,100,82.3529411764706,96.2962962962963,100,100,100,94.4444444444444,94.4444444444444,93.75,100,100,100,100,83.3333333333333
"NC_059186.1.874136.874137",92.3076923076923,100,78.5714285714286,92.3076923076923,90,100,70,90.9090909090909,100,83.3333333333333,80,92.3076923076923,100,100,94.1176470588235,100,100,100,83.3333333333333,86.6666666666667,87.5,88.8888888888889,100,100,93.75,85.7142857142857,88.8888888888889,100,88.8888888888889,82.3529411764706
"NC_059186.1.958955.958956",18.75,0,2.5,3.57142857142857,0,0,0,0,2.63157894736842,0,4.76190476190476,1.88679245283019,0,3.77358490566038,1.40845070422535,0,0,0,1.5625,0,2.4390243902439,0,0,0,0,0,0,0,2.85714285714286,0
"NC_059186.1.959001.959002",14.2857142857143,0,2.27272727272727,0,0,0,0,0,0,0,3.7037037037037,1.58730158730159,0,0,1.0989010989011,1.38888888888889,0,0,0,0,0,0,0,0,0,0,0,0,2.27272727272727,0
"NC_059186.1.2883462.2883463",50,36.8421052631579,60,40,26.9230769230769,23.5294117647059,0,30.7692307692308,20,33.3333333333333,32,3.03030303030303,83.3333333333333,42.1052631578947,40,9.67741935483871,0,36.3636363636364,44.4444444444444,33.3333333333333,14.2857142857143,5.26315789473684,0,26.9230769230769,46.1538461538462,36.3636363636364,0,0,18.75,30.4347826086957
"NC_059186.1.2883604.2883605",22.7272727272727,38.8888888888889,50,68.75,62.5,37.5,44,68.1818181818182,50,58.3333333333333,16.6666666666667,54.7619047619048,44,54.1666666666667,66.6666666666667,51.6129032258064,67.8571428571429,0,23.0769230769231,47.3684210526316,50,55,65.3846153846154,50,35,47.6190476190476,74.0740740740741,46,47.0588235294118,44.4444444444444
"NC_059186.1.2912058.2912059",10.7142857142857,0,0,0,0,0,0,0,0,0,0,3.84615384615385,0,0,2.77777777777778,0,0,0,0,0,0,0,0,5.71428571428571,0,0,0,0,0,4.54545454545455
"NC_059186.1.3005779.3005780",85.7142857142857,86.3636363636364,90,90.9090909090909,92.3076923076923,100,85.7142857142857,83.3333333333333,76.4705882352941,78.5714285714286,93.75,94.1176470588235,92.8571428571429,76.9230769230769,70.5882352941177,70,90,85.7142857142857,80.9523809523809,80,85.7142857142857,88.8888888888889,100,71.4285714285714,87.5,100,81.25,91.6666666666667,85.7142857142857,100
"NC_059186.1.3458665.3458666",95.2380952380952,100,100,93.75,100,95.4545454545455,95.4545454545455,92.8571428571429,100,93.75,100,92.5925925925926,100,100,100,100,100,95.6521739130435,100,94.1176470588235,100,95.4545454545455,95.8333333333333,100,100,85,94.1176470588235,90.9090909090909,91.6666666666667,100
"NC_059186.1.3458678.3458679",100,93.3333333333333,100,100,100,100,95,100,90.9090909090909,100,100,95.4545454545455,100,100,100,90.9090909090909,93.3333333333333,95.2380952380952,89.4736842105263,88.2352941176471,100,100,96,100,100,88.8888888888889,92.8571428571429,91.6666666666667,100,92
"NC_059186.1.3634962.3634963",55.5555555555556,26.6666666666667,58.8235294117647,57.1428571428571,73.3333333333333,42.8571428571429,62.5,75,86.6666666666667,72.7272727272727,38.8888888888889,68.4210526315789,76.9230769230769,57.1428571428571,59.2592592592593,80,62.5,13.6363636363636,65,8.33333333333333,36,62.5,57.1428571428571,43.4782608695652,46.1538461538462,52.6315789473684,61.5384615384615,6.25,60,61.5384615384615
"NC_059186.1.3634994.3634995",94.4444444444444,100,90.9090909090909,93.3333333333333,93.3333333333333,94.4444444444444,100,100,100,100,92.3076923076923,95.8333333333333,100,92.3076923076923,93.3333333333333,100,93.75,95.2380952380952,100,91.304347826087,100,92.8571428571429,96.1538461538462,91.6666666666667,100,100,100,100,96,91.6666666666667
"NC_059186.1.3635065.3635066",84,85.7142857142857,92,41.1764705882353,93.3333333333333,86.3636363636364,78.9473684210526,83.3333333333333,94.1176470588235,81.4814814814815,82.6086956521739,73.3333333333333,95.2380952380952,100,83.3333333333333,75,95,85.7142857142857,89.2857142857143,90.3225806451613,88.8888888888889,87.5,89.2857142857143,91.6666666666667,94.1176470588235,91.6666666666667,95.6521739130435,90.9090909090909,77.4193548387097,90.9090909090909
"NC_059186.1.3635074.3635075",85.7142857142857,95.4545454545455,92,47.0588235294118,93.3333333333333,95.8333333333333,88.2352941176471,90.9090909090909,88.2352941176471,93.1034482758621,79.1666666666667,89.6551724137931,100,90,90.9090909090909,92.8571428571429,100,100,86.6666666666667,96.875,100,95.4545454545455,89.2857142857143,100,100,92,95.4545454545455,100,86.6666666666667,73.9130434782609
"NC_059186.1.3635093.3635094",92,95.6521739130435,83.3333333333333,58.8235294117647,93.3333333333333,92,81.25,60,94.7368421052632,96.4285714285714,96,96.551724137931,95.6521739130435,95,100,92.8571428571429,100,94.7368421052632,96.875,100,97.2222222222222,82.6086956521739,100,95.4545454545455,95,92,94.7368421052632,91.304347826087,100,85.7142857142857
"NC_059186.1.4999174.4999175",91.304347826087,80,95.2380952380952,90,94.1176470588235,68.75,86.6666666666667,100,100,100,88.8888888888889,100,100,100,100,85.7142857142857,95.2380952380952,93.75,90.625,96.551724137931,83.3333333333333,94.7368421052632,95,83.3333333333333,95.6521739130435,100,100,100,95.8333333333333,95.2380952380952
"NC_059186.1.5198294.5198295",90,90,87.5,95,100,100,91.6666666666667,100,100,100,90,100,94.1176470588235,100,96.551724137931,84.6153846153846,84,95.6521739130435,100,95.2380952380952,100,80.9523809523809,100,80.9523809523809,92.5925925925926,94.1176470588235,94.7368421052632,100,95.2380952380952,82.3529411764706
"NC_059186.1.6866210.6866211",89.4736842105263,92.8571428571429,100,92.3076923076923,94.1176470588235,100,100,92.3076923076923,90,100,100,94.1176470588235,100,100,100,89.2857142857143,100,100,84.6153846153846,90.9090909090909,100,100,100,100,89.4736842105263,75,83.3333333333333,95.2380952380952,81.8181818181818,100
"NC_059186.1.6892324.6892325",88.2352941176471,94.1176470588235,69.2307692307692,88.2352941176471,90.4761904761905,94.1176470588235,90.9090909090909,100,100,100,100,92.3076923076923,86.6666666666667,95.2380952380952,75,88.2352941176471,75,90.4761904761905,83.3333333333333,100,95,95.4545454545455,86.6666666666667,96.4285714285714,94.1176470588235,92.3076923076923,75,100,91.304347826087,77.7777777777778
"NC_059186.1.7410859.7410860",85.7142857142857,87.5,91.6666666666667,100,89.4736842105263,96.1538461538462,100,94.7368421052632,100,85.7142857142857,94.5945945945946,96.7741935483871,92,100,92.3076923076923,100,95.2380952380952,100,96.7741935483871,89.4736842105263,100,94.7368421052632,100,94.1176470588235,90.9090909090909,94.4444444444444,100,90.9090909090909,96.1538461538462,95.4545454545455
"NC_059186.1.7410898.7410899",85.7142857142857,100,91.304347826087,93.3333333333333,94.4444444444444,96.1538461538462,94.4444444444444,95.2380952380952,100,100,84.8484848484848,90.625,88.8888888888889,96.4285714285714,87.5,94.4444444444444,100,62.5,96.7741935483871,100,100,100,100,95.2380952380952,100,95.6521739130435,91.304347826087,96.7741935483871,100,88
"NC_059186.1.7411122.7411123",52.3809523809524,33.3333333333333,41.1764705882353,92.8571428571429,38.4615384615385,88.2352941176471,71.4285714285714,53.8461538461538,14.2857142857143,84.6153846153846,50,52.3809523809524,81.8181818181818,92.8571428571429,86.6666666666667,92.8571428571429,85.7142857142857,66.6666666666667,32,0,86.3636363636364,44,84.2105263157895,75,52.9411764705882,95.4545454545455,57.1428571428571,57.1428571428571,36,87.5
"NC_059186.1.7411129.7411130",57.1428571428571,33.3333333333333,31.25,92.8571428571429,30.7692307692308,93.75,86.3636363636364,50,0,92.8571428571429,66.6666666666667,47.8260869565217,86.3636363636364,92.8571428571429,93.3333333333333,92.8571428571429,100,46.1538461538462,36,0,95.2380952380952,40,80,83.3333333333333,50,100,46.6666666666667,55.1724137931034,34.6153846153846,88.2352941176471
"NC_059186.1.7613177.7613178",36.3636363636364,76.9230769230769,43.75,40,68.4210526315789,56.5217391304348,38.4615384615385,75,38.4615384615385,50,60,17.6470588235294,58.8235294117647,77.7777777777778,79.1666666666667,65.3846153846154,80,31.8181818181818,52.1739130434783,53.8461538461538,78.2608695652174,53.8461538461538,84.2105263157895,75,34.6153846153846,42.8571428571429,62.5,75,52.9411764705882,52.6315789473684
"NC_059186.1.7881236.7881237",100,82.3529411764706,100,93.75,100,89.4736842105263,100,83.3333333333333,93.3333333333333,100,100,100,95.6521739130435,100,100,100,93.75,100,96.1538461538462,92.3076923076923,100,95.8333333333333,100,91.6666666666667,82.6086956521739,90.4761904761905,100,92.5925925925926,100,100
"NC_059186.1.7881277.7881278",100,85.7142857142857,100,92.8571428571429,100,100,92.8571428571429,91.6666666666667,100,91.6666666666667,100,100,100,94.7368421052632,96.551724137931,100,100,100,91.304347826087,100,96,100,100,93.3333333333333,95.2380952380952,100,100,100,95.6521739130435,100
"NC_059186.1.7892752.7892753",42.8571428571429,96,81.8181818181818,94.1176470588235,73.3333333333333,96.1538461538462,100,40,69.2307692307692,95.6521739130435,50,96,56.25,50,65.5172413793103,90,96.4285714285714,75,100,94.7368421052632,46.4285714285714,100,50,72.4137931034483,94.7368421052632,100,100,100,82.3529411764706,95.6521739130435
"NC_059186.1.7892873.7892874",92.5925925925926,96.6666666666667,86.6666666666667,100,100,100,94.4444444444444,95.2380952380952,100,94.7368421052632,93.75,92.8571428571429,83.3333333333333,88.2352941176471,91.304347826087,90,100,90.4761904761905,88.4615384615385,95.8333333333333,88.8888888888889,95.2380952380952,100,100,100,90.9090909090909,93.75,100,89.4736842105263,94.7368421052632
"NC_059186.1.7989746.7989747",94.7368421052632,94.4444444444444,100,94.4444444444444,91.6666666666667,93.75,100,93.75,100,100,91.6666666666667,100,100,100,93.3333333333333,96.4285714285714,86.6666666666667,100,92.3076923076923,93.75,90.4761904761905,91.304347826087,90,95.4545454545455,93.3333333333333,95.4545454545455,91.6666666666667,100,100,93.3333333333333
"NC_059186.1.8105216.8105217",100,93.3333333333333,100,95.2380952380952,100,83.3333333333333,95,100,100,100,100,90,87.5,100,94.7368421052632,84.2105263157895,91.6666666666667,100,77.7777777777778,100,100,93.75,100,93.75,92.3076923076923,100,95,97.0588235294118,100,92.3076923076923
"NC_059186.1.8144031.8144032",100,93.75,95,94.4444444444444,92.3076923076923,96,95.4545454545455,93.3333333333333,94.4444444444444,95.4545454545455,95,100,100,88.4615384615385,95.4545454545455,100,100,100,100,88.2352941176471,100,89.4736842105263,96.4285714285714,94.1176470588235,100,95.8333333333333,100,100,86.6666666666667,95.4545454545455
"NC_059186.1.8211543.8211544",85.7142857142857,88.8888888888889,100,91.6666666666667,91.6666666666667,93.3333333333333,100,85.7142857142857,94.7368421052632,94.1176470588235,100,85.7142857142857,100,92.8571428571429,87.5,94.4444444444444,100,100,100,91.6666666666667,85.7142857142857,100,88.8888888888889,90,100,100,89.4736842105263,90,86.6666666666667,78.5714285714286
"NC_059186.1.8262197.8262198",30,26.3157894736842,13.3333333333333,17.6470588235294,30.7692307692308,26.0869565217391,5.26315789473684,22.2222222222222,15.3846153846154,19.2307692307692,0,5,46.1538461538462,8.33333333333333,21.0526315789474,10,0,6.66666666666667,15,28.5714285714286,25,4.34782608695652,5.55555555555556,28.5714285714286,5.26315789473684,6.66666666666667,22.2222222222222,2.85714285714286,7.40740740740741,18.1818181818182
"NC_059186.1.8310894.8310895",100,100,100,100,72.2222222222222,95,87.5,95,84.2105263157895,100,92.5925925925926,93.75,100,90.9090909090909,91.6666666666667,96.2962962962963,100,95,85.1851851851852,100,95.6521739130435,100,100,91.304347826087,92,92.8571428571429,65.5172413793103,92.8571428571429,92.8571428571429,88.2352941176471
"NC_059186.1.8310900.8310901",94.4444444444444,100,72.2222222222222,81.8181818181818,72.2222222222222,81.8181818181818,87.5,75,75,85.7142857142857,95.8333333333333,81.25,100,86.3636363636364,88.4615384615385,92.8571428571429,89.4736842105263,84.2105263157895,71.4285714285714,90.9090909090909,91.6666666666667,100,100,86.9565217391304,73.0769230769231,89.2857142857143,70.3703703703704,92.8571428571429,80.7692307692308,88.8888888888889
"NC_059186.1.8311030.8311031",94.7368421052632,94.4444444444444,100,92,95.4545454545455,96,100,95,90.9090909090909,91.6666666666667,96.7741935483871,90.625,100,82.6086956521739,96.875,93.3333333333333,96,88.8888888888889,89.1891891891892,95,95.8333333333333,93.3333333333333,88.8888888888889,85.7142857142857,97.4358974358974,93.9393939393939,95.4545454545455,100,100,95
"NC_059186.1.8311053.8311054",82.3529411764706,100,100,92,100,95.6521739130435,100,94.7368421052632,95.8333333333333,100,89.2857142857143,92.5925925925926,100,92.3076923076923,96.551724137931,96.875,91.304347826087,100,94.1176470588235,100,89.4736842105263,94.1176470588235,100,92.3076923076923,77.1428571428571,100,95.4545454545455,100,100,94.1176470588235
"NC_059186.1.8311107.8311108",100,100,95,100,95,90.4761904761905,100,93.75,84.6153846153846,87.5,88,92,86.9565217391304,95.2380952380952,100,93.3333333333333,88.4615384615385,100,87.8787878787879,92.8571428571429,100,100,95.6521739130435,94.4444444444444,100,96.6666666666667,89.6551724137931,95.6521739130435,88,100
"NC_059186.1.8311139.8311140",87.5,75,89.4736842105263,93.75,95,94.7368421052632,78.9473684210526,80,45.8333333333333,76.4705882352941,89.6551724137931,70.8333333333333,83.3333333333333,95.6521739130435,86.9565217391304,85.1851851851852,95.6521739130435,83.3333333333333,82.1428571428571,92,100,95.4545454545455,100,80,93.75,82.3529411764706,95.6521739130435,100,87.5,88.8888888888889
"NC_059186.1.8350432.8350433",88,93.1034482758621,93.75,83.3333333333333,90.9090909090909,82.6086956521739,73.9130434782609,87.5,71.4285714285714,91.304347826087,79.1666666666667,83.8709677419355,85.7142857142857,90.4761904761905,70.3703703703704,80.6451612903226,90.9090909090909,68.1818181818182,84.8484848484848,82.7586206896552,78.7878787878788,80,75,79.3103448275862,86.6666666666667,80,77.7777777777778,88.4615384615385,78.125,57.1428571428571
"NC_059186.1.8350445.8350446",95.4545454545455,89.2857142857143,100,88.2352941176471,100,96.1538461538462,95.6521739130435,95.4545454545455,100,95.4545454545455,95.8333333333333,96.7741935483871,96.1538461538462,100,91.6666666666667,90.3225806451613,95,90,96.969696969697,96.551724137931,87.8787878787879,95,89.6551724137931,96.2962962962963,96.6666666666667,86.2068965517241,94.5945945945946,92.3076923076923,96.875,90.4761904761905
"NC_059186.1.8350472.8350473",100,96.2962962962963,100,100,87.5,96.4285714285714,95.4545454545455,100,100,100,92,96.6666666666667,88.4615384615385,100,92.3076923076923,84.375,91.304347826087,95.4545454545455,91.1764705882353,100,93.75,100,100,92.5925925925926,100,96.969696969697,94.2857142857143,93.3333333333333,92.3076923076923,91.6666666666667
"NC_059186.1.8350579.8350580",81.8181818181818,80,66.6666666666667,83.3333333333333,84.2105263157895,63.1578947368421,86.6666666666667,84.6153846153846,75,100,88.2352941176471,68.9655172413793,84.2105263157895,71.4285714285714,70.5882352941177,60.7142857142857,76.4705882352941,75,81.4814814814815,89.4736842105263,72,70.5882352941177,78.5714285714286,85,54.5454545454545,65.3846153846154,80,85.3658536585366,73.6842105263158,46.6666666666667
"NC_059186.1.8350609.8350610",90,100,86.6666666666667,81.8181818181818,94.1176470588235,94.7368421052632,100,92.8571428571429,90.9090909090909,92.3076923076923,93.3333333333333,88.4615384615385,93.75,100,100,92.8571428571429,94.1176470588235,81.25,92,86.6666666666667,91.6666666666667,87.5,83.3333333333333,93.75,90,92.3076923076923,100,92.1052631578947,85.7142857142857,92.8571428571429
"NC_059186.1.8356063.8356064",38.0952380952381,73.6842105263158,0,58.3333333333333,90,55.5555555555556,55,27.7777777777778,0,41.6666666666667,56,0,92.8571428571429,0,40,15,76.1904761904762,94.1176470588235,46.6666666666667,44.4444444444444,0,57.8947368421053,86.3636363636364,45,6.66666666666667,96.2962962962963,100,0,0,0
"NC_059186.1.8370749.8370750",46.6666666666667,27.2727272727273,0,0,100,0,56.25,53.3333333333333,50,76.9230769230769,53.8461538461538,0,0,64.2857142857143,0,36.3636363636364,93.3333333333333,0,86.3636363636364,42.8571428571429,63.6363636363636,63.6363636363636,0,0,25,0,0,0,100,60
"NC_059186.1.8388899.8388900",80,69.5652173913043,46.1538461538462,50,81.8181818181818,62.5,55.5555555555556,38.4615384615385,42.8571428571429,91.6666666666667,50,50,57.8947368421053,61.1111111111111,64.7058823529412,66.6666666666667,70.5882352941177,35.2941176470588,65.5172413793103,78.5714285714286,35.2941176470588,28.5714285714286,75,69.5652173913043,90.4761904761905,68.1818181818182,73.9130434782609,83.3333333333333,63.6363636363636,85
"NC_059186.1.8388948.8388949",46.6666666666667,50,71.4285714285714,43.75,14.2857142857143,6.66666666666667,6.66666666666667,0,31.25,57.1428571428571,6.25,44,100,5,0,0,6.25,0,9.375,0,46.1538461538462,0,62.5,26.3157894736842,50,12.5,22.2222222222222,91.6666666666667,0,90.9090909090909
"NC_059186.1.8388953.8388954",40,33.3333333333333,69.2307692307692,31.25,0,31.25,43.75,45.4545454545455,87.5,57.1428571428571,0,44,90.4761904761905,0,23.5294117647059,0,47.0588235294118,0,42.4242424242424,23.0769230769231,46.1538461538462,50,56.25,26.3157894736842,86.3636363636364,0,26.3157894736842,83.3333333333333,37.5,77.2727272727273
"NC_059186.1.8622085.8622086",16.6666666666667,0,41.1764705882353,25,0,31.5789473684211,53.3333333333333,44.4444444444444,45.4545454545455,0,0,0,30.3030303030303,0,63.6363636363636,50,90.625,3.7037037037037,91.304347826087,56,0,50,0,3.2258064516129,0,0,0,33.3333333333333,57.1428571428571,0
"NC_059186.1.8665018.8665019",60,85.7142857142857,30.7692307692308,0,4.16666666666667,7.69230769230769,19.047619047619,25,68.75,36.8421052631579,20,36.8421052631579,65.2173913043478,96,35.4838709677419,5.26315789473684,37.5,0,0,0,64,10,50,36,76.1904761904762,4.34782608695652,56,4.76190476190476,50,64.2857142857143
"NC_059186.1.8665095.8665096",100,86.9565217391304,92.3076923076923,100,38.0952380952381,58.8235294117647,95.2380952380952,100,93.75,58.6206896551724,95.6521739130435,95.4545454545455,94.4444444444444,55.5555555555556,100,95.4545454545455,100,100,91.6666666666667,92.8571428571429,100,77.7777777777778,94.4444444444444,100,100,77.7777777777778,92.3076923076923,100,36.8421052631579,82.3529411764706
"NC_059186.1.8665135.8665136",66.6666666666667,45.4545454545455,33.3333333333333,54.5454545454545,4.76190476190476,50,47.8260869565217,58.8235294117647,40,42.3076923076923,69.2307692307692,46.6666666666667,42.1052631578947,42.1052631578947,63.4615384615385,56,57.1428571428571,72.7272727272727,62.1621621621622,65.3846153846154,59.2592592592593,57.1428571428571,40.9090909090909,57.1428571428571,68.1818181818182,70.8333333333333,76.6666666666667,58.8235294117647,31.8181818181818,36.3636363636364
"NC_059186.1.8665164.8665165",82.7586206896552,85.7142857142857,94.1176470588235,95,57.8947368421053,74.2857142857143,80,76.4705882352941,93.3333333333333,70.3703703703704,91.6666666666667,87.5,94.7368421052632,94.1176470588235,100,85.1851851851852,94.4444444444444,91.304347826087,86.8421052631579,60,96.1538461538462,90.4761904761905,95.4545454545455,89.2857142857143,90,91.304347826087,85.7142857142857,83.3333333333333,66.6666666666667,80
"NC_059186.1.8665249.8665250",100,94.7368421052632,93.75,92.8571428571429,93.75,93.5483870967742,85.7142857142857,100,100,90,92.8571428571429,96.7741935483871,83.3333333333333,86.6666666666667,97.2222222222222,100,95.6521739130435,100,100,100,100,94.7368421052632,100,87.5,85.7142857142857,93.75,100,100,94.7368421052632,100
"NC_059186.1.8665252.8665253",92.3076923076923,94.4444444444444,87.5,100,93.75,93.1034482758621,100,100,100,83.3333333333333,92.8571428571429,93.5483870967742,91.6666666666667,93.3333333333333,97.1428571428571,96.1538461538462,100,89.4736842105263,100,95.2380952380952,100,100,95.2380952380952,91.6666666666667,100,100,100,100,89.4736842105263,100
"NC_059186.1.8853628.8853629",76.9230769230769,85.7142857142857,78.5714285714286,85.7142857142857,81.8181818181818,100,93.75,83.3333333333333,90.9090909090909,92.8571428571429,82.3529411764706,94.1176470588235,80,82.3529411764706,89.4736842105263,85.7142857142857,92.3076923076923,90.9090909090909,78.3783783783784,77.7777777777778,82.3529411764706,100,77.7777777777778,78.9473684210526,94.7368421052632,66.6666666666667,85,92.8571428571429,100,85.7142857142857
"NC_059186.1.8880097.8880098",75.8620689655172,62.8571428571429,84.2105263157895,83.3333333333333,87.8787878787879,84.6153846153846,74.0740740740741,78.2608695652174,66.6666666666667,87.0967741935484,76.3157894736842,73.8095238095238,78.2608695652174,44.8275862068966,90.3225806451613,73.9130434782609,90.4761904761905,28.5714285714286,57.8947368421053,88.5714285714286,51.5151515151515,91.8918918918919,41.1764705882353,78.125,51.7241379310345,84.375,62.5,90,51.5151515151515,68.75
"NC_059186.1.8880244.8880245",77.7777777777778,73.6842105263158,82.3529411764706,71.4285714285714,78.9473684210526,87.5,80,85.7142857142857,83.3333333333333,100,92.3076923076923,81.8181818181818,81.25,76.1904761904762,85.7142857142857,84,88.8888888888889,76.1904761904762,78.9473684210526,66.6666666666667,82.3529411764706,93.3333333333333,72.2222222222222,57.1428571428571,89.2857142857143,70.5882352941177,90.4761904761905,73.3333333333333,91.304347826087,77.2727272727273
"NC_059186.1.8880318.8880319",100,33.3333333333333,44.4444444444444,50,100,0,0,50,33.3333333333333,53.3333333333333,38.4615384615385,95.4545454545455,54.5454545454545,94.4444444444444,41.6666666666667,45,0,90.4761904761905,0,53.8461538461538,85.7142857142857,91.6666666666667,91.6666666666667,91.304347826087,95.6521739130435,55.5555555555556,57.1428571428571,43.4782608695652,42.1052631578947,94.4444444444444
"NC_059186.1.8900120.8900121",100,90,94.4444444444444,92.8571428571429,100,100,92.8571428571429,83.3333333333333,100,94.1176470588235,100,94.7368421052632,93.75,100,100,94.4444444444444,95.4545454545455,55.5555555555556,100,100,100,95,100,100,93.75,100,87.5,94.1176470588235,93.3333333333333,91.6666666666667
"NC_059186.1.8964071.8964072",42.8571428571429,52.3809523809524,47.3684210526316,59.0909090909091,24,92.3076923076923,50,89.4736842105263,75,46.6666666666667,81.8181818181818,0,35.7142857142857,79.1666666666667,84.2105263157895,100,89.2857142857143,0,96.875,92,0,42.3076923076923,50,44.4444444444444,57.1428571428571,52.1739130434783,88.2352941176471,100,37.9310344827586,38.4615384615385
"NC_059186.1.8964075.8964076",62.962962962963,85.7142857142857,77.7777777777778,50,52,88.4615384615385,78.9473684210526,78.9473684210526,75,80,81.8181818181818,0,85.7142857142857,91.6666666666667,78.9473684210526,94.4444444444444,88.8888888888889,33.3333333333333,88.2352941176471,92,80,88,50,81.4814814814815,86.3636363636364,72.7272727272727,81.8181818181818,100,72.4137931034483,0
"NC_059186.1.8964105.8964106",85.1851851851852,61.9047619047619,82.3529411764706,44.4444444444444,72.7272727272727,77.7777777777778,64.7058823529412,58.8235294117647,73.3333333333333,93.75,89.4736842105263,14.2857142857143,73.3333333333333,85.7142857142857,83.3333333333333,72.7272727272727,95.6521739130435,43.4782608695652,85.7142857142857,80.7692307692308,86.9565217391304,95,52,77.2727272727273,80.9523809523809,77.2727272727273,80.6451612903226,80,67.8571428571429,0
"NC_059186.1.9368872.9368873",87.5,85.7142857142857,100,93.3333333333333,92.3076923076923,72.2222222222222,93.3333333333333,85.7142857142857,92.8571428571429,100,85.7142857142857,100,83.3333333333333,85.7142857142857,95.2380952380952,91.304347826087,84.2105263157895,81.8181818181818,100,86.6666666666667,94.4444444444444,100,82.3529411764706,90.9090909090909,85.7142857142857,100,88.8888888888889,88.2352941176471,94.1176470588235,100
"NC_059186.1.9430145.9430146",90.9090909090909,80,72.7272727272727,90.9090909090909,91.6666666666667,90.4761904761905,73.3333333333333,93.75,72.7272727272727,71.4285714285714,90,63.1578947368421,78.5714285714286,75,77.7777777777778,73.3333333333333,72.2222222222222,90,82.6086956521739,100,73.3333333333333,90.4761904761905,63.6363636363636,70,60.8695652173913,90,78.9473684210526,100,64.2857142857143,57.1428571428571
"NC_059186.1.9441734.9441735",95.2380952380952,94.4444444444444,94.1176470588235,100,89.4736842105263,95,70,100,92.3076923076923,96.2962962962963,94.4444444444444,96.875,100,95.6521739130435,100,94.4444444444444,95,95.4545454545455,90.9090909090909,90,92.8571428571429,100,96,88,100,90.4761904761905,93.3333333333333,100,100,94.1176470588235
"NC_059186.1.9945477.9945478",100,100,100,100,92.3076923076923,100,100,100,100,94.4444444444444,92.8571428571429,100,100,100,93.75,100,100,100,100,94.1176470588235,100,100,100,100,100,100,95.2380952380952,96,100,80
"NC_059186.1.10023121.10023122",100,95.8333333333333,100,93.75,93.75,92,100,100,100,100,100,95.8333333333333,95.8333333333333,100,96,100,100,93.75,88.4615384615385,90.4761904761905,100,93.5483870967742,89.4736842105263,90,91.304347826087,92.5925925925926,100,100,95.2380952380952,90
"NC_059186.1.10103471.10103472",90.4761904761905,43.75,83.3333333333333,70,82.6086956521739,100,60,6.66666666666667,92.8571428571429,88.2352941176471,86.6666666666667,60,32,33.3333333333333,100,100,100,95.6521739130435,45.4545454545455,90,52,51.5151515151515,5,95.4545454545455,93.1034482758621,96.7741935483871,90.9090909090909,100,100,35
"NC_059186.1.10201887.10201888",94.1176470588235,57.1428571428571,100,58.8235294117647,45,32,42.8571428571429,92.8571428571429,68.1818181818182,52.6315789473684,50,86.6666666666667,37.037037037037,100,78.2608695652174,66.6666666666667,68.1818181818182,50,100,0,4.76190476190476,38.8888888888889,36.3636363636364,47.3684210526316,51.6129032258064,47.0588235294118,76.4705882352941,81.25,87.5,63.6363636363636
"NC_059186.1.10201968.10201969",89.4736842105263,27.5862068965517,83.3333333333333,46.6666666666667,100,82.3529411764706,20,90,81.25,56.25,81.8181818181818,68.1818181818182,86.9565217391304,78.5714285714286,72.7272727272727,62.5,78.5714285714286,91.6666666666667,78.5714285714286,84.6153846153846,50,53.3333333333333,82.3529411764706,71.4285714285714,50,35.2941176470588,93.3333333333333,92.3076923076923,69.2307692307692,66.6666666666667
"NC_059186.1.10201977.10201978",73.6842105263158,44.8275862068966,92.8571428571429,35.2941176470588,93.75,75,18.75,90,86.6666666666667,57.1428571428571,90.9090909090909,75,63.6363636363636,71.4285714285714,73.9130434782609,78.5714285714286,100,83.3333333333333,71.4285714285714,85.7142857142857,41.1764705882353,46.6666666666667,86.6666666666667,73.3333333333333,47.6190476190476,33.3333333333333,93.3333333333333,84.6153846153846,41.6666666666667,66.6666666666667
"NC_059186.1.10218291.10218292",88.8888888888889,91.6666666666667,89.4736842105263,100,92.8571428571429,100,90,95,93.75,100,100,100,94.1176470588235,90.9090909090909,90.4761904761905,95,100,100,92.1052631578947,100,95,95.2380952380952,100,95.8333333333333,92,100,96.4285714285714,90.9090909090909,95.6521739130435,100
"NC_059186.1.10218331.10218332",73.9130434782609,86.6666666666667,88.8888888888889,58.8235294117647,100,80,72.7272727272727,93.75,81.25,95.8333333333333,90,92,75,87.5,95.2380952380952,85.7142857142857,88.2352941176471,80,84.375,90,100,80,84.2105263157895,92,86.3636363636364,77.2727272727273,92.3076923076923,90.9090909090909,66.6666666666667,94.1176470588235
"NC_059186.1.10750045.10750046",85.7142857142857,100,94.4444444444444,100,90.9090909090909,96,100,100,86.6666666666667,100,92.8571428571429,100,93.3333333333333,100,100,100,100,92.3076923076923,100,100,92.8571428571429,100,100,100,96.969696969697,87.5,91.304347826087,100,91.304347826087,94.7368421052632
"NC_059186.1.10890973.10890974",89.2857142857143,88,100,100,100,85.7142857142857,100,100,100,100,100,96.2962962962963,94.4444444444444,92.3076923076923,95.2380952380952,100,95.4545454545455,94.4444444444444,100,80,96,100,88.2352941176471,89.4736842105263,100,100,96.969696969697,95.4545454545455,95,100
"NC_059186.1.10891108.10891109",95,85.1851851851852,87.5,95.2380952380952,100,93.75,100,93.3333333333333,85.7142857142857,92.3076923076923,91.6666666666667,90.9090909090909,88.2352941176471,92.8571428571429,91.304347826087,100,89.4736842105263,90.4761904761905,100,85.7142857142857,100,100,100,96.7741935483871,96,94.7368421052632,79.1666666666667,80,90,84.2105263157895
"NC_059186.1.11254658.11254659",91.304347826087,95.4545454545455,100,100,91.304347826087,100,100,93.75,86.6666666666667,85.7142857142857,93.3333333333333,95,85,93.75,94.1176470588235,94.7368421052632,94.1176470588235,88.8888888888889,96.551724137931,83.3333333333333,95,90.4761904761905,100,93.75,100,95,81.8181818181818,100,100,100
"NC_059186.1.11254670.11254671",90.4761904761905,90.4761904761905,92.8571428571429,100,87.5,92.3076923076923,88.2352941176471,93.3333333333333,86.6666666666667,83.3333333333333,76.4705882352941,100,95,77.7777777777778,93.75,94.4444444444444,100,100,92.8571428571429,91.304347826087,90,95.2380952380952,100,80,95,94.7368421052632,90.4761904761905,94.1176470588235,94.4444444444444,94.1176470588235
"NC_059186.1.11281238.11281239",57.1428571428571,73.3333333333333,78.9473684210526,86.3636363636364,85.7142857142857,81.8181818181818,80.9523809523809,93.3333333333333,45.4545454545455,89.4736842105263,90,80.9523809523809,73.3333333333333,95,83.3333333333333,77.2727272727273,93.1034482758621,84.2105263157895,35.2941176470588,50,90,82.3529411764706,93.3333333333333,73.0769230769231,95,75,86.9565217391304,82.6086956521739,30,77.2727272727273
"NC_059186.1.11645057.11645058",96.551724137931,95.4545454545455,94.7368421052632,100,94.1176470588235,100,88.2352941176471,100,92.8571428571429,100,94.4444444444444,96.6666666666667,100,100,100,100,100,100,92.8571428571429,100,94.1176470588235,100,94.7368421052632,94.4444444444444,100,100,100,100,93.75,100
"NC_059186.1.11645132.11645133",96.6666666666667,90.4761904761905,100,92.3076923076923,95.4545454545455,95.2380952380952,100,84.6153846153846,88.2352941176471,100,100,100,84.6153846153846,93.3333333333333,100,100,92.8571428571429,93.3333333333333,94.2857142857143,77.7777777777778,100,93.3333333333333,100,95.6521739130435,91.6666666666667,100,90,97.0588235294118,100,100
"NC_059186.1.11652461.11652462",100,91.6666666666667,94.1176470588235,100,94.1176470588235,100,83.3333333333333,80,92.3076923076923,100,100,95.4545454545455,85.7142857142857,100,92.8571428571429,100,100,94.1176470588235,95,95.6521739130435,100,95.6521739130435,94.1176470588235,100,93.3333333333333,94.7368421052632,90,100,94.7368421052632,90.9090909090909
"NC_059186.1.11652495.11652496",86.6666666666667,100,93.75,100,100,93.75,92.3076923076923,93.75,100,100,100,95.4545454545455,78.9473684210526,100,93.3333333333333,95.8333333333333,100,93.3333333333333,100,100,100,96,93.75,100,100,84.6153846153846,95.6521739130435,96.969696969697,87.5,85.7142857142857
"NC_059186.1.11665594.11665595",95.8333333333333,95.2380952380952,92.8571428571429,100,94.7368421052632,91.304347826087,100,91.6666666666667,95,94.7368421052632,93.3333333333333,96.551724137931,90.9090909090909,100,100,95.2380952380952,100,95.8333333333333,93.5483870967742,95.4545454545455,95.8333333333333,95.6521739130435,100,96.4285714285714,100,95.6521739130435,100,86.6666666666667,100,100
"NC_059186.1.11665608.11665609",96,100,100,100,100,95.8333333333333,83.3333333333333,100,100,94.7368421052632,94.1176470588235,96.551724137931,95.6521739130435,94.4444444444444,90,92,100,96,96.6666666666667,95.6521739130435,100,95.6521739130435,95.2380952380952,100,100,96.2962962962963,94.1176470588235,93.75,100,100
"NC_059186.1.11665676.11665677",89.4736842105263,68,85.7142857142857,61.9047619047619,94.7368421052632,90,41.6666666666667,90.9090909090909,72.2222222222222,90,91.6666666666667,80.7692307692308,66.6666666666667,94.4444444444444,80.7692307692308,84,77.7777777777778,72.4137931034483,60,80,57.1428571428571,88,81.8181818181818,88,81.8181818181818,86.9565217391304,75,89.4736842105263,76,86.3636363636364
"NC_059186.1.11683039.11683040",100,90,87.5,94.1176470588235,100,94.4444444444444,84.6153846153846,100,100,100,94.4444444444444,90.3225806451613,84.6153846153846,82.3529411764706,100,95.4545454545455,100,95,96,94.7368421052632,100,94.4444444444444,100,95.2380952380952,100,96.551724137931,100,100,96.2962962962963,91.304347826087
"NC_059186.1.11741696.11741697",88,90.9090909090909,86.6666666666667,46.6666666666667,27.2727272727273,89.4736842105263,64.2857142857143,84.6153846153846,81.25,93.3333333333333,100,63.3333333333333,71.4285714285714,94.1176470588235,71.4285714285714,93.1034482758621,91.304347826087,93.75,100,80,81.8181818181818,54.5454545454545,94.7368421052632,88.8888888888889,78.2608695652174,90.9090909090909,95,92.8571428571429,100,55
"NC_059186.1.11741720.11741721",95.4545454545455,91.304347826087,90.9090909090909,50,30,87.5,86.6666666666667,92.8571428571429,75,93.75,100,48.1481481481481,50,76.1904761904762,43.75,100,95.2380952380952,89.4736842105263,100,66.6666666666667,94.1176470588235,45.4545454545455,94.4444444444444,100,100,100,100,100,100,62.5
"NC_059186.1.11840093.11840094",100,94.7368421052632,100,77.7777777777778,85.7142857142857,100,69.2307692307692,100,90.9090909090909,92.8571428571429,72.7272727272727,68.4210526315789,100,88.8888888888889,64.7058823529412,90.9090909090909,85.7142857142857,92,95.6521739130435,87.5,88.8888888888889,86.3636363636364,88,95.2380952380952,90.4761904761905,95.6521739130435,85.7142857142857,100,90,80
"NC_059186.1.11923918.11923919",84,87.5,81.25,94.7368421052632,94.4444444444444,83.3333333333333,100,60,80,90,83.3333333333333,76.1904761904762,80,88.2352941176471,77.7777777777778,80,85.7142857142857,80,80.5555555555556,90.4761904761905,90,94.7368421052632,100,76.4705882352941,86.2068965517241,75,72.7272727272727,92.3076923076923,86.3636363636364,76.9230769230769
"NC_059186.1.12034900.12034901",94.7368421052632,94.4444444444444,100,94.4444444444444,100,92,88.2352941176471,93.3333333333333,96.551724137931,95.8333333333333,100,100,86.6666666666667,93.75,95.4545454545455,100,95.4545454545455,96,100,86.9565217391304,91.304347826087,96.2962962962963,94.4444444444444,95,96.969696969697,81.25,96,100,100,100
"NC_059186.1.12034938.12034939",94.1176470588235,90,100,100,100,96.4285714285714,100,89.4736842105263,100,95.4545454545455,100,94.7368421052632,86.9565217391304,100,100,100,100,91.304347826087,100,96.2962962962963,92,86.9565217391304,100,100,96.875,100,100,98.0392156862745,100,100
"NC_059186.1.12034941.12034942",93.75,95,100,95,84.6153846153846,96.2962962962963,100,88.8888888888889,96.4285714285714,100,100,100,95.4545454545455,100,100,100,100,96,100,100,88.4615384615385,87.5,94.7368421052632,100,93.5483870967742,100,100,100,95.4545454545455,100
"NC_059186.1.12034971.12034972",100,100,100,100,100,100,94.1176470588235,94.1176470588235,88.8888888888889,95,90.4761904761905,88.2352941176471,91.6666666666667,100,100,94.4444444444444,95.2380952380952,81.8181818181818,100,100,91.6666666666667,91.6666666666667,100,100,86.6666666666667,100,92.3076923076923,92.4528301886792,95.2380952380952,86.6666666666667
"NC_059186.1.12092566.12092567",89.4736842105263,93.75,91.304347826087,100,100,91.6666666666667,100,100,100,100,100,100,100,100,100,100,93.75,90.9090909090909,100,100,100,82.6086956521739,100,100,95.4545454545455,94.1176470588235,90.4761904761905,94.1176470588235,100,100
"NC_059186.1.12203945.12203946",100,91.6666666666667,88.2352941176471,94.4444444444444,100,92.3076923076923,100,86.6666666666667,100,90.4761904761905,94.1176470588235,95.2380952380952,90.4761904761905,100,100,100,100,92.8571428571429,100,93.75,85.7142857142857,100,96.875,100,100,95,96.2962962962963,98.0769230769231,100,100
"NC_059187.1.93471.93472",100,92.3076923076923,100,100,92.3076923076923,100,93.3333333333333,100,91.6666666666667,88.2352941176471,90.9090909090909,96.1538461538462,86.6666666666667,86.6666666666667,95.6521739130435,90,100,88.2352941176471,95.8333333333333,100,86.6666666666667,92.3076923076923,80,100,95,94.4444444444444,100,100,85.7142857142857,100
"NC_059187.1.99520.99521",82.3529411764706,50,60,81.25,62.5,93.75,78.5714285714286,81.8181818181818,50,56.25,64.2857142857143,77.7777777777778,75,73.3333333333333,60,53.3333333333333,92.8571428571429,76.9230769230769,50,80,90,75,31.25,75,83.3333333333333,75,50,50,35,69.2307692307692
"NC_059187.1.153238.153239",21.4285714285714,0,0,0,0,0,0,0,0,0,0,0,0,3.2258064516129,0,0,0,0,0,0,0,0,0,0,0,0,0,0,3.33333333333333,0
"NC_059187.1.233237.233238",33.3333333333333,50,28.5714285714286,25,26.3157894736842,18.1818181818182,25,50,40,13.3333333333333,70,33.3333333333333,16.6666666666667,50,50,28,33.3333333333333,9.09090909090909,26.0869565217391,35.2941176470588,36.3636363636364,42.8571428571429,33.3333333333333,28.5714285714286,52,16.6666666666667,35.7142857142857,26.3157894736842,8.33333333333333,35.2941176470588
"NC_059187.1.248937.248938",81.25,72.7272727272727,78.5714285714286,41.6666666666667,86.6666666666667,84.2105263157895,76.1904761904762,54.5454545454545,62.5,75,72.2222222222222,73.6842105263158,57.8947368421053,50,59.0909090909091,57.1428571428571,56.25,66.6666666666667,83.3333333333333,82.3529411764706,60,38.8888888888889,47.0588235294118,63.1578947368421,70,53.8461538461538,67.741935483871,86.046511627907,66.6666666666667,75
"NC_059187.1.249035.249036",88.2352941176471,95.6521739130435,100,57.1428571428571,100,100,85.1851851851852,92.3076923076923,87.5,92,72.7272727272727,15,93.75,85.7142857142857,100,93.3333333333333,68.75,100,19.3548387096774,100,95.8333333333333,90.9090909090909,100,100,100,100,86.6666666666667,97.8723404255319,100,100
"NC_059187.1.249038.249039",82.3529411764706,86.9565217391304,52.3809523809524,57.1428571428571,95.8333333333333,100,88,85.7142857142857,83.3333333333333,92,69.5652173913043,10.5263157894737,93.75,78.5714285714286,96.2962962962963,86.6666666666667,76.4705882352941,69.2307692307692,19.3548387096774,100,100,90.9090909090909,100,95.6521739130435,96,100,93.3333333333333,97.9166666666667,100,94.1176470588235
"NC_059187.1.297312.297313",65,42.8571428571429,25,0,0,0,50,81.8181818181818,40,0,0,0,0,0,55,0,0,0,4.34782608695652,0,0,0,0,0,0,4.54545454545455,0,2.85714285714286,0,0
"NC_059187.1.307045.307046",42.8571428571429,65.5172413793103,54.0540540540541,45.4545454545455,45.2380952380952,46.6666666666667,45.9459459459459,67.9245283018868,42.1052631578947,61.9047619047619,72.972972972973,53.6585365853659,60,62,40,39.622641509434,59.5238095238095,31.4285714285714,48,77.7777777777778,46.9387755102041,64.2857142857143,53.3333333333333,45.8333333333333,53.7313432835821,39.1304347826087,42.5,43.5897435897436,36.9565217391304,58.974358974359
"NC_059187.1.484591.484592",100,95.4545454545455,100,100,100,100,92.3076923076923,100,100,100,92.3076923076923,95.8333333333333,100,100,100,96.2962962962963,100,88.2352941176471,95.4545454545455,100,100,100,100,94.1176470588235,100,96.7741935483871,100,100,91.304347826087,90.4761904761905
"NC_059187.1.484605.484606",100,100,100,100,94.7368421052632,93.75,100,100,94.1176470588235,100,84.6153846153846,100,100,100,100,85.1851851851852,100,87.5,100,100,93.75,93.75,100,93.3333333333333,100,100,100,95.8333333333333,95.6521739130435,95.4545454545455
"NC_059187.1.486576.486577",88.8888888888889,84.6153846153846,94.7368421052632,73.3333333333333,90,88.4615384615385,83.3333333333333,77.7777777777778,66.6666666666667,86.9565217391304,81.4814814814815,90.4761904761905,93.3333333333333,93.3333333333333,81.8181818181818,81.25,94.1176470588235,87.5,90.9090909090909,84.2105263157895,86.3636363636364,90.9090909090909,91.6666666666667,91.304347826087,85.7142857142857,85.7142857142857,66.6666666666667,95.4545454545455,84.2105263157895,90.4761904761905
"NC_059187.1.496139.496140",90,90.9090909090909,93.3333333333333,91.304347826087,100,100,100,93.75,100,100,92.3076923076923,100,90,94.4444444444444,91.6666666666667,100,100,86.6666666666667,85.1851851851852,88.8888888888889,90.9090909090909,100,100,100,94.7368421052632,95.2380952380952,94.4444444444444,100,100,100
"NC_059187.1.673234.673235",53.3333333333333,96.551724137931,100,89.4736842105263,100,92.3076923076923,95.6521739130435,100,100,100,86.3636363636364,93.3333333333333,85.1851851851852,94.4444444444444,87.5,96.4285714285714,94.4444444444444,93.75,88.8888888888889,94.7368421052632,84.375,100,94.1176470588235,87.5,83.3333333333333,95,100,93.1034482758621,90.9090909090909,83.3333333333333
"NC_059187.1.879357.879358",48,4.34782608695652,0,0,0,5,43.75,100,100,5.26315789473684,3.57142857142857,0,46.6666666666667,90.4761904761905,51.5151515151515,0,33.3333333333333,59.2592592592593,53.3333333333333,0,95.4545454545455,60,54.1666666666667,55.5555555555556,39.2857142857143,0,0,0,61.9047619047619,0
"NC_059187.1.879452.879453",95.6521739130435,100,100,100,85.7142857142857,100,100,92.8571428571429,100,100,85.7142857142857,94.4444444444444,100,100,95,53.3333333333333,93.75,100,96.4285714285714,91.304347826087,84.2105263157895,100,100,95.4545454545455,95,89.2857142857143,86.9565217391304,100,94.1176470588235,100
"NC_059187.1.893468.893469",92.8571428571429,85.7142857142857,100,93.3333333333333,90,86.9565217391304,100,76.9230769230769,100,95.2380952380952,95,95.4545454545455,93.3333333333333,92.8571428571429,96,66.6666666666667,95,100,96,100,84,100,100,73.6842105263158,92.8571428571429,93.3333333333333,100,90.4761904761905,90.4761904761905,95.6521739130435
"NC_059187.1.934321.934322",96.4285714285714,93.75,90.9090909090909,100,100,100,93.75,94.7368421052632,84.6153846153846,86.9565217391304,88.2352941176471,100,95.2380952380952,100,100,90,91.6666666666667,90.4761904761905,96.4285714285714,90,94.4444444444444,95,95,100,84.2105263157895,100,100,100,90.4761904761905,72.7272727272727
"NC_059187.1.934324.934325",92.3076923076923,87.5,90.9090909090909,85.7142857142857,95,95,87.5,90.4761904761905,85.7142857142857,91.6666666666667,76.4705882352941,87.5,90,85.7142857142857,100,84.2105263157895,91.6666666666667,90.4761904761905,75,95.2380952380952,88.8888888888889,95,90,80,72.2222222222222,100,93.3333333333333,84.2105263157895,80.9523809523809,72.7272727272727
"NC_059187.1.934359.934360",91.304347826087,58.8235294117647,41.6666666666667,0,95,94.4444444444444,52.9411764705882,95.6521739130435,50,36.3636363636364,62.5,75,86.9565217391304,92.8571428571429,40,94.4444444444444,0,95.2380952380952,92.3076923076923,100,100,66.6666666666667,100,95.4545454545455,95,52.6315789473684,100,100,100,58.3333333333333
"NC_059187.1.1168578.1168579",90.4761904761905,92.3076923076923,94.1176470588235,78.5714285714286,81.8181818181818,86.6666666666667,92.3076923076923,100,90,81.8181818181818,90.9090909090909,100,100,92.8571428571429,85,92.3076923076923,81.8181818181818,82.3529411764706,95.8333333333333,100,100,90.9090909090909,90.4761904761905,81.25,95.2380952380952,100,90.9090909090909,90,92.3076923076923,100
"NC_059187.1.1260331.1260332",96.1538461538462,50,77.2727272727273,46.1538461538462,94.7368421052632,100,43.75,91.6666666666667,84.6153846153846,92.3076923076923,87.8787878787879,43.4782608695652,100,91.304347826087,92,95.6521739130435,100,90,91.6666666666667,87.5,92,100,50,45.4545454545455,96.969696969697,48,82.3529411764706,41.6666666666667,59.2592592592593,40.9090909090909
"NC_059187.1.1532504.1532505",100,48.1481481481481,66.6666666666667,43.75,0,7.69230769230769,95.2380952380952,45.4545454545455,70,43.75,100,43.4782608695652,56.25,0,46.1538461538462,0,36.8421052631579,55,46.4285714285714,40,0,40,33.3333333333333,68.75,47.6190476190476,57.6923076923077,61.1111111111111,57.1428571428571,56.25,25
"NC_059187.1.1532547.1532548",53.3333333333333,3.57142857142857,66.6666666666667,28.5714285714286,0,0,80.9523809523809,47.3684210526316,0,25,0,43.4782608695652,63.1578947368421,0,38.4615384615385,0,15.7894736842105,47.3684210526316,50,47.0588235294118,0,0,33.3333333333333,23.5294117647059,4,7.69230769230769,19.047619047619,42.1052631578947,0,0
"NC_059187.1.1532629.1532630",43.75,45,72.7272727272727,0,0,0,76.9230769230769,84.2105263157895,0,50,50,47.6190476190476,50,0,0,0,31.5789473684211,0,43.4782608695652,42.8571428571429,0,0,33.3333333333333,0,50,0,57.1428571428571,50,6.25,0
"NC_059187.1.1551936.1551937",100,95.8333333333333,72.7272727272727,94.4444444444444,94.4444444444444,87.5,90.9090909090909,93.75,87.5,95.4545454545455,88.2352941176471,95,88,100,96.875,89.2857142857143,100,100,96,89.4736842105263,95,96.1538461538462,88.8888888888889,92.5925925925926,92.5925925925926,91.6666666666667,90.4761904761905,95.8333333333333,95.4545454545455,95
"NC_059187.1.1603830.1603831",100,89.4736842105263,100,100,100,94.7368421052632,88.8888888888889,100,94.7368421052632,92.3076923076923,95.4545454545455,100,77.2727272727273,86.6666666666667,87.5,96.7741935483871,93.3333333333333,100,96.551724137931,94.4444444444444,92.8571428571429,96,95,100,90.4761904761905,86.2068965517241,85.7142857142857,93.3333333333333,93.3333333333333,100
"NC_059187.1.1631587.1631588",90.9090909090909,88.8888888888889,91.304347826087,88.2352941176471,100,100,77.7777777777778,92.3076923076923,70,100,75.6756756756757,95,91.6666666666667,85.7142857142857,83.3333333333333,95.2380952380952,93.9393939393939,87.5,96,96.969696969697,61.1111111111111,94.1176470588235,90.9090909090909,85.1851851851852,88.4615384615385,96.6666666666667,96.551724137931,100,83.8709677419355,100
"NC_059187.1.1631626.1631627",74.2857142857143,68,73.6842105263158,70.5882352941177,70,75,71.4285714285714,75,65,85,75,86.3636363636364,70.8333333333333,75,68.4210526315789,57.8947368421053,58.6206896551724,83.3333333333333,87.5,85.7142857142857,83.3333333333333,96.551724137931,70.5882352941177,84,85.7142857142857,74.1935483870968,72.4137931034483,81.8181818181818,78.125,70.8333333333333
"NC_059187.1.1720612.1720613",77.2727272727273,87.0967741935484,68.4210526315789,100,78.9473684210526,100,85,93.75,85.7142857142857,83.3333333333333,94.1176470588235,97.0588235294118,80,78.5714285714286,91.8918918918919,86.3636363636364,92.8571428571429,77.2727272727273,83.8709677419355,89.2857142857143,84,89.2857142857143,90.3225806451613,78.125,90.9090909090909,84.8484848484848,71.4285714285714,91.6666666666667,84.6153846153846,87.5
"NC_059187.1.1720674.1720675",85.7142857142857,91.1764705882353,61.9047619047619,100,86.3636363636364,95.4545454545455,95.6521739130435,94.4444444444444,100,92,90.4761904761905,95,84.375,100,88.8888888888889,90.9090909090909,100,96,96.875,90.3225806451613,96.4285714285714,90.3225806451613,96.875,87.8787878787879,83.3333333333333,96.969696969697,91.6666666666667,94.1176470588235,100,96.551724137931
"NC_059187.1.1720703.1720704",90.9090909090909,94.2857142857143,77.7777777777778,100,95,96,100,94.7368421052632,92.8571428571429,95.6521739130435,85.7142857142857,100,93.75,90.4761904761905,87.1794871794872,100,100,96,96.875,93.3333333333333,100,100,100,96.7741935483871,97.1428571428571,100,95.6521739130435,94.4444444444444,94.7368421052632,96.551724137931
"NC_059187.1.1720710.1720711",90.9090909090909,97.0588235294118,88.2352941176471,100,94.7368421052632,100,100,100,92.8571428571429,95.4545454545455,86.3636363636364,100,93.75,95.2380952380952,97.4358974358974,95.6521739130435,92.8571428571429,100,96.7741935483871,93.1034482758621,100,96.4285714285714,96.1538461538462,100,94.2857142857143,100,95.6521739130435,95,90,93.3333333333333
"NC_059187.1.1755561.1755562",20,84.6153846153846,58.8235294117647,84.6153846153846,50,91.6666666666667,54.5454545454545,68.4210526315789,63.6363636363636,75,73.3333333333333,70,66.6666666666667,66.6666666666667,57.1428571428571,25,78.5714285714286,70,56.25,76.4705882352941,68.1818181818182,60,58.8235294117647,64.2857142857143,65,73.6842105263158,73.3333333333333,92.8571428571429,61.1111111111111,42.8571428571429
"NC_059187.1.2351465.2351466",100,100,93.75,88,92.3076923076923,95.6521739130435,100,100,94.7368421052632,91.6666666666667,92.8571428571429,95.2380952380952,100,85.7142857142857,82.7586206896552,88.2352941176471,88.2352941176471,100,84.6153846153846,100,86.6666666666667,100,81.25,91.304347826087,95,90.4761904761905,95,95.8333333333333,87.5,90
"NC_059187.1.2360520.2360521",86.3636363636364,88.2352941176471,83.3333333333333,87.5,85.7142857142857,87.5,92.8571428571429,78.5714285714286,77.7777777777778,89.2857142857143,85.7142857142857,52.9411764705882,78.9473684210526,84.2105263157895,48,85.7142857142857,80,80,78.5714285714286,84.6153846153846,87.5,94.7368421052632,85.7142857142857,84.2105263157895,87.5,77.7777777777778,82.6086956521739,91.6666666666667,78.9473684210526,80
"NC_059187.1.2360553.2360554",100,81.8181818181818,94.7368421052632,100,93.3333333333333,100,100,100,100,96.969696969697,92.3076923076923,94.7368421052632,90,94.4444444444444,96.2962962962963,96,81.25,94.4444444444444,92.8571428571429,100,90.4761904761905,85.7142857142857,85,100,100,89.2857142857143,95.4545454545455,90.9090909090909,94.4444444444444,91.304347826087
"NC_059187.1.2360562.2360563",100,91.304347826087,88.2352941176471,100,86.6666666666667,100,100,100,100,97.0588235294118,100,100,90,94.1176470588235,96.1538461538462,92.5925925925926,100,94.7368421052632,94.1176470588235,100,86.3636363636364,90.9090909090909,94.7368421052632,100,96.6666666666667,91.6666666666667,100,95.4545454545455,90,92
"NC_059187.1.2360646.2360647",87.5,95.2380952380952,86.6666666666667,91.6666666666667,93.3333333333333,100,93.3333333333333,88.8888888888889,84.6153846153846,92,91.6666666666667,100,100,88.2352941176471,80.9523809523809,84.375,87.5,94.7368421052632,100,100,90.9090909090909,95.2380952380952,85.7142857142857,100,90.3225806451613,100,84.2105263157895,76.4705882352941,100,88.2352941176471
"NC_059187.1.2494003.2494004",75,27.2727272727273,50,90,88.8888888888889,89.4736842105263,90,85.7142857142857,52.9411764705882,85,82.6086956521739,50,84.6153846153846,77.7777777777778,47.3684210526316,90,32,84.6153846153846,59.0909090909091,42.3076923076923,68.75,58.8235294117647,73.9130434782609,76.4705882352941,87.0967741935484,94.4444444444444,92.8571428571429,94.1176470588235,68.75,65
"NC_059187.1.2663049.2663050",95.2380952380952,92.3076923076923,90.9090909090909,94.1176470588235,90.4761904761905,69.2307692307692,90.4761904761905,63.1578947368421,100,95.4545454545455,57.8947368421053,6.25,100,75,100,90.9090909090909,91.6666666666667,92.3076923076923,100,76.4705882352941,45.8333333333333,100,100,66.6666666666667,98.0392156862745,93.1818181818182,85.7142857142857,100,86.3636363636364,86.6666666666667
"NC_059187.1.2674578.2674579",100,94.7368421052632,100,81.8181818181818,86.6666666666667,86.9565217391304,95,100,89.4736842105263,95,100,97.7777777777778,100,92.5925925925926,100,95.8333333333333,100,100,94.4444444444444,86.6666666666667,88.8888888888889,100,95.8333333333333,100,98,97.1428571428571,100,97.6744186046512,100,90.9090909090909
"NC_059187.1.2674617.2674618",97.1428571428571,100,100,100,93.3333333333333,95.2380952380952,95.2380952380952,100,100,95,100,100,87.5,96.551724137931,94.7368421052632,95.8333333333333,100,92.3076923076923,100,86.6666666666667,100,95,100,100,95.6521739130435,97.2972972972973,91.6666666666667,95.3488372093023,95,94.7368421052632
"NC_059187.1.2674650.2674651",96.969696969697,92.8571428571429,100,90.9090909090909,87.5,90.9090909090909,100,100,89.4736842105263,100,84.6153846153846,97.2222222222222,60,96,94.7368421052632,72.7272727272727,95.2380952380952,95.2380952380952,88.5714285714286,100,94.4444444444444,100,94.7368421052632,100,94.5945945945946,100,76.9230769230769,96.969696969697,77.7777777777778,94.4444444444444
"NC_059187.1.2695196.2695197",32,38.1818181818182,50,14.5833333333333,45.4545454545455,31.4814814814815,19.2982456140351,26.0869565217391,24.1379310344828,29.0322580645161,44.1176470588235,39.5833333333333,25,33.3333333333333,27.7777777777778,40.8450704225352,44.8275862068966,25,23.8095238095238,64.2857142857143,9.67741935483871,37.7358490566038,47.3684210526316,33.3333333333333,30.2325581395349,31.8181818181818,22.5806451612903,54.4117647058824,15.3846153846154,42.8571428571429
"NC_059187.1.2695335.2695336",62.5,80.5555555555556,81.8181818181818,60,57.1428571428571,83.3333333333333,70,88.8888888888889,69.2307692307692,66.6666666666667,90,68.75,85,90,94.2857142857143,64.7058823529412,80,76.4705882352941,70.5882352941177,100,80.9523809523809,70.7317073170732,91.6666666666667,60,61.5384615384615,70.9677419354839,73.9130434782609,86,86.9565217391304,64
"NC_059187.1.2695514.2695515",78.9473684210526,72.7272727272727,66.6666666666667,48.8372093023256,79.3103448275862,62.2222222222222,62,71.4285714285714,72.972972972973,75.609756097561,80,65.7142857142857,53.3333333333333,73.3333333333333,82.6086956521739,71.4285714285714,73.3333333333333,69.2307692307692,48.8888888888889,70,47.8260869565217,73.5849056603774,63.1578947368421,70,63.4146341463415,84.2105263157895,77.5510204081633,89.4736842105263,66.6666666666667,62.5
"NC_059187.1.2724911.2724912",95.6521739130435,100,82.3529411764706,100,92.3076923076923,93.75,93.75,100,100,90,100,95.8333333333333,93.75,87.5,94.5945945945946,94.1176470588235,95.8333333333333,100,100,100,100,100,88.2352941176471,100,100,93.3333333333333,91.304347826087,100,100,100
"NC_059187.1.2724953.2724954",82.6086956521739,77.7777777777778,94.1176470588235,81.8181818181818,68.75,76.9230769230769,82.3529411764706,76.4705882352941,58.3333333333333,81.8181818181818,61.5384615384615,80,87.5,56.25,81.0810810810811,88.8888888888889,70.8333333333333,71.4285714285714,87.5,72.2222222222222,94.1176470588235,91.6666666666667,81.25,70,90,77.7777777777778,66.6666666666667,100,93.3333333333333,75
"NC_059187.1.2735433.2735434",57.8947368421053,82.3529411764706,83.3333333333333,42.8571428571429,54.5454545454545,63.6363636363636,75,90,52.9411764705882,92.8571428571429,82.6086956521739,87.5,100,83.3333333333333,91.6666666666667,85,87.5,100,75,94.4444444444444,52.1739130434783,93.3333333333333,94.4444444444444,84.2105263157895,90,75,75,94.1176470588235,83.3333333333333,92.3076923076923
"NC_059187.1.2754929.2754930",38.4615384615385,84.2105263157895,31.25,100,52.9411764705882,94.1176470588235,50,81.25,54.5454545454545,86.6666666666667,31.25,36.6666666666667,92.8571428571429,45.4545454545455,100,87.5,100,84.2105263157895,62.962962962963,84,47.0588235294118,95.8333333333333,100,5.55555555555556,94.1176470588235,93.3333333333333,94.1176470588235,63.6363636363636,84.6153846153846,95.8333333333333
"NC_059187.1.2776857.2776858",40,63.1578947368421,27.2727272727273,19.2307692307692,47.3684210526316,54.1666666666667,13.6363636363636,85.7142857142857,18.1818181818182,38.0952380952381,31.25,16.6666666666667,33.3333333333333,22.2222222222222,55.5555555555556,0,41.1764705882353,62.5,38.7096774193548,61.1111111111111,70,53.3333333333333,72.7272727272727,28.5714285714286,61.1111111111111,61.1111111111111,52.9411764705882,47.0588235294118,47.0588235294118,23.0769230769231
"NC_059187.1.2859088.2859089",82.3529411764706,88.8888888888889,91.6666666666667,93.3333333333333,52.9411764705882,80,85.7142857142857,93.75,100,94.4444444444444,78.9473684210526,100,80,100,89.4736842105263,88.8888888888889,93.3333333333333,91.6666666666667,84,89.4736842105263,85,88.4615384615385,92,85,80.7692307692308,100,84,83.3333333333333,94.7368421052632,66.6666666666667
"NC_059187.1.2859115.2859116",88.8888888888889,90.4761904761905,90.9090909090909,94.1176470588235,94.4444444444444,88.8888888888889,84.6153846153846,100,93.3333333333333,94.1176470588235,100,100,91.304347826087,90,100,100,94.4444444444444,100,100,94.7368421052632,95.6521739130435,96.2962962962963,92.3076923076923,95.4545454545455,92.3076923076923,100,100,94.1176470588235,95.6521739130435,95
"NC_059187.1.2859161.2859162",94.1176470588235,88.2352941176471,100,100,89.4736842105263,88.8888888888889,91.6666666666667,100,100,100,85.7142857142857,58.3333333333333,82.3529411764706,100,94.4444444444444,100,100,100,100,88.2352941176471,94.4444444444444,92,100,95,90.9090909090909,100,96.2962962962963,46.1538461538462,100,100
"NC_059187.1.2865571.2865572",100,94.7368421052632,92.3076923076923,88.8888888888889,100,96.551724137931,92.3076923076923,100,95,95.6521739130435,100,100,100,100,96.2962962962963,94.1176470588235,100,100,95.6521739130435,100,100,95.2380952380952,100,93.75,96,92.3076923076923,95.4545454545455,97.5,100,91.6666666666667
"NC_059187.1.2865659.2865660",100,100,100,94.4444444444444,100,93.3333333333333,95.6521739130435,100,100,100,100,100,85.7142857142857,92.8571428571429,96.4285714285714,95.2380952380952,100,100,92.3076923076923,100,100,100,100,88.2352941176471,97.0588235294118,100,100,97.6744186046512,95.2380952380952,100
"NC_059187.1.2900410.2900411",100,90,100,100,91.6666666666667,94.1176470588235,90.9090909090909,92.3076923076923,100,92.3076923076923,100,100,100,100,100,95.2380952380952,100,95,96,100,100,100,100,100,100,87.5,81.25,94.1176470588235,100,100
"NC_059187.1.3287116.3287117",100,88.8888888888889,92.8571428571429,69.2307692307692,92.3076923076923,92.3076923076923,95,83.3333333333333,90.9090909090909,100,89.4736842105263,100,90.4761904761905,80,90,88.8888888888889,100,90.9090909090909,86.9565217391304,95.4545454545455,100,90,100,75,77.7777777777778,100,90.625,90,95.4545454545455,70
"NC_059187.1.3287219.3287220",85.7142857142857,78.2608695652174,93.75,91.6666666666667,100,100,85.7142857142857,92.3076923076923,100,95.8333333333333,93.75,83.3333333333333,100,85.7142857142857,95.2380952380952,96,92.3076923076923,93.75,96.4285714285714,94.7368421052632,100,100,96.551724137931,100,84.6153846153846,92.3076923076923,100,96.4285714285714,85.7142857142857,88.8888888888889
"NC_059187.1.3414530.3414531",100,95.2380952380952,93.75,100,81.25,100,94.1176470588235,95,100,91.304347826087,100,90.9090909090909,100,90.9090909090909,87.5,93.3333333333333,100,100,100,100,100,100,100,96,90.9090909090909,95.6521739130435,100,100,100,100
"NC_059187.1.3414606.3414607",86.9565217391304,95.2380952380952,90.4761904761905,90,95,100,100,94.7368421052632,100,94.4444444444444,83.3333333333333,85.1851851851852,95.4545454545455,81.25,88.8888888888889,86.6666666666667,85.7142857142857,84.6153846153846,80.7692307692308,77.7777777777778,95,92.5925925925926,91.6666666666667,96.551724137931,96.969696969697,85.1851851851852,84,100,80.7692307692308,90.9090909090909
"NC_059187.1.3497380.3497381",76.9230769230769,82.3529411764706,64.7058823529412,82.3529411764706,90.9090909090909,87.5,80,77.7777777777778,50,68.75,83.3333333333333,85,66.6666666666667,77.7777777777778,90.9090909090909,92.8571428571429,75,89.4736842105263,85,93.75,93.3333333333333,70.5882352941177,100,80,70.5882352941177,94.1176470588235,68.75,90.4761904761905,80,84.6153846153846
"NC_059187.1.3508906.3508907",78.5714285714286,38.8888888888889,81.8181818181818,92.3076923076923,84.6153846153846,86.6666666666667,66.6666666666667,73.6842105263158,46.6666666666667,75,55.5555555555556,57.8947368421053,85.7142857142857,53.8461538461538,71.4285714285714,75,72.2222222222222,52.9411764705882,62.5,78.5714285714286,55,80,57.1428571428571,58.8235294117647,80,69.2307692307692,76.4705882352941,86.3636363636364,35.7142857142857,68.75
"NC_059187.1.3774347.3774348",94.7368421052632,86.9565217391304,90.9090909090909,100,100,88.8888888888889,100,84.6153846153846,91.6666666666667,92.8571428571429,81.8181818181818,95,85.7142857142857,86.6666666666667,95.6521739130435,90.9090909090909,92.8571428571429,96.551724137931,100,100,100,100,100,84.2105263157895,100,72.2222222222222,100,91.6666666666667,100,100
"NC_059187.1.3774475.3774476",70,65.2173913043478,78.9473684210526,55.5555555555556,65,75,90,91.6666666666667,70,87.5,56.25,66.6666666666667,61.9047619047619,68.75,56.5217391304348,60,63.1578947368421,45,52.3809523809524,61.5384615384615,63.6363636363636,76.4705882352941,66.6666666666667,53.8461538461538,77.7777777777778,62.5,50,62.5,71.4285714285714,53.8461538461538
"NC_059187.1.3867909.3867910",90.9090909090909,89.6551724137931,100,100,95.8333333333333,100,100,90,100,94.1176470588235,93.3333333333333,96.6666666666667,100,100,84.8484848484848,94.7368421052632,100,95.2380952380952,100,94.1176470588235,97.2222222222222,100,100,100,86.9565217391304,90.4761904761905,92.8571428571429,100,86.3636363636364,100
"NC_059187.1.3867949.3867950",91.304347826087,83.3333333333333,86.6666666666667,82.3529411764706,86.9565217391304,57.1428571428571,53.3333333333333,90,93.75,82.1428571428571,84.8484848484848,85.2941176470588,87.5,85,84.8484848484848,73.6842105263158,94.7368421052632,80,86.4864864864865,78.2608695652174,80,89.2857142857143,85.3658536585366,83.3333333333333,80.7692307692308,80.7692307692308,84.8484848484848,94.4444444444444,83.8709677419355,83.3333333333333
"NC_059187.1.3867976.3867977",76.1904761904762,80,72.2222222222222,63.1578947368421,60,52.3809523809524,50,75,75,75.8620689655172,76.4705882352941,68.75,85,94.7368421052632,80.6451612903226,68.4210526315789,70.8333333333333,77.2727272727273,78.9473684210526,61.5384615384615,74.3589743589744,82.1428571428571,61.9047619047619,73.0769230769231,56,92,67.6470588235294,88.2352941176471,72.7272727272727,86.6666666666667
"NC_059187.1.3868237.3868238",93.3333333333333,100,100,96.1538461538462,81.8181818181818,82.7586206896552,95.6521739130435,100,100,88.4615384615385,100,85.7142857142857,93.75,100,100,93.9393939393939,96.1538461538462,92.8571428571429,95.8333333333333,91.1764705882353,94.4444444444444,91.304347826087,87.0967741935484,100,92.8571428571429,100,94.4444444444444,91.6666666666667,97.2222222222222,84.2105263157895
"NC_059187.1.3994376.3994377",90.4761904761905,100,94.1176470588235,100,90.9090909090909,95.8333333333333,100,94.7368421052632,90.9090909090909,95.2380952380952,88.8888888888889,92.5925925925926,91.304347826087,100,96.1538461538462,100,88.8888888888889,91.6666666666667,100,94.7368421052632,95.8333333333333,88.2352941176471,95.2380952380952,91.304347826087,96.969696969697,100,100,91.304347826087,91.6666666666667,100
"NC_059187.1.3994423.3994424",100,94.4444444444444,94.4444444444444,92.8571428571429,92.3076923076923,95.6521739130435,90.4761904761905,100,100,100,92.8571428571429,92.5925925925926,90,92.3076923076923,100,86.6666666666667,94.4444444444444,96.1538461538462,100,95.4545454545455,95.8333333333333,100,95.2380952380952,100,100,95.6521739130435,94.1176470588235,100,95.6521739130435,86.6666666666667
"NC_059187.1.3994487.3994488",95.8333333333333,100,100,83.3333333333333,71.4285714285714,91.6666666666667,100,87.5,92.3076923076923,92.8571428571429,95.4545454545455,100,95.6521739130435,92.3076923076923,100,100,94.4444444444444,95.2380952380952,94.1176470588235,85.7142857142857,100,100,87.5,89.4736842105263,100,94.7368421052632,91.6666666666667,95.4545454545455,95,100
"NC_059187.1.4010154.4010155",93.75,90.9090909090909,100,93.75,100,93.3333333333333,92.3076923076923,100,92.3076923076923,100,90.9090909090909,95.8333333333333,93.75,100,95.2380952380952,92.3076923076923,93.3333333333333,92.3076923076923,100,100,92.8571428571429,100,100,92.8571428571429,100,95.2380952380952,83.3333333333333,100,100,100
"NC_059187.1.4181791.4181792",33.3333333333333,39.1304347826087,31.0344827586207,38.0952380952381,25,41.6666666666667,85.7142857142857,76.4705882352941,40.625,62.5,18.75,60,62.0689655172414,0,28.5714285714286,11.7647058823529,22.7272727272727,47.7272727272727,26.4705882352941,58.3333333333333,68.4210526315789,11.7647058823529,0,0,6.89655172413793,18.9189189189189,20.6896551724138,34.7826086956522,48.2758620689655,84.2105263157895
"NC_059187.1.4181833.4181834",33.3333333333333,63.6363636363636,42.8571428571429,47.3684210526316,46.1538461538462,85.7142857142857,71.4285714285714,64.2857142857143,46.1538461538462,88.8888888888889,18.75,52.1739130434783,36,13.6363636363636,53.8461538461538,18.75,23.8095238095238,86.1111111111111,34.4827586206897,64.7058823529412,50,56.25,23.0769230769231,43.75,55,34.8837209302326,29.4117647058824,64.2857142857143,39.3939393939394,71.4285714285714
"NC_059187.1.4181898.4181899",61.9047619047619,61.9047619047619,35.7142857142857,54.5454545454545,44.4444444444444,84.6153846153846,100,62.5,44.1176470588235,92.3076923076923,63.6363636363636,44.4444444444444,44.4444444444444,48,56.7567567567568,38.0952380952381,60,87.5,38.2352941176471,63.8888888888889,42.4242424242424,45.7142857142857,5.88235294117647,56.25,74.0740740740741,44.1860465116279,43.3333333333333,56.6666666666667,45.6521739130435,66.6666666666667
"NC_059187.1.4181940.4181941",31.8181818181818,30.5555555555556,15.3846153846154,60,44.4444444444444,90.9090909090909,65,55,37.2093023255814,76.9230769230769,56.25,35,33.3333333333333,45.4545454545455,21.9512195121951,37.5,47.3684210526316,45.4545454545455,28.5714285714286,20,47.3684210526316,26.4705882352941,8.33333333333333,73.6842105263158,54.8387096774194,30.2325581395349,31.25,28.5714285714286,39.6551724137931,69.2307692307692
"NC_059187.1.4181980.4181981",76.1904761904762,26.0869565217391,48,50,41.1764705882353,75,68.4210526315789,47.6190476190476,26.0869565217391,66.6666666666667,47.8260869565217,50,34.2105263157895,16.6666666666667,40.4761904761905,37.037037037037,33.3333333333333,64.5161290322581,20.5882352941176,26.8292682926829,35.8974358974359,34.0909090909091,15.3846153846154,47.3684210526316,38.2352941176471,32.6923076923077,25,40,35.4838709677419,25
"NC_059187.1.4182038.4182039",76.1904761904762,51.063829787234,52,60,38.4615384615385,72.2222222222222,92.8571428571429,57.8947368421053,32.6086956521739,61.5384615384615,52.1739130434783,65.3846153846154,31.5789473684211,45,42.8571428571429,55.8823529411765,46.1538461538462,67.741935483871,16.1290322580645,25.7142857142857,35,42.2222222222222,17.3913043478261,52.9411764705882,53.6585365853659,37.7777777777778,34.2105263157895,41.3793103448276,48.1481481481481,68.75
"NC_059187.1.4191713.4191714",92.8571428571429,100,100,95.2380952380952,100,100,100,94.4444444444444,66.6666666666667,100,100,96.551724137931,89.4736842105263,100,95.8333333333333,100,100,100,96,100,100,95,100,95.2380952380952,100,81.25,100,90.9090909090909,100,53.8461538461538
"NC_059187.1.4191756.4191757",100,89.4736842105263,93.3333333333333,83.3333333333333,93.3333333333333,86.9565217391304,100,75,45,100,86.6666666666667,74.0740740740741,44.4444444444444,100,88,90.9090909090909,93.3333333333333,95,100,93.3333333333333,94.7368421052632,90,96,91.6666666666667,85,83.3333333333333,95,91.6666666666667,84.375,86.6666666666667
"NC_059187.1.4191758.4191759",92.3076923076923,94.7368421052632,93.3333333333333,83.3333333333333,86.6666666666667,86.9565217391304,100,93.3333333333333,60,95,93.3333333333333,77.7777777777778,55.5555555555556,100,80,72.7272727272727,80,95,100,85.7142857142857,94.7368421052632,85,88.4615384615385,83.3333333333333,83.3333333333333,94.1176470588235,90,91.6666666666667,89.6551724137931,93.3333333333333
"NC_059187.1.4208047.4208048",90.9090909090909,100,94.1176470588235,95.8333333333333,90.4761904761905,100,100,100,90,100,100,87.5,94.1176470588235,100,100,94.4444444444444,94.1176470588235,78.9473684210526,100,92.8571428571429,100,100,93.3333333333333,100,100,96.1538461538462,100,84.6153846153846,90.9090909090909,100
"NC_059187.1.4237988.4237989",91.304347826087,85.7142857142857,100,83.3333333333333,100,100,80.9523809523809,81.8181818181818,94.4444444444444,94.7368421052632,100,100,78.5714285714286,84.2105263157895,94.7368421052632,92.8571428571429,88.2352941176471,86.6666666666667,91.4285714285714,95,91.304347826087,100,92.3076923076923,83.3333333333333,86.3636363636364,100,84.6153846153846,96.969696969697,100,81.25
"NC_059187.1.4238075.4238076",96.1538461538462,83.3333333333333,100,94.4444444444444,88.2352941176471,90,100,90.9090909090909,82.3529411764706,100,93.3333333333333,100,75,100,90.4761904761905,93.75,94.7368421052632,94.4444444444444,93.5483870967742,92.8571428571429,96.1538461538462,76.9230769230769,93.75,80.9523809523809,92.8571428571429,85.7142857142857,95.4545454545455,96,95,96.1538461538462
"NC_059187.1.4238128.4238129",50,94.4444444444444,95.8333333333333,88.2352941176471,52.9411764705882,84.2105263157895,94.1176470588235,93.75,100,52,50,100,46.1538461538462,90.9090909090909,92,35.7142857142857,54.5454545454545,95.4545454545455,100,62.962962962963,100,58.3333333333333,91.304347826087,100,42.8571428571429,100,86.9565217391304,89.4736842105263,16.6666666666667,100
"NC_059187.1.4238138.4238139",44,94.4444444444444,95.6521739130435,94.7368421052632,50,89.4736842105263,93.3333333333333,93.75,100,50,50,100,38.4615384615385,85.7142857142857,96,35.7142857142857,56.5217391304348,95.8333333333333,100,64,93.5483870967742,57.1428571428571,100,95,38.2352941176471,100,91.6666666666667,94.7368421052632,21.0526315789474,100
"NC_059187.1.4238152.4238153",40.9090909090909,90.9090909090909,90.9090909090909,85.7142857142857,37.5,85,80,100,94.7368421052632,44.4444444444444,50,78.2608695652174,28.5714285714286,85.7142857142857,88,40,56.5217391304348,88.4615384615385,97.2222222222222,62.5,100,57.1428571428571,100,71.4285714285714,37.5,88.8888888888889,86.9565217391304,89.4736842105263,5.88235294117647,100
"NC_059187.1.5067459.5067460",100,95.4545454545455,95,100,100,85.7142857142857,100,94.4444444444444,100,92.3076923076923,100,100,92.8571428571429,94.1176470588235,93.75,100,95.2380952380952,100,100,100,100,100,36,95,94.4444444444444,100,94.1176470588235,100,100,91.6666666666667
"NC_059187.1.5067504.5067505",94.1176470588235,100,100,100,100,94.7368421052632,95.4545454545455,100,100,100,92.8571428571429,94.4444444444444,88.2352941176471,100,100,84.2105263157895,90,91.6666666666667,95,94.7368421052632,95.8333333333333,88.8888888888889,100,90.9090909090909,90.9090909090909,95.8333333333333,85,90,100,86.6666666666667
"NC_059187.1.5067692.5067693",88.2352941176471,94.4444444444444,94.4444444444444,95.2380952380952,100,89.4736842105263,94.1176470588235,100,91.6666666666667,91.6666666666667,100,92,90,88.2352941176471,100,100,100,100,96.4285714285714,89.4736842105263,100,95.4545454545455,100,96.2962962962963,92.5925925925926,83.3333333333333,95.4545454545455,92.8571428571429,95.4545454545455,95.4545454545455
"NC_059187.1.6377601.6377602",100,100,100,100,100,84.6153846153846,93.3333333333333,100,100,90,100,95,93.3333333333333,100,95.2380952380952,100,87.5,94.1176470588235,93.3333333333333,87.5,100,100,89.4736842105263,91.304347826087,100,94.4444444444444,100,100,100,91.6666666666667
"NC_059187.1.6621661.6621662",11.1111111111111,0,0,0,3.84615384615385,0,3.2258064516129,0,0,0,2.27272727272727,3.27868852459016,3.84615384615385,0,1.42857142857143,0,3.44827586206897,9.80392156862745,0,0,0,0,0,0,8.86075949367089,0,2.17391304347826,0,6.52173913043478,0
"NC_059187.1.6621725.6621726",12.3076923076923,19.4444444444444,0,0,1.88679245283019,2.94117647058824,0,0,0,4,0,1.78571428571429,5.55555555555556,0,1.5625,21.4285714285714,0,0,0,0,2.7027027027027,0,0,0,1.78571428571429,0,0,2,0,0
"NC_059187.1.6621898.6621899",8.69565217391304,4.34782608695652,0,0,0,4.16666666666667,0,0,0,0,4.16666666666667,3.03030303030303,5,0,2.56410256410256,15.3846153846154,0,8.69565217391304,0,4.76190476190476,0,0,0,0,0,0,0,0,0,0
"NC_059187.1.7076287.7076288",90.9090909090909,69.2307692307692,83.3333333333333,30,80,92.8571428571429,75,91.6666666666667,68.4210526315789,100,69.2307692307692,50,73.3333333333333,70.8333333333333,80.7692307692308,84,89.4736842105263,75,86.6666666666667,73.3333333333333,68.1818181818182,85,71.4285714285714,78.5714285714286,87.5,83.3333333333333,76.4705882352941,85.2941176470588,92.8571428571429,91.6666666666667
"NC_059187.1.7403580.7403581",93.75,100,91.6666666666667,100,100,94.4444444444444,100,89.4736842105263,90.9090909090909,100,91.6666666666667,100,100,91.6666666666667,84.2105263157895,94.7368421052632,100,100,80,93.3333333333333,94.7368421052632,100,94.4444444444444,100,100,100,100,95.4545454545455,100,94.1176470588235
"NC_059187.1.7995191.7995192",85.7142857142857,82.3529411764706,50,92.3076923076923,91.6666666666667,85,70,78.5714285714286,100,81.25,70,85.7142857142857,85,75,85.7142857142857,88.2352941176471,91.6666666666667,85.7142857142857,95.4545454545455,82.3529411764706,95,82.3529411764706,88.2352941176471,91.6666666666667,65,90,83.3333333333333,92,81.25,90
"NC_059187.1.8031010.8031011",89.4736842105263,70.5882352941177,81.25,0,54.5454545454545,53.8461538461538,66.6666666666667,100,92.8571428571429,43.4782608695652,87.5,100,94.4444444444444,90,52.3809523809524,50,100,89.4736842105263,91.304347826087,55,48.2758620689655,62.5,41.6666666666667,54.5454545454545,95.4545454545455,100,0,96.1538461538462,6.66666666666667,52.9411764705882
"NC_059187.1.8032954.8032955",100,95,100,86.6666666666667,100,90.9090909090909,100,100,100,100,100,91.304347826087,89.4736842105263,93.3333333333333,88.8888888888889,96,100,94.1176470588235,86.3636363636364,100,100,100,100,90,100,100,90.9090909090909,93.1034482758621,90.4761904761905,100
"NC_059187.1.8156377.8156378",92.8571428571429,92.5925925925926,100,94.4444444444444,94.7368421052632,100,91.6666666666667,93.3333333333333,86.6666666666667,89.6551724137931,91.304347826087,85,100,92.8571428571429,95.2380952380952,84.2105263157895,90.4761904761905,100,85.7142857142857,88.8888888888889,87.5,91.6666666666667,88.8888888888889,85,94.7368421052632,90.9090909090909,92.8571428571429,100,95.4545454545455,94.7368421052632
"NC_059187.1.8156474.8156475",93.3333333333333,92.3076923076923,95,76.9230769230769,87.5,100,92,100,95.8333333333333,100,100,96.6666666666667,94.7368421052632,100,90,100,100,84.6153846153846,96.969696969697,100,89.4736842105263,85,100,100,92.3076923076923,100,96,100,96,100
"NC_059187.1.8156489.8156490",56.25,61.5384615384615,100,0,52,0,61.5384615384615,60,95.4545454545455,50,50,45.1612903225806,0,64.2857142857143,61.2903225806452,48,36.8421052631579,46.1538461538462,53.125,96,83.3333333333333,0,100,4,57.6923076923077,96.875,41.6666666666667,100,30.7692307692308,6.25
"NC_059187.1.8156567.8156568",100,100,100,100,100,94.4444444444444,88.2352941176471,90.9090909090909,100,100,100,90.3225806451613,100,100,96,100,93.3333333333333,100,90,95.2380952380952,100,95,100,90.9090909090909,94.7368421052632,96.1538461538462,100,100,95.2380952380952,93.3333333333333
"NC_059187.1.8156582.8156583",84.6153846153846,100,100,100,100,94.4444444444444,100,100,100,93.3333333333333,100,93.3333333333333,90.9090909090909,100,96,100,86.6666666666667,100,92.5925925925926,95.4545454545455,95,94.7368421052632,100,84.2105263157895,94.1176470588235,96.1538461538462,93.3333333333333,94.1176470588235,100,100
"NC_059187.1.8654803.8654804",90.9090909090909,90,76.9230769230769,80,80,89.4736842105263,92.8571428571429,83.3333333333333,68.75,90,100,78.2608695652174,88,88,93.75,68.1818181818182,80.9523809523809,63.1578947368421,89.4736842105263,100,70.5882352941177,95.2380952380952,75.8620689655172,84.6153846153846,75,90.4761904761905,78.9473684210526,96.2962962962963,86.3636363636364,81.25
"NC_059187.1.8654817.8654818",95.4545454545455,94.7368421052632,83.3333333333333,80.9523809523809,100,88.8888888888889,92.8571428571429,91.6666666666667,64.7058823529412,95.4545454545455,100,86.3636363636364,87.5,92.3076923076923,89.2857142857143,83.3333333333333,100,77.7777777777778,90,93.3333333333333,94.1176470588235,86.3636363636364,90.3225806451613,84.6153846153846,94.1176470588235,91.304347826087,90,100,92,94.1176470588235
"NC_059187.1.8654918.8654919",92.8571428571429,82.3529411764706,76.9230769230769,66.6666666666667,90,65,77.7777777777778,80,93.3333333333333,90.9090909090909,94.1176470588235,87.5,86.3636363636364,86.9565217391304,79.3103448275862,88.8888888888889,88,65,90.3225806451613,87.5,78.9473684210526,90.9090909090909,86.1111111111111,70,95.4545454545455,86.9565217391304,73.6842105263158,94.7368421052632,88.8888888888889,70
"NC_059187.1.8654924.8654925",100,81.25,92.8571428571429,90,94.7368421052632,68.4210526315789,82.3529411764706,71.4285714285714,100,90.9090909090909,82.3529411764706,95.8333333333333,95.4545454545455,86.9565217391304,86.6666666666667,88,80.7692307692308,70,86.2068965517241,91.6666666666667,85,95.4545454545455,83.3333333333333,78.9473684210526,95.6521739130435,78.2608695652174,70,88.8888888888889,96.2962962962963,75
"NC_059187.1.8654952.8654953",100,100,100,94.7368421052632,95.6521739130435,100,83.3333333333333,56.25,100,95.2380952380952,89.4736842105263,96,91.304347826087,94.7368421052632,89.6551724137931,87.5,88.4615384615385,88.8888888888889,87.8787878787879,85.7142857142857,95,86.9565217391304,92.3076923076923,100,95.2380952380952,95.4545454545455,88.8888888888889,100,96.6666666666667,94.4444444444444
"NC_059187.1.8654962.8654963",92,93.75,93.3333333333333,89.4736842105263,95,94.1176470588235,93.75,70.5882352941177,91.6666666666667,94.7368421052632,77.7777777777778,92.3076923076923,90.9090909090909,77.7777777777778,89.2857142857143,92,80,94.1176470588235,96.7741935483871,93.3333333333333,95.2380952380952,100,86.4864864864865,95,95.2380952380952,90.4761904761905,82.3529411764706,95.2380952380952,89.2857142857143,94.4444444444444
"NC_059187.1.8654991.8654992",100,100,100,100,100,81.25,88.2352941176471,100,100,93.75,80,92.3076923076923,88.8888888888889,94.1176470588235,92.5925925925926,92.8571428571429,90.4761904761905,93.3333333333333,93.9393939393939,88.8888888888889,85,95,97.1428571428571,100,94.1176470588235,89.4736842105263,90,100,92,93.75
"NC_059187.1.8659639.8659640",100,100,100,90.9090909090909,100,100,100,92.8571428571429,84.6153846153846,92.3076923076923,86.6666666666667,86.6666666666667,93.3333333333333,100,95.4545454545455,100,95.6521739130435,100,100,100,94.1176470588235,100,100,95.6521739130435,100,100,100,94.7368421052632,100,100
"NC_059187.1.8686982.8686983",76.1904761904762,89.2857142857143,80,92.8571428571429,73.3333333333333,88.8888888888889,92.8571428571429,88.8888888888889,88.8888888888889,94.1176470588235,91.6666666666667,90.9090909090909,100,90.4761904761905,86.6666666666667,85.7142857142857,88.2352941176471,100,92,94.4444444444444,85,88,73.6842105263158,100,84,78.5714285714286,86.9565217391304,80,76,100
"NC_059187.1.8691639.8691640",100,100,91.6666666666667,100,96.1538461538462,86.3636363636364,90.9090909090909,100,100,95.8333333333333,94.7368421052632,100,92.3076923076923,89.4736842105263,100,100,93.75,93.75,96.875,93.3333333333333,96,100,93.75,100,92,100,88.8888888888889,100,95.6521739130435,94.7368421052632
"NC_059187.1.8908019.8908020",88.8888888888889,59.0909090909091,78.5714285714286,45.4545454545455,92.3076923076923,65,64.2857142857143,79.3103448275862,73.3333333333333,77.7777777777778,55.5555555555556,68.75,88.2352941176471,76.1904761904762,56,58.3333333333333,75,66.6666666666667,84,76.9230769230769,23.0769230769231,80.9523809523809,60,26.6666666666667,72.7272727272727,68.1818181818182,85,92.3076923076923,58.8235294117647,25
"NC_059187.1.8980183.8980184",93.75,96.6666666666667,52.9411764705882,0,52.6315789473684,4.34782608695652,29.4117647058824,87.5,88.2352941176471,100,25,39.1304347826087,13.0434782608696,78.9473684210526,79.3103448275862,4.16666666666667,3.2258064516129,47.3684210526316,48.1481481481481,100,100,44.4444444444444,57.8947368421053,92.5925925925926,95.4545454545455,100,92.3076923076923,90,94.7368421052632,97.0588235294118
"NC_059187.1.9005844.9005845",93.3333333333333,93.3333333333333,100,100,83.3333333333333,86.6666666666667,90,90.9090909090909,80,90.9090909090909,100,100,87.5,93.75,100,100,100,90,95.2380952380952,94.7368421052632,92.8571428571429,92.3076923076923,100,90.9090909090909,94.4444444444444,100,100,100,100,100
"NC_059187.1.9326175.9326176",75,100,60,58.3333333333333,75,69.5652173913043,80,100,69.2307692307692,85.7142857142857,85.7142857142857,81.4814814814815,94.7368421052632,84.6153846153846,90.4761904761905,91.6666666666667,100,89.4736842105263,85,93.75,86.3636363636364,88.8888888888889,85.7142857142857,100,88.8888888888889,73.6842105263158,84.2105263157895,84.2105263157895,76,79.1666666666667
"NC_059187.1.9326199.9326200",85.7142857142857,100,95,76.9230769230769,100,78.9473684210526,93.75,92.3076923076923,86.9565217391304,90.4761904761905,84.6153846153846,96.7741935483871,100,91.304347826087,95.2380952380952,100,94.1176470588235,100,90.4761904761905,86.6666666666667,91.6666666666667,85,88.8888888888889,95.4545454545455,100,89.4736842105263,100,93.9393939393939,91.6666666666667,95.2380952380952
"NC_059187.1.9356306.9356307",27.2727272727273,6.89655172413793,0,0,0,0,0,28.5714285714286,0,0,0,0,0,5.88235294117647,0,0,0,0,4.34782608695652,0,0,0,0,29.4117647058824,0,0,0,0,0,0
"NC_059187.1.9402157.9402158",100,100,100,100,88.8888888888889,100,100,100,93.3333333333333,100,100,96.1538461538462,94.4444444444444,100,94.4444444444444,94.1176470588235,100,90.9090909090909,100,100,100,100,95.2380952380952,91.6666666666667,100,100,100,100,100,100
"NC_059187.1.9407829.9407830",95.2380952380952,96.875,70,96.1538461538462,87.5,92,40,100,100,95.2380952380952,94.4444444444444,72.7272727272727,96.7741935483871,100,100,86.2068965517241,95,95.8333333333333,89.6551724137931,100,86.6666666666667,92.3076923076923,25,81.8181818181818,94.1176470588235,95.6521739130435,100,97.1428571428571,92.8571428571429,93.75
"NC_059187.1.9407869.9407870",100,96.875,100,95.8333333333333,93.3333333333333,93.1034482758621,100,100,100,100,94.7368421052632,100,90.625,100,97.2222222222222,90.625,100,90,100,90.4761904761905,94.7368421052632,100,100,81.8181818181818,100,92.5925925925926,91.304347826087,97.6190476190476,93.3333333333333,100
"NC_059187.1.9435802.9435803",100,81.25,44.4444444444444,83.3333333333333,92.3076923076923,87.5,77.7777777777778,75,94.1176470588235,94.4444444444444,85.7142857142857,94.1176470588235,92.8571428571429,84.6153846153846,63.6363636363636,100,100,92.8571428571429,34.6153846153846,100,69.5652173913043,100,92.3076923076923,92.3076923076923,100,88.2352941176471,100,91.6666666666667,80.9523809523809,100
"NC_059187.1.9684711.9684712",100,87.5,93.75,78.5714285714286,94.1176470588235,100,92.8571428571429,91.6666666666667,100,81.25,92.8571428571429,89.6551724137931,90.4761904761905,100,93.3333333333333,81.8181818181818,92.8571428571429,91.304347826087,87.5,88.4615384615385,90.625,96,100,80,82.6086956521739,96,83.3333333333333,93.75,94.4444444444444,83.3333333333333
"NC_059187.1.9749097.9749098",100,95.6521739130435,100,100,100,88.4615384615385,94.1176470588235,91.6666666666667,93.75,100,89.6551724137931,45.4545454545455,100,94.4444444444444,100,78.9473684210526,100,31.25,96.4285714285714,95.8333333333333,100,96.4285714285714,100,90,87.5,100,100,100,94.7368421052632,92.5925925925926
"NC_059187.1.9749106.9749107",94.1176470588235,95,100,84.6153846153846,100,92.3076923076923,100,100,100,92.8571428571429,96.551724137931,47.6190476190476,90.9090909090909,84.2105263157895,94.4444444444444,78.9473684210526,100,37.5,96.4285714285714,100,96.2962962962963,96.2962962962963,96.1538461538462,92.8571428571429,87.5,96,90.4761904761905,100,88.8888888888889,92.5925925925926
"NC_059187.1.9749112.9749113",100,95,100,100,100,82.7586206896552,100,100,100,100,96.551724137931,42.8571428571429,100,84.2105263157895,100,84.2105263157895,93.3333333333333,41.1764705882353,100,100,100,100,100,89.2857142857143,100,95.8333333333333,100,100,95,96.4285714285714
"NC_059187.1.9933663.9933664",28.5714285714286,95.2380952380952,100,85.7142857142857,100,94.7368421052632,94.4444444444444,80,100,100,100,90,92,94.1176470588235,88.8888888888889,86.6666666666667,84.6153846153846,92.8571428571429,100,100,95.8333333333333,88.2352941176471,100,86.9565217391304,94.1176470588235,100,90.9090909090909,100,91.6666666666667,90.4761904761905
"NC_059187.1.9934927.9934928",94.1176470588235,95.4545454545455,93.75,91.6666666666667,100,90,100,94.7368421052632,90.9090909090909,100,100,100,94.1176470588235,100,88.2352941176471,95.4545454545455,92.8571428571429,100,95.6521739130435,100,95.4545454545455,100,93.75,100,93.3333333333333,90,94.4444444444444,95,100,90.9090909090909
"NC_059187.1.10018728.10018729",41.6666666666667,41.6666666666667,100,85.7142857142857,0,57.1428571428571,60,75,100,45.8333333333333,100,52,0,50,94.4444444444444,70.8333333333333,26.6666666666667,38.4615384615385,0,0,56,46.1538461538462,63.6363636363636,47.0588235294118,61.1111111111111,0,0,92.3076923076923,41.6666666666667,52.9411764705882
"NC_059187.1.10088793.10088794",100,95,100,100,100,100,100,100,91.6666666666667,100,95,100,91.6666666666667,94.1176470588235,94.4444444444444,100,100,95.2380952380952,95.6521739130435,100,100,92.8571428571429,100,100,100,93.75,92.8571428571429,100,100,90
"NC_059187.1.10088844.10088845",93.75,90.9090909090909,94.4444444444444,100,94.7368421052632,94.1176470588235,91.6666666666667,92.3076923076923,93.3333333333333,91.6666666666667,100,94.1176470588235,93.75,94.4444444444444,82.3529411764706,94.1176470588235,100,100,100,94.4444444444444,94.7368421052632,100,96.875,100,100,100,100,100,86.2068965517241,100
"NC_059187.1.10119088.10119089",50,100,92.8571428571429,100,100,100,94.1176470588235,63.1578947368421,100,100,100,89.4736842105263,100,92.8571428571429,96.1538461538462,95.8333333333333,94.1176470588235,100,86.9565217391304,88.8888888888889,100,100,100,100,100,96.875,100,92.8571428571429,93.3333333333333,94.1176470588235
"NC_059187.1.10119143.10119144",100,100,100,93.75,100,100,100,93.3333333333333,91.304347826087,100,100,100,96.1538461538462,100,100,100,100,94.1176470588235,95,95,100,100,100,93.3333333333333,94.7368421052632,93.1034482758621,100,91.6666666666667,100,89.4736842105263
"NC_059187.1.10120996.10120997",45.8333333333333,5.55555555555556,100,0,53.8461538461538,0,41.1764705882353,46.6666666666667,25,23.0769230769231,36,37.5,100,50,39.1304347826087,86.6666666666667,95.6521739130435,95,38.0952380952381,53.3333333333333,27.2727272727273,42.3076923076923,57.1428571428571,93.75,36.3636363636364,0,23.0769230769231,100,43.75,75
"NC_059187.1.10136428.10136429",100,96,100,84.6153846153846,81.8181818181818,95.4545454545455,80,93.75,86.6666666666667,96.4285714285714,80,65.3846153846154,94.1176470588235,86.6666666666667,90.9090909090909,85.7142857142857,100,100,100,100,92.8571428571429,92,95.4545454545455,92,100,100,94.4444444444444,92.3076923076923,92.8571428571429,90.9090909090909
"NC_059187.1.10203162.10203163",34.7826086956522,50,0,45.4545454545455,0,50,0,6.25,31.25,5,27.2727272727273,21.7391304347826,33.3333333333333,53.3333333333333,25,29.4117647058824,29.4117647058824,38.4615384615385,35.7142857142857,45,27.2727272727273,40,70,4.16666666666667,28.5714285714286,78.2608695652174,10,55.8823529411765,0,0
"NC_059187.1.10203368.10203369",77.7777777777778,47.8260869565217,52.9411764705882,66.6666666666667,76.9230769230769,61.5384615384615,53.8461538461538,63.6363636363636,63.1578947368421,92.3076923076923,66.6666666666667,50,60,53.8461538461538,76.6666666666667,73.3333333333333,82.3529411764706,78.5714285714286,66.6666666666667,92.8571428571429,58.8235294117647,76,60,66.6666666666667,52.3809523809524,66.6666666666667,68.1818181818182,90,55,80
"NC_059187.1.10203398.10203399",84.2105263157895,100,94.1176470588235,83.3333333333333,85.7142857142857,100,83.3333333333333,71.4285714285714,84.2105263157895,100,84.6153846153846,95,82.3529411764706,88.8888888888889,91.6666666666667,88.8888888888889,80.9523809523809,93.3333333333333,100,100,75,83.3333333333333,91.6666666666667,100,100,95.8333333333333,92,100,79.1666666666667,86.6666666666667
"NC_059187.1.10203423.10203424",100,91.6666666666667,94.7368421052632,94.7368421052632,100,84.6153846153846,88.2352941176471,78.5714285714286,100,93.75,100,100,92.8571428571429,95.4545454545455,91.6666666666667,89.4736842105263,100,87.5,91.304347826087,94.4444444444444,100,91.6666666666667,92.3076923076923,96.6666666666667,96.1538461538462,100,100,95.2380952380952,96.2962962962963,93.3333333333333
"NC_059187.1.10203481.10203482",77.2727272727273,52,76.1904761904762,65,71.4285714285714,58.3333333333333,64.7058823529412,66.6666666666667,71.4285714285714,66.6666666666667,91.6666666666667,76,76.9230769230769,72,61.7647058823529,79.1666666666667,100,50,76.1904761904762,68.4210526315789,77.2727272727273,78.2608695652174,65.2173913043478,65.5172413793103,73.0769230769231,70.8333333333333,73.6842105263158,84.2105263157895,75,64.2857142857143
"NC_059187.1.10324362.10324363",92.3076923076923,100,85.7142857142857,100,100,100,91.6666666666667,100,92.3076923076923,100,100,86.6666666666667,100,100,88.4615384615385,100,81.25,93.75,91.6666666666667,92.8571428571429,93.75,100,100,100,95.2380952380952,94.4444444444444,100,100,100,92.8571428571429
"NC_059187.1.10324520.10324521",94.1176470588235,44.4444444444444,61.1111111111111,100,5.55555555555556,72.7272727272727,64.7058823529412,88.2352941176471,6.66666666666667,52,44.4444444444444,59.2592592592593,58.8235294117647,4.76190476190476,3.57142857142857,100,46.4285714285714,41.1764705882353,46.1538461538462,47.8260869565217,38.7096774193548,37.9310344827586,31.0344827586207,18.1818181818182,100,94.7368421052632,83.3333333333333,80,58.6206896551724,47.8260869565217
"NC_059187.1.10346157.10346158",33.3333333333333,83.3333333333333,100,100,100,88.8888888888889,84.2105263157895,81.25,72.7272727272727,100,54.5454545454545,80,69.2307692307692,90.9090909090909,85.7142857142857,75,81.4814814814815,42.1052631578947,88.8888888888889,81.25,94.7368421052632,94.1176470588235,83.3333333333333,90.9090909090909,94.4444444444444,100,100,52.1739130434783,70,100
"NC_059187.1.10346215.10346216",55.5555555555556,58.8235294117647,38.4615384615385,68,57.1428571428571,65.2173913043478,62.5,29.4117647058824,81.8181818181818,35.7142857142857,53.3333333333333,38.8888888888889,73.3333333333333,62.5,72,61.5384615384615,44.4444444444444,3.84615384615385,60,71.4285714285714,40,73.9130434782609,50,80,68,75,50,41.6666666666667,64.2857142857143,84.2105263157895
"NC_059188.1.93145.93146",95.6521739130435,82.6086956521739,28.5714285714286,17.6470588235294,61.1111111111111,50,0,83.3333333333333,0,0,0,86.9565217391304,0,0,40,0,48.1481481481481,32.1428571428571,46.4285714285714,81.8181818181818,44.8275862068966,0,0,0,76.9230769230769,32,0,93.75,35,0
"NC_059188.1.490527.490528",100,91.6666666666667,92.8571428571429,90,92.3076923076923,100,92.8571428571429,100,50,50,100,92.8571428571429,95.6521739130435,47.0588235294118,60.8695652173913,96.2962962962963,100,66.6666666666667,92.8571428571429,95.8333333333333,96,100,100,94.4444444444444,89.6551724137931,100,100,100,95.8333333333333,100
"NC_059188.1.490597.490598",94.7368421052632,84,100,86.3636363636364,90.9090909090909,90,76.9230769230769,100,92.3076923076923,100,94.7368421052632,94.7368421052632,89.2857142857143,86.9565217391304,34.375,90,100,93.75,84.375,90.9090909090909,93.3333333333333,92,95.2380952380952,85.7142857142857,94.1176470588235,96.1538461538462,88.2352941176471,88.8888888888889,94.7368421052632,83.3333333333333
"NC_059188.1.514493.514494",38.8888888888889,0,23.0769230769231,75,95,76.9230769230769,81.25,50,88.8888888888889,78.5714285714286,78.9473684210526,0,42.1052631578947,58.3333333333333,92,45.4545454545455,81.8181818181818,46.6666666666667,100,91.304347826087,100,100,85,92.3076923076923,66.6666666666667,94.7368421052632,5.88235294117647,81.25,86.3636363636364,43.75
"NC_059188.1.555253.555254",100,90,42.8571428571429,66.6666666666667,87.5,89.4736842105263,94.1176470588235,100,0,96.4285714285714,94.4444444444444,100,100,94.1176470588235,29.4117647058824,53.8461538461538,91.6666666666667,34.7826086956522,93.5483870967742,100,70.8333333333333,100,93.3333333333333,92.5925925925926,94.4444444444444,100,0,42.8571428571429,100,90.9090909090909
"NC_059188.1.679883.679884",76.9230769230769,58.8235294117647,75,76.9230769230769,72.2222222222222,80,100,92.3076923076923,63.6363636363636,47.3684210526316,76.9230769230769,89.4736842105263,90.9090909090909,72.7272727272727,68.9655172413793,70,81.25,68.75,64.7058823529412,100,50,70.5882352941177,83.3333333333333,76.9230769230769,90.9090909090909,88.8888888888889,66.6666666666667,82.7586206896552,73.9130434782609,54.5454545454545
"NC_059188.1.699874.699875",86.9565217391304,96.4285714285714,96,100,94.1176470588235,94.1176470588235,100,100,100,88,78.5714285714286,100,95.2380952380952,89.4736842105263,95.8333333333333,93.3333333333333,100,93.3333333333333,92.8571428571429,94.7368421052632,95.6521739130435,100,95,100,96.1538461538462,95.6521739130435,95.6521739130435,83.3333333333333,94.4444444444444,92.8571428571429
"NC_059188.1.699895.699896",96.1538461538462,100,88.8888888888889,94.1176470588235,94.7368421052632,100,93.75,93.3333333333333,95.6521739130435,96.2962962962963,94.1176470588235,100,95.6521739130435,90.4761904761905,96.4285714285714,94.7368421052632,100,93.75,93.75,91.304347826087,100,90,100,95.8333333333333,100,95.4545454545455,95.6521739130435,88.2352941176471,93.75,100
"NC_059188.1.699939.699940",96.4285714285714,96.4285714285714,100,94.1176470588235,100,95.6521739130435,92.3076923076923,100,100,96.6666666666667,91.6666666666667,94.4444444444444,96.1538461538462,100,91.4285714285714,95.2380952380952,95.6521739130435,89.4736842105263,91.8918918918919,90,92.5925925925926,95.2380952380952,95.8333333333333,96.1538461538462,93.9393939393939,96.1538461538462,95.8333333333333,100,93.75,100
"NC_059188.1.802185.802186",82.3529411764706,91.6666666666667,86.6666666666667,92.3076923076923,100,95,86.6666666666667,81.8181818181818,83.3333333333333,93.75,83.3333333333333,96.2962962962963,88.8888888888889,100,100,90,86.6666666666667,100,96.6666666666667,90.9090909090909,100,95.2380952380952,93.75,94.7368421052632,100,100,100,92.3076923076923,95.4545454545455,85.7142857142857
"NC_059188.1.802201.802202",92.8571428571429,90,100,100,85.7142857142857,95.2380952380952,93.75,90.9090909090909,91.6666666666667,86.6666666666667,83.3333333333333,88.8888888888889,88.8888888888889,87.5,100,95.4545454545455,92.8571428571429,82.3529411764706,93.1034482758621,72.7272727272727,100,90,87.5,77.7777777777778,94.7368421052632,89.4736842105263,100,85.7142857142857,90.4761904761905,80.9523809523809
"NC_059188.1.804516.804517",76.9230769230769,90.9090909090909,89.4736842105263,72.2222222222222,60.8695652173913,73.3333333333333,90,92.3076923076923,86.6666666666667,100,80,96.6666666666667,92.5925925925926,100,72.7272727272727,68.75,95.6521739130435,81.25,91.1764705882353,90.9090909090909,84,83.3333333333333,90.3225806451613,86.3636363636364,88.8888888888889,84,31.25,84,83.3333333333333,87.5
"NC_059188.1.813087.813088",94.4444444444444,92.3076923076923,91.6666666666667,100,90.9090909090909,83.3333333333333,92.3076923076923,94.4444444444444,100,100,84.2105263157895,100,95.4545454545455,100,89.2857142857143,100,81.25,85.7142857142857,91.6666666666667,85.7142857142857,100,88.8888888888889,100,95.8333333333333,100,94.4444444444444,100,85.7142857142857,92.8571428571429,95.4545454545455
"NC_059188.1.813126.813127",94.7368421052632,92.8571428571429,75,100,100,85.7142857142857,71.4285714285714,94.1176470588235,100,95.2380952380952,80,95.8333333333333,100,90,93.1034482758621,93.75,89.4736842105263,100,88,81.8181818181818,96.2962962962963,100,95.8333333333333,85.7142857142857,91.6666666666667,87.5,93.75,90.9090909090909,78.5714285714286,87.5
"NC_059188.1.813318.813319",95.4545454545455,92.8571428571429,100,100,93.75,100,100,94.1176470588235,88.2352941176471,100,100,96.6666666666667,84.6153846153846,100,100,92.5925925925926,100,100,95.2380952380952,92.8571428571429,95.2380952380952,100,100,93.75,96.2962962962963,87.5,93.3333333333333,83.3333333333333,100,90
"NC_059188.1.820450.820451",100,89.4736842105263,100,92.8571428571429,100,88.2352941176471,100,100,92.8571428571429,91.6666666666667,89.4736842105263,100,100,95,95.2380952380952,100,96.2962962962963,87.5,92,94.7368421052632,94.7368421052632,85,93.75,100,81.5789473684211,91.304347826087,81.25,100,100,89.4736842105263
"NC_059188.1.912564.912565",88,90.9090909090909,94.7368421052632,93.75,93.3333333333333,90,80,100,82.3529411764706,85.1851851851852,100,85.7142857142857,84,80,92.5925925925926,84.375,85.7142857142857,89.4736842105263,88,100,85.7142857142857,93.3333333333333,95.8333333333333,88.4615384615385,95.8333333333333,100,94.1176470588235,100,82.3529411764706,71.4285714285714
"NC_059188.1.912731.912732",93.3333333333333,88.8888888888889,100,87.5,100,100,100,92.8571428571429,88.8888888888889,94.4444444444444,100,100,95,88.8888888888889,85.1851851851852,84.2105263157895,92.8571428571429,82.3529411764706,100,95,87.5,100,93.75,78.5714285714286,94.1176470588235,83.3333333333333,95.8333333333333,100,95,100
"NC_059188.1.912749.912750",100,100,100,100,92.8571428571429,100,93.75,81.8181818181818,94.1176470588235,100,100,100,90.4761904761905,95.6521739130435,92.8571428571429,100,85.7142857142857,94.1176470588235,100,92.8571428571429,88.2352941176471,100,94.1176470588235,81.25,100,82.6086956521739,100,100,95.2380952380952,94.7368421052632
"NC_059188.1.918441.918442",88.2352941176471,94.1176470588235,42.8571428571429,93.75,100,82.1428571428571,84.6153846153846,0,30.7692307692308,42.8571428571429,84.6153846153846,35.7142857142857,100,47.3684210526316,93.9393939393939,48.1481481481481,100,0,52.6315789473684,36.3636363636364,46.1538461538462,86.3636363636364,65,100,92,91.6666666666667,52.9411764705882,88,32,50
"NC_059188.1.918462.918463",94.7368421052632,94.1176470588235,42.8571428571429,100,100,100,94.7368421052632,45.4545454545455,58.3333333333333,68.4210526315789,80,32.258064516129,100,100,100,39.2857142857143,100,45,100,46.4285714285714,88.4615384615385,100,54.1666666666667,96.7741935483871,100,100,52.9411764705882,96.551724137931,44.8275862068966,50
"NC_059188.1.918515.918516",95.6521739130435,95.2380952380952,94.7368421052632,92,94.7368421052632,88.5714285714286,95,86.6666666666667,100,92.3076923076923,86.9565217391304,25.6410256410256,100,95.2380952380952,97.0588235294118,96.1538461538462,85.1851851851852,91.304347826087,94.7368421052632,90.3225806451613,92.5925925925926,100,88,86.1111111111111,44.8275862068966,100,90,96.875,83.3333333333333,96.2962962962963
"NC_059188.1.918640.918641",93.75,100,100,90.9090909090909,80,94.4444444444444,87.5,84.6153846153846,90,100,100,95.2380952380952,100,88.2352941176471,95,91.6666666666667,95.8333333333333,95.2380952380952,93.1034482758621,100,94.4444444444444,93.75,90.4761904761905,80.9523809523809,90.4761904761905,100,91.304347826087,100,100,84.6153846153846
"NC_059188.1.926592.926593",91.6666666666667,86.3636363636364,81.8181818181818,83.3333333333333,92.8571428571429,92.8571428571429,93.3333333333333,82.3529411764706,87.5,83.3333333333333,94.4444444444444,90.9090909090909,69.2307692307692,90.4761904761905,80,75,88.8888888888889,91.6666666666667,95.4545454545455,84.6153846153846,94.4444444444444,100,86.6666666666667,87.5,100,73.3333333333333,75,100,80,87.5
"NC_059188.1.928954.928955",85.7142857142857,32.1428571428571,76.1904761904762,81.25,27.2727272727273,52.1739130434783,79.1666666666667,71.4285714285714,42.8571428571429,41.9354838709677,68.75,53.4883720930233,83.8709677419355,60.8695652173913,59.375,51.7241379310345,44.4444444444444,0,67.6470588235294,0,40.7407407407407,60.8695652173913,28.2051282051282,58.6206896551724,68.9655172413793,26.3157894736842,72.4137931034483,15.7894736842105,69.5652173913043,40.7407407407407
"NC_059188.1.990796.990797",73.9130434782609,62.0689655172414,100,61.5384615384615,55.5555555555556,66.6666666666667,54.5454545454545,68.75,78.5714285714286,64.7058823529412,85.7142857142857,76.9230769230769,92.3076923076923,41.6666666666667,76,50,75,44,61.7647058823529,76.1904761904762,52.6315789473684,19.047619047619,57.1428571428571,53.3333333333333,76.9230769230769,86.3636363636364,53.3333333333333,72.2222222222222,60,60
"NC_059188.1.990848.990849",90.9090909090909,94.7368421052632,86.6666666666667,90.9090909090909,86.6666666666667,88,100,84.6153846153846,90,100,78.9473684210526,87.5,90.9090909090909,69.5652173913043,88.4615384615385,80,86.6666666666667,91.6666666666667,100,95.2380952380952,88.2352941176471,92.3076923076923,100,92.8571428571429,91.6666666666667,93.75,85.7142857142857,100,88.8888888888889,100
"NC_059188.1.1016705.1016706",43.3333333333333,54.5454545454545,100,41.6666666666667,100,33.3333333333333,36.3636363636364,100,92.8571428571429,100,96.1538461538462,90,100,100,63.1578947368421,52.1739130434783,62.5,100,92.5925925925926,87.5,57.8947368421053,52.3809523809524,90,5,31.8181818181818,96.2962962962963,91.6666666666667,100,38.0952380952381,95.4545454545455
"NC_059188.1.1089797.1089798",93.3333333333333,94.7368421052632,100,100,94.4444444444444,94.4444444444444,100,100,93.75,100,88.2352941176471,100,83.3333333333333,100,94.1176470588235,100,94.7368421052632,100,92.8571428571429,100,90.9090909090909,100,88.4615384615385,80.7692307692308,90.9090909090909,100,92.8571428571429,89.1891891891892,100,90.4761904761905
"NC_059188.1.1254216.1254217",100,89.4736842105263,92.3076923076923,94.7368421052632,94.7368421052632,90.9090909090909,93.3333333333333,93.3333333333333,100,94.4444444444444,95.6521739130435,91.6666666666667,100,93.75,100,86.6666666666667,87.5,92.8571428571429,96.4285714285714,100,93.75,90.4761904761905,96.875,100,94.1176470588235,100,94.1176470588235,95,100,94.4444444444444
"NC_059188.1.1254265.1254266",93.3333333333333,84.2105263157895,100,94.7368421052632,89.4736842105263,100,100,100,95,90.9090909090909,95.4545454545455,95.8333333333333,85.7142857142857,86.6666666666667,94.7368421052632,96.2962962962963,100,100,100,94.1176470588235,87.5,100,92.8571428571429,85.7142857142857,100,94.7368421052632,93.75,100,100,92.8571428571429
"NC_059188.1.1254286.1254287",91.6666666666667,90.9090909090909,100,100,94.1176470588235,100,85.7142857142857,90,90,100,95,100,100,87.5,95,100,100,100,87.5,100,94.4444444444444,92.3076923076923,91.6666666666667,100,95,100,100,100,95.2380952380952,93.3333333333333
"NC_059188.1.1372132.1372133",100,100,100,100,92.3076923076923,100,90.9090909090909,100,93.75,100,100,97.0588235294118,100,100,96.1538461538462,95.2380952380952,100,95.8333333333333,96.6666666666667,100,93.9393939393939,95.4545454545455,100,78.5714285714286,96.875,100,90.9090909090909,93.3333333333333,100,100
"NC_059188.1.1372141.1372142",94.1176470588235,100,100,90.4761904761905,95.8333333333333,100,100,100,93.3333333333333,100,100,90.9090909090909,100,86.6666666666667,95.8333333333333,100,81.8181818181818,95.6521739130435,96.551724137931,100,87.5,100,95.8333333333333,71.4285714285714,96.875,95.6521739130435,95.6521739130435,93.3333333333333,100,95.2380952380952
"NC_059188.1.1866852.1866853",44.8275862068966,29.6296296296296,0,0,0,0,55.5555555555556,0,22.2222222222222,0,77.2727272727273,37.9310344827586,21.7391304347826,20.8333333333333,41.1764705882353,28,0,0,11.5384615384615,0,3.7037037037037,40,32.1428571428571,22.7272727272727,16.6666666666667,41.3793103448276,0,31.25,33.3333333333333,33.3333333333333
"NC_059188.1.1866883.1866884",46.6666666666667,25,0,0,0,0,65,0,29.4117647058824,0,52.9411764705882,48,20,20.8333333333333,35.4838709677419,31.0344827586207,0,0,0,0,0,68.4210526315789,35.7142857142857,33.3333333333333,29.1666666666667,48.1481481481481,0,50,75,0
"NC_059188.1.2001738.2001739",100,100,100,100,90,86.9565217391304,100,100,100,100,100,100,95,100,100,100,100,94.4444444444444,92.3076923076923,100,90,100,100,91.6666666666667,84.2105263157895,92.8571428571429,100,100,96.2962962962963,100
"NC_059188.1.2001816.2001817",93.75,94.1176470588235,75,92.8571428571429,100,81.8181818181818,76.9230769230769,91.6666666666667,88.8888888888889,100,88.8888888888889,93.75,100,90,100,88.2352941176471,86.3636363636364,100,94.7368421052632,85.7142857142857,78.5714285714286,73.3333333333333,93.3333333333333,90.9090909090909,94.1176470588235,95.4545454545455,89.4736842105263,90,81.8181818181818,85.7142857142857
"NC_059188.1.2057226.2057227",100,100,100,100,100,91.6666666666667,95.8333333333333,100,100,100,100,100,100,100,100,100,100,93.75,95.2380952380952,100,100,93.3333333333333,100,80,90.9090909090909,92.8571428571429,100,100,90.9090909090909,100
"NC_059188.1.2110178.2110179",100,95.8333333333333,100,91.6666666666667,100,92.8571428571429,100,100,100,94.1176470588235,100,100,87.5,93.75,94.1176470588235,94.7368421052632,100,92.3076923076923,76.4705882352941,93.3333333333333,92.8571428571429,94.7368421052632,95.2380952380952,100,91.304347826087,88.2352941176471,100,100,94.4444444444444,100
"NC_059188.1.2136838.2136839",88.4615384615385,92.1052631578947,96,95,90.4761904761905,94.4444444444444,100,96.4285714285714,100,100,88.2352941176471,93.9393939393939,96.1538461538462,100,88.8888888888889,95.8333333333333,88.4615384615385,95.4545454545455,100,100,100,89.2857142857143,95.8333333333333,91.1764705882353,95,88.8888888888889,100,100,100,96.6666666666667
"NC_059188.1.2136849.2136850",93.1034482758621,92.3076923076923,96.1538461538462,100,95.6521739130435,100,100,90.9090909090909,94.7368421052632,100,96.969696969697,96.969696969697,92.3076923076923,100,91.6666666666667,91.304347826087,92.3076923076923,90.4761904761905,97.2222222222222,100,97.6744186046512,90,92.5925925925926,86.2068965517241,88,92.5925925925926,100,100,91.4285714285714,96.551724137931
"NC_059188.1.2136937.2136938",95.8333333333333,87.1794871794872,87.5,66.6666666666667,86.3636363636364,100,95,88.4615384615385,77.2727272727273,96.4285714285714,80.6451612903226,89.1891891891892,84.375,76.4705882352941,88.2352941176471,90.4761904761905,87.0967741935484,95.8333333333333,91.6666666666667,95.6521739130435,93.0232558139535,100,88.2352941176471,79.3103448275862,93.3333333333333,88.8888888888889,72,90,89.6551724137931,85.7142857142857
"NC_059188.1.2137003.2137004",95.8333333333333,91.304347826087,100,80,100,94.1176470588235,80,95.8333333333333,95,100,90.4761904761905,96.1538461538462,89.6551724137931,100,93.5483870967742,95,96.2962962962963,93.3333333333333,100,92.5925925925926,93.75,90.9090909090909,100,86.3636363636364,96.4285714285714,100,94.1176470588235,100,94.7368421052632,100
"NC_059188.1.3720602.3720603",95,100,94.7368421052632,92.8571428571429,94.4444444444444,94.4444444444444,88.8888888888889,91.6666666666667,100,100,100,100,100,95,100,92.3076923076923,96.7741935483871,100,96.2962962962963,95.4545454545455,90,95.4545454545455,100,95.8333333333333,96.1538461538462,100,93.75,100,96.969696969697,100
"NC_059188.1.3915102.3915103",96,100,100,83.3333333333333,100,100,100,80,90.9090909090909,95.4545454545455,90.9090909090909,88.4615384615385,86.6666666666667,94.4444444444444,93.1034482758621,100,100,94.4444444444444,95.8333333333333,63.6363636363636,89.4736842105263,100,100,100,100,87.5,100,90.4761904761905,95.4545454545455,100
"NC_059188.1.3915116.3915117",91.6666666666667,95.4545454545455,100,89.4736842105263,100,100,100,92.8571428571429,95.6521739130435,100,75,92.8571428571429,92.8571428571429,100,96.2962962962963,94.7368421052632,100,100,95.6521739130435,69.5652173913043,92.8571428571429,95.4545454545455,100,100,100,93.75,96.2962962962963,95.2380952380952,94.4444444444444,100
"NC_059188.1.4849996.4849997",23.0769230769231,0,0,0,0,0,0,0,0,0,0,3.2258064516129,26.6666666666667,0,0,0,0,0,0,0,0,0,0,3.57142857142857,0,0,7.69230769230769,0,0,0
"NC_059188.1.8414027.8414028",88.2352941176471,62.962962962963,79.1666666666667,80,93.3333333333333,92.3076923076923,61.1111111111111,88.8888888888889,71.4285714285714,76.9230769230769,61.5384615384615,76.4705882352941,66.6666666666667,76.4705882352941,82.3529411764706,79.1666666666667,100,76.9230769230769,83.3333333333333,80.9523809523809,89.4736842105263,93.3333333333333,75,68.1818181818182,76.4705882352941,84,75,74.0740740740741,71.4285714285714,72.7272727272727
"NC_059188.1.8414071.8414072",66.6666666666667,89.6551724137931,91.6666666666667,83.3333333333333,95,95.6521739130435,73.3333333333333,90,72.7272727272727,87.5,84.6153846153846,92.8571428571429,75,75,93.75,72.7272727272727,92.8571428571429,81.25,85.7142857142857,91.6666666666667,88,93.3333333333333,92.3076923076923,90,70,87.5,90,96,73.3333333333333,86.9565217391304
"NC_059188.1.8414093.8414094",100,89.2857142857143,95.6521739130435,83.3333333333333,68.4210526315789,90.9090909090909,94.4444444444444,100,90.9090909090909,94.1176470588235,91.6666666666667,100,93.3333333333333,94.1176470588235,100,100,100,100,90.9090909090909,100,92.8571428571429,78.5714285714286,96,95.2380952380952,61.9047619047619,95.8333333333333,100,100,93.3333333333333,95.6521739130435
"NC_059188.1.8513935.8513936",100,90.4761904761905,93.75,100,100,88.2352941176471,100,92.8571428571429,90.9090909090909,87.5,100,100,87.5,100,100,100,100,94.1176470588235,90,100,84.6153846153846,87.5,91.6666666666667,83.3333333333333,100,88.2352941176471,80,95.8333333333333,84.2105263157895,93.3333333333333
"NC_059188.1.9792497.9792498",90.4761904761905,85,72.7272727272727,100,100,100,62.5,85.7142857142857,90.9090909090909,92.8571428571429,100,100,85.7142857142857,100,95.4545454545455,41.9354838709677,94.7368421052632,100,96.1538461538462,0,38.0952380952381,47.8260869565217,100,100,47.8260869565217,42.8571428571429,64.2857142857143,96.2962962962963,0,100
"NC_059188.1.9792520.9792521",94.7368421052632,80,58.3333333333333,94.1176470588235,100,90,53.3333333333333,92.8571428571429,84.6153846153846,93.3333333333333,80,100,89.4736842105263,100,91.6666666666667,50,94.7368421052632,92.3076923076923,92.3076923076923,7.14285714285714,42.1052631578947,50,100,100,50,54.5454545454545,57.1428571428571,100,0,90.9090909090909
"NC_059188.1.9988033.9988034",61.1111111111111,46.1538461538462,100,95,100,100,92.3076923076923,84.6153846153846,93.3333333333333,100,83.3333333333333,100,100,33.3333333333333,50,100,95,38.0952380952381,100,100,100,86.6666666666667,100,81.8181818181818,41.6666666666667,100,83.3333333333333,90.4761904761905,22.2222222222222,28.5714285714286
"NC_059188.1.9988054.9988055",57.8947368421053,50,94.1176470588235,100,100,100,100,100,100,96,93.3333333333333,95.4545454545455,95.6521739130435,30.7692307692308,62.5,96.6666666666667,100,40.9090909090909,100,94.1176470588235,100,86.6666666666667,100,100,36.3636363636364,100,70,95.8333333333333,42.1052631578947,40
"NC_059188.1.9988066.9988067",60,53.3333333333333,94.4444444444444,100,100,94.7368421052632,100,100,100,100,93.3333333333333,95.2380952380952,100,46.1538461538462,81.8181818181818,92.5925925925926,89.4736842105263,41.6666666666667,100,100,100,60,100,92.3076923076923,30.7692307692308,100,71.4285714285714,95.8333333333333,52.6315789473684,43.75
"NC_059188.1.9988102.9988103",84.2105263157895,93.1034482758621,95.4545454545455,94.4444444444444,100,100,56.25,100,100,90,91.6666666666667,100,95.6521739130435,100,95.4545454545455,91.304347826087,95,36.3636363636364,94.7368421052632,100,87.5,92.8571428571429,100,86.6666666666667,75,100,90.4761904761905,100,90,94.1176470588235
"NC_059188.1.9999174.9999175",72.7272727272727,73.6842105263158,84.6153846153846,50,38.4615384615385,59.0909090909091,70.5882352941177,76,75,68,70.8333333333333,66.6666666666667,73.3333333333333,55,64.8648648648649,46.6666666666667,72.2222222222222,75,76,71.4285714285714,71.4285714285714,86.3636363636364,55,75,72,52.6315789473684,68.1818181818182,74.0740740740741,68.75,73.3333333333333
"NC_059188.1.9999177.9999178",68.1818181818182,63.1578947368421,84.6153846153846,40,46.1538461538462,50,68.75,72,65,64,62.5,64.5161290322581,73.3333333333333,47.3684210526316,60.5263157894737,60,83.3333333333333,71.4285714285714,68,61.9047619047619,67.8571428571429,77.2727272727273,45,65,76,57.8947368421053,68.1818181818182,76.9230769230769,68.75,66.6666666666667
"NC_059188.1.10079945.10079946",86.6666666666667,90,94.4444444444444,100,91.6666666666667,84.6153846153846,94.7368421052632,89.4736842105263,100,85.7142857142857,100,88.4615384615385,80,92.3076923076923,95.4545454545455,86.3636363636364,84.6153846153846,90,95.8333333333333,91.6666666666667,95.4545454545455,100,80,86.6666666666667,93.75,100,93.3333333333333,91.6666666666667,100,86.6666666666667
"NC_059188.1.10210564.10210565",100,96.1538461538462,100,100,100,100,90.9090909090909,92.3076923076923,81.8181818181818,93.3333333333333,90,92.3076923076923,93.3333333333333,87.5,93.3333333333333,93.75,100,80,100,94.7368421052632,94.7368421052632,100,100,100,95.4545454545455,100,88.8888888888889,91.6666666666667,100,100
"NC_059188.1.10210603.10210604",100,96.551724137931,100,92.3076923076923,100,94.1176470588235,50,87.5,90,100,93.3333333333333,100,90.9090909090909,100,88.8888888888889,94.1176470588235,94.7368421052632,90.4761904761905,100,90.4761904761905,95.6521739130435,100,100,92.3076923076923,91.6666666666667,89.4736842105263,83.3333333333333,92.8571428571429,52.3809523809524,100
"NC_059188.1.10293052.10293053",80,52.1739130434783,23.5294117647059,41.6666666666667,30.4347826086957,68.4210526315789,35.2941176470588,65.2173913043478,63.6363636363636,59.0909090909091,31.5789473684211,52,39.1304347826087,70,15.1515151515152,40,42.1052631578947,60,53.8461538461538,81.8181818181818,52.6315789473684,44.4444444444444,64,55,60,73.6842105263158,27.7777777777778,90.9090909090909,36.8421052631579,70.3703703703704
"NC_059188.1.10339392.10339393",88.2352941176471,81.8181818181818,78.5714285714286,93.3333333333333,94.1176470588235,75,75,86.6666666666667,69.2307692307692,68.75,70.5882352941177,83.3333333333333,94.7368421052632,68.75,78.9473684210526,63.6363636363636,89.4736842105263,76.4705882352941,42.1052631578947,81.8181818181818,84.6153846153846,68.75,88.2352941176471,70.5882352941177,91.6666666666667,82.6086956521739,72.2222222222222,81.8181818181818,75,90.9090909090909
"NC_059188.1.10421531.10421532",75,92.3076923076923,81.25,54.5454545454545,90.9090909090909,75,92.3076923076923,63.6363636363636,94.4444444444444,93.3333333333333,90.9090909090909,77.7777777777778,92.3076923076923,69.2307692307692,78.9473684210526,82.7586206896552,90.9090909090909,82.3529411764706,85,80,73.3333333333333,100,90.9090909090909,85,87.5,66.6666666666667,58.3333333333333,90.9090909090909,76.9230769230769,83.3333333333333
"NC_059188.1.10424721.10424722",44.4444444444444,0,9.09090909090909,0,50,28.5714285714286,0,61.5384615384615,43.75,0,0,95.2380952380952,55.5555555555556,42.8571428571429,0,5.88235294117647,50,0,0,0,46.1538461538462,0,0,38.0952380952381,0,0,0,27.2727272727273,26.3157894736842,8.33333333333333
"NC_059188.1.10430801.10430802",57.1428571428571,38.0952380952381,16.6666666666667,100,57.1428571428571,100,18.1818181818182,91.6666666666667,85,94.1176470588235,73.6842105263158,94.1176470588235,91.6666666666667,29.4117647058824,3.84615384615385,50,50,0,17.3913043478261,0,83.3333333333333,0,85.7142857142857,63.6363636363636,0,31.25,0,25,37.5,0
"NC_059188.1.10561588.10561589",94.7368421052632,100,100,100,100,100,100,87.5,100,100,96.1538461538462,93.75,92,95.4545454545455,94.7368421052632,100,91.6666666666667,100,92.3076923076923,100,92.8571428571429,100,100,100,100,100,100,95,95.8333333333333,100
"NC_059188.1.10862477.10862478",85,90.625,58.8235294117647,90.9090909090909,34.2857142857143,92,95.6521739130435,93.75,64.2857142857143,93.5483870967742,100,94.2857142857143,69.2307692307692,88.8888888888889,87.1794871794872,95.4545454545455,63.1578947368421,84.2105263157895,92,100,95.2380952380952,100,92,92.8571428571429,92.5925925925926,80,91.6666666666667,100,100,86.6666666666667
"NC_059188.1.10862561.10862562",56.5217391304348,3.2258064516129,53.3333333333333,95.2380952380952,25,63.1578947368421,61.1111111111111,47.0588235294118,100,100,100,21.875,57.1428571428571,6.66666666666667,26.4705882352941,16.6666666666667,5.88235294117647,42.8571428571429,61.2903225806452,90.9090909090909,100,21.0526315789474,100,62.962962962963,15.3846153846154,57.1428571428571,84.6153846153846,88.8888888888889,60,63.6363636363636
"NC_059188.1.11040923.11040924",100,90.9090909090909,85,93.75,100,94.1176470588235,95.2380952380952,100,90,87.5,100,93.75,95.6521739130435,100,94.1176470588235,100,95.6521739130435,91.6666666666667,91.6666666666667,100,96.551724137931,100,92.3076923076923,86.6666666666667,94.1176470588235,84.2105263157895,100,94.7368421052632,100,100
"NC_059188.1.11041006.11041007",80.9523809523809,72,66.6666666666667,70.5882352941177,52.6315789473684,58.3333333333333,48,80,75,54.5454545454545,80,50,80.5555555555556,61.1111111111111,66.6666666666667,52.9411764705882,73.9130434782609,59.0909090909091,55.8823529411765,52.6315789473684,82.7586206896552,95.6521739130435,80,68.1818181818182,50,56.25,58.6206896551724,73.6842105263158,53.8461538461538,53.8461538461538
"NC_059188.1.11041108.11041109",100,100,95,100,69.2307692307692,95.2380952380952,100,93.75,100,94.4444444444444,95.2380952380952,95.8333333333333,94.1176470588235,100,100,100,100,95.8333333333333,96.6666666666667,94.1176470588235,96.6666666666667,95.2380952380952,96.4285714285714,100,90.4761904761905,93.1034482758621,100,90,95.2380952380952,95
"NC_059188.1.11041112.11041113",100,100,100,100,92.3076923076923,95.2380952380952,100,93.75,100,100,95.2380952380952,95.6521739130435,100,100,100,100,100,92,96.875,94.4444444444444,96.6666666666667,85.7142857142857,100,100,100,96.551724137931,100,100,95.4545454545455,100
"NC_059188.1.11081057.11081058",76.9230769230769,77.4193548387097,45.8333333333333,87.5,68.1818181818182,55.5555555555556,87.5,58.5365853658537,70,69.5652173913043,50,65.7142857142857,68,84,61.2903225806452,57.1428571428571,75,83.3333333333333,72.972972972973,70.9677419354839,70.8333333333333,76.9230769230769,75,64.7058823529412,51.8518518518519,60,73.6842105263158,78.9473684210526,62.5,55.1724137931034
"NC_059188.1.11081120.11081121",79.1666666666667,72.7272727272727,53.8461538461538,50,56,48,72.7272727272727,59.5238095238095,66.6666666666667,44,58.8235294117647,63.8888888888889,67.8571428571429,64.2857142857143,66.6666666666667,58.974358974359,72,61.1111111111111,60.9756097560976,65.5172413793103,44.8275862068966,72.4137931034483,41.6666666666667,39.3939393939394,37.9310344827586,45.8333333333333,41.1764705882353,75,61.2903225806452,45.4545454545455
"NC_059188.1.11107197.11107198",94.7368421052632,75,94.7368421052632,100,83.3333333333333,100,100,90,88,100,84.2105263157895,100,86.9565217391304,96,96.4285714285714,95,89.4736842105263,95.6521739130435,85.7142857142857,93.75,88.2352941176471,90.9090909090909,91.6666666666667,83.3333333333333,95.4545454545455,90.4761904761905,94.2857142857143,100,91.304347826087,86.9565217391304
"NC_059188.1.11107323.11107324",100,86.9565217391304,85,100,100,76.4705882352941,100,93.75,81.8181818181818,82.3529411764706,88.2352941176471,100,92.8571428571429,87.5,96.2962962962963,100,100,81.8181818181818,94.7368421052632,86.6666666666667,100,84.2105263157895,91.304347826087,100,96.2962962962963,90,95,100,100,95.6521739130435
"NC_059188.1.11319587.11319588",100,88,77.7777777777778,96,100,93.75,100,100,100,94.7368421052632,100,95.6521739130435,100,100,100,94.4444444444444,100,100,95.8333333333333,95.2380952380952,95.6521739130435,100,94.7368421052632,100,100,92.3076923076923,95.8333333333333,90.6976744186046,100,95
"NC_059188.1.11319753.11319754",100,96.1538461538462,91.6666666666667,100,95.2380952380952,91.6666666666667,100,88.8888888888889,93.3333333333333,100,92.8571428571429,100,95.2380952380952,87.5,100,90.9090909090909,100,100,90.9090909090909,89.4736842105263,94.7368421052632,92.8571428571429,100,92.8571428571429,95,89.4736842105263,85.1851851851852,93.9393939393939,94.2857142857143,94.7368421052632
"NC_059188.1.11416573.11416574",100,91.6666666666667,100,100,100,95.8333333333333,85.7142857142857,100,93.3333333333333,100,90.9090909090909,100,100,100,95.2380952380952,100,100,93.75,100,100,100,100,92.3076923076923,100,94.1176470588235,100,82.6086956521739,100,100,100
"NC_059188.1.11709341.11709342",90.4761904761905,92.5925925925926,95.4545454545455,100,100,100,94.1176470588235,100,100,93.75,95,92.3076923076923,88.4615384615385,90.9090909090909,87.8787878787879,100,85,86.3636363636364,100,100,100,100,100,100,85.7142857142857,100,91.6666666666667,100,95.8333333333333,90
"NC_059188.1.11709452.11709453",100,100,94.4444444444444,83.3333333333333,100,88.2352941176471,90.9090909090909,93.75,100,94.1176470588235,100,95.8333333333333,96.4285714285714,89.4736842105263,96.2962962962963,80,90.9090909090909,94.4444444444444,89.4736842105263,95.2380952380952,100,95.2380952380952,93.75,94.1176470588235,87.5,95.2380952380952,94.7368421052632,96.969696969697,94.4444444444444,93.3333333333333
"NC_059188.1.11737663.11737664",100,95,93.3333333333333,84.6153846153846,87.5,85,90.9090909090909,85.7142857142857,100,100,95,100,100,92.3076923076923,91.304347826087,91.6666666666667,88.8888888888889,94.4444444444444,100,100,91.6666666666667,96.1538461538462,95.4545454545455,89.4736842105263,100,87.5,94.4444444444444,90,100,93.75
"NC_059188.1.11964783.11964784",38.8888888888889,0,0,0,50,0,0,0,0,82.1428571428571,45.8333333333333,0,59.375,0,0,40.7407407407407,44,0,0,41.6666666666667,33.3333333333333,0,0,0,0,25.9259259259259,4.16666666666667,43.1818181818182,47.3684210526316,47.3684210526316
"NC_059188.1.11964889.11964890",90.9090909090909,94.1176470588235,100,92.5925925925926,95.6521739130435,93.3333333333333,100,100,100,92,86.9565217391304,93.3333333333333,96.875,100,93.1034482758621,100,91.6666666666667,57.1428571428571,92.5,100,92.8571428571429,95.6521739130435,97.0588235294118,90.9090909090909,90.625,91.6666666666667,91.6666666666667,90.5660377358491,94.4444444444444,92
"NC_059188.1.11965045.11965046",85.7142857142857,100,95,100,100,96.2962962962963,92.8571428571429,100,95.2380952380952,94.4444444444444,92.8571428571429,100,90.9090909090909,100,95,94.7368421052632,92.8571428571429,81.8181818181818,89.4736842105263,100,100,100,100,95.4545454545455,100,91.6666666666667,100,89.1891891891892,100,92.3076923076923
"NC_059188.1.11981988.11981989",95.4545454545455,100,91.6666666666667,92.8571428571429,100,94.7368421052632,87.5,82.3529411764706,84.6153846153846,100,100,95.2380952380952,100,95,92.3076923076923,100,100,85.7142857142857,96.4285714285714,100,100,88.8888888888889,100,93.1034482758621,100,92,100,85.7142857142857,100,100
"NC_059188.1.12010542.12010543",100,94.7368421052632,94.1176470588235,85.7142857142857,100,85.7142857142857,89.4736842105263,95.2380952380952,100,95.6521739130435,100,100,89.4736842105263,92.8571428571429,100,93.75,90.9090909090909,100,84.6153846153846,95.2380952380952,94.4444444444444,92.3076923076923,95.8333333333333,100,93.3333333333333,100,95,91.6666666666667,85.7142857142857,100
"NC_059188.1.12010577.12010578",94.1176470588235,88.2352941176471,100,80,100,84.6153846153846,100,100,100,88.8888888888889,100,95,94.4444444444444,85.7142857142857,95.4545454545455,93.3333333333333,89.4736842105263,100,87.5,93.75,100,100,95.2380952380952,91.6666666666667,91.6666666666667,87.5,100,92.3076923076923,92.8571428571429,100
"NC_059188.1.12046032.12046033",100,95,93.75,100,100,84.2105263157895,100,100,100,94.7368421052632,90,95.2380952380952,100,80,87.5,100,92.8571428571429,100,94.1176470588235,100,94.7368421052632,93.3333333333333,100,93.1034482758621,90.4761904761905,90.9090909090909,100,100,96,84.6153846153846
"NC_059188.1.12098271.12098272",96.2962962962963,95,100,93.75,100,100,86.3636363636364,87.5,70,100,100,100,85.7142857142857,100,96,81.8181818181818,100,83.3333333333333,94.1176470588235,95,100,95,92.8571428571429,96,85.7142857142857,100,100,100,100,100
"NC_059188.1.12099445.12099446",75,66.6666666666667,47.6190476190476,100,92.3076923076923,78.5714285714286,76.9230769230769,100,60,91.6666666666667,100,53.8461538461538,100,55,67.8571428571429,88.8888888888889,100,45,88.8888888888889,76.4705882352941,73.0769230769231,88.8888888888889,77.2727272727273,75,73.3333333333333,94.4444444444444,94.1176470588235,100,85.7142857142857,53.8461538461538
"NC_059188.1.12127514.12127515",92.3076923076923,94.1176470588235,100,90,100,100,83.3333333333333,100,100,93.3333333333333,92.8571428571429,95,100,100,100,100,100,95,100,93.3333333333333,100,95.8333333333333,100,100,100,100,100,91.6666666666667,100,91.6666666666667
"NC_059188.1.12210017.12210018",89.4736842105263,100,95,84.2105263157895,100,100,100,83.3333333333333,100,93.75,88.8888888888889,95.2380952380952,86.9565217391304,100,92.3076923076923,96,96.551724137931,100,96.2962962962963,95.6521739130435,96,95.2380952380952,100,100,100,100,88.4615384615385,100,100,96.1538461538462
"NC_059188.1.12210061.12210062",94.4444444444444,89.4736842105263,100,100,100,88.2352941176471,100,90.9090909090909,100,92.8571428571429,100,95.4545454545455,93.75,100,100,91.304347826087,88.4615384615385,90.9090909090909,100,95.8333333333333,92.5925925925926,100,100,95.4545454545455,100,89.4736842105263,88,94.1176470588235,95.6521739130435,100
"NC_059188.1.12217624.12217625",100,100,92.8571428571429,100,100,80,100,100,90.9090909090909,100,44.4444444444444,100,93.75,100,93.75,42.8571428571429,100,93.75,87.5,92.8571428571429,100,100,93.75,95.8333333333333,47.6190476190476,50,45,100,90,100
"NC_059188.1.12406544.12406545",93.3333333333333,95,90,92.8571428571429,100,100,100,100,92.3076923076923,92.8571428571429,92.3076923076923,100,100,95,90.9090909090909,94.7368421052632,100,100,100,85.7142857142857,100,100,93.3333333333333,100,84.2105263157895,100,95.6521739130435,95.4545454545455,91.304347826087,100
"NC_059188.1.12411141.12411142",33.3333333333333,0,0,0,36.5853658536585,52.3809523809524,0,0,34.6153846153846,0,36,29.7297297297297,16.2790697674419,0,0,27.2727272727273,0,0,15.5555555555556,44.4444444444444,15,0,15.3846153846154,0,0,0,0,3.17460317460317,0,28
"NC_059188.1.12411160.12411161",27.2727272727273,0,0,0,29.2682926829268,43.4782608695652,0,0,34.6153846153846,0,26.9230769230769,0,0,4,0,25,3.57142857142857,0,18.75,40,2.32558139534884,0,3.63636363636364,0,0,0,0,0,0,26.9230769230769
"NC_059188.1.12412129.12412130",80,30.4347826086957,80.9523809523809,21.7391304347826,27.7777777777778,62.5,30,53.5714285714286,54.1666666666667,17.6470588235294,25,3.7037037037037,0,54.5454545454545,25,33.3333333333333,22.2222222222222,90,0,18.1818181818182,0,4.16666666666667,20.8333333333333,61.1111111111111,35.2941176470588,78.2608695652174,50,21.7391304347826,24,0
"NC_059188.1.12536061.12536062",100,100,100,90,88.2352941176471,89.2857142857143,94.1176470588235,40,0,86.6666666666667,100,97.2972972972973,92.8571428571429,21.4285714285714,3.84615384615385,95.2380952380952,66.6666666666667,40,92.3076923076923,79.1666666666667,59.0909090909091,87.5,42.1052631578947,80.6451612903226,39.2857142857143,94.1176470588235,89.2857142857143,100,77.2727272727273,80.9523809523809
"NC_059188.1.12588958.12588959",87.5,96.7741935483871,94.7368421052632,95.6521739130435,92,78.5714285714286,94.7368421052632,88.8888888888889,84.6153846153846,90,91.4285714285714,86.2745098039216,95.2380952380952,100,93.0232558139535,57.1428571428571,73.6842105263158,95,93.1818181818182,90,93.5483870967742,96.1538461538462,46.4285714285714,91.4285714285714,92.8571428571429,84.375,100,100,96.875,93.3333333333333
"NC_059188.1.12588970.12588971",51.5151515151515,50,0,0,44,37.9310344827586,33.3333333333333,30.7692307692308,0,0,68.5714285714286,0,0,0,55,41.1764705882353,21.0526315789474,0,0,0,2.94117647058824,0,3.44827586206897,38.2352941176471,0,0,62.962962962963,0,0,0
"NC_059188.1.12589025.12589026",90,85.7142857142857,96.4285714285714,95,79.1666666666667,89.2857142857143,86.3636363636364,85,92.3076923076923,100,80,90.7407407407407,95.8333333333333,95,32.5581395348837,86.1111111111111,61.9047619047619,80,92,73.0769230769231,84.8484848484848,84.375,84.375,91.6666666666667,84.375,85.7142857142857,91.6666666666667,100,90.9090909090909,93.3333333333333
"NC_059188.1.12589055.12589056",96.2962962962963,92,93.5483870967742,100,100,96.1538461538462,95.2380952380952,94.1176470588235,100,100,97.3684210526316,88,96.1538461538462,95.6521739130435,94.8717948717949,100,95.4545454545455,91.6666666666667,97.8723404255319,93.1034482758621,96.6666666666667,93.75,100,93.5483870967742,96.875,83.3333333333333,96,100,91.8918918918919,93.1034482758621
"NC_059188.1.12589077.12589078",100,90,93.5483870967742,94.4444444444444,100,95.8333333333333,89.4736842105263,86.6666666666667,100,95.6521739130435,97.0588235294118,90.3846153846154,100,96.2962962962963,89.7435897435897,94.2857142857143,95.8333333333333,100,93.6170212765958,100,93.3333333333333,91.1764705882353,100,96.6666666666667,96.551724137931,92.3076923076923,100,90.9090909090909,100,85.7142857142857
"NC_059188.1.12589119.12589120",83.3333333333333,95.8333333333333,40,93.3333333333333,89.4736842105263,88,90.4761904761905,100,84.6153846153846,88,84.8484848484848,95.6521739130435,96.6666666666667,96,82.0512820512821,87.5,100,96.1538461538462,95.5555555555556,96.2962962962963,96.969696969697,97.0588235294118,100,96.969696969697,44.1176470588235,95,90,90,94.7368421052632,87.8787878787879
"NC_059188.1.12589172.12589173",91.6666666666667,96.1538461538462,100,100,100,95,89.4736842105263,93.3333333333333,54.5454545454545,90.9090909090909,94.2857142857143,88.0952380952381,92.8571428571429,92.5925925925926,85.7142857142857,96.1538461538462,82.6086956521739,100,79.4871794871795,100,90.9090909090909,84.375,100,93.5483870967742,93.9393939393939,100,80,90,96.875,92.5925925925926
"NC_059188.1.12615651.12615652",31.25,55.5555555555556,53.8461538461538,50,38.4615384615385,62.5,68.75,35.7142857142857,0,38.0952380952381,54.5454545454545,73.9130434782609,66.6666666666667,50,29.4117647058824,56.5217391304348,94.1176470588235,69.5652173913043,66.6666666666667,88.8888888888889,66.6666666666667,81.25,33.3333333333333,63.6363636363636,25,72.2222222222222,79.3103448275862,83.3333333333333,60,27.7777777777778
"NC_059188.1.12695168.12695169",78.2608695652174,83.3333333333333,100,91.304347826087,89.4736842105263,88,96,88.8888888888889,85.7142857142857,95.2380952380952,89.4736842105263,87.5,86.9565217391304,86.6666666666667,86.2068965517241,94.4444444444444,80,85,85.7142857142857,90.4761904761905,86.6666666666667,80,89.4736842105263,88.8888888888889,94.7368421052632,78.9473684210526,78.2608695652174,94.7368421052632,81.8181818181818,75
"NC_059188.1.12695210.12695211",95,95.8333333333333,100,96.1538461538462,94.7368421052632,95.2380952380952,96.1538461538462,100,93.75,100,100,92.3076923076923,95.8333333333333,100,100,96.1538461538462,100,100,95.8333333333333,96.2962962962963,100,96.1538461538462,100,100,100,95.6521739130435,88.8888888888889,96.4285714285714,95.2380952380952,90
"NC_059188.1.12695235.12695236",94.1176470588235,88,100,96.2962962962963,100,95,92.5925925925926,93.75,92.3076923076923,95.2380952380952,100,96,95.4545454545455,94.1176470588235,100,96.2962962962963,100,100,96.4285714285714,95.6521739130435,100,96,95,94.1176470588235,100,84,96.1538461538462,100,100,100
"NC_059188.1.12695252.12695253",37.5,40.9090909090909,54.5454545454545,52,55,68.4210526315789,53.5714285714286,60,0,100,52.6315789473684,100,95.2380952380952,43.75,0,95.8333333333333,41.1764705882353,42.3076923076923,93.3333333333333,100,48.2758620689655,50,47.6190476190476,75,63.1578947368421,91.6666666666667,65.3846153846154,97.1428571428571,100,55
"NC_059188.1.12695268.12695269",92.8571428571429,86.3636363636364,90,92,94.4444444444444,90.4761904761905,96.1538461538462,92.3076923076923,81.8181818181818,100,94.1176470588235,96,95.2380952380952,100,100,90.9090909090909,94.1176470588235,96,93.1034482758621,100,100,91.304347826087,94.7368421052632,100,94.4444444444444,88,95.8333333333333,100,100,100
"NC_059188.1.12756339.12756340",36,58.8235294117647,0,0,100,41.6666666666667,0,0,0,0,0,88.2352941176471,58.3333333333333,0,0,52.3809523809524,0,0,64,53.3333333333333,55,38.0952380952381,10,26.3157894736842,42.1052631578947,100,10,50,4.34782608695652,0
"NC_059188.1.12758619.12758620",80,72.2222222222222,89.4736842105263,72.7272727272727,100,85,73.3333333333333,87.5,92.3076923076923,92.3076923076923,75,93.3333333333333,88.2352941176471,88.8888888888889,90.9090909090909,80,78.9473684210526,80,90.4761904761905,88.2352941176471,86.2068965517241,93.3333333333333,90,83.3333333333333,93.3333333333333,88.2352941176471,80,81.8181818181818,100,84.2105263157895
"NC_059188.1.12790469.12790470",30,0,0,0,0,7.14285714285714,0,0,0,4.76190476190476,0,0,0,3.84615384615385,0,0,0,0,0,0,0,0,0,0,0,0,4.54545454545455,0,0,0
"NC_059188.1.12796486.12796487",42.8571428571429,0,0,0,0,0,0,0,0,0,0,0,0,0,0,0,0,0,0,0,0,5.26315789473684,0,0,0,0,0,0,0,0
"NC_059188.1.12801674.12801675",46.6666666666667,0,0,0,0,0,0,0,0,0,0,0,0,0,4.34782608695652,0,3.84615384615385,0,0,0,0,0,0,6.45161290322581,0,0,0,0,0,0
"NC_059188.1.12952685.12952686",94.1176470588235,46.6666666666667,9.09090909090909,90.9090909090909,100,88.8888888888889,76.9230769230769,90,54.1666666666667,100,81.25,71.4285714285714,88,45,91.304347826087,92.5925925925926,46.6666666666667,78.5714285714286,80,87.5,92,31.5789473684211,95,88.8888888888889,95.2380952380952,53.3333333333333,85.7142857142857,85.7142857142857,78.5714285714286,92.3076923076923
"NC_059188.1.12979927.12979928",100,83.3333333333333,90,100,100,100,100,100,93.75,92.3076923076923,100,96.1538461538462,100,100,95,100,93.75,94.1176470588235,96.2962962962963,95.2380952380952,100,100,100,95.4545454545455,95.8333333333333,92.3076923076923,86.6666666666667,100,90,100
"NC_059188.1.12980001.12980002",100,100,93.3333333333333,100,100,95,100,94.4444444444444,83.3333333333333,100,100,100,100,94.1176470588235,100,100,100,100,100,100,94.4444444444444,92.3076923076923,94.7368421052632,100,100,96.1538461538462,95.4545454545455,100,90.4761904761905,100
"NC_059188.1.13025819.13025820",100,85.7142857142857,82.3529411764706,94.4444444444444,100,94.7368421052632,92.8571428571429,89.4736842105263,63.1578947368421,91.6666666666667,80,97.2972972972973,100,89.4736842105263,80,69.2307692307692,95,81.8181818181818,81.8181818181818,90,91.6666666666667,93.3333333333333,90.9090909090909,76.4705882352941,100,90,90,88.8888888888889,81.8181818181818,90.9090909090909
"NC_059188.1.13071870.13071871",100,100,93.75,100,100,86.2068965517241,93.3333333333333,100,92.8571428571429,100,95.8333333333333,52.1739130434783,100,92.8571428571429,96.4285714285714,92.8571428571429,94.1176470588235,29.4117647058824,100,93.3333333333333,50,100,76.9230769230769,88.8888888888889,100,38.4615384615385,95.2380952380952,91.6666666666667,95.2380952380952,93.3333333333333
"NC_059188.1.13071884.13071885",100,95.6521739130435,87.5,90.9090909090909,100,86.6666666666667,92.8571428571429,92.3076923076923,92.8571428571429,100,100,45.8333333333333,100,100,100,92,94.1176470588235,29.4117647058824,100,100,50,100,87.5,95,96.2962962962963,44.8275862068966,95.2380952380952,91.6666666666667,95.8333333333333,84.6153846153846
"NC_059188.1.13074366.13074367",35.7142857142857,53.125,38.8888888888889,33.3333333333333,50,66.6666666666667,63.6363636363636,66.6666666666667,80,56.25,53.3333333333333,61.1111111111111,80,64.2857142857143,64,21.4285714285714,64.2857142857143,71.4285714285714,44.4444444444444,50,66.6666666666667,47.0588235294118,26.3157894736842,66.6666666666667,60,64.7058823529412,54.5454545454545,55,30,41.1764705882353
"NC_059188.1.13182650.13182651",100,83.3333333333333,90.9090909090909,100,100,95.8333333333333,91.6666666666667,100,95.4545454545455,92.3076923076923,91.6666666666667,100,100,87.5,100,93.5483870967742,100,84.8484848484848,93.9393939393939,95.6521739130435,95,91.6666666666667,100,96.551724137931,100,100,95,100,93.1034482758621,100
"NC_059188.1.13182710.13182711",100,91.6666666666667,100,100,100,95.8333333333333,95.6521739130435,86.6666666666667,92.5925925925926,89.4736842105263,88,84.2105263157895,88.2352941176471,94.7368421052632,92.5925925925926,96.875,84.6153846153846,86.6666666666667,89.6551724137931,89.4736842105263,95.6521739130435,95.8333333333333,93.5483870967742,93.5483870967742,80.9523809523809,100,100,100,96.1538461538462,100
"NC_059188.1.13182743.13182744",82.3529411764706,76.1904761904762,90,77.7777777777778,100,87.5,94.7368421052632,91.6666666666667,84,82.3529411764706,86.9565217391304,86.6666666666667,82.3529411764706,73.6842105263158,88.4615384615385,89.2857142857143,92.3076923076923,83.3333333333333,89.2857142857143,88.2352941176471,100,82.6086956521739,80,80,88.8888888888889,80,70,90,80.7692307692308,87.5
"NC_059188.1.13394958.13394959",94.7368421052632,92,80,100,100,93.75,86.3636363636364,88.8888888888889,27.2727272727273,94.7368421052632,100,92.1052631578947,88.8888888888889,100,89.4736842105263,91.304347826087,47.0588235294118,93.75,80.7692307692308,100,89.4736842105263,100,100,100,100,83.3333333333333,95.8333333333333,100,94.7368421052632,100
"NC_059188.1.13395043.13395044",100,95,100,100,100,94.1176470588235,100,92.3076923076923,100,96,95.8333333333333,97.1428571428571,94.7368421052632,86.3636363636364,100,100,88.8888888888889,90.9090909090909,100,100,100,94.1176470588235,94.1176470588235,95.8333333333333,96.2962962962963,94.4444444444444,100,100,100,100
"NC_059188.1.13510054.13510055",78.9473684210526,52.6315789473684,50,52.6315789473684,78.5714285714286,70,90,57.1428571428571,63.6363636363636,68.1818181818182,50,70,62.5,64.2857142857143,59.0909090909091,57.1428571428571,52.3809523809524,70,80,83.3333333333333,73.6842105263158,72.7272727272727,82.3529411764706,63.1578947368421,72.4137931034483,85,57.8947368421053,72.7272727272727,70.8333333333333,66.6666666666667
"NC_059188.1.13510085.13510086",84.2105263157895,94.4444444444444,100,100,83.3333333333333,92.8571428571429,94.7368421052632,86.6666666666667,90.9090909090909,90.9090909090909,93.3333333333333,84.2105263157895,93.3333333333333,100,91.304347826087,94.7368421052632,100,94.7368421052632,96.551724137931,100,93.75,90,93.75,100,90.625,100,93.3333333333333,100,92,93.75
"NC_059188.1.13510108.13510109",100,100,100,100,84.6153846153846,100,94.4444444444444,100,90,86.3636363636364,92.8571428571429,94.7368421052632,90,92.8571428571429,90.9090909090909,100,93.3333333333333,86.3636363636364,100,100,90,100,94.1176470588235,94.1176470588235,100,93.75,100,100,95.4545454545455,82.3529411764706
"NC_059188.1.13510380.13510381",92.8571428571429,83.3333333333333,85.7142857142857,84.6153846153846,75,76.9230769230769,60,68.75,52.9411764705882,80,66.6666666666667,75,87.5,83.3333333333333,64,88.8888888888889,87.5,84.6153846153846,89.2857142857143,86.6666666666667,76.9230769230769,75,91.304347826087,85.7142857142857,84.2105263157895,82.3529411764706,82.3529411764706,76.1904761904762,64.7058823529412,78.5714285714286
"NC_059188.1.13574259.13574260",93.3333333333333,100,95.8333333333333,100,100,91.304347826087,93.3333333333333,91.6666666666667,100,85,96.2962962962963,90,100,85.7142857142857,46.875,45,96,83.3333333333333,95.4545454545455,89.6551724137931,85.1851851851852,100,96.551724137931,96.1538461538462,94.2857142857143,100,95.6521739130435,81.8181818181818,88.5714285714286,100
"NC_059188.1.13574271.13574272",92.8571428571429,88.2352941176471,100,100,100,94.4444444444444,83.3333333333333,100,91.6666666666667,95,95.8333333333333,96.6666666666667,100,86.6666666666667,96.875,100,96.1538461538462,95,96,89.6551724137931,96.1538461538462,97.1428571428571,100,96.1538461538462,94.2857142857143,85.7142857142857,96.1538461538462,90,96.7741935483871,92
"NC_059188.1.13574288.13574289",100,100,100,100,100,93.75,100,100,100,94.4444444444444,95.6521739130435,100,92.3076923076923,100,100,100,100,100,95.6521739130435,92.5925925925926,100,97.1428571428571,96.551724137931,95.8333333333333,93.75,100,96.1538461538462,100,100,92
"NC_059188.1.13574303.13574304",100,95,100,100,100,95,100,90,100,100,96,92.3076923076923,100,100,93.9393939393939,90.9090909090909,96,95.6521739130435,90,96.551724137931,91.6666666666667,100,93.9393939393939,95.2380952380952,100,93.75,96.1538461538462,90.9090909090909,86.2068965517241,88.4615384615385
"NC_059188.1.13574324.13574325",100,91.6666666666667,82.3529411764706,87.5,93.3333333333333,100,100,80,92.3076923076923,100,92.3076923076923,100,100,100,96.551724137931,95.4545454545455,100,100,100,100,100,93.3333333333333,100,92,93.5483870967742,94.7368421052632,92.5925925925926,100,93.75,96.2962962962963
"NC_059188.1.13574373.13574374",87.5,82.7586206896552,92.8571428571429,95,87.5,91.304347826087,88.2352941176471,80,88.2352941176471,85.7142857142857,78.2608695652174,88.5714285714286,77.7777777777778,94.4444444444444,78.5714285714286,88,100,84.2105263157895,90,100,87.5,82.7586206896552,75.6756756756757,82.6086956521739,83.3333333333333,88,76.6666666666667,100,92.8571428571429,81.4814814814815
"NC_059188.1.13574393.13574394",100,89.6551724137931,86.6666666666667,90.9090909090909,94.1176470588235,95.4545454545455,85.7142857142857,90.9090909090909,94.1176470588235,95.8333333333333,92.3076923076923,94.5945945945946,90.4761904761905,100,96.6666666666667,100,100,100,100,91.6666666666667,100,92.8571428571429,88.5714285714286,96,93.75,100,93.9393939393939,100,100,89.6551724137931
"NC_059188.1.13574401.13574402",88.2352941176471,90.625,87.5,85.7142857142857,94.1176470588235,89.4736842105263,100,90.9090909090909,78.9473684210526,100,88.8888888888889,86.4864864864865,100,90.4761904761905,86.2068965517241,92.5925925925926,95.6521739130435,95.4545454545455,95.6521739130435,86.9565217391304,100,93.3333333333333,88.8888888888889,95.8333333333333,83.3333333333333,100,90.9090909090909,83.3333333333333,88,92.3076923076923
"NC_059188.1.13574417.13574418",100,91.1764705882353,100,90,100,100,100,84.6153846153846,94.7368421052632,100,88.4615384615385,100,95.6521739130435,95,100,91.304347826087,95.4545454545455,100,92.8571428571429,96,95.2380952380952,96.4285714285714,97.2222222222222,96.2962962962963,93.1034482758621,96.1538461538462,93.75,83.3333333333333,100,100
"NC_059188.1.13574439.13574440",100,87.8787878787879,100,90,100,100,83.3333333333333,91.6666666666667,100,91.6666666666667,96,97.1428571428571,86.9565217391304,95.8333333333333,96.6666666666667,100,90,100,93.1034482758621,100,100,92.5925925925926,93.9393939393939,96.4285714285714,93.5483870967742,92.3076923076923,100,92.3076923076923,95.8333333333333,100
"NC_059188.1.13574460.13574461",95.2380952380952,90.3225806451613,100,89.4736842105263,100,95.6521739130435,100,90.9090909090909,100,95.8333333333333,95.6521739130435,97.0588235294118,90,95.6521739130435,100,91.304347826087,88.8888888888889,100,100,92,100,100,96.4285714285714,100,88.4615384615385,84,100,100,100,92
"NC_059188.1.13574497.13574498",87.5,93.1034482758621,81.25,88.8888888888889,87.5,66.6666666666667,93.3333333333333,92.3076923076923,75,88.2352941176471,95.4545454545455,94.4444444444444,85.7142857142857,90,76.9230769230769,77.2727272727273,94.1176470588235,80,86.2068965517241,95.6521739130435,87.5,91.6666666666667,80,79.3103448275862,73.0769230769231,63.6363636363636,92.8571428571429,90.9090909090909,100,81.8181818181818
"NC_059188.1.13602452.13602453",100,94.7368421052632,91.6666666666667,100,94.7368421052632,100,100,100,100,94.1176470588235,100,100,100,100,100,100,85,83.3333333333333,100,92.8571428571429,100,93.75,95.2380952380952,100,93.75,100,100,100,100,100
"NC_059188.1.13602480.13602481",100,80,100,94.1176470588235,100,100,80,94.4444444444444,100,100,94.4444444444444,92.3076923076923,94.4444444444444,100,94.1176470588235,90.9090909090909,94.4444444444444,100,100,84.6153846153846,100,93.3333333333333,100,95,100,91.304347826087,100,100,100,92.3076923076923
"NC_059188.1.13602499.13602500",100,92.8571428571429,100,87.5,93.3333333333333,100,80,95,90.9090909090909,100,100,92.3076923076923,100,100,92.8571428571429,95.4545454545455,92.3076923076923,100,100,92.3076923076923,100,93.3333333333333,100,100,100,86.9565217391304,93.3333333333333,94.4444444444444,93.3333333333333,92.3076923076923
"NC_059188.1.13636956.13636957",95.8333333333333,36.3636363636364,71.4285714285714,42.8571428571429,90,91.6666666666667,100,100,88.2352941176471,85.1851851851852,93.1034482758621,86.2068965517241,91.304347826087,75,85.1851851851852,90.9090909090909,87.0967741935484,94.7368421052632,45,50,96.1538461538462,88,96.1538461538462,92,100,93.1034482758621,81.25,91.6666666666667,88.4615384615385,83.3333333333333
"NC_059189.1.55737.55738",46.6666666666667,20,7.69230769230769,50,0,28,42.1052631578947,9.09090909090909,30.7692307692308,0,7.69230769230769,3.84615384615385,0,0,40,0,0,0,0,0,0,0,0,0,0,8.69565217391304,11.1111111111111,4.34782608695652,0,0
"NC_059189.1.81496.81497",79.1666666666667,73.6842105263158,56.25,47.0588235294118,72.2222222222222,72,85.7142857142857,84.2105263157895,68.75,75,63.6363636363636,75,76.4705882352941,82.1428571428571,68.75,76.4705882352941,60,84,65.625,63.1578947368421,77.7777777777778,80.7692307692308,78.7878787878788,83.8709677419355,83.3333333333333,77.2727272727273,64.2857142857143,90,73.9130434782609,52.6315789473684
"NC_059189.1.81523.81524",91.6666666666667,100,89.4736842105263,86.6666666666667,95,100,100,94.4444444444444,86.6666666666667,90.9090909090909,92.8571428571429,90.9090909090909,93.75,96,93.75,93.3333333333333,95.4545454545455,87.5,93.75,90,81.25,96.1538461538462,93.9393939393939,96.2962962962963,96.4285714285714,86.3636363636364,93.3333333333333,92.3076923076923,100,94.4444444444444
"NC_059189.1.81635.81636",95.8333333333333,90.9090909090909,92.3076923076923,66.6666666666667,93.3333333333333,90,100,93.3333333333333,100,92.8571428571429,100,93.75,92.8571428571429,100,100,93.3333333333333,89.4736842105263,94.4444444444444,100,100,94.7368421052632,100,100,100,95.8333333333333,100,95.6521739130435,100,90.9090909090909,92.8571428571429
"NC_059189.1.137268.137269",92.3076923076923,92.3076923076923,88.2352941176471,83.3333333333333,81.8181818181818,100,80.9523809523809,87.5,100,94.7368421052632,78.9473684210526,86.3636363636364,92.3076923076923,83.3333333333333,79.1666666666667,92,100,75,93.3333333333333,81.25,100,78.9473684210526,100,94.4444444444444,85.7142857142857,89.4736842105263,100,90,85,92.3076923076923
"NC_059189.1.154730.154731",28,11.1111111111111,47.8260869565217,37.5,18.1818181818182,31.5789473684211,0,42.8571428571429,27.7777777777778,0,0,29.6296296296296,29.4117647058824,52.6315789473684,39.2857142857143,30,40.9090909090909,4.76190476190476,0,55.5555555555556,47.0588235294118,46.1538461538462,35.2941176470588,34.7826086956522,0,55.5555555555556,15.7894736842105,43.5897435897436,75,25
"NC_059189.1.402365.402366",84.6153846153846,50,81.8181818181818,61.5384615384615,90,81.8181818181818,80,78.5714285714286,100,68.4210526315789,86.3636363636364,62.5,94.7368421052632,54.5454545454545,50,86.6666666666667,100,0,88.2352941176471,76.9230769230769,85,94.4444444444444,56.25,53.3333333333333,92.5925925925926,100,84.6153846153846,35.7142857142857,66.6666666666667,23.5294117647059
"NC_059189.1.620675.620676",61.5384615384615,0,0,33.3333333333333,0,100,0,0,0,100,0,2.56410256410256,66.6666666666667,0,0,0,0,0,60.6060606060606,0,0,3.7037037037037,0,0,0,2.85714285714286,0,0,0,0
"NC_059189.1.731656.731657",80,53.3333333333333,90,69.2307692307692,100,81.8181818181818,93.3333333333333,55.5555555555556,0,93.75,93.3333333333333,93.1034482758621,21.0526315789474,40,0,87.5,100,0,27.2727272727273,50,33.3333333333333,0,83.3333333333333,95,93.3333333333333,61.1111111111111,4.54545454545455,0,86.6666666666667,65
"NC_059189.1.731681.731682",82.3529411764706,52.9411764705882,94.4444444444444,83.3333333333333,93.75,91.304347826087,100,45.4545454545455,0,89.4736842105263,93.75,90.625,25,47.0588235294118,0,89.4736842105263,95.4545454545455,0,31.8181818181818,55.5555555555556,42.8571428571429,0,89.4736842105263,95.2380952380952,94.4444444444444,57.8947368421053,0,0,85.7142857142857,59.0909090909091
"NC_059189.1.772090.772091",50,29.4117647058824,50,38.8888888888889,100,42.8571428571429,41.6666666666667,90,0,0,100,82.6086956521739,0,100,45.8333333333333,100,75,0,58.3333333333333,94.7368421052632,50,0,95.4545454545455,92.3076923076923,100,57.1428571428571,0,0,50,45.4545454545455
"NC_059189.1.772208.772209",81.25,85.7142857142857,93.3333333333333,50,76.4705882352941,100,100,81.25,78.9473684210526,81.8181818181818,69.2307692307692,82.3529411764706,75,81.25,77.2727272727273,57.1428571428571,94.1176470588235,82.6086956521739,60,90.9090909090909,83.3333333333333,88.2352941176471,68.1818181818182,84.2105263157895,85,68.75,95,87.5,90.9090909090909,86.6666666666667
"NC_059189.1.789812.789813",81.8181818181818,85,68.4210526315789,78.9473684210526,71.4285714285714,90,61.1111111111111,90,90.9090909090909,100,76.1904761904762,71.4285714285714,78.9473684210526,84.6153846153846,86.9565217391304,90,86.3636363636364,83.3333333333333,86.9565217391304,100,83.3333333333333,86.2068965517241,88.2352941176471,80,82.6086956521739,87.5,72.2222222222222,89.6551724137931,78.2608695652174,80
"NC_059189.1.791717.791718",75,81.25,66.6666666666667,83.3333333333333,57.8947368421053,85.7142857142857,60,64.7058823529412,93.75,75,60.8695652173913,82.6086956521739,40,80.9523809523809,63.1578947368421,70.5882352941177,91.304347826087,78.2608695652174,73.9130434782609,78.2608695652174,73.9130434782609,69.2307692307692,76.1904761904762,70.5882352941177,60,77.4193548387097,83.3333333333333,63.6363636363636,75,66.6666666666667
"NC_059189.1.837731.837732",36.8421052631579,73.3333333333333,35.7142857142857,66.6666666666667,31.5789473684211,73.9130434782609,64.2857142857143,47.3684210526316,69.2307692307692,40,72.2222222222222,43.75,76.4705882352941,31.25,35.4838709677419,30.4347826086957,36.8421052631579,66.6666666666667,52,4.76190476190476,69.5652173913043,60,83.3333333333333,46.1538461538462,59.0909090909091,64.7058823529412,82.6086956521739,61.5384615384615,52.3809523809524,38.8888888888889
"NC_059189.1.837791.837792",81.25,86.6666666666667,75,80,88.2352941176471,77.2727272727273,80,73.6842105263158,73.3333333333333,68.75,0,69.6969696969697,83.3333333333333,0,52.3809523809524,68,82.3529411764706,81.8181818181818,71.4285714285714,45.8333333333333,87.5,77.7777777777778,0,68.4210526315789,83.3333333333333,29.4117647058824,89.4736842105263,75,70.5882352941177,41.1764705882353
"NC_059189.1.837854.837855",86.6666666666667,82.3529411764706,81.25,58.8235294117647,35.7142857142857,80.9523809523809,82.3529411764706,89.4736842105263,88.8888888888889,62.5,0,54.2857142857143,100,50,65,66.6666666666667,72.2222222222222,73.3333333333333,68.4210526315789,41.9354838709677,77.7777777777778,77.7777777777778,25,70.5882352941177,37.5,19.047619047619,90.4761904761905,80,75,60
"NC_059189.1.906741.906742",83.3333333333333,90,90,92.3076923076923,90,100,84.6153846153846,94.4444444444444,92.3076923076923,100,100,100,100,85.7142857142857,92.3076923076923,83.3333333333333,100,76.4705882352941,100,100,100,95.2380952380952,100,87.5,95.2380952380952,100,93.75,100,100,73.3333333333333
"NC_059189.1.907597.907598",100,100,91.6666666666667,57.8947368421053,100,38.4615384615385,93.75,90.4761904761905,50,92.3076923076923,76.9230769230769,52.1739130434783,93.75,81.25,72.7272727272727,47.3684210526316,35.7142857142857,41.1764705882353,45,50,70,87.5,76.4705882352941,78.9473684210526,95.4545454545455,78.9473684210526,87.5,77.7777777777778,60,80
"NC_059189.1.907676.907677",70,95.2380952380952,86.6666666666667,93.75,90.9090909090909,92,66.6666666666667,87.5,86.6666666666667,86.6666666666667,100,91.304347826087,82.3529411764706,100,100,93.75,85.7142857142857,85,95.2380952380952,76.9230769230769,90.9090909090909,81.25,91.6666666666667,89.4736842105263,95.8333333333333,66.6666666666667,94.7368421052632,87.5,94.1176470588235,90.4761904761905
"NC_059189.1.907741.907742",70,76.4705882352941,50,53.8461538461538,40,75,30,33.3333333333333,91.6666666666667,62.5,72.7272727272727,84.2105263157895,76.9230769230769,88.8888888888889,65,64.2857142857143,72.7272727272727,66.6666666666667,36.3636363636364,35.7142857142857,76.9230769230769,72.7272727272727,55.5555555555556,62.5,83.3333333333333,80,83.3333333333333,61.5384615384615,86.6666666666667,70.5882352941177
"NC_059189.1.996152.996153",52.7777777777778,44.0677966101695,76.7441860465116,41.6666666666667,15.6862745098039,56.8627450980392,56,53.1914893617021,65,47.0588235294118,42.8571428571429,55.5555555555556,82.7586206896552,74.1935483870968,84.2105263157895,60,39.622641509434,41.025641025641,78.3783783783784,30.952380952381,33.3333333333333,66.6666666666667,33.8983050847458,69.2307692307692,72.7272727272727,33.3333333333333,58.3333333333333,45.4545454545455,23.0769230769231,50
"NC_059189.1.996298.996299",47.1698113207547,59.0163934426229,81.6666666666667,48.7179487179487,43.5897435897436,84.7826086956522,40,65.0793650793651,51.6129032258064,59.7560975609756,85,75,83.6734693877551,84.4444444444444,76.056338028169,51.4705882352941,49.3150684931507,26.6666666666667,95.5555555555556,79.1044776119403,60.377358490566,72.2222222222222,41.9047619047619,73.3333333333333,73.6842105263158,50.7692307692308,60,52.4590163934426,46.1538461538462,59.0163934426229
"NC_059189.1.996367.996368",53.968253968254,44.2307692307692,78.9473684210526,19.4444444444444,30.8823529411765,94.4444444444444,84.2105263157895,57.6923076923077,80,46.3768115942029,62.8571428571429,64.2857142857143,86.3636363636364,64.4444444444444,58.1818181818182,50.9433962264151,68.4931506849315,27.6595744680851,94.4444444444444,57.8125,68,50,44.2105263157895,60.5263157894737,60,46.6666666666667,32.6086956521739,50,45.8333333333333,60.655737704918
"NC_059189.1.996436.996437",61.5384615384615,60,95.7446808510638,42.8571428571429,56.3636363636364,96.7741935483871,68.75,74.468085106383,100,49.2063492063492,70.8333333333333,65.2173913043478,69.4444444444444,73.1707317073171,56.6037735849057,45.4545454545455,58.974358974359,58.1395348837209,90.3225806451613,63.4146341463415,58.695652173913,48,37.037037037037,65.8536585365854,85.7142857142857,38,34.0909090909091,53.8461538461538,50,55.3191489361702
"NC_059189.1.996475.996476",72.4137931034483,60,92.8571428571429,46.1538461538462,52.0833333333333,69.6969696969697,37.5,76.4705882352941,100,49.2307692307692,85.7142857142857,67.8571428571429,91.8918918918919,75,58.8235294117647,41.3793103448276,84.7222222222222,84.0909090909091,100,94.5945945945946,57.1428571428571,52,49.4117647058824,88.8888888888889,72.7272727272727,48.1481481481481,34.0425531914894,53.6585365853659,61.9047619047619,56.8627450980392
"NC_059189.1.996553.996554",63.4615384615385,41.6666666666667,73.6842105263158,45.7142857142857,45.6521739130435,72.4137931034483,31.25,63.6363636363636,88.2352941176471,45.1612903225806,60,71.4285714285714,80.5555555555556,70,53.1914893617021,48.3333333333333,65.625,50,94.4444444444444,41.9354838709677,37.2093023255814,55,52.4590163934426,54.2857142857143,70.5882352941177,32.7272727272727,43.4782608695652,43.1372549019608,49.2063492063492,52.3809523809524
"NC_059189.1.1413139.1413140",71.4285714285714,81.8181818181818,82.6086956521739,85,64.2857142857143,91.6666666666667,81.25,91.6666666666667,70,84.2105263157895,76.9230769230769,68.75,83.3333333333333,83.3333333333333,86.2068965517241,82.6086956521739,89.4736842105263,88,75.8620689655172,80,78.9473684210526,75,81.8181818181818,82.6086956521739,81.8181818181818,90.4761904761905,86.9565217391304,83.3333333333333,76.1904761904762,80
"NC_059189.1.1413331.1413332",81.8181818181818,92.8571428571429,83.3333333333333,86.6666666666667,85,89.6551724137931,84.6153846153846,85.7142857142857,55.5555555555556,82.3529411764706,71.4285714285714,70.5882352941177,93.3333333333333,81.8181818181818,88.2352941176471,76.9230769230769,90,93.3333333333333,80.7692307692308,92.3076923076923,64.2857142857143,60,71.4285714285714,75,78.9473684210526,86.6666666666667,66.6666666666667,76,82.3529411764706,72.2222222222222
"NC_059189.1.1511384.1511385",43.75,0,33.3333333333333,100,100,75,84.6153846153846,60,63.6363636363636,72.7272727272727,27.2727272727273,31.5789473684211,0,36.8421052631579,87.5,57.1428571428571,36.8421052631579,0,65,93.75,52.3809523809524,50,68.4210526315789,92.8571428571429,25,38.4615384615385,0,100,0,7.69230769230769
"NC_059189.1.1511391.1511392",87.5,94.7368421052632,63.1578947368421,41.1764705882353,30,91.6666666666667,100,100,100,100,90.9090909090909,100,100,94.7368421052632,94.4444444444444,100,57.8947368421053,88.2352941176471,90,81.25,100,100,29.4117647058824,92.8571428571429,90.9090909090909,100,100,100,100,85.7142857142857
"NC_059189.1.1551879.1551880",81.25,72,45.4545454545455,43.75,57.1428571428571,60,40,65.2173913043478,46.6666666666667,85.7142857142857,64.2857142857143,66.6666666666667,61.5384615384615,82.3529411764706,60.8695652173913,42.1052631578947,75,81.25,53.5714285714286,75,88.2352941176471,92.3076923076923,54.5454545454545,50,56.5217391304348,87.5,68,76,45.4545454545455,55
"NC_059189.1.1569815.1569816",88,80,93.3333333333333,91.6666666666667,56.25,41.1764705882353,93.3333333333333,93.3333333333333,95.6521739130435,100,91.6666666666667,100,100,93.3333333333333,41.1764705882353,91.4285714285714,95,88,41.9354838709677,88.2352941176471,91.6666666666667,94.7368421052632,93.75,84.6153846153846,92.5925925925926,96,89.4736842105263,100,89.4736842105263,88
"NC_059189.1.1671872.1671873",87.5,85.7142857142857,96.1538461538462,92,100,92.8571428571429,76.9230769230769,93.75,94.1176470588235,100,94.4444444444444,88.8888888888889,93.3333333333333,93.75,96.551724137931,95.6521739130435,90,100,86.1111111111111,91.304347826087,100,85.7142857142857,91.6666666666667,95.2380952380952,100,87.5,94.4444444444444,90,92.8571428571429,91.6666666666667
"NC_059189.1.1671891.1671892",82.3529411764706,87.5,95.6521739130435,100,94.1176470588235,100,91.6666666666667,90.4761904761905,89.4736842105263,95,94.7368421052632,100,92.3076923076923,94.4444444444444,96.551724137931,100,85,100,94.7368421052632,95.8333333333333,96.4285714285714,86.3636363636364,83.3333333333333,95.4545454545455,100,95.6521739130435,100,90,92.3076923076923,91.6666666666667
"NC_059189.1.1671970.1671971",95.2380952380952,88.4615384615385,94.7368421052632,90.4761904761905,100,90.4761904761905,100,94.7368421052632,100,94.4444444444444,100,89.4736842105263,88.2352941176471,83.3333333333333,95.1219512195122,92,90.625,89.4736842105263,100,91.304347826087,87.5,90.9090909090909,100,92.3076923076923,89.2857142857143,100,88.4615384615385,94.4444444444444,91.6666666666667,94.7368421052632
"NC_059189.1.1672039.1672040",100,91.6666666666667,100,95.8333333333333,95.6521739130435,100,91.6666666666667,85.7142857142857,92,100,94.7368421052632,95.6521739130435,94.7368421052632,89.4736842105263,94.4444444444444,93.3333333333333,94.1176470588235,91.304347826087,90.2439024390244,90.4761904761905,90.3225806451613,90.9090909090909,96.6666666666667,96.875,100,90.625,100,95.2380952380952,96.7741935483871,100
"NC_059189.1.1675254.1675255",81.25,100,90,83.3333333333333,84.6153846153846,94.4444444444444,91.304347826087,86.6666666666667,93.3333333333333,100,92.8571428571429,90.9090909090909,91.6666666666667,85.7142857142857,100,83.3333333333333,71.4285714285714,86.6666666666667,91.6666666666667,84.6153846153846,72.2222222222222,95.2380952380952,91.6666666666667,82.3529411764706,91.304347826087,89.6551724137931,95.4545454545455,100,91.304347826087,100
"NC_059189.1.2067083.2067084",100,92.8571428571429,100,100,100,100,100,92.3076923076923,91.6666666666667,94.4444444444444,100,100,87.5,100,88.2352941176471,100,100,100,92.5925925925926,94.7368421052632,96.7741935483871,100,100,94.1176470588235,95.4545454545455,100,92.8571428571429,92,88.8888888888889,100
"NC_059189.1.2071012.2071013",20.8333333333333,42.3076923076923,56.5217391304348,66.6666666666667,83.3333333333333,80,81.8181818181818,63.6363636363636,69.2307692307692,33.3333333333333,38.4615384615385,62.5,95,19.047619047619,81.25,90,12.5,96.1538461538462,60,85.1851851851852,45.8333333333333,87.5,88.5714285714286,48.3870967741936,62.5,37.5,100,85.1851851851852,77.7777777777778,95.6521739130435
"NC_059189.1.2074006.2074007",38.4615384615385,0,0,0,0,0,100,0,0,63.1578947368421,0,3.33333333333333,53.8461538461538,0,0,36,16.6666666666667,0,3.57142857142857,4.34782608695652,0,41.6666666666667,0,44.4444444444444,45,0,4,0,0,43.75
"NC_059189.1.2109580.2109581",100,95.4545454545455,94.4444444444444,100,91.6666666666667,95,100,94.1176470588235,100,100,100,100,92.8571428571429,100,100,42.8571428571429,100,100,95.8333333333333,87.5,100,94.4444444444444,100,100,100,100,85.7142857142857,94.1176470588235,91.6666666666667,100
"NC_059189.1.2319121.2319122",100,95.2380952380952,91.6666666666667,84.6153846153846,90.9090909090909,94.7368421052632,83.3333333333333,100,83.3333333333333,95,90,92.1052631578947,82.1428571428571,82.3529411764706,90.625,90.4761904761905,87.5,90.9090909090909,80.6451612903226,85.7142857142857,89.2857142857143,88.4615384615385,96.4285714285714,93.1034482758621,95.6521739130435,88.4615384615385,84.6153846153846,92.5,88,85
"NC_059189.1.2319180.2319181",100,96,100,100,100,91.6666666666667,95.4545454545455,100,92.3076923076923,94.7368421052632,100,97.2972972972973,93.1034482758621,96,93.3333333333333,96.1538461538462,96,100,94.1176470588235,94.7368421052632,100,96.1538461538462,93.3333333333333,100,94.1176470588235,100,88.8888888888889,100,90.9090909090909,85
"NC_059189.1.2319201.2319202",92.5925925925926,100,100,100,100,95.2380952380952,100,100,93.3333333333333,100,100,100,96.551724137931,95.8333333333333,96.7741935483871,96.2962962962963,95.8333333333333,93.1034482758621,97.2972972972973,100,94.7368421052632,100,87.0967741935484,96.7741935483871,96.969696969697,95.6521739130435,100,96.1538461538462,91.6666666666667,94.7368421052632
"NC_059189.1.2319242.2319243",92.5925925925926,100,95,94.4444444444444,100,100,100,100,94.7368421052632,93.75,94.1176470588235,100,92.5925925925926,90.4761904761905,100,96,88.2352941176471,96.2962962962963,91.8918918918919,100,100,95.4545454545455,95.6521739130435,100,100,94.4444444444444,100,100,100,100
"NC_059189.1.2522015.2522016",94.7368421052632,93.75,100,93.3333333333333,100,94.4444444444444,84.6153846153846,100,100,100,100,100,100,100,100,100,93.3333333333333,100,100,86.3636363636364,100,100,92.8571428571429,100,100,94.7368421052632,90.9090909090909,100,90.4761904761905,88.8888888888889
"NC_059189.1.2675484.2675485",60.6060606060606,91.1764705882353,45.4545454545455,56,66.6666666666667,61.5384615384615,80.4347826086957,80,56.25,62.1621621621622,77.2727272727273,78.0487804878049,67.741935483871,55.7692307692308,60.7142857142857,66.6666666666667,91.1111111111111,41.6666666666667,91.6666666666667,57.1428571428571,83.3333333333333,67.741935483871,63.1578947368421,53.8461538461538,48.8888888888889,60,66.6666666666667,88.5714285714286,72.7272727272727,41.6666666666667
"NC_059189.1.2729893.2729894",87.5,63.1578947368421,90.9090909090909,78.5714285714286,77.7777777777778,82.3529411764706,84.2105263157895,68.75,78.5714285714286,70,64.2857142857143,81.25,53.8461538461538,88.8888888888889,63.1578947368421,56.5217391304348,52.6315789473684,55.5555555555556,44.4444444444444,73.3333333333333,77.2727272727273,78.9473684210526,83.3333333333333,74.0740740740741,78.9473684210526,92.8571428571429,85,62.1621621621622,78.9473684210526,73.3333333333333
"NC_059189.1.2729926.2729927",92.3076923076923,93.3333333333333,100,100,100,100,100,100,100,100,100,100,92.3076923076923,93.75,95,95.2380952380952,90,100,94.4444444444444,91.6666666666667,100,94.4444444444444,95.6521739130435,92.5925925925926,94.7368421052632,92.8571428571429,100,100,100,100
"NC_059189.1.2729931.2729932",84.6153846153846,71.4285714285714,92.8571428571429,80,93.75,100,100,93.3333333333333,100,91.6666666666667,83.3333333333333,100,90.9090909090909,100,85,95.2380952380952,95,83.3333333333333,94.7368421052632,100,94.4444444444444,94.4444444444444,95.6521739130435,96.1538461538462,100,100,88.8888888888889,94.2857142857143,93.75,100
"NC_059189.1.2802790.2802791",95,90.9090909090909,94.1176470588235,84.6153846153846,92.3076923076923,96.1538461538462,92,100,92.8571428571429,100,100,100,100,100,100,100,92.8571428571429,100,100,100,90.4761904761905,88.2352941176471,100,100,92.3076923076923,95.8333333333333,100,96.1538461538462,84.6153846153846,88.2352941176471
"NC_059189.1.2802811.2802812",88.8888888888889,100,87.5,100,93.75,96.6666666666667,96.1538461538462,90.9090909090909,70.5882352941177,95,93.3333333333333,100,68.75,100,85.7142857142857,94.1176470588235,94.7368421052632,95.2380952380952,100,100,82.6086956521739,100,96.6666666666667,100,96.6666666666667,96.4285714285714,100,100,100,100
"NC_059189.1.2802946.2802947",95.8333333333333,94.4444444444444,100,100,94.4444444444444,96.875,94.7368421052632,93.75,93.3333333333333,100,96.4285714285714,96.2962962962963,92.3076923076923,93.3333333333333,100,96.4285714285714,100,94.1176470588235,90,100,95.2380952380952,95.8333333333333,95.8333333333333,91.304347826087,100,93.75,88.2352941176471,95,94.4444444444444,84.6153846153846
"NC_059189.1.2802969.2802970",95.6521739130435,87.5,100,91.6666666666667,100,92.5925925925926,94.1176470588235,100,93.75,90.9090909090909,100,92,100,100,96.1538461538462,96,100,92.8571428571429,96.4285714285714,96.2962962962963,100,95.8333333333333,95,100,95.8333333333333,78.5714285714286,81.25,100,93.75,92.3076923076923
"NC_059189.1.2868322.2868323",90.4761904761905,90,62.5,100,100,94.4444444444444,94.7368421052632,42.8571428571429,100,86.6666666666667,100,87.5,95.4545454545455,100,100,92.8571428571429,77.7777777777778,90.9090909090909,89.4736842105263,100,95.4545454545455,92.8571428571429,100,85.7142857142857,91.304347826087,93.75,78.5714285714286,84.2105263157895,94.1176470588235,80
"NC_059189.1.2868337.2868338",100,83.3333333333333,60,92.3076923076923,100,87.5,95.2380952380952,36.8421052631579,91.6666666666667,100,94.4444444444444,94.1176470588235,95.2380952380952,100,100,93.3333333333333,90,91.304347826087,84.2105263157895,100,91.304347826087,94.1176470588235,100,85.7142857142857,96,96.7741935483871,92.3076923076923,95.4545454545455,94.4444444444444,47.6190476190476
"NC_059189.1.2979737.2979738",88.8888888888889,100,93.75,100,100,94.1176470588235,100,100,85.7142857142857,90.4761904761905,81.8181818181818,84.2105263157895,92.3076923076923,100,94.7368421052632,96,93.3333333333333,84.6153846153846,96,100,94.1176470588235,100,100,83.3333333333333,100,100,88.2352941176471,92.8571428571429,91.304347826087,80
"NC_059189.1.2985191.2985192",92.8571428571429,86.3636363636364,91.6666666666667,81.8181818181818,92.3076923076923,85.7142857142857,100,94.4444444444444,91.6666666666667,94.1176470588235,94.7368421052632,90,89.4736842105263,100,94.1176470588235,100,100,90,100,94.4444444444444,100,100,100,89.4736842105263,95.4545454545455,77.2727272727273,80,90.9090909090909,38.4615384615385,95
"NC_059189.1.3021307.3021308",83.3333333333333,100,92.8571428571429,95,54.1666666666667,56.25,35,89.4736842105263,94.1176470588235,50,100,100,68.1818181818182,68.4210526315789,84.2105263157895,91.304347826087,100,73.6842105263158,100,100,90,94.7368421052632,73.6842105263158,70,75,90.9090909090909,78.2608695652174,92.3076923076923,100,85.7142857142857
"NC_059189.1.3057626.3057627",100,95,92.8571428571429,100,100,83.3333333333333,100,92.8571428571429,100,94.7368421052632,88.8888888888889,95.2380952380952,100,90,91.304347826087,100,81.25,94.7368421052632,100,100,100,95.8333333333333,100,100,100,100,100,100,100,91.6666666666667
"NC_059189.1.3057752.3057753",94.7368421052632,90,93.75,78.5714285714286,93.75,100,94.7368421052632,92.3076923076923,100,91.6666666666667,100,96.7741935483871,94.4444444444444,95,100,88.2352941176471,100,91.304347826087,100,92.3076923076923,100,96.875,96.875,100,100,100,91.6666666666667,100,100,96
"NC_059189.1.3057785.3057786",100,100,100,100,100,92.8571428571429,100,84.6153846153846,100,100,100,96.551724137931,100,100,100,94.1176470588235,92.3076923076923,100,96.1538461538462,100,100,100,96.1538461538462,95,100,94.4444444444444,95.6521739130435,100,87.5,100
"NC_059189.1.3171474.3171475",90.4761904761905,82.3529411764706,100,100,100,95.6521739130435,100,100,92.8571428571429,90.4761904761905,92.8571428571429,95.4545454545455,94.4444444444444,92.3076923076923,100,93.3333333333333,92.3076923076923,100,88.8888888888889,100,100,83.3333333333333,89.2857142857143,92.8571428571429,100,100,91.304347826087,100,100,76.4705882352941
"NC_059189.1.3171537.3171538",100,87.5,100,93.75,100,86.9565217391304,100,92.8571428571429,87.5,88.2352941176471,96,96,94.4444444444444,93.3333333333333,90.4761904761905,94.4444444444444,85,100,93.75,100,85,36.3636363636364,100,100,95.6521739130435,100,93.1034482758621,93.75,94.1176470588235,94.1176470588235
"NC_059189.1.3171563.3171564",95.6521739130435,85.1851851851852,94.1176470588235,93.75,100,90,94.1176470588235,93.75,92.8571428571429,94.4444444444444,91.6666666666667,96,94.7368421052632,100,90,95,86.3636363636364,100,93.3333333333333,85.7142857142857,100,45,95.8333333333333,90.9090909090909,100,94.7368421052632,92.3076923076923,94.4444444444444,100,94.7368421052632
"NC_059189.1.3171622.3171623",100,88.8888888888889,89.4736842105263,84.6153846153846,100,64.7058823529412,83.3333333333333,88.8888888888889,100,94.7368421052632,86.9565217391304,100,87.5,85.7142857142857,83.3333333333333,90,82.6086956521739,85.7142857142857,36.3636363636364,42.1052631578947,87.5,50,90.9090909090909,92,90.625,90.9090909090909,95.4545454545455,94.4444444444444,93.75,78.9473684210526
"NC_059189.1.3589017.3589018",91.6666666666667,100,100,100,100,100,100,85.7142857142857,100,100,88.8888888888889,90,92.8571428571429,95.4545454545455,90,92.8571428571429,92.3076923076923,100,97.2222222222222,82.3529411764706,95.2380952380952,93.75,85.7142857142857,100,95.2380952380952,100,100,88.2352941176471,93.75,92.8571428571429
"NC_059189.1.3605514.3605515",100,94.7368421052632,94.4444444444444,92.3076923076923,90.4761904761905,91.6666666666667,84.6153846153846,76.9230769230769,100,94.1176470588235,94.4444444444444,89.4736842105263,92.3076923076923,87.5,92.8571428571429,100,100,92.8571428571429,84,100,100,84.6153846153846,100,100,88.8888888888889,84.6153846153846,92.3076923076923,88.2352941176471,100,92.8571428571429
"NC_059189.1.3605518.3605519",91.6666666666667,100,94.4444444444444,84.6153846153846,95,100,100,100,95.2380952380952,88.2352941176471,100,89.4736842105263,100,75,91.6666666666667,90.9090909090909,87.5,92.8571428571429,92.3076923076923,100,95,92.3076923076923,90.9090909090909,91.304347826087,88.8888888888889,90,100,81.25,100,92.8571428571429
"NC_059189.1.3694740.3694741",35.7142857142857,75,92.8571428571429,0,0,33.3333333333333,50,66.6666666666667,85.7142857142857,47.8260869565217,20,54.5454545454545,42.1052631578947,58.8235294117647,90.9090909090909,93.3333333333333,95.2380952380952,0,91.304347826087,0,57.8947368421053,0,50,47.3684210526316,92.5925925925926,100,0,50,63.6363636363636,91.6666666666667
"NC_059189.1.3694794.3694795",50,16.6666666666667,0,0,0,0,38.4615384615385,73.3333333333333,53.3333333333333,42.8571428571429,0,45,42.1052631578947,0,51.8518518518519,26.6666666666667,71.4285714285714,0,41.6666666666667,0,23.8095238095238,0,30,30.4347826086957,34.6153846153846,80,0,46.6666666666667,53.8461538461538,47.3684210526316
"NC_059189.1.3794054.3794055",36.3636363636364,31.25,95,26.6666666666667,45.4545454545455,0,27.7777777777778,64.2857142857143,35.2941176470588,46.1538461538462,50,100,94.1176470588235,100,58.8235294117647,44.4444444444444,85.7142857142857,100,96.4285714285714,50,100,66.6666666666667,100,100,94.7368421052632,100,28.5714285714286,38.0952380952381,72.7272727272727,81.25
"NC_059189.1.3953767.3953768",32.1428571428571,0,0,63.6363636363636,37.5,18.75,50,76.9230769230769,0,37.5,10,0,34.7826086956522,0,11.1111111111111,37.5,0,27.2727272727273,0,51.8518518518519,37.5,28,3.03030303030303,0,0,0,22.5806451612903,0,0,61.5384615384615
"NC_059189.1.4011765.4011766",100,92.8571428571429,100,100,100,100,84.2105263157895,100,100,94.7368421052632,100,95,95,92,96.875,100,100,100,88,94.7368421052632,94.1176470588235,100,100,92,100,100,92.5925925925926,84,95.2380952380952,100
"NC_059189.1.4011822.4011823",100,100,87.5,93.3333333333333,100,94.7368421052632,100,90.9090909090909,94.1176470588235,100,96.7741935483871,100,95.4545454545455,96,96.969696969697,100,100,92.8571428571429,93.9393939393939,100,100,100,100,100,93.1034482758621,94.4444444444444,96.6666666666667,94.1176470588235,100,100
"NC_059189.1.4071746.4071747",78.9473684210526,84.6153846153846,95.6521739130435,66.6666666666667,93.75,86.3636363636364,86.6666666666667,83.3333333333333,85.7142857142857,95,81.25,82.6086956521739,100,95.2380952380952,87.5,75,86.6666666666667,88.8888888888889,81.8181818181818,94.7368421052632,88.4615384615385,75,80.9523809523809,80,87.5,68.1818181818182,77.2727272727273,85.7142857142857,86.3636363636364,53.8461538461538
"NC_059189.1.4098964.4098965",55.5555555555556,63.6363636363636,53.8461538461538,83.3333333333333,100,27.7777777777778,85.7142857142857,82.3529411764706,90,90,80,78.9473684210526,81.8181818181818,84.2105263157895,86.2068965517241,85,100,78.5714285714286,82.3529411764706,86.6666666666667,54.5454545454545,84.6153846153846,75,45.4545454545455,33.3333333333333,47.3684210526316,85,90,81.8181818181818,70
"NC_059189.1.4107800.4107801",94.1176470588235,69.5652173913043,100,100,100,85,81.8181818181818,95.2380952380952,100,92.8571428571429,95.8333333333333,100,96.551724137931,100,95.4545454545455,100,89.2857142857143,94.1176470588235,88.4615384615385,95.4545454545455,82.3529411764706,87.5,100,88.8888888888889,90,94.4444444444444,88,93.1034482758621,92,95.6521739130435
"NC_059189.1.4107868.4107869",93.75,87.5,90.4761904761905,100,86.6666666666667,96,89.4736842105263,90.9090909090909,100,78.2608695652174,100,66.6666666666667,87.5,93.75,86.9565217391304,96.1538461538462,96.4285714285714,57.1428571428571,89.6551724137931,96,88.8888888888889,92,96,93.1034482758621,100,83.3333333333333,96.2962962962963,96.6666666666667,92.5925925925926,85.7142857142857
"NC_059189.1.4107880.4107881",87.5,93.75,86.9565217391304,100,100,90.9090909090909,100,95.6521739130435,100,82.6086956521739,100,66.6666666666667,86.9565217391304,100,95.4545454545455,100,96.4285714285714,59.0909090909091,89.6551724137931,96.1538461538462,83.3333333333333,95.6521739130435,82.6086956521739,85.7142857142857,100,88.2352941176471,96,96.4285714285714,100,100
"NC_059189.1.4107909.4107910",80,83.3333333333333,82.6086956521739,100,86.6666666666667,80,92.8571428571429,85,53.8461538461538,60.8695652173913,83.7837837837838,60,88.8888888888889,78.9473684210526,80,81.8181818181818,100,52.6315789473684,29.6296296296296,88,78.9473684210526,83.3333333333333,59.0909090909091,66.6666666666667,96.4285714285714,60,78.2608695652174,91.6666666666667,93.5483870967742,88
"NC_059189.1.4459971.4459972",96.1538461538462,84,100,94.1176470588235,84.6153846153846,92.8571428571429,78.5714285714286,91.304347826087,91.6666666666667,90.9090909090909,100,81.8181818181818,94.1176470588235,100,91.6666666666667,92,93.3333333333333,100,94.1176470588235,92.3076923076923,64.2857142857143,90.9090909090909,100,78.2608695652174,100,95.8333333333333,88.2352941176471,100,95.2380952380952,88.8888888888889
"NC_059189.1.4460043.4460044",93.75,96.1538461538462,91.6666666666667,93.3333333333333,100,100,83.3333333333333,100,100,91.6666666666667,100,100,95,100,95.8333333333333,87.5,100,100,96.551724137931,88.8888888888889,100,100,100,91.6666666666667,100,100,100,93.3333333333333,81.8181818181818,93.3333333333333
"NC_059189.1.4488675.4488676",79.1666666666667,81.4814814814815,52.9411764705882,93.5483870967742,90.4761904761905,88.4615384615385,80.7692307692308,57.1428571428571,90,87.5,56,33.3333333333333,83.3333333333333,95.4545454545455,81.8181818181818,76,100,29.4117647058824,67.741935483871,87.5,81.4814814814815,77.2727272727273,60,70.8333333333333,79.3103448275862,85.7142857142857,100,91.6666666666667,75,79.1666666666667
"NC_059189.1.4488802.4488803",96.969696969697,92.5,84.2105263157895,100,95,71.875,93.6170212765958,94.8717948717949,81.25,90,94.2857142857143,76.5957446808511,94.2857142857143,97.4358974358974,98,78.7234042553192,97.8260869565217,74.3589743589744,77.0491803278689,79.4117647058823,91.4893617021277,82,93.1818181818182,76.1904761904762,94.2307692307692,97.8260869565217,76.9230769230769,87.5,87.2727272727273,97.8723404255319
"NC_059189.1.4488881.4488882",94.7368421052632,96.875,94.7368421052632,96.6666666666667,100,92.8571428571429,90.6976744186046,94.1176470588235,78.125,96.875,90.9090909090909,88.0952380952381,88.4615384615385,97.2222222222222,96.078431372549,98.3050847457627,94.7368421052632,100,98.2142857142857,80,96.6666666666667,95.7446808510638,96.4285714285714,100,94.1176470588235,100,100,96.551724137931,93.3333333333333,93.9393939393939
"NC_059189.1.5012480.5012481",88.8888888888889,86.6666666666667,93.3333333333333,91.304347826087,100,95.2380952380952,100,94.1176470588235,93.3333333333333,91.6666666666667,100,94.1176470588235,92.8571428571429,92.8571428571429,83.3333333333333,95.8333333333333,94.4444444444444,92.3076923076923,100,100,89.4736842105263,100,88.2352941176471,92.8571428571429,96.2962962962963,100,95.4545454545455,100,100,94.1176470588235
"NC_059189.1.5855455.5855456",100,95.4545454545455,92.3076923076923,91.6666666666667,100,100,100,100,100,100,100,96.969696969697,75,100,100,100,87.5,100,88.4615384615385,100,100,100,100,90.9090909090909,100,100,100,100,100,100
"NC_059189.1.6068875.6068876",18.75,0,0,3.2258064516129,0,0,0,0,5.26315789473684,0,0,0,0,0,2.94117647058824,1.61290322580645,0,0,0,4.34782608695652,0,0,0,0,2.27272727272727,0,0,1.42857142857143,6.25,0
"NC_059189.1.6538255.6538256",87.0967741935484,93.1034482758621,94.1176470588235,93.3333333333333,96.1538461538462,100,87.5,91.6666666666667,95,96.2962962962963,92.5925925925926,88.8888888888889,85.7142857142857,96,92.8571428571429,89.2857142857143,96.875,92.3076923076923,100,96.875,96.551724137931,92,90.3225806451613,82.7586206896552,97.0588235294118,96.2962962962963,100,100,88.8888888888889,100
"NC_059189.1.6538274.6538275",88.4615384615385,88.4615384615385,92.8571428571429,93.75,100,100,100,87.5,94.1176470588235,100,96.1538461538462,93.9393939393939,95.8333333333333,100,100,92,100,100,100,100,100,95.6521739130435,92.3076923076923,96,96.6666666666667,100,100,94.1176470588235,91.304347826087,100
"NC_059189.1.6538289.6538290",95.4545454545455,92.5925925925926,100,100,95.8333333333333,100,87.5,91.6666666666667,83.3333333333333,95.4545454545455,95.8333333333333,93.9393939393939,90.9090909090909,100,96.969696969697,92,100,95.2380952380952,96.551724137931,100,95.8333333333333,100,87.5,100,89.2857142857143,90.9090909090909,96,95.4545454545455,100,95.8333333333333
"NC_059189.1.6538352.6538353",90.4761904761905,85,92.3076923076923,100,100,100,82.3529411764706,88.2352941176471,100,94.1176470588235,86.6666666666667,92.5925925925926,81.8181818181818,90.4761904761905,96.4285714285714,90.9090909090909,78.2608695652174,81.8181818181818,95.4545454545455,83.3333333333333,100,93.75,94.7368421052632,95,86.3636363636364,94.1176470588235,91.304347826087,91.4285714285714,88.8888888888889,86.3636363636364
"NC_059189.1.6765138.6765139",16.6666666666667,5.26315789473684,0,40,50,31.25,10.5263157894737,20,0,42.8571428571429,13.3333333333333,66.6666666666667,92.3076923076923,46.1538461538462,0,21.0526315789474,30,50,73.9130434782609,37.5,45.4545454545455,28.5714285714286,5.55555555555556,20,12.5,50,27.2727272727273,71.4285714285714,15.7894736842105,90.9090909090909
"NC_059189.1.6785100.6785101",95,78.9473684210526,100,100,96,95.8333333333333,95,89.4736842105263,100,100,96.1538461538462,92,95.6521739130435,100,96.7741935483871,94.1176470588235,91.6666666666667,80,100,86.9565217391304,95.6521739130435,96.2962962962963,90.3225806451613,96,86.6666666666667,90.4761904761905,82.6086956521739,100,90.9090909090909,94.7368421052632
"NC_059189.1.6785232.6785233",84.2105263157895,95.6521739130435,100,100,100,48,100,100,94.1176470588235,100,100,100,96,85.7142857142857,90.9090909090909,100,51.8518518518519,100,100,100,100,100,81.8181818181818,91.304347826087,100,91.304347826087,100,90.9090909090909,95,100
"NC_059189.1.7268782.7268783",10.7142857142857,0,0,0,0,0,0,0,0,0,0,0,0,0,0,0,0,0,0,0,0,0,0,0,5,0,0,2.7027027027027,0,0
"NC_059189.1.7440641.7440642",56.25,0,0,0,0,0,0,0,0,0,0,0,0,5,0,0,0,0,0,6.25,0,0,0,0,0,0,0,0,0,0
"NC_059189.1.7536798.7536799",12,0,0,0,0,0,4.54545454545455,0,0,0,3.44827586206897,0,4.76190476190476,0,3.125,0,0,0,2.94117647058824,0,0,4.54545454545455,0,0,0,0,3.125,0,0,0
"NC_059189.1.7536906.7536907",13.3333333333333,0,0,0,0,0,0,0,4.76190476190476,0,0,0,4.16666666666667,0,19.4444444444444,0,4.34782608695652,0,0,0,0,0,0,0,2.85714285714286,0,2.77777777777778,0,0,0
"NC_059189.1.7536970.7536971",16.6666666666667,0,0,0,0,0,0,0,3.84615384615385,5.12820512820513,0,0,13.6363636363636,0,17.0212765957447,3.33333333333333,0,0,0,4.34782608695652,2.4390243902439,0,0,0,0,0,0,0,0,0
"NC_059189.1.7536992.7536993",13.0434782608696,0,0,0,0,0,0,0,0,0,0,3.84615384615385,5,0,17.0212765957447,0,0,0,2.56410256410256,0,0,0,2,2.77777777777778,3.33333333333333,0,2.5,0,0,0
"NC_059189.1.7537054.7537055",17.7777777777778,0,0,0,6.89655172413793,0,0,0,0,2.7027027027027,0,0,22.7272727272727,0,17.0212765957447,14.2857142857143,0,8,8.51063829787234,0,0,0,0,3.03030303030303,0,3.03030303030303,1.81818181818182,9.375,4.16666666666667,0
"NC_059189.1.7537140.7537141",19.2307692307692,4,0,0,0,0,0,3.7037037037037,5.12820512820513,6.81818181818182,0,0,15,6.06060606060606,14.2857142857143,11.9047619047619,2.56410256410256,4,11.7647058823529,0,0,0,2.17391304347826,0,4.44444444444444,0,3.44827586206897,11.9047619047619,0,3.44827586206897
"NC_059189.1.7537226.7537227",27.5862068965517,3.03030303030303,0,10,8.33333333333333,0,4.16666666666667,0,5.88235294117647,4.08163265306122,17.7777777777778,40,11.1111111111111,12.1212121212121,18.6046511627907,6.25,6.66666666666667,5,8.06451612903226,0,2.56410256410256,0,4.65116279069767,0,0,2.32558139534884,0,10.1694915254237,0,0
"NC_059189.1.7537312.7537313",16.6666666666667,0,0,0,1.85185185185185,0,2.12765957446809,6.66666666666667,3.57142857142857,0,1.63934426229508,2.27272727272727,0,0,8.33333333333333,0,0,0,3.125,0,0,0,2.27272727272727,0,0,0,2.12765957446809,1.75438596491228,7.54716981132075,0
"NC_059189.1.7537398.7537399",5.71428571428571,4.25531914893617,0,0,5.88235294117647,0,0,0,2.85714285714286,0,2.08333333333333,5.12820512820513,3.2258064516129,2.85714285714286,16.3636363636364,0,6.25,2.7027027027027,0,0,4.44444444444444,5.26315789473684,0,2.85714285714286,0,2.27272727272727,0,0,1.75438596491228,0
"NC_059189.1.7540514.7540515",25,0,0,0,0,0,0,0,0,0,0,0,0,0,0,0,0,0,2.7027027027027,0,0,0,0,0,0,0,0,0,0,0
"NC_059189.1.7833445.7833446",100,96.4285714285714,100,100,100,93.9393939393939,66.6666666666667,94.4444444444444,90,88.4615384615385,84,95.8333333333333,100,87.5,81.8181818181818,90.4761904761905,91.304347826087,91.6666666666667,90.625,94.1176470588235,93.3333333333333,96.2962962962963,96.551724137931,93.9393939393939,96.7741935483871,86.9565217391304,91.6666666666667,100,88,92
"NC_059189.1.7833543.7833544",100,94.4444444444444,100,87.5,100,93.1034482758621,78.9473684210526,100,100,100,90,100,100,90.4761904761905,86.9565217391304,95.4545454545455,94.7368421052632,89.4736842105263,93.3333333333333,100,100,91.6666666666667,100,92.3076923076923,100,100,94.7368421052632,81.8181818181818,88.2352941176471,100
"NC_059189.1.7833569.7833570",94.1176470588235,83.3333333333333,100,100,92.8571428571429,96.6666666666667,100,80,100,96.2962962962963,89.4736842105263,100,100,100,81.8181818181818,90.9090909090909,100,93.3333333333333,96.969696969697,100,96,87.5,100,95.6521739130435,95,93.3333333333333,95,100,100,100
"NC_059189.1.7833669.7833670",82.3529411764706,100,92.3076923076923,83.3333333333333,94.7368421052632,100,82.3529411764706,100,91.6666666666667,84.6153846153846,92.3076923076923,82.6086956521739,92.3076923076923,86.6666666666667,90,71.4285714285714,93.75,85.7142857142857,81.0810810810811,81.8181818181818,84.2105263157895,95.4545454545455,91.304347826087,84.6153846153846,89.4736842105263,86.6666666666667,88,81.8181818181818,73.9130434782609,73.3333333333333
"NC_059189.1.7833674.7833675",70.5882352941177,71.4285714285714,84.6153846153846,83.3333333333333,68.4210526315789,94.4444444444444,88.2352941176471,100,58.3333333333333,77.7777777777778,92.3076923076923,66.6666666666667,83.3333333333333,66.6666666666667,80.6451612903226,57.8947368421053,87.5,77.2727272727273,80.5555555555556,54.5454545454545,78.9473684210526,90.4761904761905,75,57.1428571428571,63.1578947368421,93.75,88,80,65.2173913043478,40
"NC_059189.1.7833680.7833681",73.6842105263158,95.2380952380952,92.3076923076923,77.7777777777778,88.8888888888889,88.8888888888889,93.75,83.3333333333333,83.3333333333333,86.2068965517241,78.5714285714286,87.5,92.3076923076923,92.3076923076923,90.3225806451613,73.6842105263158,85.7142857142857,90.4761904761905,80,69.2307692307692,75,95.2380952380952,82.6086956521739,92.3076923076923,78.2608695652174,87.5,96,100,80.9523809523809,75
"NC_059189.1.7833713.7833714",84.2105263157895,100,83.3333333333333,85.7142857142857,94.1176470588235,95.4545454545455,100,100,91.6666666666667,100,92.8571428571429,100,91.6666666666667,100,90,90.9090909090909,93.75,88,90.2439024390244,84.6153846153846,100,94.7368421052632,80.9523809523809,100,91.304347826087,100,93.1034482758621,100,89.4736842105263,77.7777777777778
"NC_059189.1.7833753.7833754",100,100,87.5,100,93.3333333333333,85.7142857142857,93.3333333333333,100,92.8571428571429,97.0588235294118,100,87.5,86.6666666666667,100,92.8571428571429,100,100,96.2962962962963,97.6744186046512,92.8571428571429,95.8333333333333,100,100,85.7142857142857,100,100,96.4285714285714,100,94.7368421052632,91.304347826087
"NC_059189.1.7843988.7843989",93.75,100,100,95.4545454545455,91.6666666666667,95.2380952380952,95.2380952380952,100,100,100,100,92.8571428571429,95.2380952380952,95.8333333333333,93.3333333333333,96,100,93.3333333333333,100,94.4444444444444,100,88.2352941176471,95,95.4545454545455,95.8333333333333,100,84.6153846153846,100,95.2380952380952,88.2352941176471
"NC_059189.1.8865217.8865218",94.4444444444444,94.1176470588235,85.7142857142857,93.75,100,76.9230769230769,88.8888888888889,88.2352941176471,90,87.5,100,85.1851851851852,76,94.7368421052632,80,75,100,100,93.3333333333333,90,86.9565217391304,87.5,88.2352941176471,88.2352941176471,85.7142857142857,81.8181818181818,64.7058823529412,90.9090909090909,92.5925925925926,100
"NC_059189.1.8875251.8875252",90.6976744186046,86.6666666666667,72.7272727272727,100,75,93.9393939393939,90.9090909090909,100,100,100,76,83.3333333333333,72.7272727272727,100,78.9473684210526,95.4545454545455,72.7272727272727,69.2307692307692,77.4193548387097,90,93.1818181818182,92.3076923076923,88.8888888888889,65.2173913043478,91.1764705882353,92.3076923076923,83.3333333333333,94.4444444444444,88,72.7272727272727
"NC_059189.1.9130648.9130649",85.7142857142857,90.9090909090909,78.9473684210526,72.7272727272727,83.3333333333333,91.6666666666667,93.3333333333333,78.5714285714286,81.8181818181818,90.9090909090909,90.9090909090909,76.4705882352941,82.3529411764706,94.7368421052632,89.2857142857143,100,92.8571428571429,78.9473684210526,84,88.2352941176471,87.0967741935484,93.75,80,90.9090909090909,86.9565217391304,82.3529411764706,88.8888888888889,80,93.75,92.3076923076923
"NC_059189.1.9524579.9524580",90.9090909090909,100,100,100,100,95.4545454545455,100,100,100,100,91.6666666666667,95.4545454545455,92.8571428571429,94.4444444444444,92,88.8888888888889,100,100,85.7142857142857,95,100,94.7368421052632,100,89.4736842105263,94.1176470588235,100,96.969696969697,94.4444444444444,100,100
"NC_059189.1.10371914.10371915",92.3076923076923,75,76.1904761904762,88.8888888888889,88.8888888888889,92,36.3636363636364,85.7142857142857,100,100,80,93.5483870967742,73.3333333333333,81.25,84.6153846153846,94.1176470588235,61.5384615384615,93.75,90.9090909090909,84,95,76.9230769230769,73.3333333333333,71.4285714285714,92.5925925925926,84.6153846153846,66.6666666666667,94.8717948717949,80.9523809523809,78.5714285714286
"NC_059189.1.10694740.10694741",88.4615384615385,100,85,85.7142857142857,100,83.3333333333333,94.7368421052632,94.1176470588235,69.2307692307692,100,78.9473684210526,82.7586206896552,88.8888888888889,100,77.2727272727273,85.7142857142857,92,90,80,94.1176470588235,100,87.5,70,83.3333333333333,88.8888888888889,86.6666666666667,80,83.3333333333333,89.4736842105263,81.8181818181818
"NC_059189.1.10694878.10694879",86.9565217391304,90,94.4444444444444,100,92.8571428571429,100,85.7142857142857,100,100,100,90,100,94.7368421052632,95,84.375,88.2352941176471,100,90.4761904761905,93.3333333333333,94.7368421052632,94.1176470588235,92.3076923076923,90.9090909090909,96.6666666666667,86.6666666666667,92.8571428571429,86.3636363636364,93.3333333333333,100,87.5
"NC_059189.1.10694988.10694989",100,84.6153846153846,100,92.8571428571429,63.6363636363636,92.8571428571429,83.3333333333333,89.4736842105263,100,100,91.6666666666667,100,100,88,97.0588235294118,100,100,41.6666666666667,94.4444444444444,100,92.8571428571429,90.9090909090909,91.304347826087,90.4761904761905,96.2962962962963,90.4761904761905,100,92.3076923076923,95.6521739130435,80
"NC_059189.1.10766625.10766626",46.1538461538462,65,86.6666666666667,70.5882352941177,91.304347826087,68.75,58.3333333333333,83.3333333333333,50,80,40,75,81.25,73.6842105263158,52.9411764705882,26.3157894736842,67.8571428571429,64,88.8888888888889,23.0769230769231,38.4615384615385,85.7142857142857,27.7777777777778,48.1481481481481,86.3636363636364,0,61.5384615384615,78.5714285714286,70,60
"NC_059189.1.10769648.10769649",81.8181818181818,61.9047619047619,50,52.3809523809524,100,40.9090909090909,53.8461538461538,43.75,61.1111111111111,60,63.6363636363636,54.5454545454545,76.4705882352941,50,64.2857142857143,52.6315789473684,73.6842105263158,72.2222222222222,56.25,66.6666666666667,58.8235294117647,62.5,52.6315789473684,66.6666666666667,60,72.2222222222222,62.5,65.3846153846154,68.75,57.8947368421053
"NC_059189.1.10814893.10814894",93.75,100,92.8571428571429,100,100,95,94.4444444444444,94.7368421052632,100,100,84.2105263157895,85.7142857142857,100,100,100,92.8571428571429,93.75,100,92.8571428571429,91.6666666666667,95.2380952380952,90,92,82.3529411764706,89.2857142857143,95.6521739130435,95,100,93.3333333333333,100
"NC_059189.1.10814920.10814921",100,100,93.3333333333333,90,100,95.6521739130435,100,87.5,100,93.3333333333333,100,93.5483870967742,95,93.75,100,100,87.5,95.2380952380952,96.6666666666667,100,91.6666666666667,100,89.2857142857143,94.7368421052632,97.0588235294118,100,95.4545454545455,100,100,90
"NC_059189.1.10953315.10953316",26.6666666666667,25.8064516129032,27.906976744186,35.8974358974359,32.1428571428571,22.2222222222222,28.5714285714286,36.9565217391304,30.3030303030303,35.8974358974359,21.0526315789474,24.2424242424242,37.9310344827586,20.4081632653061,50.9803921568627,18.75,40,27.2727272727273,16.6666666666667,33.3333333333333,8.16326530612245,20.5882352941176,17.8571428571429,46.875,17.9487179487179,23.8095238095238,36,25,21.2121212121212,17.2413793103448
"NC_059189.1.11028465.11028466",20,58.974358974359,36.3636363636364,45.8333333333333,56.5217391304348,40,37.037037037037,39.1304347826087,46.6666666666667,26.9230769230769,40,35.7142857142857,47.6190476190476,19.047619047619,50,65.3846153846154,48.3870967741936,51.8518518518519,13.6363636363636,27.2727272727273,56.7567567567568,0,2.7027027027027,50,45.7142857142857,45.4545454545455,22.2222222222222,65.3846153846154,52.3809523809524,5.88235294117647
"NC_059189.1.11028467.11028468",44.4444444444444,56.4102564102564,36.3636363636364,45.8333333333333,56.5217391304348,45.1612903225806,33.3333333333333,39.1304347826087,48.2758620689655,25.9259259259259,60,38.0952380952381,42.1052631578947,61.9047619047619,47.2222222222222,65.3846153846154,48.3870967741936,46.4285714285714,59.2592592592593,39.1304347826087,56.7567567567568,47.0588235294118,52.5,50,48.5714285714286,45.4545454545455,48.2758620689655,61.5384615384615,75,27.7777777777778
"NC_059190.1.52054.52055",38.4615384615385,0,0,100,0,29.4117647058824,31.25,47.3684210526316,42.8571428571429,0,60,0,52.3809523809524,92.3076923076923,40.7407407407407,47.3684210526316,29.4117647058824,30,37.5,53.3333333333333,42.8571428571429,46.6666666666667,0,86.9565217391304,85.1851851851852,41.1764705882353,50,89.4736842105263,0,100
"NC_059190.1.52062.52063",83.3333333333333,100,91.6666666666667,90.9090909090909,100,100,100,95,93.3333333333333,100,81.25,100,85.7142857142857,100,96.2962962962963,89.4736842105263,62.5,95.4545454545455,82.3529411764706,100,85.7142857142857,100,100,95.6521739130435,96.2962962962963,94.1176470588235,94.1176470588235,100,100,100
"NC_059190.1.52176.52177",80,92.8571428571429,100,100,100,93.3333333333333,100,90.9090909090909,90.9090909090909,100,93.75,100,92.8571428571429,100,88.4615384615385,100,93.75,97.1428571428571,95.8333333333333,91.6666666666667,92.8571428571429,93.3333333333333,100,94.4444444444444,100,100,100,95.6521739130435,94.1176470588235,100
"NC_059190.1.96307.96308",78.9473684210526,100,100,25,88.8888888888889,100,91.6666666666667,83.3333333333333,95.2380952380952,82.6086956521739,94.4444444444444,80.9523809523809,95.2380952380952,100,40,63.6363636363636,85.7142857142857,100,85,100,77.7777777777778,100,93.75,86.3636363636364,94.1176470588235,95,93.75,93.75,94.4444444444444,60
"NC_059190.1.96310.96311",89.4736842105263,94.1176470588235,100,86.6666666666667,94.4444444444444,92.3076923076923,100,91.6666666666667,76.1904761904762,100,88.8888888888889,95.2380952380952,95.4545454545455,100,86.6666666666667,45.4545454545455,90.4761904761905,85.7142857142857,90,100,88.2352941176471,100,87.5,95.4545454545455,100,95,100,93.75,100,100
"NC_059190.1.220595.220596",88.2352941176471,82.3529411764706,100,92.8571428571429,63.6363636363636,41.1764705882353,100,70,100,93.3333333333333,88.8888888888889,40,100,100,60,50,88.8888888888889,100,87.5,94.7368421052632,93.3333333333333,33.3333333333333,92.3076923076923,83.3333333333333,100,100,100,73.0769230769231,42.1052631578947,75
"NC_059190.1.220639.220640",94.1176470588235,100,94.1176470588235,100,91.6666666666667,93.75,100,91.6666666666667,91.6666666666667,95,100,90,93.3333333333333,100,95.2380952380952,90,93.3333333333333,100,90.4761904761905,100,100,50,92.3076923076923,76.9230769230769,94.4444444444444,90.9090909090909,100,82.3529411764706,95.8333333333333,92.8571428571429
"NC_059190.1.370257.370258",93.3333333333333,93.3333333333333,100,86.6666666666667,94.7368421052632,100,93.75,100,84.2105263157895,90.9090909090909,94.1176470588235,100,100,100,100,95,85.7142857142857,100,95.2380952380952,100,94.4444444444444,85.7142857142857,90.9090909090909,90.9090909090909,94.7368421052632,90.9090909090909,100,93.5483870967742,94.1176470588235,88.2352941176471
"NC_059190.1.383625.383626",94.1176470588235,90.4761904761905,100,100,100,100,92.8571428571429,100,100,100,94.7368421052632,92.8571428571429,93.3333333333333,100,93.1034482758621,93.3333333333333,100,100,95,94.7368421052632,90.9090909090909,100,90,91.304347826087,95,100,96,95.8333333333333,93.3333333333333,100
"NC_059190.1.509845.509846",90.9090909090909,100,91.6666666666667,93.3333333333333,95.2380952380952,95.4545454545455,94.7368421052632,86.3636363636364,100,94.7368421052632,100,95.8333333333333,84.2105263157895,94.7368421052632,90.9090909090909,96.4285714285714,85.7142857142857,100,93.1034482758621,92,100,84.2105263157895,100,100,96.4285714285714,90.9090909090909,85.7142857142857,93.3333333333333,100,88.4615384615385
"NC_059190.1.509881.509882",92.3076923076923,83.3333333333333,95.6521739130435,93.3333333333333,95.4545454545455,86.9565217391304,88.8888888888889,91.6666666666667,100,90.9090909090909,93.75,95.8333333333333,80.9523809523809,100,94.1176470588235,88.4615384615385,100,100,100,100,100,90,100,100,93.3333333333333,82.3529411764706,95,84.6153846153846,96.2962962962963,92
"NC_059190.1.627250.627251",94.7368421052632,100,92.8571428571429,100,100,100,60,100,100,100,100,85.7142857142857,95.8333333333333,100,89.4736842105263,95.6521739130435,100,95,100,100,100,95.4545454545455,94.7368421052632,93.75,95.8333333333333,100,90.4761904761905,100,93.3333333333333,94.7368421052632
"NC_059190.1.821798.821799",100,95.4545454545455,100,92.3076923076923,91.6666666666667,100,93.75,88.8888888888889,94.4444444444444,86.9565217391304,61.5384615384615,100,100,100,96.1538461538462,84.2105263157895,93.75,94.7368421052632,92.3076923076923,94.4444444444444,100,100,91.304347826087,90,94.4444444444444,88.2352941176471,96.4285714285714,86.6666666666667,96.4285714285714,95.6521739130435
"NC_059190.1.822247.822248",81.8181818181818,100,93.3333333333333,77.7777777777778,63.6363636363636,90,94.1176470588235,90.9090909090909,90.4761904761905,100,71.4285714285714,66.6666666666667,92.3076923076923,87.5,96.1538461538462,100,94.4444444444444,100,100,87.5,86.9565217391304,95.4545454545455,94.1176470588235,80,100,95.4545454545455,100,90,85.7142857142857,86.6666666666667
"NC_059190.1.880697.880698",92.3076923076923,76.9230769230769,50,90.9090909090909,36.3636363636364,95.4545454545455,90,90.9090909090909,80,26.6666666666667,72.2222222222222,50,100,100,94.1176470588235,76,81.25,90,94.1176470588235,87.5,53.8461538461538,95.6521739130435,84.2105263157895,78.5714285714286,87.5,61.1111111111111,80,40,80,92.8571428571429
"NC_059190.1.1135247.1135248",93.75,100,100,100,100,100,94.4444444444444,86.6666666666667,88.2352941176471,95.8333333333333,96.2962962962963,100,100,93.75,91.6666666666667,100,95.2380952380952,100,95.2380952380952,89.2857142857143,92.3076923076923,95.8333333333333,95.4545454545455,95.6521739130435,94.1176470588235,95.2380952380952,92,100,100,96
"NC_059190.1.1213576.1213577",55.5555555555556,33.3333333333333,43.75,88.2352941176471,50,100,57.1428571428571,53.3333333333333,44.4444444444444,43.75,0,0,0,30.7692307692308,29.4117647058824,0,45.4545454545455,81.25,45.4545454545455,57.1428571428571,57.8947368421053,52.6315789473684,0,50,96.2962962962963,23.5294117647059,92.8571428571429,90.9090909090909,0,40
"NC_059190.1.1437931.1437932",92.3076923076923,100,94.7368421052632,94.1176470588235,100,91.6666666666667,78.5714285714286,91.6666666666667,94.1176470588235,47.3684210526316,66.6666666666667,89.2857142857143,100,87.5,72,94.7368421052632,89.4736842105263,83.3333333333333,54.1666666666667,58.3333333333333,80.9523809523809,57.1428571428571,92.8571428571429,88.8888888888889,64.7058823529412,69.2307692307692,77.7777777777778,92.3076923076923,89.4736842105263,93.3333333333333
"NC_059190.1.1437942.1437943",100,90,95,93.75,93.3333333333333,95.6521739130435,75,92.3076923076923,85,55.5555555555556,57.8947368421053,86.6666666666667,93.3333333333333,76.9230769230769,80,94.7368421052632,85,83.3333333333333,58.3333333333333,78.5714285714286,72.7272727272727,57.1428571428571,90,94.4444444444444,72.2222222222222,74.0740740740741,72.2222222222222,92.3076923076923,84.2105263157895,75
"NC_059190.1.1445548.1445549",94.4444444444444,100,72.7272727272727,93.3333333333333,100,86.3636363636364,95,76.4705882352941,100,89.6551724137931,100,95.8333333333333,100,100,92.3076923076923,100,94.4444444444444,94.7368421052632,96.1538461538462,100,90.9090909090909,100,100,100,100,100,93.1034482758621,91.4285714285714,92.8571428571429,100
"NC_059190.1.1445608.1445609",100,93.1034482758621,100,86.6666666666667,100,96.4285714285714,95.8333333333333,90.9090909090909,86.9565217391304,93.9393939393939,96.875,93.75,92.3076923076923,91.304347826087,96.551724137931,95,100,100,96.6666666666667,96.6666666666667,95.4545454545455,100,100,100,93.3333333333333,100,97.0588235294118,83.8709677419355,94.7368421052632,100
"NC_059190.1.1445635.1445636",100,86.6666666666667,100,100,100,93.3333333333333,95.8333333333333,100,86.9565217391304,93.9393939393939,96.551724137931,100,92,95.2380952380952,86.6666666666667,100,96.4285714285714,100,100,100,95.8333333333333,94.5945945945946,90.9090909090909,100,100,95,100,96.551724137931,100,80.9523809523809
"NC_059190.1.1445826.1445827",95.2380952380952,92.8571428571429,90,100,100,96.6666666666667,87.5,100,100,92.3076923076923,87.5,100,100,92.8571428571429,100,86.9565217391304,100,92.8571428571429,100,92.8571428571429,95,90.9090909090909,90,93.75,90.4761904761905,96.969696969697,100,100,100,100
"NC_059190.1.1839080.1839081",94.1176470588235,100,94.7368421052632,100,81.8181818181818,100,90.9090909090909,80,87.5,95,90.4761904761905,94.7368421052632,83.3333333333333,83.3333333333333,95.6521739130435,100,100,95,96,100,94.1176470588235,100,100,95.4545454545455,100,100,100,92.6829268292683,94.7368421052632,94.4444444444444
"NC_059190.1.1839139.1839140",94.1176470588235,80,87.5,85.7142857142857,84.6153846153846,96,92.3076923076923,66.6666666666667,88.2352941176471,86.9565217391304,84.6153846153846,70.8333333333333,85.7142857142857,73.3333333333333,80,60,85.7142857142857,50,73.3333333333333,93.75,77.7777777777778,94.4444444444444,73.6842105263158,83.3333333333333,79.1666666666667,89.2857142857143,85,96.551724137931,85.7142857142857,37.5
"NC_059190.1.1839351.1839352",19.2307692307692,28,7.69230769230769,50,3.44827586206897,93.75,45.4545454545455,68.75,66.6666666666667,100,57.8947368421053,58.3333333333333,50,5.88235294117647,61.5384615384615,78.2608695652174,6.25,0,26.4705882352941,47.6190476190476,33.3333333333333,53.8461538461538,83.3333333333333,43.3333333333333,38.0952380952381,52.3809523809524,58.0645161290323,53.3333333333333,3.84615384615385,33.3333333333333
"NC_059190.1.1851429.1851430",95,100,89.4736842105263,89.4736842105263,96.7741935483871,100,95.6521739130435,94.7368421052632,81.8181818181818,100,93.3333333333333,100,80.9523809523809,100,100,92.8571428571429,90.9090909090909,95.8333333333333,89.2857142857143,95.2380952380952,100,85.7142857142857,100,100,86.3636363636364,90.625,100,100,90.3225806451613,100
"NC_059190.1.1851477.1851478",78.2608695652174,61.9047619047619,60,64.7058823529412,75,76,78.2608695652174,80,80,100,70.8333333333333,80.9523809523809,66.6666666666667,76.9230769230769,78.2608695652174,89.2857142857143,85.2941176470588,79.1666666666667,87.5,78.9473684210526,83.3333333333333,76.4705882352941,61.2903225806452,73.0769230769231,66.6666666666667,88.8888888888889,91.304347826087,90,80,66.6666666666667
"NC_059190.1.2305621.2305622",93.75,94.7368421052632,95.8333333333333,89.4736842105263,100,94.4444444444444,100,85.7142857142857,100,88.8888888888889,93.75,95.8333333333333,100,100,90.4761904761905,100,100,92.3076923076923,96.875,100,95.8333333333333,91.6666666666667,100,95.4545454545455,95,95.4545454545455,90,96.969696969697,92.8571428571429,90
"NC_059190.1.2305634.2305635",100,88.8888888888889,92.3076923076923,100,100,85.7142857142857,100,88.2352941176471,100,88.2352941176471,100,100,100,100,100,100,100,92.8571428571429,97.0588235294118,90,100,92.3076923076923,100,90.9090909090909,95,96.1538461538462,90.4761904761905,100,100,100
"NC_059190.1.2305682.2305683",47.3684210526316,31.5789473684211,53.8461538461538,45,42.1052631578947,28.5714285714286,57.8947368421053,53.3333333333333,50,35.7142857142857,56.5217391304348,48.3870967741936,48,26.6666666666667,37.9310344827586,64,0,36.8421052631579,9.67741935483871,23.8095238095238,15.3846153846154,65.625,36.8421052631579,36,40.9090909090909,46.4285714285714,78.9473684210526,60,26.3157894736842,38.0952380952381
"NC_059190.1.2305687.2305688",100,85.7142857142857,96.1538461538462,95,90,95.2380952380952,94.7368421052632,100,90.4761904761905,87.5,86.3636363636364,96.551724137931,92,37.5,43.3333333333333,96,80,100,93.75,95.2380952380952,100,93.75,100,96,95.4545454545455,96.4285714285714,100,88.8888888888889,89.4736842105263,86.3636363636364
"NC_059190.1.2305796.2305797",95.8333333333333,91.304347826087,89.4736842105263,86.9565217391304,95.6521739130435,95.8333333333333,100,94.4444444444444,95.8333333333333,93.75,95.8333333333333,93.3333333333333,96.2962962962963,100,92.3076923076923,90.9090909090909,94.1176470588235,45.4545454545455,96.969696969697,47.6190476190476,100,95.2380952380952,100,100,96,89.6551724137931,100,100,96,100
"NC_059190.1.2515697.2515698",90.9090909090909,90,93.3333333333333,90.9090909090909,100,85.7142857142857,88,85,93.3333333333333,100,70.5882352941177,82.3529411764706,92.8571428571429,100,95.8333333333333,86.9565217391304,94.4444444444444,88.2352941176471,72.2222222222222,90.9090909090909,100,85,73.3333333333333,80,86.3636363636364,100,83.3333333333333,95.8333333333333,86.9565217391304,92.8571428571429
"NC_059190.1.2712374.2712375",82.3529411764706,95.6521739130435,81.25,81.8181818181818,100,89.4736842105263,84.6153846153846,100,88.2352941176471,94.1176470588235,95,72.4137931034483,66.6666666666667,93.3333333333333,76.6666666666667,100,90,62.5,90,84.2105263157895,84,100,68.4210526315789,72,70.8333333333333,90.9090909090909,83.3333333333333,76.4705882352941,90.4761904761905,81.25
"NC_059190.1.2712409.2712410",80,83.3333333333333,90,83.3333333333333,85.7142857142857,89.4736842105263,87.5,100,78.9473684210526,93.3333333333333,85.7142857142857,84,83.3333333333333,93.75,97.0588235294118,93.3333333333333,93.3333333333333,85,92.5925925925926,81.8181818181818,81.4814814814815,80.7692307692308,78.9473684210526,81.4814814814815,88.8888888888889,92,94.4444444444444,66.6666666666667,100,78.9473684210526
"NC_059190.1.2712441.2712442",94.7368421052632,100,100,96.1538461538462,100,100,100,100,90.9090909090909,100,100,95.8333333333333,96,100,94.5945945945946,100,100,90,96.2962962962963,92,85.7142857142857,100,95.4545454545455,92.3076923076923,96.7741935483871,96.1538461538462,91.6666666666667,92.8571428571429,96.1538461538462,90
"NC_059190.1.2712448.2712449",94.7368421052632,100,88,92.5925925925926,88.8888888888889,90.9090909090909,83.3333333333333,100,85.7142857142857,100,92,88.4615384615385,96,82.3529411764706,84.2105263157895,82.6086956521739,93.9393939393939,100,92.5925925925926,100,84.6153846153846,92,77.2727272727273,84.6153846153846,90.625,92.3076923076923,88,85.7142857142857,92,88.8888888888889
"NC_059190.1.2712503.2712504",90,100,90.4761904761905,88.8888888888889,100,94.4444444444444,92.8571428571429,86.6666666666667,100,100,88.2352941176471,100,93.1034482758621,100,97.2972972972973,96.2962962962963,93.3333333333333,100,100,95.8333333333333,95.8333333333333,95.6521739130435,100,96.551724137931,100,100,100,90,95.2380952380952,90
"NC_059190.1.2774000.2774001",81.8181818181818,73.3333333333333,92.8571428571429,80,90.9090909090909,94.4444444444444,73.3333333333333,100,91.6666666666667,95.4545454545455,90.9090909090909,100,93.3333333333333,87.5,80.9523809523809,95,93.3333333333333,90,100,88.2352941176471,95.4545454545455,88.8888888888889,100,92.5925925925926,85.7142857142857,92.8571428571429,76.4705882352941,100,70,95.6521739130435
"NC_059190.1.2786633.2786634",58.3333333333333,60,38.4615384615385,41.6666666666667,100,35.2941176470588,100,69.2307692307692,27.2727272727273,46.1538461538462,36.8421052631579,0,4.34782608695652,47.6190476190476,65,0,100,23.5294117647059,0,57.1428571428571,46.1538461538462,0,0,100,60,90.625,0,0,95.6521739130435,93.75
"NC_059190.1.2939553.2939554",26.0869565217391,8.33333333333333,9.09090909090909,11.7647058823529,20,20.8333333333333,11.1111111111111,23.0769230769231,25,12.5,5,20.6896551724138,18.1818181818182,30,18.75,35.7142857142857,15.7894736842105,9.09090909090909,21.4285714285714,33.3333333333333,30.4347826086957,25.8064516129032,35.7142857142857,5.88235294117647,7.40740740740741,28,20,30.7692307692308,13.6363636363636,25.9259259259259
"NC_059190.1.2958166.2958167",75,88.4615384615385,89.2857142857143,84.6153846153846,100,100,94.1176470588235,81.8181818181818,86.6666666666667,100,88.8888888888889,85.7142857142857,100,93.75,83.8709677419355,88.2352941176471,100,92.3076923076923,90.625,85.7142857142857,95.2380952380952,85.7142857142857,100,78.5714285714286,100,92.3076923076923,75,90,100,86.6666666666667
"NC_059190.1.3010351.3010352",60,3.125,0,0,65.7894736842105,0,0,50,3.03030303030303,0,0,0,3.44827586206897,0,0,0,0,0,0,44.8979591836735,0,0,0,60,0,0,0,0,0,48.936170212766
"NC_059190.1.3012287.3012288",89.4736842105263,100,100,93.3333333333333,100,92.8571428571429,100,89.4736842105263,95.2380952380952,100,90.9090909090909,100,95.2380952380952,100,92.8571428571429,92.3076923076923,95,93.3333333333333,95,90.9090909090909,100,91.6666666666667,90,94.1176470588235,94.7368421052632,94.7368421052632,93.75,96.969696969697,100,100
"NC_059190.1.3087737.3087738",46.1538461538462,81.25,100,83.3333333333333,94.4444444444444,92.3076923076923,38.4615384615385,100,94.4444444444444,100,94.7368421052632,95.8333333333333,95.2380952380952,100,100,95,94.7368421052632,100,95,100,95.4545454545455,90.4761904761905,96,95,100,100,95.6521739130435,92.3076923076923,93.75,94.7368421052632
"NC_059190.1.3104932.3104933",94.4444444444444,90.9090909090909,85.7142857142857,100,92.3076923076923,94.4444444444444,92.3076923076923,94.4444444444444,94.1176470588235,93.3333333333333,92.8571428571429,100,94.4444444444444,100,91.304347826087,100,88.8888888888889,86.6666666666667,96.2962962962963,100,94.4444444444444,100,93.3333333333333,91.6666666666667,94.4444444444444,100,90.9090909090909,100,88.2352941176471,92.3076923076923
"NC_059190.1.3104949.3104950",94.4444444444444,100,80,84.6153846153846,91.6666666666667,89.4736842105263,100,93.3333333333333,100,92.3076923076923,91.6666666666667,76.9230769230769,100,94.4444444444444,86.9565217391304,100,94.1176470588235,77.7777777777778,89.2857142857143,100,88.2352941176471,87.5,78.5714285714286,100,87.5,100,90.4761904761905,81.8181818181818,88.2352941176471,85.7142857142857
"NC_059190.1.3143588.3143589",86.6666666666667,95.2380952380952,100,90.9090909090909,100,100,100,100,87.5,100,100,100,94.1176470588235,100,95,100,92.8571428571429,91.6666666666667,100,100,100,90.3225806451613,100,100,100,94.4444444444444,96,100,96.969696969697,89.4736842105263
"NC_059190.1.3147709.3147710",84.6153846153846,92.3076923076923,100,100,92.3076923076923,94.7368421052632,100,89.4736842105263,100,100,96,61.1111111111111,60,54.5454545454545,96,90.9090909090909,91.304347826087,94.1176470588235,96.1538461538462,92.8571428571429,100,91.6666666666667,96.2962962962963,96.1538461538462,82.7586206896552,96.2962962962963,94.1176470588235,91.304347826087,100,95.2380952380952
"NC_059190.1.3239440.3239441",63.1578947368421,40,32.258064516129,66.6666666666667,71.4285714285714,66.6666666666667,50,33.3333333333333,25,12.5,38.4615384615385,38.7096774193548,36.3636363636364,26.0869565217391,63.1578947368421,22.7272727272727,66.6666666666667,38.0952380952381,43.75,66.6666666666667,56.25,45.4545454545455,38.7096774193548,27.2727272727273,0,5.26315789473684,58.0645161290323,31.5789473684211,46.4285714285714,53.8461538461538
"NC_059190.1.3245854.3245855",100,90,95.2380952380952,100,93.3333333333333,100,91.6666666666667,94.1176470588235,92.8571428571429,95,100,94.4444444444444,96,100,95.6521739130435,100,77.7777777777778,100,100,100,100,100,100,87.5,100,100,94.7368421052632,91.6666666666667,100,90.9090909090909
"NC_059190.1.3310394.3310395",46.1538461538462,0,0,0,0,0,0,0,0,0,0,0,0,0,0,0,0,0,0,5,0,0,0,0,0,0,0,0,0,0
"NC_059190.1.3310432.3310433",84.6153846153846,100,92.3076923076923,100,92.3076923076923,87.5,100,94.7368421052632,100,92.3076923076923,100,94.4444444444444,84.2105263157895,100,100,86.3636363636364,100,91.6666666666667,95,88.2352941176471,80,92.8571428571429,94.7368421052632,100,95.2380952380952,100,88.2352941176471,100,100,100
"NC_059190.1.3566888.3566889",94.1176470588235,73.9130434782609,44.4444444444444,100,100,100,100,100,95.6521739130435,100,95.2380952380952,100,100,100,100,100,82.3529411764706,100,93.3333333333333,95.8333333333333,95.6521739130435,100,96.2962962962963,96.551724137931,95.2380952380952,96.2962962962963,100,97.1428571428571,94.4444444444444,100
"NC_059190.1.3622411.3622412",92.8571428571429,90,78.5714285714286,91.304347826087,95.2380952380952,95,85.7142857142857,92.3076923076923,82.3529411764706,90.3225806451613,92.5925925925926,95.8333333333333,82.3529411764706,95.2380952380952,100,70,100,80.9523809523809,96.875,95.2380952380952,93.75,88,94.1176470588235,80,89.2857142857143,90,94.4444444444444,100,85.7142857142857,92.8571428571429
"NC_059190.1.3622433.3622434",100,94.7368421052632,91.6666666666667,100,100,88.8888888888889,100,100,87.5,100,92.5925925925926,100,100,90.4761904761905,96.7741935483871,100,100,95.2380952380952,96.551724137931,100,96.7741935483871,100,96.7741935483871,95.4545454545455,92.8571428571429,90.9090909090909,100,100,100,100
"NC_059190.1.3622445.3622446",100,100,100,91.304347826087,100,100,88.8888888888889,100,100,96.4285714285714,90,100,100,96,96.875,100,100,100,96.6666666666667,100,96.7741935483871,100,96.2962962962963,90.4761904761905,92.8571428571429,90.4761904761905,100,100,100,96.1538461538462
"NC_059190.1.4413440.4413441",12.5,0,0,0,0,0,0,0,0,0,0,0,0,0,0,0,0,0,0,0,0,0,0,0,0,0,0,0,0,0
"NC_059190.1.5036396.5036397",9.80392156862745,0,4,0,0,0,0,0,0,0,9.375,0,0,0,0,0,0,0,0,0,0,3.125,35.1351351351351,2.38095238095238,0,0,0,0,0,0
"NC_059190.1.5671662.5671663",94.4444444444444,81.25,76.4705882352941,45.4545454545455,81.25,72.7272727272727,68.75,63.1578947368421,80,73.3333333333333,73.3333333333333,91.6666666666667,84.6153846153846,22.2222222222222,45.8333333333333,71.4285714285714,76.9230769230769,85,78.9473684210526,76.9230769230769,77.7777777777778,76.1904761904762,83.3333333333333,64.7058823529412,36.3636363636364,94.7368421052632,66.6666666666667,83.3333333333333,77.2727272727273,42.1052631578947
"NC_059190.1.6943307.6943308",40,0,21.2121212121212,6.25,30.7692307692308,15,15.9090909090909,5,26.0869565217391,20,13.3333333333333,23.6363636363636,19.047619047619,5.97014925373134,6.97674418604651,13.1147540983607,8.33333333333333,20,17.6470588235294,6.89655172413793,12,16,41.6666666666667,11.7647058823529,11.5384615384615,26.9230769230769,13.3333333333333,9.09090909090909,29.1666666666667,17.1428571428571
"NC_059190.1.6943325.6943326",40,0,21.875,6.25,38.4615384615385,16.3934426229508,16.2790697674419,10,21.7391304347826,14.2857142857143,13.3333333333333,18.1818181818182,14.2857142857143,6.15384615384615,7.14285714285714,13.5593220338983,8.10810810810811,20.8333333333333,20.5882352941176,0,12,16,43.4782608695652,18.3673469387755,12.5,30.7692307692308,11.9047619047619,11.6279069767442,26.0869565217391,14.7058823529412
"NC_059190.1.9313237.9313238",12.6984126984127,8.69565217391304,12.1951219512195,10,12.7272727272727,24.4897959183673,3.63636363636364,11.4285714285714,6.66666666666667,8.33333333333333,8.33333333333333,33.3333333333333,7.89473684210526,21.7948717948718,14.4444444444444,25,13.0434782608696,3.2258064516129,17.2839506172839,21.2121212121212,29.3103448275862,0,25.7575757575758,16,20.7317073170732,2.22222222222222,35.7142857142857,27.9411764705882,15.5555555555556,10.1694915254237
"NC_059190.1.10174202.10174203",93.75,92.3076923076923,89.4736842105263,92.3076923076923,81.8181818181818,94.1176470588235,90,56.25,100,90.9090909090909,87.5,95.2380952380952,66.6666666666667,94.7368421052632,93.75,88.4615384615385,93.3333333333333,75,92.5925925925926,91.6666666666667,40.9090909090909,70.5882352941177,100,100,85,93.3333333333333,83.3333333333333,91.6666666666667,100,83.3333333333333
"NC_059190.1.10174235.10174236",89.4736842105263,81.25,95.6521739130435,100,100,100,100,100,100,86.6666666666667,94.1176470588235,90.9090909090909,95,100,96.875,93.3333333333333,93.75,73.3333333333333,96.2962962962963,100,96.1538461538462,93.75,95.2380952380952,100,96,86.6666666666667,92.3076923076923,90.9090909090909,100,87.5
"NC_059190.1.10174279.10174280",60.8695652173913,72.7272727272727,74.0740740740741,93.75,94.4444444444444,86.3636363636364,65.2173913043478,73.6842105263158,69.2307692307692,68.75,80.9523809523809,80,85.1851851851852,87.5,60,78.5714285714286,77.2727272727273,42.8571428571429,75,90.4761904761905,80.7692307692308,88.8888888888889,79.3103448275862,70.7317073170732,90,66.6666666666667,91.6666666666667,75,68.4210526315789,77.2727272727273
"NC_059190.1.10174318.10174319",29.6296296296296,90.4761904761905,91.304347826087,84.6153846153846,80.9523809523809,100,100,57.8947368421053,87.5,88.2352941176471,75,90.3225806451613,92.3076923076923,100,39.3939393939394,93.3333333333333,88.4615384615385,84.2105263157895,100,95.4545454545455,86.2068965517241,52.6315789473684,90.625,94.5945945945946,85.2941176470588,84.6153846153846,93.3333333333333,81.25,92,95.8333333333333
"NC_059190.1.10174433.10174434",80.9523809523809,90.4761904761905,60,93.3333333333333,100,95.4545454545455,100,88.2352941176471,100,93.3333333333333,94.4444444444444,96.7741935483871,86.9565217391304,100,95.8333333333333,100,93.1034482758621,88.2352941176471,93.3333333333333,94.7368421052632,88,100,95.8333333333333,100,96.6666666666667,100,100,100,100,91.6666666666667
"NC_059190.1.10182747.10182748",77.2727272727273,95.2380952380952,87.5,92.8571428571429,40,76.4705882352941,78.5714285714286,100,84.6153846153846,96.551724137931,92,77.2727272727273,100,85,77.7777777777778,88.8888888888889,43.75,73.6842105263158,87.0967741935484,87.5,71.4285714285714,85.1851851851852,80.6451612903226,69.2307692307692,85,91.304347826087,81.8181818181818,96.2962962962963,95.8333333333333,88
"NC_059190.1.10209568.10209569",94.7368421052632,89.4736842105263,94.7368421052632,100,81.8181818181818,81.25,100,90,100,100,93.75,91.304347826087,88.8888888888889,100,92.3076923076923,96.1538461538462,85.7142857142857,89.4736842105263,100,87.5,100,90.4761904761905,96,86.3636363636364,88,100,95.2380952380952,100,93.3333333333333,94.7368421052632
"NC_059191.1.37856.37857",94.7368421052632,100,100,100,100,96.875,100,85,100,100,95.4545454545455,95.4545454545455,83.3333333333333,100,94.2857142857143,96.6666666666667,100,89.4736842105263,100,100,100,92.8571428571429,95.6521739130435,95.6521739130435,100,91.6666666666667,94.4444444444444,100,92.3076923076923,100
"NC_059191.1.115255.115256",38.8888888888889,25,0,40,43.75,0,0,0,50,27.7777777777778,5.55555555555556,52.6315789473684,57.1428571428571,0,100,47.3684210526316,53.3333333333333,94.7368421052632,51.4285714285714,54.5454545454545,0,0,72.2222222222222,4.54545454545455,0,0,0,0,60,37.5
"NC_059191.1.115277.115278",47.0588235294118,33.3333333333333,0,44.4444444444444,33.3333333333333,0,0,0,47.0588235294118,27.7777777777778,12.5,50,63.6363636363636,0,96.1538461538462,64.7058823529412,50,100,50,60,0,0,78.5714285714286,0,0,0,0,0,44.4444444444444,35.7142857142857
"NC_059191.1.117218.117219",56.25,35,54.5454545454545,100,91.6666666666667,100,100,69.2307692307692,81.25,66.6666666666667,38.4615384615385,95,41.6666666666667,0,0,52.6315789473684,42.1052631578947,93.3333333333333,96,45.4545454545455,100,58.8235294117647,68.75,57.1428571428571,29.4117647058824,89.4736842105263,95.2380952380952,92.9824561403509,50,50
"NC_059191.1.117221.117222",56.25,35,54.5454545454545,100,83.3333333333333,100,100,69.2307692307692,75,66.6666666666667,38.4615384615385,94.7368421052632,30.7692307692308,0,0,52.6315789473684,42.1052631578947,93.5483870967742,95.8333333333333,45.4545454545455,100,61.1111111111111,70.5882352941177,53.3333333333333,35.2941176470588,100,90.4761904761905,93.4426229508197,50,35.7142857142857
"NC_059191.1.117400.117401",94.1176470588235,92.3076923076923,100,100,100,88,100,100,86.6666666666667,90.4761904761905,100,95.6521739130435,84.2105263157895,92.8571428571429,100,87.5,75,100,100,100,90.4761904761905,84.2105263157895,95.2380952380952,80,100,100,93.3333333333333,98.0392156862745,100,100
"NC_059191.1.117406.117407",94.4444444444444,84.6153846153846,100,83.3333333333333,100,86.9565217391304,100,90,100,90.4761904761905,94.1176470588235,91.304347826087,88.8888888888889,92.8571428571429,100,94.1176470588235,77.7777777777778,95.4545454545455,100,90.9090909090909,95.4545454545455,73.6842105263158,95.2380952380952,81.8181818181818,100,93.75,100,92,92.8571428571429,88.2352941176471
"NC_059191.1.167178.167179",95,100,90.9090909090909,93.3333333333333,87.5,90,90,94.4444444444444,100,88.8888888888889,94.4444444444444,100,85,43.75,86.9565217391304,88.8888888888889,93.75,100,79.1666666666667,85.7142857142857,100,100,100,92.3076923076923,95.8333333333333,93.75,90.9090909090909,93.1034482758621,100,94.7368421052632
"NC_059191.1.170661.170662",53.3333333333333,100,100,77.7777777777778,90,37.5,25,0,45.4545454545455,94.4444444444444,0,90,91.6666666666667,0,75,80.9523809523809,53.8461538461538,100,94.4444444444444,47.3684210526316,44.4444444444444,0,53.8461538461538,55,6.25,0,31.25,59.0909090909091,43.75,52.9411764705882
"NC_059191.1.230935.230936",94.1176470588235,100,100,93.75,71.4285714285714,100,100,91.6666666666667,100,100,100,88.8888888888889,96.6666666666667,100,95,86.6666666666667,100,86.6666666666667,100,95.6521739130435,95.6521739130435,100,100,100,100,96,100,100,100,94.1176470588235
"NC_059191.1.230941.230942",94.4444444444444,100,92.8571428571429,93.75,100,95.4545454545455,94.7368421052632,100,100,100,100,92.5925925925926,100,100,100,93.3333333333333,100,86.6666666666667,100,95.6521739130435,91.304347826087,100,90,95.8333333333333,89.2857142857143,87.5,100,100,100,88.2352941176471
"NC_059191.1.230955.230956",43.75,35.7142857142857,53.3333333333333,43.75,28.5714285714286,100,100,100,0,35.7142857142857,100,0,0,93.75,0,68.75,0,0,53.3333333333333,47.6190476190476,48,57.1428571428571,0,54.1666666666667,100,91.6666666666667,45,100,52.9411764705882,0
"NC_059191.1.230972.230973",82.3529411764706,70.5882352941177,92.8571428571429,93.75,100,87.5,88.8888888888889,91.6666666666667,100,100,84.6153846153846,87.0967741935484,83.3333333333333,87.5,81.8181818181818,100,91.6666666666667,94.7368421052632,86.6666666666667,90.4761904761905,87.5,95.4545454545455,38.0952380952381,100,92.3076923076923,91.6666666666667,100,100,82.3529411764706,36.8421052631579
"NC_059191.1.239686.239687",90,93.3333333333333,93.3333333333333,90,91.6666666666667,92.8571428571429,84.6153846153846,100,94.1176470588235,100,100,95.8333333333333,100,95,100,94.4444444444444,100,87.5,92.8571428571429,84.6153846153846,92.5925925925926,88.4615384615385,95.6521739130435,92.8571428571429,96.875,100,96.551724137931,90,100,100
"NC_059191.1.474741.474742",86.6666666666667,88.8888888888889,88.8888888888889,100,100,87.5,100,100,92.8571428571429,90.4761904761905,100,96.1538461538462,88.2352941176471,100,96.1538461538462,90,100,93.75,90,100,95.2380952380952,95.6521739130435,92.3076923076923,92,94.4444444444444,93.75,100,100,95.4545454545455,81.25
"NC_059191.1.474806.474807",38.4615384615385,42.3076923076923,55.5555555555556,84.2105263157895,56.25,40,33.3333333333333,0,35.2941176470588,38.0952380952381,42.1052631578947,76.9230769230769,60,40,70,40,82.3529411764706,69.2307692307692,82.6086956521739,85.7142857142857,71.4285714285714,45.4545454545455,53.3333333333333,0,33.3333333333333,0,40,75,76,31.5789473684211
"NC_059191.1.476918.476919",95,93.3333333333333,100,100,92.3076923076923,100,92.3076923076923,100,95.2380952380952,100,100,96,100,100,100,100,100,100,100,100,89.4736842105263,100,94.4444444444444,100,100,100,100,92.3076923076923,100,86.6666666666667
"NC_059191.1.476928.476929",90,86.6666666666667,92.3076923076923,100,71.4285714285714,100,100,100,90,88.2352941176471,92.3076923076923,95.8333333333333,100,85.7142857142857,82.3529411764706,95.6521739130435,93.3333333333333,100,100,100,89.4736842105263,94.7368421052632,100,88.4615384615385,94.4444444444444,94.7368421052632,94.4444444444444,91.6666666666667,89.6551724137931,86.6666666666667
"NC_059191.1.476999.477000",44.8275862068966,84.2105263157895,28.5714285714286,77.7777777777778,52.6315789473684,15,60,70.8333333333333,83.3333333333333,55,90,34.6153846153846,21.0526315789474,7.14285714285714,45,72.7272727272727,14.2857142857143,66.6666666666667,68,59.2592592592593,33.3333333333333,78.2608695652174,91.304347826087,53.8461538461538,70.3703703703704,93.1034482758621,80,53.8461538461538,58.6206896551724,88
"NC_059191.1.545058.545059",29.1666666666667,39.1304347826087,5,0,25,25.8064516129032,27.2727272727273,25,30,0,27.7777777777778,0,17.6470588235294,45.4545454545455,3.44827586206897,41.6666666666667,35.7142857142857,30.4347826086957,12.5,32,37.5,42.8571428571429,27.7777777777778,63.6363636363636,23.0769230769231,32.1428571428571,39.1304347826087,0,4.16666666666667,26.6666666666667
"NC_059191.1.545076.545077",31.8181818181818,21.7391304347826,0,0,36.3636363636364,21.4285714285714,28.5714285714286,20,26.3157894736842,0,42.1052631578947,4.34782608695652,15.7894736842105,52.3809523809524,0,30.4347826086957,31.25,27.2727272727273,0,33.3333333333333,39.3939393939394,33.3333333333333,25,50,25,27.5862068965517,29.1666666666667,0,3.84615384615385,13.3333333333333
"NC_059191.1.1015008.1015009",100,87.5,92.8571428571429,90,94.7368421052632,90.9090909090909,94.4444444444444,87.5,100,100,100,94.1176470588235,73.9130434782609,90.9090909090909,95.6521739130435,82.1428571428571,90,100,100,100,95.2380952380952,100,92.8571428571429,90,100,100,100,100,93.75,100
"NC_059191.1.1015021.1015022",100,33.3333333333333,93.3333333333333,100,90.4761904761905,100,94.4444444444444,0,100,100,85.7142857142857,94.4444444444444,84,61.5384615384615,91.304347826087,100,95,100,100,100,85,33.3333333333333,92.3076923076923,89.4736842105263,95,96,42.8571428571429,100,100,50
"NC_059191.1.1015126.1015127",95.4545454545455,100,86.6666666666667,95.8333333333333,100,80.9523809523809,96.1538461538462,100,100,95.8333333333333,95.2380952380952,89.6551724137931,96.4285714285714,95.4545454545455,97.2972972972973,100,100,95.2380952380952,90.625,92.5925925925926,100,100,94.7368421052632,96,96.875,92.8571428571429,100,100,92.8571428571429,95.8333333333333
"NC_059191.1.1015213.1015214",92,100,100,100,95.8333333333333,90.9090909090909,100,88.2352941176471,100,100,95.8333333333333,90.3225806451613,90.9090909090909,88,94.1176470588235,95.6521739130435,93.3333333333333,95,100,100,100,93.1034482758621,95.6521739130435,96,100,100,100,100,96.2962962962963,100
"NC_059191.1.1457176.1457177",91.304347826087,95,91.6666666666667,100,93.1034482758621,95.4545454545455,90.9090909090909,90.9090909090909,89.4736842105263,100,92.8571428571429,91.1764705882353,100,96.1538461538462,96.1538461538462,96.4285714285714,100,100,96.875,92,100,85,95.4545454545455,100,96.551724137931,100,91.6666666666667,90.9090909090909,93.1034482758621,75
"NC_059191.1.1688455.1688456",85.7142857142857,84.6153846153846,85,64.7058823529412,93.3333333333333,92.8571428571429,92.8571428571429,96.1538461538462,88.8888888888889,76.4705882352941,63.6363636363636,62.962962962963,90.4761904761905,57.6923076923077,70,83.3333333333333,89.2857142857143,86.3636363636364,89.6551724137931,70,35.7142857142857,88.2352941176471,85.7142857142857,84,63.6363636363636,92.3076923076923,76.4705882352941,83.3333333333333,73.3333333333333,95.2380952380952
"NC_059191.1.1860061.1860062",63.3333333333333,100,87.5,100,83.3333333333333,96.1538461538462,91.6666666666667,91.6666666666667,93.75,100,95.2380952380952,95.6521739130435,76.4705882352941,85.7142857142857,100,88.8888888888889,86.9565217391304,100,94.4444444444444,100,96.1538461538462,94.4444444444444,96.1538461538462,76.1904761904762,100,96.4285714285714,89.6551724137931,90.9090909090909,96.4285714285714,100
"NC_059191.1.1860100.1860101",97.0588235294118,92,88,80,92.3076923076923,96.2962962962963,100,92.3076923076923,93.3333333333333,95,96,93.1034482758621,90.9090909090909,94.7368421052632,95.6521739130435,96.6666666666667,96.1538461538462,93.3333333333333,100,94.1176470588235,96,95,90,89.2857142857143,100,88.4615384615385,83.8709677419355,100,86.2068965517241,94.4444444444444
"NC_059191.1.1860130.1860131",97.2222222222222,95.4545454545455,92.3076923076923,88.8888888888889,93.75,100,95,100,94.1176470588235,92,88.4615384615385,100,100,100,100,82.1428571428571,100,92.3076923076923,95,100,96.2962962962963,91.6666666666667,96.6666666666667,96.875,96.875,92.8571428571429,93.3333333333333,100,93.1034482758621,100
"NC_059191.1.1860200.1860201",62.5,80,78.2608695652174,52.1739130434783,93.75,69.4444444444444,62.5,73.3333333333333,70,76.9230769230769,64.7058823529412,75.7575757575758,67.8571428571429,78.2608695652174,76.1904761904762,59.375,81.8181818181818,61.1111111111111,69.6969696969697,82.1428571428571,82.7586206896552,75,78.5714285714286,69.5652173913043,79.0697674418605,66.6666666666667,58.0645161290323,64.7058823529412,70,50
"NC_059191.1.1860279.1860280",100,85,95.2380952380952,95.6521739130435,100,87.0967741935484,81.8181818181818,94.1176470588235,100,100,93.3333333333333,80,90,95.8333333333333,96.2962962962963,86.2068965517241,96.551724137931,90.9090909090909,95,100,96,96.2962962962963,96.875,92.5,94.5945945945946,96.969696969697,85.7142857142857,95.4545454545455,91.6666666666667,94.4444444444444
"NC_059191.1.1860291.1860292",97.0588235294118,100,100,95,100,96.551724137931,100,100,100,100,95.8333333333333,95.2380952380952,96.4285714285714,100,100,89.2857142857143,100,100,97.2972972972973,100,100,85.1851851851852,96.1538461538462,100,96.6666666666667,100,92.5925925925926,95.8333333333333,100,100
"NC_059191.1.1926308.1926309",100,64.7058823529412,94.1176470588235,92.3076923076923,95.2380952380952,100,66.6666666666667,85,100,100,90,95.8333333333333,73.3333333333333,95,88.4615384615385,94.1176470588235,90,50,88.8888888888889,100,95.2380952380952,94.4444444444444,31.5789473684211,92,100,46.1538461538462,61.5384615384615,100,90.9090909090909,81.25
"NC_059191.1.1991292.1991293",91.6666666666667,95.4545454545455,100,85,100,92.8571428571429,93.3333333333333,100,90,100,100,95.2380952380952,92.3076923076923,89.4736842105263,95.4545454545455,94.1176470588235,100,84.6153846153846,95.8333333333333,92.3076923076923,90,72.7272727272727,83.3333333333333,95.4545454545455,95.2380952380952,100,100,85.7142857142857,100,91.6666666666667
"NC_059191.1.2402847.2402848",87.5,95.4545454545455,100,81.8181818181818,100,91.304347826087,94.1176470588235,94.4444444444444,92.8571428571429,92.8571428571429,91.6666666666667,90.4761904761905,96,100,82.1428571428571,84.6153846153846,100,87.5,95.6521739130435,94.4444444444444,95.4545454545455,82.3529411764706,86.6666666666667,88.2352941176471,87.5,94.1176470588235,86.3636363636364,100,95.6521739130435,93.75
"NC_059191.1.2402915.2402916",94.1176470588235,100,93.3333333333333,83.3333333333333,100,100,100,91.6666666666667,100,100,83.3333333333333,100,93.75,100,85,90,91.6666666666667,100,100,100,100,94.7368421052632,88.2352941176471,100,94.7368421052632,91.304347826087,100,92.3076923076923,100,100
"NC_059191.1.2407801.2407802",80,90.9090909090909,76.4705882352941,88.2352941176471,93.3333333333333,78.5714285714286,94.1176470588235,93.75,93.3333333333333,93.75,80,83.3333333333333,81.8181818181818,85.7142857142857,73.9130434782609,76.4705882352941,76.4705882352941,83.3333333333333,86.9565217391304,85,96,93.75,93.75,80,92,87.5,72.2222222222222,84.6153846153846,78.5714285714286,89.4736842105263
"NC_059191.1.2407902.2407903",93.3333333333333,92.8571428571429,87.5,87.5,88.2352941176471,92.8571428571429,89.4736842105263,92.8571428571429,78.5714285714286,95.6521739130435,81.25,88.2352941176471,87.5,84.2105263157895,88.8888888888889,88.2352941176471,100,86.3636363636364,84.6153846153846,86.6666666666667,95.8333333333333,100,86.3636363636364,90.9090909090909,80.9523809523809,90,78.5714285714286,81.8181818181818,94.4444444444444,94.4444444444444
"NC_059191.1.2407945.2407946",91.6666666666667,92.3076923076923,95,73.3333333333333,100,80,95,100,70,89.4736842105263,86.6666666666667,100,93.3333333333333,92.3076923076923,100,94.1176470588235,100,94.7368421052632,90,86.6666666666667,95.2380952380952,92.3076923076923,90,95,93.3333333333333,86.6666666666667,90,100,100,88.2352941176471
"NC_059191.1.2531051.2531052",15.7894736842105,52.6315789473684,0,0,52.3809523809524,0,0,0,0,0,0,45.1612903225806,64.7058823529412,51.7241379310345,38.4615384615385,0,35,62.5,0,35,18.75,0,4.76190476190476,0,0,0,60,5.88235294117647,0,0
"NC_059191.1.2589144.2589145",92.3076923076923,100,100,91.6666666666667,93.75,100,91.6666666666667,92.8571428571429,100,95.4545454545455,100,85.7142857142857,100,92.8571428571429,100,94.1176470588235,85.7142857142857,78.9473684210526,96.7741935483871,93.3333333333333,100,100,100,95.6521739130435,100,94.7368421052632,100,84.2105263157895,100,86.6666666666667
"NC_059191.1.3907700.3907701",25,31.8181818181818,16.6666666666667,27.5,15.625,4,14.7540983606557,43.75,8.57142857142857,23.3333333333333,10.3448275862069,0,4.16666666666667,6.38297872340426,18,13.0434782608696,30,43.5897435897436,7.46268656716418,48.1481481481481,18.75,52.5,6.97674418604651,15.7894736842105,36.1702127659574,22.2222222222222,26,36.8421052631579,18.4210526315789,0
"NC_059191.1.3907762.3907763",15.5172413793103,27.5,18.75,25,18.1818181818182,0,17.6470588235294,9.09090909090909,3.33333333333333,18.6440677966102,3.84615384615385,7.40740740740741,6.25,2.85714285714286,28.2051282051282,15.7894736842105,30.7692307692308,53.6585365853659,17.4603174603175,16.6666666666667,16.6666666666667,47.0588235294118,2.4390243902439,0,43.1818181818182,26.3157894736842,33.3333333333333,45.7142857142857,21.6216216216216,0
"NC_059191.1.3907784.3907785",18,36.1111111111111,23.0769230769231,27.027027027027,25.8064516129032,0,10.2564102564103,45.4545454545455,16,28.0701754385965,4.34782608695652,11.5384615384615,12.5,14.7058823529412,21.0526315789474,12.5,28,65.625,17.2413793103448,14.2857142857143,31.4285714285714,57.5757575757576,17.5,0,43.1818181818182,17.6470588235294,48.7179487179487,55.1724137931034,14.2857142857143,0
"NC_059191.1.4252620.4252621",16.2790697674419,4.76190476190476,0,25,25,8.69565217391304,0,0,15,11.1111111111111,7.14285714285714,36.3636363636364,21.7391304347826,41.025641025641,31.25,12.9032258064516,13.1578947368421,50,16.1290322580645,58.6206896551724,13.0434782608696,0,22.2222222222222,16.6666666666667,29.4117647058824,36,20,26.0869565217391,29.4117647058824,68.75
"NC_059191.1.5318396.5318397",100,93.75,90,94.4444444444444,94.7368421052632,90.4761904761905,100,86.6666666666667,90,100,92.3076923076923,100,96,100,96.1538461538462,80.9523809523809,100,78.5714285714286,92.3076923076923,100,95.4545454545455,100,100,100,95.4545454545455,89.2857142857143,95.2380952380952,90.9090909090909,100,90.4761904761905
"NC_059191.1.5455434.5455435",26.3157894736842,0,0,0,0,0,0,0,0,0,0,0,0,0,9.43396226415094,0,0,0,4.16666666666667,0,0,0,0,0,0,0,0,0,3.57142857142857,0
"NC_059191.1.6238132.6238133",94.4444444444444,100,100,92.3076923076923,100,100,90.9090909090909,92.8571428571429,96,95.6521739130435,83.3333333333333,91.304347826087,100,93.75,94.1176470588235,100,88.4615384615385,90,95.8333333333333,95.4545454545455,100,100,100,100,93.75,94.4444444444444,96.4285714285714,92.3076923076923,100,85
"NC_059191.1.6238198.6238199",94.1176470588235,100,90,87.5,95.8333333333333,94.1176470588235,91.6666666666667,93.3333333333333,95,93.1034482758621,85.7142857142857,96.1538461538462,83.3333333333333,94.4444444444444,91.6666666666667,90,96,94.1176470588235,95.8333333333333,100,100,100,84.6153846153846,86.6666666666667,90,100,95.8333333333333,100,100,91.304347826087
"NC_059191.1.6238269.6238270",94.1176470588235,95,100,100,95,100,100,92.3076923076923,100,88.8888888888889,100,92.3076923076923,92.3076923076923,100,100,94.7368421052632,100,100,100,100,94.1176470588235,100,100,100,92.8571428571429,94.7368421052632,94.1176470588235,100,92.8571428571429,100
"NC_059191.1.6238303.6238304",100,88.2352941176471,94.1176470588235,93.75,100,92.3076923076923,100,90,92.8571428571429,95.6521739130435,93.3333333333333,90.4761904761905,90.9090909090909,100,92.3076923076923,92.3076923076923,100,92.8571428571429,95,94.1176470588235,100,100,94.7368421052632,100,100,100,100,100,100,100
"NC_059191.1.6610919.6610920",94.1176470588235,100,100,88.2352941176471,100,100,89.4736842105263,84.6153846153846,91.6666666666667,100,88.4615384615385,96.1538461538462,100,100,90.4761904761905,91.6666666666667,100,93.75,96.875,95.6521739130435,86.3636363636364,84,86.6666666666667,100,100,100,92.8571428571429,63.8888888888889,100,100
"NC_059191.1.6610952.6610953",100,94.1176470588235,93.3333333333333,100,88.8888888888889,94.7368421052632,95,100,95.2380952380952,100,88.8888888888889,93.3333333333333,100,94.4444444444444,96,100,100,38.8888888888889,46.6666666666667,91.304347826087,89.4736842105263,88,100,94.7368421052632,100,90,94.4444444444444,64.1025641025641,100,82.6086956521739
"NC_059191.1.6610961.6610962",93.3333333333333,94.1176470588235,84.6153846153846,100,100,94.7368421052632,90,100,95,100,84.6153846153846,90.625,91.304347826087,100,96.2962962962963,100,93.75,37.5,48.2758620689655,95.6521739130435,89.4736842105263,87.5,100,94.1176470588235,100,90,94.1176470588235,65.7894736842105,100,88
"NC_059191.1.6611072.6611073",90,81.25,100,100,95,82.1428571428571,100,93.75,92.3076923076923,93.75,100,95.8333333333333,100,100,96.2962962962963,91.304347826087,100,90.9090909090909,90.9090909090909,91.6666666666667,95.4545454545455,95.2380952380952,89.4736842105263,85,96.1538461538462,95.8333333333333,96,87.5,100,92.3076923076923
"NC_059191.1.6629629.6629630",80,95.8333333333333,94.4444444444444,100,100,96.1538461538462,95,96.551724137931,100,90.4761904761905,93.75,95.6521739130435,100,95,91.1764705882353,95.4545454545455,100,95.2380952380952,91.1764705882353,100,96.2962962962963,100,88.2352941176471,96,80.6451612903226,100,87.1794871794872,94.1176470588235,94.4444444444444,76.4705882352941
"NC_059191.1.6642951.6642952",100,92.8571428571429,89.4736842105263,100,100,100,93.75,100,100,100,100,100,100,90,95.2380952380952,96.6666666666667,94.4444444444444,100,95.6521739130435,100,100,95.2380952380952,100,100,100,100,94.1176470588235,100,100,100
"NC_059191.1.7101223.7101224",84.2105263157895,75,100,100,90.9090909090909,100,82.6086956521739,91.6666666666667,93.75,100,100,100,81.25,100,100,88.8888888888889,68,91.6666666666667,95,95,100,94.4444444444444,84.6153846153846,95.8333333333333,81.8181818181818,90.9090909090909,77.7777777777778,91.6666666666667,100,95.2380952380952
"NC_059191.1.7174608.7174609",86.3636363636364,85.7142857142857,83.3333333333333,76.1904761904762,100,86.9565217391304,89.4736842105263,89.4736842105263,82.3529411764706,90.4761904761905,84.6153846153846,85.7142857142857,72.2222222222222,83.3333333333333,81.8181818181818,86.9565217391304,83.3333333333333,94.4444444444444,80.7692307692308,87.5,79.3103448275862,100,75,84,73.0769230769231,87.5,71.4285714285714,94.4444444444444,84.6153846153846,75.7575757575758
"NC_059191.1.7174623.7174624",85,78.5714285714286,83.3333333333333,80.9523809523809,92.8571428571429,77.2727272727273,76.1904761904762,88.8888888888889,47.0588235294118,90,87.5,89.6551724137931,70.5882352941177,66.6666666666667,80.9523809523809,87.5,73.0769230769231,84.2105263157895,68,85.7142857142857,84.6153846153846,87.5,72,76,64.2857142857143,83.3333333333333,66.6666666666667,82.3529411764706,84.6153846153846,73.3333333333333
"NC_059191.1.7179542.7179543",26.6666666666667,16.6666666666667,5.88235294117647,0,0,0,0,6.66666666666667,0,0,4,13.6363636363636,0,0,13.6363636363636,0,5,0,0,6.66666666666667,11.1111111111111,0,0,13.3333333333333,5.88235294117647,0,0,10,0,0
"NC_059191.1.7386430.7386431",28.5714285714286,38.8888888888889,25,36.3636363636364,56.25,23.0769230769231,29.4117647058824,55.5555555555556,33.3333333333333,35,47.3684210526316,38.8888888888889,55.5555555555556,25,47.6190476190476,32.258064516129,50,39.1304347826087,47.0588235294118,41.1764705882353,36.8421052631579,42.8571428571429,32,19.2307692307692,41.9354838709677,31.25,64.5161290322581,33.3333333333333,25,42.8571428571429
"NC_059191.1.7651584.7651585",68.4210526315789,29.6296296296296,60,26.0869565217391,61.5384615384615,46.875,33.3333333333333,36.3636363636364,0,34.375,60,27.5862068965517,46.1538461538462,65,34.6153846153846,48.3870967741936,16.6666666666667,34.4827586206897,45.9459459459459,36,78.2608695652174,46.4285714285714,50,63.6363636363636,38.7096774193548,33.3333333333333,30.5555555555556,53.3333333333333,40.9090909090909,30.4347826086957
"NC_059191.1.7651620.7651621",33.3333333333333,6.66666666666667,48,7.27272727272727,8.33333333333333,22.5806451612903,19.047619047619,7.69230769230769,6.66666666666667,28.2051282051282,30,21.4285714285714,15.3846153846154,21.7391304347826,4,21.875,8.88888888888889,18.75,10.6382978723404,12,69.2307692307692,28.2051282051282,33.3333333333333,21.7391304347826,4.16666666666667,8.10810810810811,15.7894736842105,37.5,23.0769230769231,16.6666666666667
"NC_059191.1.7651756.7651757",29.6296296296296,10.5263157894737,0,1.42857142857143,0,0,0,0,0,2.08333333333333,4.76190476190476,0,22.2222222222222,0,0,0,0,0,0,0,17.6470588235294,0,0,0,9.67741935483871,6.34920634920635,13.953488372093,12.5,9.52380952380952,0
"NC_059191.1.7651770.7651771",20.8333333333333,11.7647058823529,0,0,44.4444444444444,13.8888888888889,6.89655172413793,0,0,2.27272727272727,9.52380952380952,0,47.3684210526316,12.5,44.4444444444444,26.0869565217391,2.04081632653061,3.03030303030303,9.09090909090909,14.2857142857143,36.3636363636364,1.75438596491228,23.0769230769231,3.03030303030303,12.5,9.375,15.9090909090909,35.2941176470588,7.31707317073171,6.89655172413793
"NC_059191.1.7965601.7965602",100,94.4444444444444,100,100,86.6666666666667,94.1176470588235,92.8571428571429,91.6666666666667,92.8571428571429,94.1176470588235,90.9090909090909,100,100,94.7368421052632,91.6666666666667,100,94.7368421052632,100,100,87.5,94.1176470588235,93.3333333333333,93.75,93.3333333333333,89.4736842105263,88.8888888888889,81.8181818181818,96.551724137931,95.6521739130435,88.8888888888889
"NC_059191.1.7970146.7970147",100,100,100,92.3076923076923,84.6153846153846,100,85.7142857142857,90.9090909090909,100,100,100,100,100,100,100,95.6521739130435,94.4444444444444,100,100,100,100,96,94.7368421052632,100,100,100,94.1176470588235,100,88.8888888888889,100
"NC_059191.1.7970154.7970155",100,100,100,92.3076923076923,92.3076923076923,94.7368421052632,100,91.6666666666667,100,100,100,100,100,100,100,100,94.1176470588235,100,100,100,95.2380952380952,96.1538461538462,94.4444444444444,100,100,100,100,100,94.7368421052632,92.3076923076923
"NC_059191.1.7993116.7993117",66.6666666666667,0,47.8260869565217,66.6666666666667,0,88.2352941176471,56.25,100,60,100,40.9090909090909,32,0,0,72.7272727272727,28.125,46.1538461538462,36.3636363636364,66.6666666666667,0,40,95,100,27.2727272727273,58.3333333333333,65.2173913043478,41.3793103448276,50,90.4761904761905,89.4736842105263
"NC_059191.1.8024873.8024874",81.25,84.2105263157895,100,73.3333333333333,83.3333333333333,93.3333333333333,92.8571428571429,92.8571428571429,92.8571428571429,100,95.2380952380952,91.304347826087,86.3636363636364,100,96,68.75,93.1034482758621,81.25,89.4736842105263,100,95,88.2352941176471,80.9523809523809,87.5,81.4814814814815,88.8888888888889,88.4615384615385,91.6666666666667,95.2380952380952,94.1176470588235
"NC_059191.1.8066078.8066079",95.4545454545455,94.7368421052632,92.8571428571429,90,86.6666666666667,76.4705882352941,88,90,93.75,95.6521739130435,88.8888888888889,80,92.3076923076923,91.6666666666667,100,96,95,100,88.2352941176471,91.6666666666667,87.5,100,92.8571428571429,95.4545454545455,100,94.7368421052632,91.304347826087,91.6666666666667,95,76.1904761904762
"NC_059191.1.8066115.8066116",86.9565217391304,100,92.8571428571429,93.3333333333333,94.4444444444444,100,84.6153846153846,81.8181818181818,89.4736842105263,95.6521739130435,86.9565217391304,92.3076923076923,90.4761904761905,92,90.3225806451613,91.6666666666667,85.7142857142857,71.4285714285714,92.1052631578947,90.625,94.1176470588235,95.4545454545455,93.5483870967742,96.6666666666667,100,86.2068965517241,92.8571428571429,96,86.9565217391304,91.6666666666667
"NC_059191.1.8066164.8066165",91.6666666666667,100,100,84.6153846153846,95.2380952380952,100,96.1538461538462,92.3076923076923,100,95.8333333333333,80.7692307692308,93.75,88.4615384615385,95.4545454545455,90.9090909090909,80,95.4545454545455,86.3636363636364,90.2439024390244,83.8709677419355,89.4736842105263,94.7368421052632,90.3225806451613,87.5,83.3333333333333,92.3076923076923,96.7741935483871,100,96.2962962962963,90.3225806451613
"NC_059191.1.8066185.8066186",92,91.6666666666667,94.4444444444444,92.8571428571429,100,83.3333333333333,96.1538461538462,100,95.2380952380952,90.9090909090909,92.3076923076923,94.4444444444444,96.2962962962963,91.304347826087,90.625,76.9230769230769,92,95.6521739130435,97.6190476190476,89.6551724137931,89.4736842105263,95.2380952380952,96.4285714285714,100,96.551724137931,96.1538461538462,96.969696969697,95.4545454545455,100,93.3333333333333
"NC_059191.1.8420193.8420194",100,100,100,95.2380952380952,100,100,83.3333333333333,100,84.6153846153846,100,100,100,100,92.3076923076923,100,100,87.5,100,94.7368421052632,100,100,84.6153846153846,91.6666666666667,95.2380952380952,100,100,86.9565217391304,92.5925925925926,100,93.3333333333333
"NC_059191.1.8420322.8420323",100,93.3333333333333,92.3076923076923,90.9090909090909,90.9090909090909,75,100,90.9090909090909,93.75,100,100,100,90.9090909090909,93.3333333333333,90.9090909090909,95.6521739130435,100,100,89.4736842105263,94.1176470588235,100,90.9090909090909,100,90.9090909090909,95,95.2380952380952,87.5,96,100,100
"NC_059191.1.8425740.8425741",90.4761904761905,89.4736842105263,92.3076923076923,95,94.1176470588235,93.3333333333333,100,89.4736842105263,91.6666666666667,100,100,87.5,90.9090909090909,90,100,100,88.8888888888889,86.3636363636364,86.6666666666667,100,92.3076923076923,100,100,94.4444444444444,95.4545454545455,100,90.9090909090909,100,92.8571428571429,84.6153846153846
"NC_059191.1.8425813.8425814",84,76.4705882352941,64.2857142857143,86.6666666666667,78.2608695652174,90,83.3333333333333,75,92.8571428571429,92.8571428571429,69.2307692307692,79.1666666666667,69.5652173913043,86.3636363636364,84,85,77.7777777777778,79.1666666666667,87.5,78.2608695652174,83.3333333333333,88.8888888888889,72,77.2727272727273,85.7142857142857,70.5882352941177,75,81.25,88.2352941176471,90
"NC_059191.1.8425866.8425867",95.6521739130435,100,92.8571428571429,100,96.2962962962963,100,100,100,100,100,95,96.1538461538462,100,100,91.6666666666667,92.8571428571429,88.4615384615385,96,100,100,94.7368421052632,90.9090909090909,90,92.5925925925926,100,88.2352941176471,100,91.6666666666667,100,90
"NC_059191.1.8710559.8710560",75,93.3333333333333,94.7368421052632,88.2352941176471,92.8571428571429,100,92.3076923076923,92.3076923076923,100,94.7368421052632,70,88,95.2380952380952,81.8181818181818,95.6521739130435,86.9565217391304,100,100,84,87.5,90,100,93.3333333333333,72.7272727272727,92.5925925925926,92.3076923076923,95.8333333333333,90.9090909090909,83.3333333333333,87.5
"NC_059191.1.8787415.8787416",100,55.5555555555556,86.6666666666667,100,100,95.2380952380952,94.1176470588235,84.6153846153846,90,87.5,100,95,92.3076923076923,95,95.6521739130435,100,91.304347826087,94.1176470588235,100,95.2380952380952,94.7368421052632,95.2380952380952,92.3076923076923,95,93.3333333333333,100,95.2380952380952,96.4285714285714,63.6363636363636,100
"NC_059191.1.8787420.8787421",94.1176470588235,68.4210526315789,93.75,90,90,94.7368421052632,94.1176470588235,90.9090909090909,88.8888888888889,88.2352941176471,84.6153846153846,94.7368421052632,92.3076923076923,84.2105263157895,91.304347826087,89.4736842105263,95.6521739130435,100,100,88.8888888888889,94.1176470588235,85.7142857142857,92.3076923076923,89.4736842105263,93.3333333333333,90.9090909090909,71.4285714285714,85.7142857142857,90.4761904761905,100
"NC_059191.1.8822819.8822820",85,100,100,44.4444444444444,100,44.4444444444444,93.75,82.3529411764706,86.6666666666667,60,35.7142857142857,81.8181818181818,90.4761904761905,100,92.8571428571429,88.5714285714286,100,35,92.3076923076923,94.4444444444444,94.2857142857143,93.3333333333333,100,89.6551724137931,94.7368421052632,0,45,91.6666666666667,100,87.5
"NC_059191.1.8985078.8985079",38.8888888888889,96,33.3333333333333,100,94.4444444444444,85.1851851851852,90,100,100,83.3333333333333,89.4736842105263,91.304347826087,100,90.9090909090909,83.3333333333333,95.2380952380952,92.3076923076923,90,90.9090909090909,57.1428571428571,92.8571428571429,94.1176470588235,94.4444444444444,92,56.5217391304348,89.4736842105263,100,100,90,53.3333333333333
"NC_059191.1.9002749.9002750",93.75,83.3333333333333,58.8235294117647,83.3333333333333,85.7142857142857,94.4444444444444,76.9230769230769,71.4285714285714,84.6153846153846,92.5925925925926,91.6666666666667,46.875,83.3333333333333,78.5714285714286,76.6666666666667,38.0952380952381,100,94.1176470588235,84,92.3076923076923,78.9473684210526,88.2352941176471,86.3636363636364,75,67.8571428571429,78.2608695652174,77.7777777777778,84.6153846153846,96,75
"NC_059191.1.9120703.9120704",94.1176470588235,100,70.5882352941177,66.6666666666667,94.4444444444444,86.6666666666667,75,84.2105263157895,66.6666666666667,81.4814814814815,84.6153846153846,100,91.6666666666667,90.4761904761905,100,72.7272727272727,81.8181818181818,78.9473684210526,93.1034482758621,92.3076923076923,87.5,85.7142857142857,90,76.4705882352941,80,86.6666666666667,80,84,71.4285714285714,94.4444444444444
"NC_059191.1.9120723.9120724",88.2352941176471,81.8181818181818,65,30.7692307692308,89.4736842105263,81.25,77.7777777777778,76.1904761904762,57.1428571428571,70.8333333333333,56.25,82.3529411764706,69.2307692307692,81.8181818181818,80,65.3846153846154,81.8181818181818,75,73.3333333333333,69.2307692307692,80.7692307692308,83.3333333333333,78.9473684210526,81.25,78.125,80,78.5714285714286,79.1666666666667,87.5,83.3333333333333
"NC_059191.1.9182613.9182614",100,86.9565217391304,95.8333333333333,100,96,93.9393939393939,78.5714285714286,81.8181818181818,64.7058823529412,80,96.6666666666667,88.8888888888889,88.4615384615385,100,97.0588235294118,92.8571428571429,100,86.3636363636364,93.1034482758621,81.8181818181818,71.4285714285714,79.3103448275862,96.6666666666667,94.4444444444444,90,91.304347826087,70.9677419354839,75,75,73.6842105263158
"NC_059191.1.9182638.9182639",94.4444444444444,92.3076923076923,96.1538461538462,94.7368421052632,93.5483870967742,97.0588235294118,100,72.4137931034483,66.6666666666667,80.9523809523809,100,91.6666666666667,85.7142857142857,95.6521739130435,100,92.5925925925926,100,85.7142857142857,90.9090909090909,77.4193548387097,76.4705882352941,80.7692307692308,100,90,93.3333333333333,83.3333333333333,73.3333333333333,75,87.5,95
"NC_059191.1.9182688.9182689",78.2608695652174,65.5172413793103,66.6666666666667,81.8181818181818,70.9677419354839,51.6129032258064,100,51.6129032258064,84.2105263157895,44.4444444444444,96.2962962962963,30.5555555555556,77.1428571428571,58.3333333333333,75,54.5454545454545,73.6842105263158,73.9130434782609,76.3157894736842,83.8709677419355,59.375,70.8333333333333,61.7647058823529,78.2608695652174,87.0967741935484,80,75,63.6363636363636,72.4137931034483,71.4285714285714
"NC_059191.1.9182709.9182710",95.8333333333333,83.3333333333333,95.6521739130435,95.6521739130435,100,93.3333333333333,100,86.6666666666667,84.2105263157895,88.8888888888889,100,91.4285714285714,87.5,75,91.6666666666667,93.75,100,95,86.4864864864865,78.5714285714286,93.3333333333333,62.5,93.5483870967742,100,83.3333333333333,89.4736842105263,78.125,80,87.0967741935484,100
"NC_059191.1.9191049.9191050",61.5384615384615,56.5217391304348,10,35.7142857142857,0,61.9047619047619,100,10,33.3333333333333,6.66666666666667,4.76190476190476,0,0,0,55.5555555555556,0,50,0,0,0,0,0,6.66666666666667,0,5,4.16666666666667,31.8181818181818,54.5454545454545,57.6923076923077,0
"NC_059191.1.9191061.9191062",64.2857142857143,58.3333333333333,0,46.1538461538462,0,73.6842105263158,100,0,45.4545454545455,0,0,3.03030303030303,5.88235294117647,0,50,0,61.9047619047619,0,0,0,0,0,5.88235294117647,0,9.09090909090909,0,21.7391304347826,54.5454545454545,54.1666666666667,0
"NC_059191.1.9230051.9230052",69.5652173913043,94.1176470588235,88.8888888888889,95.8333333333333,84.2105263157895,95.4545454545455,100,96.2962962962963,94.1176470588235,84.6153846153846,80,80,83.3333333333333,80,80.6451612903226,85.7142857142857,91.6666666666667,85.7142857142857,78.5714285714286,100,88,100,95,90,91.6666666666667,78.9473684210526,100,92.8571428571429,81.25,86.9565217391304
"NC_059191.1.9230092.9230093",77.2727272727273,85.7142857142857,90.9090909090909,92,100,95.6521739130435,100,96.2962962962963,100,100,94.7368421052632,95.6521739130435,100,100,96.875,100,87.5,90,81.25,94.7368421052632,95.6521739130435,100,100,95.6521739130435,92.3076923076923,95.2380952380952,81.8181818181818,100,88.4615384615385,96.551724137931
"NC_059191.1.9230179.9230180",95.2380952380952,100,100,100,100,95.4545454545455,100,100,92,100,100,100,100,100,91.304347826087,92.5925925925926,100,85,95.6521739130435,100,95.8333333333333,90,100,95.4545454545455,97.2222222222222,90.4761904761905,100,96.6666666666667,96.4285714285714,92.3076923076923
"NC_059191.1.9236853.9236854",100,100,100,100,100,91.6666666666667,100,100,95.4545454545455,95.2380952380952,91.6666666666667,100,95.6521739130435,94.4444444444444,100,100,100,100,96.551724137931,100,94.7368421052632,100,100,96.2962962962963,100,88.8888888888889,92.8571428571429,92.8571428571429,100,92.3076923076923
"NC_059191.1.9317051.9317052",95.4545454545455,92.3076923076923,95,91.6666666666667,100,100,78.5714285714286,100,87.5,100,100,94.1176470588235,100,100,100,100,95.2380952380952,94.1176470588235,100,100,92.5925925925926,100,100,100,100,95,100,100,93.3333333333333,100
"NC_059191.1.9317062.9317063",95.2380952380952,88.8888888888889,90.4761904761905,100,100,100,73.3333333333333,100,87.5,100,100,97.1428571428571,91.6666666666667,100,95.4545454545455,100,95.4545454545455,88.2352941176471,100,100,100,100,100,95.6521739130435,90.4761904761905,95.2380952380952,95.2380952380952,100,100,95.2380952380952
"NC_059191.1.9317081.9317082",90.4761904761905,96.4285714285714,100,100,100,95.2380952380952,87.5,100,93.3333333333333,100,89.4736842105263,97.2222222222222,96,100,90.9090909090909,95.2380952380952,100,92.8571428571429,100,100,88.4615384615385,93.3333333333333,95.8333333333333,95.8333333333333,100,95.6521739130435,100,100,100,100
"NC_059191.1.9317126.9317127",80.7692307692308,85.1851851851852,26.0869565217391,50,80,90.4761904761905,73.6842105263158,53.3333333333333,37.5,90.4761904761905,90,73.5294117647059,69.5652173913043,73.3333333333333,73.9130434782609,80,65.2173913043478,73.3333333333333,70.5882352941177,76.1904761904762,81.8181818181818,80,78.2608695652174,76,61.1111111111111,73.0769230769231,68,84.6153846153846,79.1666666666667,72
"NC_059191.1.9317193.9317194",92,91.6666666666667,96.551724137931,94.4444444444444,92.8571428571429,89.4736842105263,95,100,100,100,88.8888888888889,96.7741935483871,87.5,94.7368421052632,86.9565217391304,94.1176470588235,92.8571428571429,95,91.304347826087,94.4444444444444,92.8571428571429,94.1176470588235,95.8333333333333,93.3333333333333,100,91.304347826087,95.4545454545455,100,95.4545454545455,100
"NC_059191.1.9317221.9317222",77.2727272727273,84.2105263157895,79.3103448275862,69.2307692307692,66.6666666666667,85.7142857142857,88.8888888888889,72.7272727272727,72.7272727272727,82.1428571428571,78.5714285714286,91.304347826087,80,80.9523809523809,90.9090909090909,75,86.6666666666667,93.3333333333333,80.7692307692308,93.3333333333333,89.2857142857143,92.8571428571429,86.9565217391304,86.9565217391304,76,83.3333333333333,89.4736842105263,100,100,85.7142857142857
"NC_059191.1.9345144.9345145",100,88.2352941176471,93.3333333333333,100,93.3333333333333,100,93.3333333333333,80,75,90.9090909090909,18.1818181818182,100,100,100,86.3636363636364,88.8888888888889,100,88.8888888888889,100,100,100,92.3076923076923,95,100,88.8888888888889,56.5217391304348,50,95.8333333333333,81.25,100
"NC_059191.1.9489757.9489758",84.6153846153846,91.6666666666667,88.2352941176471,100,100,94.7368421052632,100,83.3333333333333,100,100,100,100,100,92.3076923076923,90.9090909090909,90,92.3076923076923,91.6666666666667,100,95,96.4285714285714,100,100,82.3529411764706,92.8571428571429,91.6666666666667,100,87.5,85,91.6666666666667
"NC_059191.1.9489781.9489782",95.8333333333333,91.304347826087,86.6666666666667,100,70,90,80,81.8181818181818,100,93.75,92.3076923076923,95.2380952380952,100,100,86.3636363636364,90,83.3333333333333,83.3333333333333,93.5483870967742,78.9473684210526,88.4615384615385,88.2352941176471,84.6153846153846,88.8888888888889,94.1176470588235,90.9090909090909,87.5,88.8888888888889,88.8888888888889,100
"NC_059191.1.9523171.9523172",26.4705882352941,22.7272727272727,52.1739130434783,24.1379310344828,37.5,43.9024390243902,26.9230769230769,61.9047619047619,44.4444444444444,72.7272727272727,70.5882352941177,34.6153846153846,23.3333333333333,30.7692307692308,56.25,26.3157894736842,29.7297297297297,42.8571428571429,43.2432432432432,48.4848484848485,78.7878787878788,61.7647058823529,72,64.7058823529412,47.7272727272727,48.4848484848485,42.4242424242424,55.5555555555556,48.4848484848485,65.5172413793103
"NC_059191.1.9523487.9523488",83.3333333333333,83.3333333333333,88.8888888888889,96,86.6666666666667,81.8181818181818,100,95.2380952380952,100,90.9090909090909,90.9090909090909,93.75,94.4444444444444,100,96.875,84.6153846153846,91.6666666666667,93.3333333333333,88.8888888888889,90,89.4736842105263,70,84.2105263157895,93.75,94.1176470588235,88.2352941176471,75,87.8787878787879,90.9090909090909,100
"NC_059191.1.9523599.9523600",92.8571428571429,100,86.6666666666667,83.3333333333333,68.75,100,100,90,82.3529411764706,100,88.8888888888889,90.4761904761905,95.8333333333333,100,100,97.3684210526316,100,100,87.0967741935484,95.8333333333333,85.7142857142857,100,100,100,96.6666666666667,100,95.2380952380952,97.5609756097561,70.5882352941177,94.4444444444444
"NC_059191.1.9523662.9523663",80,88.2352941176471,94.1176470588235,87.5,87.5,90.9090909090909,95.2380952380952,88,77.7777777777778,95.4545454545455,100,90.9090909090909,100,83.3333333333333,91.304347826087,88.8888888888889,95,93.3333333333333,100,100,94.7368421052632,84.6153846153846,95.2380952380952,83.3333333333333,93.1034482758621,94.4444444444444,85.7142857142857,86.3636363636364,82.3529411764706,80
"NC_059191.1.9579852.9579853",88.8888888888889,83.3333333333333,80,66.6666666666667,100,81.25,78.9473684210526,81.25,77.7777777777778,91.6666666666667,76.4705882352941,87.5,84.2105263157895,88.8888888888889,73.0769230769231,81.8181818181818,88.4615384615385,78.5714285714286,81.25,89.4736842105263,82.3529411764706,80.9523809523809,80,68.4210526315789,90.3225806451613,75,95.6521739130435,83.3333333333333,65.2173913043478,94.1176470588235
"NC_059191.1.9579860.9579861",82.3529411764706,79.1666666666667,64.2857142857143,16.6666666666667,71.4285714285714,64.7058823529412,61.1111111111111,70.5882352941177,70.5882352941177,91.6666666666667,37.5,79.1666666666667,83.3333333333333,84.2105263157895,50,63.6363636363636,69.5652173913043,86.6666666666667,61.1111111111111,60,70.5882352941177,75,66.6666666666667,63.1578947368421,63.3333333333333,53.8461538461538,76.1904761904762,72.7272727272727,61.9047619047619,87.5
"NC_059191.1.9579908.9579909",92.8571428571429,94.4444444444444,92.3076923076923,92.3076923076923,100,100,94.4444444444444,100,100,100,94.1176470588235,95.6521739130435,95,90.9090909090909,66.6666666666667,100,100,94.4444444444444,93.75,100,94.1176470588235,93.3333333333333,95.4545454545455,95.8333333333333,95.6521739130435,100,94.4444444444444,92.8571428571429,100,100
"NC_059191.1.9579937.9579938",100,100,75,92.3076923076923,100,100,100,100,91.6666666666667,94.7368421052632,88.8888888888889,100,100,94.4444444444444,85.7142857142857,100,100,100,100,100,94.7368421052632,92.8571428571429,95.6521739130435,100,100,100,88.2352941176471,92.8571428571429,95.2380952380952,100
"NC_059191.1.9580098.9580099",94.4444444444444,94.1176470588235,33.3333333333333,75,40,46.1538461538462,42.8571428571429,61.5384615384615,15.3846153846154,44.8275862068966,64.2857142857143,89.4736842105263,93.3333333333333,59.2592592592593,92,23.8095238095238,92.8571428571429,100,100,100,53.8461538461538,94.4444444444444,57.8947368421053,42.8571428571429,35.4838709677419,100,90.9090909090909,93.75,54.1666666666667,47.3684210526316
"NC_059191.1.9631189.9631190",41.6666666666667,41.6666666666667,100,42.1052631578947,50,38.4615384615385,61.5384615384615,38.4615384615385,100,63.1578947368421,90.4761904761905,47.3684210526316,88.2352941176471,93.75,88,94.4444444444444,96,37.5,100,64,100,100,96.7741935483871,92.3076923076923,96,45,96.1538461538462,80,91.304347826087,100
"NC_059191.1.9638266.9638267",100,76.1904761904762,100,100,100,85.7142857142857,100,93.3333333333333,91.6666666666667,100,95,88.8888888888889,100,100,100,100,100,93.3333333333333,92.8571428571429,93.75,100,85.7142857142857,95.4545454545455,83.3333333333333,100,95.2380952380952,100,100,100,91.6666666666667
"NC_059191.1.9638436.9638437",100,100,100,90,100,100,88.2352941176471,95.2380952380952,100,100,86.6666666666667,95,88.2352941176471,100,100,100,93.75,100,96.2962962962963,94.7368421052632,100,100,100,95,100,100,100,81.8181818181818,100,93.3333333333333
"NW_025533118.1.1858865.1858866",15.6862745098039,0,10.5263157894737,9.61538461538461,21.4285714285714,13.3333333333333,19.1489361702128,14.2857142857143,17.8571428571429,10.6382978723404,21.7391304347826,26.0869565217391,18.4210526315789,14.4927536231884,8.51063829787234,7.69230769230769,6.97674418604651,10.8695652173913,15.2173913043478,15.3846153846154,21.2765957446809,13.0434782608696,26.8292682926829,9.09090909090909,10,20,12.2448979591837,5.61797752808989,4.34782608695652,10.9090909090909
"NW_025533124.1.202212.202213",11.9047619047619,0,25.9259259259259,0,0,2.63157894736842,56.25,0,0,0,0,0,18.75,0,3.84615384615385,0,0,0,55.1020408163265,0,0,38.4615384615385,0,32,3.2258064516129,0,0,0,0,23.5294117647059
"NW_025533124.1.202247.202248",14.2857142857143,0,29.0322580645161,0,0,0,64.7058823529412,18.1818181818182,0,10,0,0,14.2857142857143,0,0,0,4.54545454545455,0,32.0754716981132,0,0,37.037037037037,0,34.4827586206897,0,0,0,0,0,0
"NW_025533124.1.202282.202283",16.2162162162162,0,0,0,0,0,58.8235294117647,15.7894736842105,17.3913043478261,40,0,3.7037037037037,0,0,0,0,0,0,0,2.63157894736842,3.57142857142857,34.4827586206897,0,8,0,0,0,0,0,0
"NW_025533126.1.218671.218672",11.1111111111111,11.1111111111111,15.3846153846154,0,0,0,7.14285714285714,0,0,14.2857142857143,6.66666666666667,9.52380952380952,13.3333333333333,5.55555555555556,17.6470588235294,5.26315789473684,0,8.33333333333333,11.1111111111111,6.66666666666667,41.1764705882353,6.25,0,27.7777777777778,29.4117647058824,5.88235294117647,0,0,25,9.09090909090909
"NW_025533127.1.154360.154361",89.4736842105263,80,80.9523809523809,73.3333333333333,68.75,92.8571428571429,46.1538461538462,84.2105263157895,64.7058823529412,78.9473684210526,83.3333333333333,93.75,69.2307692307692,100,80.6451612903226,86.6666666666667,80,78.9473684210526,87.5,71.4285714285714,87.5,88.8888888888889,100,50,84,89.2857142857143,95,81.8181818181818,95.8333333333333,88
"NW_025533127.1.279023.279024",100,100,100,90.4761904761905,100,95.4545454545455,92.8571428571429,94.7368421052632,100,100,100,96.7741935483871,88.2352941176471,100,95.4545454545455,96,84.6153846153846,94.1176470588235,95,100,95.8333333333333,100,100,100,100,100,100,100,100,93.75
"NW_025533127.1.281006.281007",100,92,100,92.8571428571429,100,100,92.3076923076923,93.3333333333333,100,90,100,100,100,100,100,96,100,100,100,91.6666666666667,100,91.6666666666667,100,100,100,96.2962962962963,100,100,100,100
"NW_025533127.1.281019.281020",94.7368421052632,88,100,50,100,50,84.6153846153846,42.8571428571429,90,100,100,95.8333333333333,94.7368421052632,46.1538461538462,100,96,100,100,100,91.6666666666667,100,95.6521739130435,100,100,80,100,86.6666666666667,100,100,89.4736842105263
"NW_025533130.1.221278.221279",15.9090909090909,15,0,25,12.9032258064516,12.1212121212121,19.3548387096774,32.1428571428571,18.1818181818182,22.5,4.34782608695652,13.6363636363636,29.1666666666667,33.3333333333333,19.4444444444444,6.66666666666667,9.67741935483871,26.6666666666667,14.8936170212766,0,27.0833333333333,0,15.2173913043478,13.8888888888889,4.76190476190476,5.88235294117647,8.33333333333333,0,7.40740740740741,13.6363636363636
"NW_025533130.1.221300.221301",16.2790697674419,13.0434782608696,0,25,18.1818181818182,9.09090909090909,20.6896551724138,30,14.7058823529412,17.5,3.57142857142857,8.33333333333333,30.4347826086957,27.7777777777778,16.6666666666667,3.2258064516129,8.57142857142857,23.5294117647059,14,0,27.0833333333333,0,16,8.57142857142857,8.69565217391304,8.82352941176471,9.375,0,3.57142857142857,18.1818181818182
"NW_025533130.1.221451.221452",36,5,10.5263157894737,0,11.5384615384615,28.5714285714286,7.14285714285714,0,11.5384615384615,3.44827586206897,8.69565217391304,8.82352941176471,18.1818181818182,13.3333333333333,5.40540540540541,0,7.14285714285714,0,11.1111111111111,0,22.5806451612903,0,15.5555555555556,7.40740740740741,0,4.76190476190476,4.54545454545455,0,0,11.1111111111111
"NW_025533130.1.238140.238141",22.2222222222222,24.1379310344828,47.3684210526316,45.8333333333333,18.75,31.8181818181818,4.44444444444444,35,36.3636363636364,27.2727272727273,36.3636363636364,0,20,26.6666666666667,36.3636363636364,25,24.390243902439,46.1538461538462,0,0,41.6666666666667,12.5,52.0833333333333,0,46.6666666666667,7.69230769230769,72.2222222222222,42.8571428571429,33.3333333333333,21.4285714285714
"NW_025533132.1.80513.80514",13.2075471698113,0,22.5806451612903,4.34782608695652,2.32558139534884,5.26315789473684,13.0434782608696,0,0,0,0,5.88235294117647,0,3.125,0,25,0,22.7272727272727,16.0714285714286,0,0,0,2.56410256410256,0,0,0,10.5263157894737,2.63157894736842,0,0
"NW_025533136.1.17625.17626",28.5714285714286,0,0,0,0,0,0,0,0,0,4,0,0,0,32.3529411764706,23.5294117647059,0,0,0,10.8108108108108,0,0,0,0,0,0,0,0,0,0
"NW_025533136.1.17779.17780",23.2558139534884,1.81818181818182,0,0,0,0,7.69230769230769,0,9.83606557377049,0,0,3.44827586206897,0,3.44827586206897,22.2222222222222,21.6216216216216,0,4.25531914893617,0,20.8955223880597,4.44444444444444,31.0344827586207,0,0,1.61290322580645,2.22222222222222,0,0,9.375,0
"NW_025533136.1.17801.17802",20,5.08474576271186,0,0,0,0,8.69565217391304,0,10.7142857142857,0,0,0,0,6.06060606060606,23.6363636363636,26.8292682926829,1.85185185185185,4.25531914893617,0,15.4929577464789,4.34782608695652,30,0,0,3.2258064516129,4.44444444444444,7.14285714285714,0,6.89655172413793,2.04081632653061
"NW_025533136.1.17973.17974",27.2727272727273,2.77777777777778,0,0,0,0,17.8571428571429,0,9.43396226415094,4.34782608695652,0,0,0,0,15.7894736842105,22.5,12.5,3.7037037037037,0,9.25925925925926,0,42.1052631578947,0,0,0,2.63157894736842,1.78571428571429,0,3.57142857142857,8.33333333333333
"NW_025533136.1.18144.18145",21.2765957446809,0,0,0,0,18.5185185185185,0,0,31.25,0,0,0,0,0,0,34.2105263157895,15.2542372881356,0,0,9.09090909090909,0,20,0,0,0,0,9.09090909090909,0,0,14.5833333333333
"NW_025533136.1.18230.18231",50,17.8571428571429,0,0,0,0,0,0,36,0,2.94117647058824,0,9.67741935483871,0,25,28.5714285714286,20,0,0,14.2857142857143,0,0,0,0,0,0,4.16666666666667,0,0,16.6666666666667
"NW_025533136.1.18316.18317",37.5,10,0,0,0,33.3333333333333,0,0,13.7931034482759,0,0,5.26315789473684,0,0,27.5,0,0,32.1428571428571,0,31.4285714285714,0,31.25,0,5.55555555555556,0,0,0,0,0,0
"NW_025533136.1.18467.18468",33.3333333333333,0,0,0,0,0,0,0,0,42.8571428571429,21.7391304347826,20.8333333333333,6.45161290322581,0,24.390243902439,2.94117647058824,0,13.3333333333333,25,11.1111111111111,31.5789473684211,40,0,0,0,0,33.3333333333333,0,0,0
"NW_025533136.1.18636.18637",25,25,25,22.7272727272727,46.1538461538462,0,25,19.047619047619,26.2295081967213,40,0,23.6842105263158,0,48.2758620689655,30.952380952381,0,0,12.5,18.3673469387755,11.6279069767442,25.8064516129032,47.8260869565217,18.9189189189189,0,0,0,26.530612244898,0,0,2.4390243902439
"NW_025533136.1.19139.19140",30.3571428571429,4.54545454545455,0,0,0,0,0,0,13.953488372093,0,0,0,0,0,20,23.2558139534884,0,10.5263157894737,0,9.75609756097561,0,0,0,0,0,3.2258064516129,0,0,0,0
"NW_025533136.1.19161.19162",26.7857142857143,0,0,0,25,12.5,0,6.25,10,0,0,4.25531914893617,8.10810810810811,0,23.2558139534884,21.4285714285714,5,13.6363636363636,0,16.6666666666667,2.85714285714286,0,4.65116279069767,0,0,0,2.7027027027027,0,0,5
"NW_025533136.1.25446.25447",10,5.88235294117647,0,0,0,0,0,4.76190476190476,0,0,11.7647058823529,3.03030303030303,4.76190476190476,11.4285714285714,14.2857142857143,5.55555555555556,0,0,2,9.52380952380952,3.44827586206897,10.8108108108108,8.51063829787234,25,3.57142857142857,2.32558139534884,0,5.26315789473684,2.94117647058824,6.25
"NW_025533136.1.25468.25469",17.5,6.06060606060606,11.1111111111111,0,20,7.40740740740741,0,13.0434782608696,0,0,8.33333333333333,15.625,5.26315789473684,16.6666666666667,16.1764705882353,7.27272727272727,0,0,4.16666666666667,14.2857142857143,17.8571428571429,10.8108108108108,16.3265306122449,25,0,0,0,10.5263157894737,1.42857142857143,5.55555555555556
"NW_025533136.1.25640.25641",23.2558139534884,12.8205128205128,0,0,16.6666666666667,13.6363636363636,6.06060606060606,12,9.09090909090909,0,15.1515151515152,20.5882352941176,13.3333333333333,19.3548387096774,27.1186440677966,12.5,0,0,17.0212765957447,23.3333333333333,25,0,23.6363636363636,25.5813953488372,0,0,0,0,8,23.8095238095238
"NW_025533136.1.26241.26242",20,0,0,0,0,3.84615384615385,0,0,0,36.8421052631579,4.54545454545455,3.57142857142857,5.55555555555556,3.44827586206897,2,0,2.94117647058824,3.44827586206897,0,0,0,23.0769230769231,0,3.44827586206897,0,5,0,0,5.26315789473684,0
"NW_025533136.1.30208.30209",21.7391304347826,11.6279069767442,18.5185185185185,0,16.6666666666667,25,5.88235294117647,30.5555555555556,14.7058823529412,0,23.1884057971014,0,26.530612244898,37.7777777777778,15.0684931506849,11.1111111111111,16.6666666666667,0,13.1147540983607,10.4166666666667,21.1267605633803,0,26.9662921348315,4,0,5.26315789473684,0,0,0,6.66666666666667
"NW_025533136.1.30294.30295",34.6938775510204,6.81818181818182,0,0,0,0,0,24.3243243243243,10.8108108108108,7.69230769230769,10.6060606060606,36.6666666666667,18.6046511627907,28.9473684210526,0,15.3846153846154,0,0,9.61538461538461,6.52173913043478,18.4210526315789,0,14.1176470588235,17.9487179487179,0,0,3.84615384615385,0,8.33333333333333,7.40740740740741
"NW_025533136.1.30316.30317",39.5348837209302,6.97674418604651,0,0,0,0,0,41.6666666666667,5.55555555555556,0,10.9375,24.1379310344828,24.3243243243243,22.2222222222222,9.45945945945946,16.2790697674419,6.89655172413793,0,13.3333333333333,15.9090909090909,26.4705882352941,0,30.1204819277108,25,0,0,0,4.34782608695652,7.35294117647059,14.8148148148148
"NW_025533136.1.30399.30400",20.8333333333333,2.4390243902439,0,0,0,0,0,33.3333333333333,13.5135135135135,7.69230769230769,21.9512195121951,21.7391304347826,8,22.5806451612903,19.1176470588235,15.625,4.34782608695652,0,14.2857142857143,6.52173913043478,22.4137931034483,0,8.06451612903226,28.5714285714286,0,0,0,0,2.08333333333333,13.7931034482759
"NW_025533136.1.30484.30485",28,20.5882352941176,57.1428571428571,0,33.3333333333333,28,3.44827586206897,31.5789473684211,17.2413793103448,0,23.6842105263158,18.5185185185185,13.6363636363636,18.1818181818182,16.0714285714286,18.1818181818182,0,0,17.8571428571429,13.8888888888889,35.8490566037736,0,38.9830508474576,37.5,0,0,0,0,20,17.8571428571429
"NW_025533136.1.36840.36841",19.2307692307692,0,5.26315789473684,0,0,0,8.33333333333333,4.76190476190476,2.77777777777778,0,4,15.625,10.8108108108108,3.2258064516129,2.7027027027027,3.2258064516129,4,8.69565217391304,7.14285714285714,4.08163265306122,5.66037735849057,0,8.10810810810811,6.06060606060606,14.8936170212766,18.75,0,8.33333333333333,4.16666666666667,13.5135135135135
"NW_025533137.1.43845.43846",93.3333333333333,85.7142857142857,90,71.4285714285714,92.8571428571429,95.6521739130435,100,76.9230769230769,100,95.4545454545455,91.6666666666667,100,100,47.0588235294118,90.4761904761905,90,93.3333333333333,66.6666666666667,100,100,90.9090909090909,95.4545454545455,47.6190476190476,86.6666666666667,100,95,91.6666666666667,96.1538461538462,44.4444444444444,94.7368421052632
"NW_025533137.1.43903.43904",100,100,50,36.3636363636364,52.6315789473684,63.6363636363636,100,100,86.6666666666667,100,100,96.4285714285714,100,100,83.3333333333333,94.1176470588235,100,94.7368421052632,52.9411764705882,87.5,92.3076923076923,68.1818181818182,50,100,0,96.4285714285714,100,96.1538461538462,48,81.8181818181818
"NW_025533137.1.43919.43920",92.8571428571429,100,50,31.8181818181818,50,61.9047619047619,100,100,100,94.7368421052632,100,100,87.5,94.7368421052632,89.4736842105263,100,100,95.2380952380952,55.5555555555556,100,93.3333333333333,47.8260869565217,45.4545454545455,100,0,96.2962962962963,93.5483870967742,96.1538461538462,43.4782608695652,95.2380952380952
"NW_025533137.1.43966.43967",93.3333333333333,100,50,79.1666666666667,47.3684210526316,56.5217391304348,83.3333333333333,83.3333333333333,100,95.4545454545455,100,93.3333333333333,86.6666666666667,100,87.5,94.1176470588235,94.1176470588235,100,57.8947368421053,85.7142857142857,88.2352941176471,64.2857142857143,100,100,22.2222222222222,96.2962962962963,100,96.551724137931,50,100
"NW_025533137.1.44330.44331",100,90.4761904761905,100,81.8181818181818,76.4705882352941,94.7368421052632,93.3333333333333,87.5,88.8888888888889,94.1176470588235,100,95.6521739130435,95.6521739130435,100,89.6551724137931,94.4444444444444,92,100,100,94.1176470588235,100,95.6521739130435,96.4285714285714,80,100,92,100,94.8275862068966,95.2380952380952,100
"NW_025533137.1.44353.44354",100,100,100,100,94.4444444444444,100,100,100,87.5,100,100,95.4545454545455,95.4545454545455,93.75,100,100,92,96.1538461538462,95.2380952380952,94.1176470588235,94.1176470588235,95.6521739130435,92,100,100,100,96.4285714285714,96.4912280701754,100,95.6521739130435
"NW_025533146.1.71231.71232",25,0,0,0,0,0,17.5,4.8780487804878,25,20.8333333333333,6.66666666666667,18.8679245283019,0,8.88888888888889,4,17.6470588235294,6.06060606060606,21.875,18.0722891566265,0,0,0,2.17391304347826,0,27.7777777777778,7.84313725490196,10,15.7142857142857,0,20
"NW_025533146.1.71253.71254",21.5384615384615,0,0,0,0,0,16.2162162162162,0,21.4285714285714,17.0212765957447,6.66666666666667,23.0769230769231,0,8.88888888888889,6.38297872340426,19.4029850746269,5.88235294117647,20,17.0731707317073,0,8.33333333333333,1.96078431372549,0,0,35.2112676056338,10.4166666666667,0,31.8840579710145,0,22.2222222222222
"NW_025533168.1.63703.63704",15.3846153846154,8.57142857142857,0,4.76190476190476,3.125,0,0,0,0,9.75609756097561,38.2352941176471,28.125,0,6.89655172413793,2.4390243902439,0,8.33333333333333,0,5.26315789473684,3.125,6.06060606060606,8.69565217391304,5.55555555555556,3.84615384615385,0,3.125,15.9090909090909,18.0555555555556,3.2258064516129,3.84615384615385
"NW_025533168.1.63789.63790",33.3333333333333,0,0,7.69230769230769,0,5,0,0,0,0,3.7037037037037,0,34.7826086956522,0,0,0,0,0,0,2.94117647058824,0,0,0,0,0,0,0,0,3.84615384615385,0
"NW_025533168.1.64645.64646",11.6279069767442,4,10.7142857142857,15.3846153846154,0,5.55555555555556,17.6470588235294,0,0,17.9487179487179,2.08333333333333,11.7647058823529,0,0,0,2.22222222222222,0,11.1111111111111,12.7659574468085,0,0,0,0,7.93650793650794,0,6.66666666666667,2.4390243902439,0,6,3.125
"NW_025533168.1.64667.64668",11.3636363636364,3.44827586206897,16.6666666666667,18.5185185185185,0,0,15,0,0,17.5,4.08163265306122,8.57142857142857,0,0,6.97674418604651,2.27272727272727,0,10,11.7647058823529,0,2.12765957446809,0,0,4.6875,0,6.12244897959184,2.38095238095238,0,5.66037735849057,2.94117647058824
"NW_025533169.1.73684.73685",18.9655172413793,0,0,0,0,0,0,0,0,0,0,3.03030303030303,0,0,0,0,0,2.56410256410256,0,1.44927536231884,0,0,55,0,0,0,0,1.5625,0,0
"NW_025533169.1.74777.74778",9.375,0,0,0,11.6279069767442,0,0,0,0,0,5.33333333333333,0,0,26.9230769230769,0,0,25,18.1818181818182,0,0,0,12.1212121212121,9.09090909090909,8.21917808219178,0,0,0,0,0,6.66666666666667
"NW_025533169.1.75979.75980",6.06060606060606,7.69230769230769,8.10810810810811,0,8.92857142857143,15.3846153846154,2.27272727272727,0,0,6.55737704918033,0,4.44444444444444,0,2.4390243902439,1.92307692307692,16.2162162162162,0,16.1290322580645,4.54545454545455,2.77777777777778,0,0,3.44827586206897,1.72413793103448,5.55555555555556,3.03030303030303,2.5,7.8125,0,0
"NW_025533169.1.87822.87823",30.7692307692308,0,0,0,0,0,0,0,0,0,0,3.2258064516129,0,0,0,0,0,0,0,0,0,0,0,0,0,0,0,0,0,0
"NW_025533169.1.87844.87845",17.0731707317073,0,0,0,0,0,0,0,0,0,2.56410256410256,3.44827586206897,0,0,0,0,0,0,0,0,0,0,0,4.65116279069767,3.57142857142857,0,0,6.66666666666667,0,0
"NW_025533169.1.98321.98322",13.2075471698113,2,0,0,1.51515151515152,17.2413793103448,11.9047619047619,0,12.5,10.2941176470588,0,0,0,0,2.17391304347826,6.81818181818182,0,12.5,1.92307692307692,0,0,0,3.7037037037037,9.43396226415094,1.69491525423729,2.7027027027027,0,0,15.3846153846154,0
"NW_025533169.1.98376.98377",15.8730158730159,3.92156862745098,5.66037735849057,0,1.25,4.8780487804878,14.5454545454545,0,4.44444444444444,16.1290322580645,4.10958904109589,8.33333333333333,3.44827586206897,0,0,0,0,9.23076923076923,5.17241379310345,0,0,0,1.75438596491228,0,7.40740740740741,10,2.17391304347826,2.7027027027027,19.2307692307692,2.27272727272727
"NW_025533169.1.98461.98462",15.0943396226415,0,8,0,1.38888888888889,2.4390243902439,14.5833333333333,3.2258064516129,11.1111111111111,19.7674418604651,0,12.5,0,6.84931506849315,0,14.2857142857143,0,3.92156862745098,4.76190476190476,4.16666666666667,0,0,9.09090909090909,6.66666666666667,10.6382978723404,20,0,30.5555555555556,17.0212765957447,3.84615384615385
"NW_025533175.1.35200.35201",13.4615384615385,7.14285714285714,18.4210526315789,36.3636363636364,2.4390243902439,5.26315789473684,13.6363636363636,0,9.09090909090909,12.1951219512195,0,16.3265306122449,0,4.25531914893617,0,5.26315789473684,0,11.4285714285714,15.3846153846154,18.75,0,0,5.71428571428571,0,0,5.71428571428571,0,25.7142857142857,0,0
"NW_025533175.1.62380.62381",21.6666666666667,0,0,2.56410256410256,0,0,15.5555555555556,0,6.45161290322581,2.4390243902439,2.38095238095238,0,21.6216216216216,0,0,0,0,0,0,0,21.8181818181818,0,0,1.51515151515152,0,3.84615384615385,0,0,0,0
"NW_025533209.1.80861.80862",37.9310344827586,26.3157894736842,42.4242424242424,26.3157894736842,29.2682926829268,38.0952380952381,23.0769230769231,14.2857142857143,26.0869565217391,45.4545454545455,56,18.1818181818182,30.3030303030303,6.89655172413793,21.2765957446809,27.2727272727273,14.2857142857143,36.6666666666667,59.5744680851064,52.6315789473684,17.6470588235294,40,46.6666666666667,51.7241379310345,57.1428571428571,33.3333333333333,39.4736842105263,34.4827586206897,32.7272727272727,39.1304347826087
"NW_025533215.1.21875.21876",28.2051282051282,0,18.1818181818182,21.875,11.1111111111111,0,33.3333333333333,0,0,10.2564102564103,22.8571428571429,0,13.3333333333333,17.0731707317073,25,0,13.3333333333333,22.7272727272727,5.55555555555556,4.34782608695652,0,17.6470588235294,2.85714285714286,18.75,16.6666666666667,13.3333333333333,4.54545454545455,20,48,20.8333333333333
"NW_025533218.1.30644.30645",24.3243243243243,3.44827586206897,16.6666666666667,0,12.5,6.06060606060606,14.8148148148148,8.33333333333333,8.33333333333333,4.16666666666667,11.5384615384615,4.54545454545455,5.12820512820513,3.125,25,13.8888888888889,0,3.03030303030303,11.4285714285714,0,0,0,20.4545454545455,8,4.34782608695652,0,18.6046511627907,33.3333333333333,0,6.66666666666667
"NW_025533218.1.30666.30667",30.952380952381,12.1212121212121,27.2727272727273,0,5,7.69230769230769,14.0350877192982,0,18.5185185185185,2.04081632653061,8.47457627118644,4.54545454545455,7.14285714285714,0,26.1904761904762,10.5263157894737,10,5.88235294117647,10.5263157894737,0,0,0,18.6046511627907,12.962962962963,0,0,12.7659574468085,28.125,0,0
"NW_025533218.1.39762.39763",41.1764705882353,0,29.4117647058824,0,22.2222222222222,11.7647058823529,6.25,30.7692307692308,11.4285714285714,0,13.4615384615385,17.5,15.2173913043478,20.9302325581395,17.9487179487179,9.09090909090909,5.55555555555556,5.55555555555556,15.1162790697674,34.0909090909091,38.1578947368421,7.14285714285714,28.9473684210526,16,15,0,2.5,0,86.6666666666667,18.1818181818182
"NW_025533218.1.39848.39849",44.8979591836735,0,43.75,0,36.6666666666667,17.6470588235294,0,40,2.4390243902439,0,22.9508196721311,0,23.3333333333333,21.1538461538462,28.7671232876712,10.7692307692308,3.2258064516129,3.44827586206897,17.9775280898876,21.4285714285714,32.8571428571429,9.52380952380952,30.2631578947368,20.8333333333333,6.89655172413793,0,0,0,8.33333333333333,36.3636363636364
"NW_025533244.1.15050.15051",12.5,0,0,0,0,0,0,0,0,16.6666666666667,10,17.8571428571429,2.77777777777778,2.5,5.55555555555556,0,0,0,0,8.51063829787234,8.51063829787234,0,0,0,0,18.9189189189189,0,43.4782608695652,10.9090909090909,0
"NW_025533244.1.15067.15068",15.3846153846154,0,0,0,0,4.54545454545455,0,6.45161290322581,0,13.8888888888889,21.4285714285714,25,0,0,9.30232558139535,0,0,2.94117647058824,0,12.5,12.5,0,0,0,2.27272727272727,21.2765957446809,0,42.8571428571429,17.2413793103448,0
"NW_025533244.1.15091.15092",22.5806451612903,0,0,0,0,7.54716981132075,0,2.94117647058824,0,10.5263157894737,27.7777777777778,28.9473684210526,0,0,13.4615384615385,0,0,14.6341463414634,2.56410256410256,13.5593220338983,13.0434782608696,0,0,0,2.04081632653061,24.0740740740741,4.54545454545455,35.8974358974359,17.4603174603175,0
"NW_025533244.1.15097.15098",22.5806451612903,6.45161290322581,0,14.2857142857143,3.7037037037037,14,3.33333333333333,8.82352941176471,0,10.5263157894737,25,27.027027027027,0,0,16.6666666666667,8,2.27272727272727,11.9047619047619,2.7027027027027,15.2542372881356,15.7142857142857,0,0,1.88679245283019,4.8780487804878,20,7.14285714285714,38.0952380952381,18.4615384615385,0
"NW_025533244.1.15115.15116",27.7777777777778,3.125,3.2258064516129,19.6428571428571,10,17.2413793103448,3.2258064516129,7.89473684210526,3.57142857142857,12.1951219512195,9.52380952380952,20.4545454545455,5.35714285714286,3.2258064516129,14.5454545454545,8.33333333333333,4.65116279069767,10.2040816326531,0,10.7692307692308,8.45070422535211,2.77777777777778,2.77777777777778,3.63636363636364,3.63636363636364,20,4.08163265306122,26.530612244898,15.1515151515152,0
"NW_025533244.1.15136.15137",36.1111111111111,12.1212121212121,9.375,24.1379310344828,16.6666666666667,21.6666666666667,9.375,17.0731707317073,14.8148148148148,11.9047619047619,27.2727272727273,24.390243902439,21.0526315789474,11.2903225806452,12.7272727272727,12.5,14.6341463414634,36.5384615384615,2.85714285714286,18.4615384615385,17.8082191780822,0,0,10.1694915254237,12.0689655172414,23.2142857142857,10.4166666666667,34.6938775510204,23.4375,11.3207547169811
"NW_025533244.1.15162.15163",45.9459459459459,17.6470588235294,18.75,41.0714285714286,15.3846153846154,33.8709677419355,32.258064516129,21.9512195121951,29.6296296296296,18.4210526315789,50,26.8292682926829,32.7272727272727,30.5084745762712,20.7547169811321,22.7272727272727,42.1052631578947,44.6808510638298,0,28.3333333333333,20.2898550724638,0,6.66666666666667,26.9230769230769,14.8148148148148,37.037037037037,42.5531914893617,53.0612244897959,34.375,27.6595744680851
"NW_025533244.1.15236.15237",37.5,4.54545454545455,16.6666666666667,41.1764705882353,17.3913043478261,15.3846153846154,28.5714285714286,13.3333333333333,0,12.5,41.1764705882353,42.8571428571429,37.9310344827586,6.97674418604651,31.5789473684211,23.0769230769231,16.6666666666667,40,0,3.2258064516129,32.5581395348837,0,0,14.2857142857143,16.1290322580645,42.3076923076923,36,54.3478260869565,30.2325581395349,13.7931034482759
"NW_025533244.1.15241.15242",30.4347826086957,4.54545454545455,11.7647058823529,30,12.5,15.3846153846154,19.047619047619,6.89655172413793,0,14.2857142857143,31.25,38.0952380952381,34.4827586206897,2.63157894736842,21.0526315789474,16.6666666666667,4.76190476190476,36.3636363636364,0,0,29.2682926829268,0,0,6.25,6.66666666666667,37.5,30.4347826086957,50,31.5789473684211,0
"NW_025533257.1.46799.46800",95.2380952380952,95.4545454545455,100,100,92.3076923076923,100,100,94.1176470588235,100,95,100,100,95,86.6666666666667,91.6666666666667,84.375,93.75,94.7368421052632,100,100,95,96.551724137931,93.75,87.5,95.6521739130435,100,100,100,100,100
"NW_025533257.1.46812.46813",100,95.2380952380952,84.6153846153846,94.4444444444444,100,93.3333333333333,100,95,100,85.7142857142857,100,100,95,88.2352941176471,92.5925925925926,93.9393939393939,100,94.4444444444444,91.304347826087,95,100,90,100,100,100,100,100,100,100,93.3333333333333
"NW_025533257.1.46852.46853",71.4285714285714,68.75,82.3529411764706,40,88.2352941176471,78.9473684210526,78.5714285714286,88.8888888888889,78.5714285714286,85.7142857142857,88.8888888888889,3.57142857142857,80,38.0952380952381,87.0967741935484,64.5161290322581,87.5,88.8888888888889,81.4814814814815,70.5882352941177,95.6521739130435,80,90,86.3636363636364,89.6551724137931,100,85.7142857142857,83.3333333333333,75,76.4705882352941
"NW_025533318.1.26079.26080",33.3333333333333,28.5714285714286,26.6666666666667,29.6296296296296,0,10,29.0322580645161,0,11.7647058823529,31.5789473684211,18.6440677966102,2.63157894736842,0,9.52380952380952,2.08333333333333,4.44444444444444,30.7692307692308,11.4285714285714,25.5813953488372,21.5384615384615,14,0,8.79120879120879,8.69565217391304,18.9189189189189,21.2121212121212,32.8358208955224,19.5121951219512,25.8064516129032,0
"NW_025533318.1.26143.26144",18.5185185185185,29.7297297297297,16.1290322580645,33.3333333333333,13.6363636363636,14.7058823529412,46.875,0,15.7894736842105,32.4324324324324,21.3114754098361,5,0,0,10.5263157894737,18.75,18.1818181818182,11.1111111111111,22,15.8730158730159,50,21.6216216216216,35.1063829787234,10.958904109589,20.4545454545455,11.4754098360656,27.536231884058,30.4878048780488,30.3030303030303,7.14285714285714
"NW_025533318.1.26165.26166",16.6666666666667,23.5294117647059,41.9354838709677,40.7407407407407,11.6279069767442,27.7777777777778,46.6666666666667,0,15.7894736842105,33.3333333333333,23.0769230769231,5,0,2.22222222222222,14.5454545454545,21.1538461538462,24.2424242424242,12.1212121212121,23.5294117647059,23.728813559322,48.1481481481481,21.6216216216216,38.4615384615385,11.1111111111111,30.2325581395349,18.75,35.2941176470588,29.4117647058824,37.5,0
"NW_025533332.1.9349.9350",26.1904761904762,16.6666666666667,0,0,9.375,0,0,14.2857142857143,18.75,0,21.2121212121212,0,0,25.9259259259259,2,3.84615384615385,0,17.2413793103448,0,52.1739130434783,45.8333333333333,0,0,20.6896551724138,0,4.76190476190476,2.7027027027027,0,3.84615384615385,0
"NW_025533332.1.9435.9436",8.69565217391304,39.1304347826087,0,6.25,2.38095238095238,33.3333333333333,18.75,0,0,3.44827586206897,25.5813953488372,0,0,28.125,4.34782608695652,0,0,30,0,0,6.25,0,5.35714285714286,6.45161290322581,0,0,0,0,3.7037037037037,4.34782608695652
"NW_025533332.1.9520.9521",17.9487179487179,50,4.44444444444444,31.25,31.25,40,43.4782608695652,11.1111111111111,23.8095238095238,50,43.2432432432432,10.2564102564103,0,29.4117647058824,18.1818181818182,17.9487179487179,0,20,0,36.1111111111111,57.1428571428571,0,16.6666666666667,23.3333333333333,0,0,0,0,4,23.0769230769231
"NW_025533332.1.9605.9606",35.1351351351351,54.1666666666667,8.10810810810811,31.5789473684211,41.0714285714286,65.7142857142857,47.3684210526316,20.8333333333333,47.6190476190476,33.3333333333333,33.3333333333333,20,4.16666666666667,56.25,18.4210526315789,0,0,29.4117647058824,0,52.9411764705882,71.4285714285714,0,19.1489361702128,14.7058823529412,0,0,0,0,16,0
"NW_025533332.1.9691.9692",33.8709677419355,43.3333333333333,11.9047619047619,41.6666666666667,37.7049180327869,42.1052631578947,58.8235294117647,28,33.3333333333333,23.3333333333333,38.6363636363636,22.2222222222222,0,43.3333333333333,15.3846153846154,21.4285714285714,0,50,1.92307692307692,64.7058823529412,69.4444444444444,0,16,15.9090909090909,2.85714285714286,0,0,0,21.7391304347826,0
"NW_025533332.1.9755.9756",37.037037037037,51.7241379310345,15,42.3076923076923,33.3333333333333,55.1724137931034,53.8461538461538,22.7272727272727,44.4444444444444,31.0344827586207,36.5853658536585,4.16666666666667,4.54545454545455,22.7272727272727,20.4081632653061,30.4347826086957,0,0,0,58.0645161290323,60,6.25,9.52380952380952,12.1951219512195,2.63157894736842,0,0,0,16.6666666666667,0
"NW_025533332.1.9777.9778",32.7272727272727,43.4782608695652,16.6666666666667,54.1666666666667,40,69.5652173913043,50,23.8095238095238,71.4285714285714,37.5,40.4761904761905,8.33333333333333,3.57142857142857,40.9090909090909,19.6078431372549,33.3333333333333,0,53.3333333333333,0,51.7241379310345,65.3846153846154,0,13.953488372093,7.89473684210526,0,0,0,0,20,0
"NW_025533332.1.10117.10118",11.8421052631579,11.7647058823529,4.54545454545455,0,19.7368421052632,7.27272727272727,12.1951219512195,2.08333333333333,12.9032258064516,11.5384615384615,10.3448275862069,12.9032258064516,2.08333333333333,8.69565217391304,4.47761194029851,9.375,0,28.2608695652174,7.05882352941176,28.8888888888889,17.0212765957447,4.25531914893617,7.05882352941176,4.08163265306122,9.85915492957746,4.16666666666667,2.38095238095238,4.16666666666667,30.7692307692308,5.40540540540541
"NW_025533332.1.10352.10353",11.864406779661,40,10.7142857142857,40,20.5882352941176,3.03030303030303,3.03030303030303,20,33.3333333333333,12.5,48,32.3529411764706,0,10,0,0,0,41.1764705882353,0,46.4285714285714,56.5217391304348,0,16.6666666666667,18.1818181818182,0,0,0,0,13.5135135135135,5.88235294117647
"NW_025533332.1.10374.10375",12.1212121212121,61.1111111111111,12.1212121212121,27.2727272727273,24.3243243243243,2.85714285714286,0,18.9189189189189,48.2758620689655,18.75,48,31.4285714285714,0,13.3333333333333,0,0,0,35.2941176470588,2.32558139534884,41.3793103448276,60.8695652173913,0,18.1818181818182,23.4042553191489,4.54545454545455,0,0,0,14.7058823529412,5.26315789473684
"NW_025533332.1.10525.10526",31.25,56,0,31.5789473684211,57.8947368421053,45.7142857142857,30,11.4285714285714,48.1481481481481,41.3793103448276,45.1612903225806,20,0,33.3333333333333,22,8,0,40,2.38095238095238,65.2173913043478,92.3076923076923,0,5.55555555555556,14.2857142857143,0,4.16666666666667,3.7037037037037,0,7.69230769230769,0
"NW_025533332.1.12158.12159",11.1111111111111,4.76190476190476,0,0,30.188679245283,33.3333333333333,26.3157894736842,0,18.75,8,0,0,0,41.3793103448276,7.5,0,0,20,2.32558139534884,20,61.9047619047619,0,6.66666666666667,0,0,0,0,0,0,0
"NW_025533332.1.24281.24282",20.7547169811321,4,2.77777777777778,27.7777777777778,0,0,0,8.33333333333333,3.33333333333333,0,2.7027027027027,0,9.09090909090909,10,0,0,3.2258064516129,6.25,6.25,0,0,0,2.27272727272727,0,5.88235294117647,17.1428571428571,0,1.51515151515152,0,13.6363636363636
"NW_025533332.1.29050.29051",6.45161290322581,5.71428571428571,10.5263157894737,12.5,22.2222222222222,19.047619047619,9.67741935483871,0,6.25,14,9.375,4.44444444444444,0,16.2790697674419,0,3.57142857142857,0,12.5,4.34782608695652,2.77777777777778,3.2258064516129,8,6.81818181818182,11.1111111111111,6.97674418604651,17.7777777777778,2.27272727272727,3.03030303030303,2.5,0
"NW_025533332.1.29158.29159",6.25,0,0,6.45161290322581,17.5438596491228,3.84615384615385,0,0,6.45161290322581,8.62068965517241,13.5802469135802,4,0,16.6666666666667,0,18.6046511627907,5,20,1.11111111111111,1.81818181818182,0,3.33333333333333,7.47663551401869,1.28205128205128,0,10.8695652173913,1.81818181818182,2.5,5.88235294117647,6
"NW_025533332.1.29416.29417",7.14285714285714,0,0,0,8.10810810810811,0,2.27272727272727,0,0,6.25,5,0,0,13.3333333333333,0,8.88888888888889,0,22.8571428571429,0,0,0,0,4.49438202247191,12.5,2.17391304347826,2.08333333333333,0,0,1.75438596491228,0
"NW_025533332.1.29845.29846",23.0769230769231,0,0,0,0,5,0,0,0,2.63157894736842,11.6279069767442,26.3157894736842,0,40.9090909090909,2.7027027027027,5,3.57142857142857,0,2.77777777777778,6.45161290322581,0,0,17.741935483871,0,0,3.57142857142857,0,4.44444444444444,0,11.7647058823529
"NW_025533332.1.30399.30400",9.375,4.54545454545455,0,0,3.57142857142857,0,0,0,6.66666666666667,4.34782608695652,2.63157894736842,0,0,0,0,4.76190476190476,0,0,2.38095238095238,4.16666666666667,5.88235294117647,0,0,1.58730158730159,0,0,0,0,0,5
"NW_025533362.1.27342.27343",27.2727272727273,34.7826086956522,13.6363636363636,0,0,16.6666666666667,37.5,39.1304347826087,25,22.7272727272727,29.0322580645161,57.8947368421053,0,6.25,23.5294117647059,48.8888888888889,29.1666666666667,61.9047619047619,66.6666666666667,13.0434782608696,23.4042553191489,39.1304347826087,40,18.75,42.3076923076923,11.1111111111111,27.2727272727273,38.5714285714286,7.69230769230769,22.8571428571429
"NW_025533362.1.27363.27364",26.6666666666667,0,0,0,0,0,50,22.2222222222222,17.3913043478261,19.047619047619,25.9259259259259,48.4848484848485,0,0,0,46.1538461538462,4.34782608695652,38.8888888888889,45.7142857142857,0,0,0,24.2424242424242,0,60.8695652173913,10.6382978723404,0,32.3076923076923,0,12.9032258064516
"NW_025533362.1.27524.27525",31.0344827586207,22.8571428571429,14.2857142857143,0,0,0,25,0,35.7142857142857,23.3333333333333,66.6666666666667,52.1739130434783,4,30.7692307692308,37.5,46.8085106382979,47.3684210526316,30,12.1212121212121,18.1818181818182,25.8064516129032,0,16.6666666666667,2.85714285714286,22.2222222222222,18.1818181818182,41.1764705882353,36,4,7.14285714285714
"NW_025533362.1.27588.27589",20.9302325581395,23.0769230769231,18.1818181818182,0,0,3.03030303030303,16.2162162162162,13.0434782608696,43.9024390243902,13.5135135135135,54.8387096774194,48.8888888888889,2.56410256410256,32.1428571428571,29.8245614035088,40.7894736842105,41.6666666666667,38.0952380952381,16.4179104477612,17.7777777777778,45.4545454545455,0,33.3333333333333,22.2222222222222,0,0,46.1538461538462,19.2771084337349,7.69230769230769,18.9189189189189
"NW_025533362.1.27610.27611",35.2941176470588,22.2222222222222,15.7894736842105,0,0,5.55555555555556,20.4545454545455,11.5384615384615,53.1914893617021,23.4042553191489,58.6206896551724,52.4590163934426,4.44444444444444,36.3636363636364,33.8983050847458,62.962962962963,45.2380952380952,40.8163265306122,37.5,19.2307692307692,44.6808510638298,0,34.8837209302326,27.7777777777778,14,0,43.859649122807,35.5555555555556,11.6279069767442,14.2857142857143
"NW_025533362.1.28359.28360",51.2820512820513,22.2222222222222,13.0434782608696,0,0,21.4285714285714,31.25,12,27.6595744680851,20.4545454545455,42.3076923076923,72.5,3.44827586206897,9.09090909090909,13.6363636363636,47.6190476190476,29.6296296296296,25,50,3.57142857142857,17.5,0,7.69230769230769,2.4390243902439,41.1764705882353,23.75,21.875,42.5287356321839,6.52173913043478,26.6666666666667
"NW_025533362.1.28381.28382",45.7142857142857,25,9.09090909090909,0,0,21.4285714285714,37.5,20.8333333333333,24.4444444444444,15.5555555555556,36,59.375,0,13.6363636363636,14.2857142857143,57.1428571428571,26.9230769230769,23.0769230769231,50.7936507936508,4,28.2051282051282,0,18.5185185185185,2.4390243902439,41.3793103448276,23.943661971831,32.258064516129,34.6666666666667,17.0731707317073,20
"NW_025533362.1.28467.28468",45,6.66666666666667,30.5555555555556,10,3.7037037037037,5.55555555555556,71.4285714285714,10.7142857142857,37.1428571428571,27.906976744186,40.625,52.6315789473684,16.6666666666667,25,32.258064516129,49.0196078431373,54.8387096774194,48,35,21.2121212121212,32.3529411764706,0,15.3846153846154,16.2162162162162,25,16.6666666666667,36,26.0869565217391,5,11.1111111111111
"NW_025533362.1.29818.29819",44.8275862068966,36,53.3333333333333,0,7.14285714285714,21.7391304347826,15,12.5,12,22.5806451612903,5,64,3.2258064516129,18.1818181818182,9.67741935483871,31.1111111111111,27.2727272727273,31.8181818181818,46.8085106382979,16.6666666666667,20.5882352941176,9.09090909090909,17.8571428571429,6.25,41.1764705882353,14.8148148148148,36.6666666666667,28.8461538461538,19.2307692307692,20
"NW_025533362.1.29927.29928",35.2941176470588,34.6153846153846,40,0,0,16.6666666666667,20,16.6666666666667,7.40740740740741,7.14285714285714,34.0909090909091,53.8461538461538,4.76190476190476,31.8181818181818,19.3548387096774,55,39.1304347826087,24,39.5833333333333,18.1818181818182,23.0769230769231,0,34.4827586206897,22.5,0,0,42.8571428571429,23.3333333333333,17.6470588235294,15.3846153846154
"NC_059182.1.1247936.1247937",0,11.7647058823529,0,0,3.2258064516129,0,0,6.66666666666667,0,4.76190476190476,0,2.77777777777778,0,0,0,0,0,0,0,4.76190476190476,0,0,2.94117647058824,31.8181818181818,0,0,0,4,0,0
"NC_059182.1.1522170.1522171",0,29.4117647058824,100,58.3333333333333,0,0,0,0,42.1052631578947,0,6.25,46.4285714285714,4.34782608695652,0,33.3333333333333,0,0,0,100,0,0,52.9411764705882,0,0,0,0,0,2.5,0,0
"NC_059182.1.1936625.1936626",0,73.3333333333333,88.2352941176471,100,53.3333333333333,88,100,88.2352941176471,95.8333333333333,69.2307692307692,44.4444444444444,88.8888888888889,31.25,90.4761904761905,20.6896551724138,50,92.3076923076923,57.8947368421053,85.7142857142857,100,100,89.4736842105263,5.55555555555556,91.304347826087,0,47.3684210526316,100,62.5,3.84615384615385,0
"NC_059182.1.2051802.2051803",10.5263157894737,19.047619047619,6.66666666666667,0,6.25,0,6.25,12.5,7.69230769230769,52.9411764705882,25,11.1111111111111,0,13.3333333333333,12,5.26315789473684,23.0769230769231,0,8.33333333333333,27.7777777777778,10,5.55555555555556,0,0,13.6363636363636,6.89655172413793,53.8461538461538,31.5789473684211,40,0
"NC_059182.1.3576716.3576717",0,29.1666666666667,0,38.4615384615385,33.3333333333333,0,0,0,0,0,2.77777777777778,0,0,21.4285714285714,0,0,0,0,0,0,0,0,0,0,0,0,0,0,0,5.55555555555556
"NC_059182.1.3576750.3576751",0,29.1666666666667,0,41.6666666666667,33.3333333333333,0,0,0,0,3.03030303030303,0,0,0,35.7142857142857,0,0,0,0,0,0,0,6.25,0,5.55555555555556,0,0,0,0,0,0
"NC_059182.1.6653500.6653501",4.34782608695652,18.75,23.5294117647059,5.55555555555556,7.14285714285714,21.7391304347826,11.1111111111111,41.1764705882353,20,28,24.1379310344828,8.82352941176471,18.1818181818182,19.2307692307692,31.25,22.2222222222222,23.5294117647059,31.5789473684211,25,18.5185185185185,29.6296296296296,35.7142857142857,4.76190476190476,15.3846153846154,20,40.7407407407407,35,25,16.6666666666667,19.047619047619
"NC_059182.1.6697117.6697118",0,52.6315789473684,35.7142857142857,93.75,4.76190476190476,90.9090909090909,6.66666666666667,9.09090909090909,40,94.1176470588235,91.6666666666667,35,63.1578947368421,72.2222222222222,45.1612903225806,20,61.1111111111111,45.8333333333333,48.1481481481481,53.8461538461538,52.6315789473684,33.3333333333333,11.5384615384615,0,0,83.3333333333333,92.3076923076923,80,27.7777777777778,95.4545454545455
"NC_059182.1.10840583.10840584",0,21.7391304347826,0,0,0,0,0,0,0,0,0,0,0,0,0,0,0,0,0,0,0,0,0,0,9.09090909090909,0,0,0,0,0
"NC_059182.1.10868400.10868401",4.05405405405405,9.75609756097561,9.09090909090909,0,5,2.77777777777778,18.6046511627907,14.2857142857143,0,0,0,0,7.69230769230769,12.2448979591837,0,13.0434782608696,0,19.2307692307692,1.51515151515152,28.5714285714286,3.57142857142857,6.97674418604651,2.22222222222222,4.76190476190476,12,14.2857142857143,8.33333333333333,10.3448275862069,11.5942028985507,25
"NC_059182.1.10868913.10868914",1.78571428571429,22.2222222222222,0,28.5714285714286,25,11.1111111111111,0,0,15.3846153846154,26.6666666666667,7.31707317073171,0,7.40740740740741,31.25,6.66666666666667,26.4705882352941,18.5185185185185,15.6862745098039,0,22.2222222222222,33.3333333333333,0,0,19.047619047619,35.7142857142857,0,11.5384615384615,0,0,50
"NC_059182.1.10869170.10869171",3.07692307692308,16,0,25.9259259259259,23.0769230769231,9.09090909090909,4.34782608695652,0,19.4444444444444,16.6666666666667,12.3076923076923,0,8.82352941176471,13.2075471698113,0,21.9512195121951,16.2790697674419,13.8888888888889,0,57.6923076923077,10,2.85714285714286,0,8.10810810810811,6.89655172413793,4.16666666666667,16.6666666666667,15.1515151515152,3.2258064516129,0
"NC_059182.1.12424580.12424581",0,22.2222222222222,11.7647058823529,0,8.33333333333333,0,6.25,27.7777777777778,7.14285714285714,18.1818181818182,6.45161290322581,9.375,6.66666666666667,4.76190476190476,18.1818181818182,6.66666666666667,12.5,5,12.9032258064516,15.7894736842105,6.25,0,0,0,10,10,12,16.6666666666667,7.14285714285714,0
"NC_059182.1.12763793.12763794",0,57.1428571428571,0,0,0,0,0,0,0,0,4.16666666666667,0,0,0,2.63157894736842,0,0,0,0,0,0,0,0,0,0,0,0,0,0,0
"NC_059182.1.12767652.12767653",0,21.4285714285714,0,0,0,0,0,8.33333333333333,0,0,0,4.54545454545455,0,0,0,9.09090909090909,0,0,0,0,0,0,0,0,3.2258064516129,0,0,10,0,0
"NC_059182.1.12771155.12771156",0,45,0,0,45.4545454545455,0,9.09090909090909,0,50,0,52.1739130434783,40.7407407407407,0,30,93.3333333333333,5.55555555555556,50,0,46.4285714285714,0,60,35.2941176470588,0,0,54.1666666666667,0,6.66666666666667,0,48,0
"NC_059182.1.15142730.15142731",0,16.6666666666667,5,0,5.88235294117647,0,10,16.6666666666667,8.33333333333333,6.25,11.7647058823529,4.16666666666667,0,11.1111111111111,11.7647058823529,0,10,0,4.34782608695652,20,0,17.3913043478261,0,17.3913043478261,4.76190476190476,5.26315789473684,13.0434782608696,0,10.5263157894737,0
"NC_059182.1.15789843.15789844",0,50,0,0,0,0,0,8.33333333333333,0,0,0,0,0,0,0,0,0,0,0,0,0,0,47.8260869565217,0,0,6.25,0,0,0,0
"NC_059182.1.17037992.17037993",0,43.75,50,0,0,0,0,13.0434782608696,0,8.33333333333333,0,0,0,0,0,0,0,0,0,0,45.8333333333333,0,50,5,0,4.76190476190476,0,0,3.33333333333333,0
"NC_059182.1.17038001.17038002",0,50,50,0,0,0,0,9.09090909090909,0,0,0,0,0,0,0,0,6.25,0,0,0,52.1739130434783,0,53.8461538461538,0,0,4.54545454545455,10.5263157894737,0,3.44827586206897,0
"NC_059182.1.17038013.17038014",0,52.6315789473684,50,0,0,0,0,5.26315789473684,0,0,0,0,0,0,0,0,0,0,0,0,50,0,50,0,0,4.34782608695652,0,9.09090909090909,3.84615384615385,0
"NC_059183.1.161801.161802",0,26.6666666666667,0,52.9411764705882,0,0,33.3333333333333,41.6666666666667,0,42.8571428571429,0,63.6363636363636,0,27.7777777777778,41.1764705882353,50,0,0,0,0,0,0,0,0,0,0,85,30,0,0
"NC_059183.1.1328306.1328307",0,16.6666666666667,0,0,6.25,0,0,0,0,3.84615384615385,0,3.7037037037037,0,0,0,0,0,0,0,4.34782608695652,0,0,0,4,0,0,0,0,0,0
"NC_059183.1.1660893.1660894",0,41.3793103448276,30,11.1111111111111,10,0,15,46.1538461538462,37.037037037037,0,43.4782608695652,6.45161290322581,42.1052631578947,42.1052631578947,19.047619047619,26.0869565217391,16.6666666666667,0,0,18.75,5.88235294117647,13.0434782608696,15.3846153846154,35,34.6153846153846,48.2758620689655,45.4545454545455,37.5,28.5714285714286,17.6470588235294
"NC_059183.1.4965945.4965946",0,46.4285714285714,0,37.5,0,25,42.1052631578947,0,0,41.6666666666667,8,36.8421052631579,0,0,0,33.3333333333333,0,0,0,0,23.5294117647059,0,0,0,0,39.3939393939394,0,22.2222222222222,3.44827586206897,68.4210526315789
"NC_059183.1.4965951.4965952",0,57.1428571428571,0,58.8235294117647,0,36.8421052631579,57.8947368421053,0,0,42.8571428571429,7.69230769230769,55,0,0,0,23.8095238095238,0,0,0,0,32.3529411764706,0,0,0,0,47.0588235294118,3.33333333333333,27.7777777777778,0,90.4761904761905
"NC_059183.1.4965958.4965959",0,53.5714285714286,0,64.7058823529412,0,40,47.3684210526316,0,0,35.7142857142857,7.69230769230769,47.6190476190476,7.14285714285714,0,0,35,0,0,0,0,30.3030303030303,0,0,0,0,36.3636363636364,0,17.6470588235294,0,82.6086956521739
"NC_059183.1.4965973.4965974",0,37.9310344827586,0,38.8888888888889,0,35,38.8888888888889,0,0,42.8571428571429,8,38.0952380952381,0,6.66666666666667,0,25,3.2258064516129,0,0,0,21.875,4,0,0,0,0,0,0,0,66.6666666666667
"NC_059183.1.5017198.5017199",0,35,0,47.8260869565217,64.7058823529412,0,0,70.5882352941177,9.09090909090909,0,50,54.1666666666667,0,0,48.1481481481481,0,0,0,81.4814814814815,42.8571428571429,3.84615384615385,42.1052631578947,0,0,50,0,66.6666666666667,50,0,4.76190476190476
"NC_059183.1.5662380.5662381",0,47.3684210526316,100,0,0,0,0,7.69230769230769,50,45,0,56.6666666666667,50,58.8235294117647,36.3636363636364,3.84615384615385,0,40,53.8461538461538,94.4444444444444,64.7058823529412,0,3.7037037037037,0,42.8571428571429,0,0,54.0540540540541,53.3333333333333,94.1176470588235
"NC_059183.1.5662401.5662402",0,52.6315789473684,0,0,0,0,0,0,0,0,0,0,41.6666666666667,0,36.8421052631579,3.84615384615385,0,42.8571428571429,0,0,56.25,0,0,0,0,0,0,0,61.5384615384615,0
"NC_059183.1.5662469.5662470",0,15.7894736842105,0,0,0,0,0,50,10,42.8571428571429,0,37.037037037037,6.25,0,22.7272727272727,4.54545454545455,0,58.3333333333333,0,54.5454545454545,50,0,0,4.54545454545455,56,0,0,51.2820512820513,6.25,0
"NC_059183.1.5662473.5662474",0,15.7894736842105,0,0,0,0,0,45.4545454545455,0,42.1052631578947,0,26.9230769230769,6.66666666666667,0,16.6666666666667,4.34782608695652,0,50,0,50,41.1764705882353,0,0,0,53.8461538461538,0,4.76190476190476,55.2631578947368,0,0
"NC_059183.1.5964632.5964633",0,43.75,0,0,0,0,36.3636363636364,0,76.9230769230769,47.0588235294118,80,0,44.4444444444444,0,18.1818181818182,0,58.3333333333333,36.3636363636364,0,38.4615384615385,44.4444444444444,40,0,68.75,31.25,75,43.4782608695652,50,63.6363636363636,0
"NC_059183.1.7053046.7053047",0,86.3636363636364,36.3636363636364,94.1176470588235,60,95.6521739130435,94.7368421052632,0,0,0,0,63.6363636363636,89.6551724137931,16.6666666666667,95.6521739130435,95.6521739130435,45,91.6666666666667,44,0,30.4347826086957,48.4848484848485,50,41.6666666666667,100,47.6190476190476,55,55.1724137931034,0,8.33333333333333
"NC_059183.1.7053155.7053156",0,100,45.4545454545455,92.8571428571429,50,100,94.7368421052632,0,0,46.1538461538462,0,62.962962962963,94.4444444444444,20,100,96.2962962962963,66.6666666666667,100,51.6129032258064,54.5454545454545,50,42.8571428571429,43.4782608695652,44,100,42.8571428571429,47.3684210526316,85.7142857142857,0,0
"NC_059183.1.11501048.11501049",0,47.6190476190476,0,0,0,0,0,0,0,0,0,0,52.9411764705882,0,0,0,0,0,0,0,0,0,0,0,0,5.26315789473684,15.3846153846154,0,0,0
"NC_059183.1.12422352.12422353",3.57142857142857,13.0434782608696,0,0,0,0,0,17.8571428571429,0,18.5185185185185,43.75,0,0,0,1.66666666666667,13.3333333333333,0,0,0,3.57142857142857,0,0,13.3333333333333,4.16666666666667,0,45,2.77777777777778,8.33333333333333,3.33333333333333,30.2325581395349
"NC_059183.1.12883267.12883268",0,38.4615384615385,37.5,35.7142857142857,100,0,90,71.4285714285714,71.4285714285714,68.75,45.4545454545455,85.7142857142857,0,33.3333333333333,100,80,0,0,0,0,68.4210526315789,0,0,33.3333333333333,50,50,50,63.6363636363636,0,100
"NC_059183.1.13120165.13120166",0,12.9032258064516,0,0,0,0,0,17.3913043478261,0,14.2857142857143,14.7058823529412,3.7037037037037,4.76190476190476,7.14285714285714,5.55555555555556,20,3.44827586206897,4.54545454545455,3.03030303030303,3.84615384615385,3.44827586206897,0,0,0,3.44827586206897,10,3.57142857142857,0,3.7037037037037,3.44827586206897
"NC_059183.1.13434099.13434100",0,14.2857142857143,0,0,0,0,4,25,12.5,0,0,0,0,0,0,13.7931034482759,11.5384615384615,15.625,0,0,0,16.6666666666667,0,0,0,0,0,0,0,4.16666666666667
"NC_059183.1.15435474.15435475",0,50,20,28.5714285714286,0,50,0,0,0,0,42.8571428571429,0,0,0,48.2758620689655,44,0,0,0,0,0,35.7142857142857,0,0,0,0,0,0,0,0
"NC_059183.1.15435507.15435508",0,57.1428571428571,7.69230769230769,41.1764705882353,0,46.1538461538462,0,0,0,0,6.66666666666667,0,0,0,50,38.4615384615385,0,0,0,0,0,26.6666666666667,0,0,0,0,0,0,0,0
"NC_059183.1.15672557.15672558",0,28.5714285714286,14.2857142857143,0,32.258064516129,4.76190476190476,0,46.875,0,47.8260869565217,18.75,0,25,26.6666666666667,21.7391304347826,17.6470588235294,23.0769230769231,5.26315789473684,0,25,4.65116279069767,33.3333333333333,36.6666666666667,9.09090909090909,5.55555555555556,36,30,0,0,0
"NC_059183.1.15775167.15775168",7.69230769230769,86.6666666666667,75,100,90.9090909090909,73.3333333333333,100,93.3333333333333,100,46.1538461538462,94.7368421052632,100,85.7142857142857,100,52,96.1538461538462,100,94.4444444444444,85.7142857142857,90,85.7142857142857,100,92.3076923076923,84.2105263157895,95,100,40,100,94.4444444444444,100
"NC_059183.1.17327147.17327148",0,73.9130434782609,58.3333333333333,73.6842105263158,88.8888888888889,45.8333333333333,59.0909090909091,72.7272727272727,25,90.4761904761905,61.2903225806452,70,75,71.4285714285714,59.2592592592593,56.5217391304348,86.9565217391304,83.3333333333333,71.4285714285714,40,62.962962962963,54.1666666666667,75,69.5652173913043,68,57.1428571428571,78.9473684210526,86.6666666666667,72.7272727272727,79.1666666666667
"NC_059183.1.18099536.18099537",0,36.8421052631579,0,52,90.9090909090909,78.5714285714286,36.8421052631579,5,35,33.3333333333333,100,0,0,96,0,100,0,50,0,50,33.3333333333333,55,50,26.9230769230769,0,95.4545454545455,47.3684210526316,100,47.8260869565217,94.4444444444444
"NC_059184.1.231466.231467",5.40540540540541,18.1818181818182,0,5.55555555555556,0,7.14285714285714,0,9.09090909090909,4.76190476190476,0,0,0,0,0,14.8148148148148,6.89655172413793,9.52380952380952,0,0,0,8,7.40740740740741,7.69230769230769,3.7037037037037,9.09090909090909,6.66666666666667,21.6216216216216,11.7647058823529,5.88235294117647,0
"NC_059184.1.800868.800869",4.16666666666667,34.7826086956522,62.5,23.8095238095238,66.6666666666667,43.4782608695652,78.9473684210526,25,50,72.7272727272727,40,11.1111111111111,84.6153846153846,40.9090909090909,56.6666666666667,36.8421052631579,11.1111111111111,70,31.7073170731707,83.3333333333333,40,81.8181818181818,62.962962962963,36.8421052631579,57.1428571428571,53.125,56.25,26.6666666666667,42.3076923076923,84.6153846153846
"NC_059184.1.843533.843534",0,21.4285714285714,0,0,0,15.3846153846154,0,0,0,0,4.76190476190476,0,0,0,0,0,0,0,0,9.375,0,0,0,7.40740740740741,0,3.33333333333333,0,20,2.94117647058824,4
"NC_059184.1.843551.843552",0,20,0,0,0,8,0,0,0,0,3.7037037037037,0,0,0,4,0,0,4.76190476190476,0,5.40540540540541,0,0,0,3.44827586206897,0,0,0,10,0,0
"NC_059184.1.1558881.1558882",0,45,0,0,0,0,0,0,0,0,0,0,0,0,4,0,0,0,0,0,0,0,4.54545454545455,0,0,0,0,0,0,0
"NC_059184.1.1558909.1558910",0,56.5217391304348,37.5,0,0,0,0,0,0,0,0,0,0,0,0,0,0,0,0,0,0,0,0,0,0,0,0,8.69565217391304,0,0
"NC_059184.1.2543348.2543349",0,21.4285714285714,0,0,0,0,0,0,0,42.8571428571429,0,0,0,0,0,5,0,43.75,0,0,4.76190476190476,0,0,14.2857142857143,0,0,11.7647058823529,7.14285714285714,0,15.3846153846154
"NC_059184.1.2869643.2869644",0,37.5,0,7.69230769230769,0,23.0769230769231,16.6666666666667,0,0,0,0,0,0,40,0,47.6190476190476,47.8260869565217,0,0,0,0,0,0,0,0,60,0,0,0,0
"NC_059184.1.4229588.4229589",0,14.2857142857143,0,0,0,0,0,5.55555555555556,0,0,0,0,0,0,0,0,0,0,0,0,0,0,0,5,0,0,7.14285714285714,0,0,0
"NC_059184.1.5191776.5191777",0,57.8947368421053,0,0,0,0,0,6.66666666666667,0,0,0,0,0,0,0,0,0,0,0,0,0,0,0,0,0,0,0,0,0,0
"NC_059184.1.7008229.7008230",0,48,0,88.8888888888889,50,55.5555555555556,47.0588235294118,4.34782608695652,5,50,0,3.33333333333333,43.4782608695652,0,50,46.1538461538462,47.0588235294118,50,53.8461538461538,33.3333333333333,54.1666666666667,7.40740740740741,33.3333333333333,50,92.5925925925926,56,25,57.1428571428571,0,6.25
"NC_059184.1.7008235.7008236",0,11.5384615384615,0,83.3333333333333,42.3076923076923,40,47.3684210526316,4.54545454545455,0,52.9411764705882,0,0,47.8260869565217,0,42.8571428571429,23.0769230769231,3.03030303030303,50,7.69230769230769,0,16.6666666666667,3.7037037037037,29.1666666666667,0,59.2592592592593,36,4.16666666666667,0,0,0
"NC_059184.1.11523462.11523463",9.52380952380952,50,0,0,0,0,4,0,0,0,0,0,0,3.2258064516129,0,0,0,0,0,0,0,0,0,0,0,0,0,0,0,0
"NC_059185.1.120825.120826",0,12.5,0,0,4.16666666666667,9.52380952380952,0,0,0,3.84615384615385,3.7037037037037,3.03030303030303,0,0,36.3636363636364,14.2857142857143,0,0,44.8275862068966,4.76190476190476,0,0,9.09090909090909,33.3333333333333,23.0769230769231,4.34782608695652,4.76190476190476,23.5294117647059,2.94117647058824,0
"NC_059185.1.212477.212478",8.69565217391304,29.6296296296296,25,0,30.7692307692308,16.6666666666667,10,17.2413793103448,33.3333333333333,33.3333333333333,33.3333333333333,4.54545454545455,18.4210526315789,18.1818181818182,31.25,13.0434782608696,30.7692307692308,30.5555555555556,29.5454545454545,40,27.5862068965517,9.09090909090909,31.5789473684211,12,0,15.3846153846154,29.6296296296296,42.3076923076923,38.4615384615385,13.7931034482759
"NC_059185.1.1167224.1167225",0,12.5,3.84615384615385,0,0,0,0,0,0,0,12.5,4.76190476190476,4.54545454545455,0,8.33333333333333,0,0,0,0,0,0,3.57142857142857,40.9090909090909,4,3.03030303030303,12.9032258064516,85.7142857142857,0,3.57142857142857,0
"NC_059185.1.1167241.1167242",4.76190476190476,16,8,0,5.55555555555556,0,0,0,0,11.1111111111111,13.0434782608696,0,5.55555555555556,0,23.8095238095238,0,5,0,6.25,3.7037037037037,0,18.5185185185185,33.3333333333333,3.44827586206897,8.82352941176471,34.4827586206897,78.5714285714286,0,3.84615384615385,0
"NC_059185.1.1660107.1660108",0,30,11.7647058823529,0,0,4.76190476190476,10,15.3846153846154,9.09090909090909,30,0,7.69230769230769,0,0,4.76190476190476,5.26315789473684,6.25,0,3.84615384615385,0,0,11.1111111111111,0,0,4.16666666666667,8.33333333333333,9.09090909090909,7.14285714285714,13.6363636363636,7.14285714285714
"NC_059185.1.1660118.1660119",0,17.3913043478261,0,0,0,0,0,7.14285714285714,0,20,0,0,0,0,0,4.76190476190476,0,0,0,0,0,0,0,0,0,8.33333333333333,0,1.85185185185185,4.54545454545455,0
"NC_059185.1.2678857.2678858",0,20.6896551724138,0,0,0,0,0,0,0,0,11.1111111111111,13.953488372093,0,0,2.85714285714286,0,0,0,21.4285714285714,9.61538461538461,0,0,0,0,0,0,0,0,0,0
"NC_059185.1.4302237.4302238",9.09090909090909,100,58.8235294117647,43.75,26.6666666666667,21.7391304347826,64.7058823529412,68.75,6.66666666666667,88.2352941176471,45,21.7391304347826,30.7692307692308,0,44,53.8461538461538,51.8518518518519,6.66666666666667,40.7407407407407,58.8235294117647,5.88235294117647,0,0,31.5789473684211,54.1666666666667,18.1818181818182,50,66.6666666666667,25.9259259259259,11.1111111111111
"NC_059185.1.4302270.4302271",0,13.6363636363636,42.8571428571429,0,20,0,17.6470588235294,0,0,0,0,0,0,0,4.76190476190476,3.57142857142857,0,0,0,5.88235294117647,0,0,0,0,0,9.09090909090909,15.3846153846154,0,0,6.25
"NC_059185.1.4610265.4610266",0,66.6666666666667,0,50,0,0,0,41.6666666666667,0,0,0,0,0,50,38.4615384615385,0,0,33.3333333333333,0,0,23.5294117647059,0,0,0,25,43.4782608695652,86.3636363636364,95.4545454545455,0,30.7692307692308
"NC_059185.1.10859206.10859207",0,16.6666666666667,0,7.14285714285714,0,0,0,5.55555555555556,0,0,0,0,4.76190476190476,0,0,4.76190476190476,0,0,0,0,0,0,0,0,0,0,0,0,3.57142857142857,0
"NC_059185.1.12520946.12520947",5.88235294117647,60,3.44827586206897,21.4285714285714,0,2.94117647058824,5.71428571428571,0,0,45.7142857142857,2.22222222222222,16.6666666666667,17.2413793103448,0,4.25531914893617,0,7.69230769230769,2.85714285714286,6.38297872340426,3.57142857142857,0,27.2727272727273,0,1.96078431372549,0,2.7027027027027,0,22.0338983050847,5,0
"NC_059185.1.12520948.12520949",5.88235294117647,30.7692307692308,0,3.7037037037037,0,0,0,0,0,37.1428571428571,0,0,17.8571428571429,0,2.12765957446809,0,5.76923076923077,0,6.52173913043478,0,0,9.09090909090909,2.7027027027027,0,2.94117647058824,0,1.40845070422535,0,0,0
"NC_059185.1.12520965.12520966",6.45161290322581,39.4736842105263,0,15.3846153846154,0,0,6.45161290322581,0,2.85714285714286,43.75,0,8.33333333333333,18.5185185185185,0,2.12765957446809,0,7.69230769230769,0,7.31707317073171,0,0,21.4285714285714,0,0,0,2.85714285714286,0,1.85185185185185,0,0
"NC_059185.1.12521013.12521014",0,24.1379310344828,0,4.76190476190476,0,0,0,0,0,11.1111111111111,0,0,0,0,2.4390243902439,0,0,0,0,0,0,5.88235294117647,0,2.4390243902439,0,0,1.75438596491228,0,0,0
"NC_059185.1.13090913.13090914",3.57142857142857,13.1578947368421,0,7.69230769230769,0,0,8,0,7.69230769230769,0,30,2.63157894736842,11.4285714285714,0,7.31707317073171,0,2.22222222222222,0,9.30232558139535,0,4,8.69565217391304,0,0,0,3.38983050847458,12.5,0,4.34782608695652,0
"NC_059185.1.13107377.13107378",7.69230769230769,40,22.5,0,45,7.89473684210526,16.6666666666667,38.0952380952381,17.8571428571429,0,27.2727272727273,42.4242424242424,40,0,23.5294117647059,31.25,38.8888888888889,51.219512195122,35.7142857142857,0,2.77777777777778,33.3333333333333,24.5901639344262,9.52380952380952,0,7.69230769230769,0,0,4.6875,34.6153846153846
"NC_059185.1.13107611.13107612",0,26.6666666666667,20.5882352941176,0,21.6216216216216,8.69565217391304,18.1818181818182,7.69230769230769,8.33333333333333,0,12.2448979591837,15.7894736842105,13.6363636363636,0,28.5714285714286,6.38297872340426,3.44827586206897,5.66037735849057,61.1111111111111,0,0,8.69565217391304,36,0,20.8333333333333,8.33333333333333,8.69565217391304,20.7547169811321,13.7931034482759,27.7777777777778
"NC_059185.1.13198282.13198283",0,30.7692307692308,0,47.0588235294118,0,0,0,7.14285714285714,0,0,50,4.76190476190476,68.1818181818182,0,0,0,0,0,0,61.5384615384615,0,0,52.3809523809524,0,7.69230769230769,0,0,0,60,43.75
"NC_059186.1.238359.238360",0,95.8333333333333,47.8260869565217,94.7368421052632,92.8571428571429,80,43.4782608695652,95,53.8461538461538,45.8333333333333,97.2222222222222,95.8333333333333,37.9310344827586,50,97.5609756097561,100,92,100,48.4848484848485,51.5151515151515,94.2857142857143,60,65.5172413793103,38.2352941176471,59.2592592592593,85.1851851851852,97.0588235294118,94.7368421052632,97.0588235294118,52
"NC_059186.1.238380.238381",0,100,52.3809523809524,94.7368421052632,96.551724137931,70.5882352941177,43.4782608695652,100,50,48.1481481481481,93.5483870967742,100,46.6666666666667,48.1481481481481,92.3076923076923,100,96.1538461538462,100,46.4285714285714,51.7241379310345,93.3333333333333,55.5555555555556,53.8461538461538,45.7142857142857,55.5555555555556,91.304347826087,93.75,94.4444444444444,97.2972972972973,52
"NC_059186.1.238485.238486",0,23.0769230769231,64.7058823529412,0,64.7058823529412,0,0,46.6666666666667,50,92.3076923076923,42.8571428571429,41.6666666666667,100,42.8571428571429,0,0,0,0,0,0,0,31.5789473684211,0,0,50,0,0,44.4444444444444,0,76.9230769230769
"NC_059186.1.6843650.6843651",0,34.375,0,0,0,0,53.3333333333333,0,0,0,0,0,0,0,0,0,0,0,0,0,4.16666666666667,0,5,0,0,0,0,0,0,4.54545454545455
"NC_059186.1.7613227.7613228",0,37.5,4.54545454545455,52.9411764705882,7.69230769230769,64,46.6666666666667,91.6666666666667,7.69230769230769,61.1111111111111,0,40,61.1111111111111,56.25,50,0,31.8181818181818,34.7826086956522,0,36.8421052631579,0,21.0526315789474,3.57142857142857,87.5,50,61.1111111111111,74.0740740740741,30,13.6363636363636,84.2105263157895
"NC_059186.1.7613265.7613266",5,61.5384615384615,0,43.75,3.7037037037037,68.1818181818182,58.8235294117647,81.25,0,45.8333333333333,0,38.7096774193548,68.1818181818182,50,57.1428571428571,0,0,54.5454545454545,0,30.4347826086957,0,0,2.94117647058824,97.5,41.6666666666667,72.2222222222222,42.4242424242424,0,0,100
"NC_059186.1.7613269.7613270",0,61.5384615384615,0,53.3333333333333,3.7037037037037,66.6666666666667,56.25,88.2352941176471,0,44,0,35.4838709677419,68.1818181818182,57.1428571428571,54.2857142857143,0,40,52.3809523809524,0,30.4347826086957,0,0,2.94117647058824,100,41.6666666666667,72.2222222222222,87.0967741935484,0,0,94.7368421052632
"NC_059186.1.7892703.7892704",0,15.1515151515152,6.66666666666667,0,55.5555555555556,20.6896551724138,6.66666666666667,10,0,4.16666666666667,0,11.5384615384615,13.6363636363636,28,29.0322580645161,0,6.66666666666667,0,7.40740740740741,62.5,4.54545454545455,0,14.2857142857143,11.1111111111111,0,11.1111111111111,11.5384615384615,50,20,8.33333333333333
"NC_059186.1.8310807.8310808",0,26.3157894736842,35.7142857142857,35.7142857142857,0,55.5555555555556,65,8.33333333333333,47.6190476190476,18.1818181818182,5.55555555555556,59.0909090909091,7.14285714285714,9.09090909090909,52.9411764705882,4.34782608695652,18.1818181818182,0,61.5384615384615,45,45,0,0,50,90.9090909090909,10,0,0,0,0
"NC_059186.1.8880046.8880047",6.89655172413793,14.2857142857143,0,36.8421052631579,0,0,0,13.0434782608696,0,3.03030303030303,2.7027027027027,47.8260869565217,9.67741935483871,7.14285714285714,54.2857142857143,3.84615384615385,2.38095238095238,0,4.8780487804878,2.4390243902439,2.85714285714286,2.4390243902439,52.1739130434783,2.63157894736842,3.33333333333333,0,3.2258064516129,0,6.25,15.625
"NC_059186.1.9075055.9075056",8.33333333333333,50,95,100,82.3529411764706,31.5789473684211,43.75,23.8095238095238,75,0,63.6363636363636,0,52.1739130434783,8,61.9047619047619,7.69230769230769,75,0,67.741935483871,88.2352941176471,88.8888888888889,43.75,35.7142857142857,55,46.1538461538462,8.69565217391304,85.7142857142857,53.8461538461538,9.52380952380952,50
"NC_059186.1.9551910.9551911",0,12,0,0,0,0,5.88235294117647,0,0,0,0,3.57142857142857,5.55555555555556,0,0,33.3333333333333,4.54545454545455,0,0,0,0,6.25,0,0,0,46.4285714285714,18.5185185185185,0,47.0588235294118,14.2857142857143
"NC_059186.1.10129114.10129115",0,84.2105263157895,93.75,70,27.2727272727273,76.9230769230769,54.5454545454545,73.3333333333333,33.3333333333333,40,63.6363636363636,0,57.1428571428571,36.3636363636364,83.3333333333333,64.7058823529412,88.8888888888889,68.75,14.2857142857143,64.2857142857143,41.6666666666667,31.5789473684211,46.6666666666667,89.4736842105263,3.7037037037037,5.88235294117647,75,90.9090909090909,11.1111111111111,33.3333333333333
"NC_059186.1.12218057.12218058",0,47.3684210526316,0,0,0,0,0,0,0,0,0,0,0,0,0,0,0,0,0,0,0,0,4,0,7.69230769230769,7.40740740740741,0,0,0,0
"NC_059187.1.673188.673189",0,18.5185185185185,0,5.26315789473684,0,0,0,0,0,6.25,5.88235294117647,0,11.1111111111111,0,0,0,0,0,0,5.88235294117647,5,0,11.1111111111111,0,7.69230769230769,0,0,5,0,0
"NC_059187.1.1159498.1159499",0,17.3913043478261,4.16666666666667,7.69230769230769,0,5.26315789473684,25,27.7777777777778,7.14285714285714,10,7.14285714285714,0,5.55555555555556,0,2.85714285714286,4.34782608695652,5,0,5.88235294117647,6.66666666666667,4.54545454545455,0,6.89655172413793,7.69230769230769,8.82352941176471,25,8.33333333333333,8.33333333333333,8,0
"NC_059187.1.1203993.1203994",5,11.1111111111111,6.66666666666667,0,0,4.16666666666667,10,15.3846153846154,6.66666666666667,5.88235294117647,8.69565217391304,3.125,5.26315789473684,4.76190476190476,10,0,30.7692307692308,0,0,3.03030303030303,19.047619047619,3.2258064516129,7.14285714285714,6.66666666666667,4.16666666666667,18.75,8.69565217391304,50,2.85714285714286,0
"NC_059187.1.1399111.1399112",0,66.6666666666667,41.6666666666667,58.3333333333333,0,55,31.25,0,0,0,0,46.1538461538462,7.69230769230769,0,41.9354838709677,4.34782608695652,0,50,0,3.33333333333333,0,37.5,43.75,0,0,0,0,100,0,0
"NC_059187.1.1603770.1603771",5.55555555555556,31.25,58.8235294117647,68.75,56.25,92.8571428571429,14.2857142857143,83.3333333333333,93.75,42.8571428571429,100,44.4444444444444,57.1428571428571,0,66.6666666666667,96.551724137931,63.6363636363636,94.4444444444444,10,50,92.8571428571429,78.9473684210526,100,12,84.2105263157895,91.6666666666667,94.1176470588235,61.1111111111111,0,77.7777777777778
"NC_059187.1.1603773.1603774",5.55555555555556,29.4117647058824,58.8235294117647,58.8235294117647,53.3333333333333,50,14.2857142857143,92.3076923076923,87.5,50,93.75,42.3076923076923,53.3333333333333,0,77.2727272727273,100,58.3333333333333,94.4444444444444,4.54545454545455,44.4444444444444,100,89.4736842105263,95.2380952380952,12,84.2105263157895,88,100,66.6666666666667,0,77.7777777777778
"NC_059187.1.1978710.1978711",0,42.8571428571429,0,31.8181818181818,65.3846153846154,80.9523809523809,0,43.75,65,19.047619047619,76.1904761904762,77.2727272727273,47.6190476190476,29.4117647058824,0,27.2727272727273,70.5882352941177,70.5882352941177,47.3684210526316,35.2941176470588,71.4285714285714,86.6666666666667,33.3333333333333,36.8421052631579,25,88.2352941176471,25,20,62.962962962963,70.8333333333333
"NC_059187.1.2662975.2662976",0,33.3333333333333,0,42.8571428571429,5.26315789473684,46.1538461538462,10.5263157894737,0,0,14.2857142857143,25,2.85714285714286,45.4545454545455,38.4615384615385,10,65.3846153846154,50,13.3333333333333,9.67741935483871,58.3333333333333,0,7.69230769230769,0,0,32.6086956521739,34.4827586206897,12.5,21.875,5,34.7826086956522
"NC_059187.1.2735468.2735469",5.26315789473684,16.6666666666667,5,5.88235294117647,7.69230769230769,17.6470588235294,0,7.69230769230769,0,12.5,4.54545454545455,5.26315789473684,17.6470588235294,15,30,7.69230769230769,36.8421052631579,20.8333333333333,5.26315789473684,27.2727272727273,8.69565217391304,30,5.55555555555556,5.88235294117647,40,23.5294117647059,5.26315789473684,13.3333333333333,5.26315789473684,0
"NC_059187.1.3770289.3770290",0,35,44.4444444444444,18.1818181818182,35.7142857142857,56.25,92.8571428571429,39.1304347826087,10,90,100,3.7037037037037,83.3333333333333,47.3684210526316,40.7407407407407,65,22.2222222222222,0,20.6896551724138,5.26315789473684,46.6666666666667,13.7931034482759,57.1428571428571,50,43.75,90.4761904761905,64.7058823529412,15.3846153846154,50,93.3333333333333
"NC_059187.1.4181705.4181706",0,35,0,0,9.09090909090909,0,0,0,0,0,0,0,0,3.7037037037037,12.1212121212121,0,0,0,0,0,0,0,0,0,0,0,0,3.44827586206897,0,0
"NC_059187.1.4238200.4238201",0,89.4736842105263,87.5,84.2105263157895,41.6666666666667,80.9523809523809,80,86.6666666666667,81.25,40.9090909090909,5.88235294117647,30,40,76.1904761904762,86.9565217391304,0,45.4545454545455,100,92.3076923076923,56,90.9090909090909,27.2727272727273,90.4761904761905,82.6086956521739,3.125,93.75,86.3636363636364,92.3076923076923,0,81.8181818181818
"NC_059187.1.7724185.7724186",0,14.2857142857143,0,0,0,9.09090909090909,6.25,5.55555555555556,0,7.14285714285714,0,0,0,0,0,0,0,13.3333333333333,0,0,0,0,0,0,0,5.55555555555556,0,0,0,7.14285714285714
"NC_059187.1.8198959.8198960",0,13.6363636363636,13.3333333333333,35.2941176470588,5.88235294117647,0,7.14285714285714,31.5789473684211,0,10,0,0,0,0,0,3.84615384615385,0,0,13.6363636363636,4,3.7037037037037,4.54545454545455,0,0,0,3.44827586206897,0,0,0,0
"NC_059187.1.8198975.8198976",4,33.3333333333333,28.5714285714286,44.4444444444444,5.26315789473684,0,16.6666666666667,47.0588235294118,23.0769230769231,20,0,3.44827586206897,23.8095238095238,5,30.4347826086957,14.2857142857143,7.69230769230769,8.33333333333333,25,17.3913043478261,16,13.6363636363636,5.26315789473684,0,21.7391304347826,12.9032258064516,15,27.2727272727273,15.3846153846154,5.26315789473684
"NC_059187.1.9316769.9316770",7.14285714285714,18.1818181818182,33.3333333333333,0,38.0952380952381,0,0,57.1428571428571,0,0,11.5384615384615,0,95.6521739130435,0,50,89.6551724137931,38.4615384615385,25,46.6666666666667,0,50,85.7142857142857,4.54545454545455,97.0588235294118,51.7241379310345,0,55,69.2307692307692,0,50
"NC_059187.1.9316797.9316798",0,44.4444444444444,38.4615384615385,0,38.0952380952381,0,10,53.8461538461538,0,11.1111111111111,50,0,90.4761904761905,0,64.2857142857143,96.2962962962963,50,38.4615384615385,42.8571428571429,0,45.4545454545455,95.2380952380952,0,94.5945945945946,51.7241379310345,13.6363636363636,66.6666666666667,61.5384615384615,9.09090909090909,92
"NC_059187.1.9316807.9316808",0,52.6315789473684,33.3333333333333,0,45,0,9.09090909090909,60,0,3.84615384615385,56,0,89.4736842105263,0,64.2857142857143,100,54.5454545454545,50,40,0,43.4782608695652,94.7368421052632,0,100,51.7241379310345,22.7272727272727,64.7058823529412,60,4.54545454545455,92
"NC_059187.1.9316826.9316827",0,62.5,30.7692307692308,0,75,0,0,61.5384615384615,0,36,52.3809523809524,0,94.1176470588235,0,76.9230769230769,100,50,42.8571428571429,50,0,47.8260869565217,88.8888888888889,0,100,37.037037037037,41.1764705882353,70,56.25,5.55555555555556,100
"NC_059187.1.9316845.9316846",0,68.4210526315789,18.1818181818182,0,94.7368421052632,3.84615384615385,21.4285714285714,81.8181818181818,33.3333333333333,45.4545454545455,44.4444444444444,5.88235294117647,94.7368421052632,14.2857142857143,72.7272727272727,95.8333333333333,63.6363636363636,50,63.6363636363636,0,56,82.3529411764706,0,94.2857142857143,48,33.3333333333333,78.9473684210526,55.5555555555556,40,86.3636363636364
"NC_059187.1.9316880.9316881",8.33333333333333,80,50,33.3333333333333,100,29.1666666666667,71.4285714285714,87.5,78.5714285714286,69.5652173913043,85,38.8888888888889,93.75,58.3333333333333,85.7142857142857,100,90,55.5555555555556,54.5454545454545,38.0952380952381,85.7142857142857,100,31.8181818181818,100,80.9523809523809,88.2352941176471,94.7368421052632,88,77.2727272727273,91.6666666666667
"NC_059187.1.9689258.9689259",0,46.6666666666667,80.9523809523809,0,54.5454545454545,0,72.7272727272727,100,0,53.3333333333333,0,0,91.6666666666667,0,68,88.2352941176471,57.1428571428571,45,100,0,31.8181818181818,92.3076923076923,0,82.6086956521739,0,0,0,0,0,42.1052631578947
"NC_059187.1.10346263.10346264",0,45,0,92.5925925925926,0,90.9090909090909,0,0,0,50,76.4705882352941,50,0,66.6666666666667,42.8571428571429,0,0,0,0,0,0,0,0,0,0,0,4,0,3.57142857142857,0
"NC_059187.1.10346266.10346267",0,52.6315789473684,0,100,0,100,0,0,0,56.25,76.4705882352941,58.8235294117647,0,73.3333333333333,46.4285714285714,0,0,4.34782608695652,0,0,0,0,6.66666666666667,0,0,0,0,0,7.40740740740741,0
"NC_059187.1.10346280.10346281",0,52.6315789473684,0,96.4285714285714,0,100,0,0,0,52.9411764705882,77.7777777777778,52.6315789473684,4.54545454545455,53.3333333333333,44.8275862068966,0,0,0,0,0,0,0,0,0,0,0,4.34782608695652,0,3.84615384615385,0
"NC_059187.1.10346302.10346303",5.55555555555556,47.3684210526316,0,96.2962962962963,6.66666666666667,100,0,0,0,55,72.2222222222222,47.3684210526316,0,60,34.4827586206897,0,0,0,0,0,6.66666666666667,4.76190476190476,0,0,0,0,0,0,0,0
"NC_059187.1.10346313.10346314",5.55555555555556,45,0,92.3076923076923,0,100,0,0,0,65,70.5882352941177,47.6190476190476,0,66.6666666666667,43.3333333333333,0,4.16666666666667,0,0,0,0,0,0,0,0,4.34782608695652,0,0,0,5.88235294117647
"NC_059187.1.10346332.10346333",5.55555555555556,42.1052631578947,0,87.5,0,95.4545454545455,0,0,0,57.1428571428571,55.5555555555556,47.6190476190476,5,62.5,46.6666666666667,0,0,0,0,0,0,0,0,0,0,0,0,0,0,0
"NC_059188.1.601231.601232",0,40,20,36.8421052631579,0,42.1052631578947,0,0,100,0,0,4,0,0,92,38.4615384615385,0,33.3333333333333,0,0,25,0,0,0,0,26.6666666666667,40,45.4545454545455,0,0
"NC_059188.1.601329.601330",0,21.7391304347826,0,0,0,0,0,0,31.5789473684211,0,0,2.85714285714286,0,0,15.3846153846154,0,0,0,3.2258064516129,0,0,0,5.88235294117647,0,0,6.25,36.3636363636364,6.66666666666667,0,0
"NC_059188.1.802507.802508",0,91.304347826087,84.6153846153846,90.9090909090909,75,75,18.1818181818182,53.3333333333333,76.9230769230769,36.3636363636364,71.4285714285714,52.3809523809524,89.4736842105263,29.4117647058824,82.3529411764706,93.1034482758621,56.5217391304348,95.2380952380952,47.3684210526316,63.6363636363636,14.2857142857143,54.5454545454545,72.2222222222222,30.7692307692308,50,76.4705882352941,85.7142857142857,95.6521739130435,0,50
"NC_059188.1.990748.990749",0,45.4545454545455,0,0,0,0,10,6.66666666666667,0,0,0,0,0,0,4,3.7037037037037,0,3.7037037037037,0,0,0,30.4347826086957,0,0,7.14285714285714,5,0,0,0,0
"NC_059188.1.990751.990752",0,48.3870967741936,0,0,5.26315789473684,0,10,0,0,0,0,0,7.14285714285714,0,0,0,0,0,0,0,0,30.4347826086957,0,0,0,0,0,5,5,0
"NC_059188.1.990754.990755",0,46.6666666666667,0,7.14285714285714,0,0,10,5.88235294117647,0,0,0,0,7.14285714285714,4,0,3.84615384615385,0,0,0,0,0,33.3333333333333,0,0,0,5.26315789473684,0,10,5,0
"NC_059188.1.1370258.1370259",0,16.6666666666667,0,0,0,0,0,0,0,0,0,0,0,0,0,0,0,0,0,0,0,0,0,0,0,0,0,0,0,7.69230769230769
"NC_059188.1.2087445.2087446",4.34782608695652,23.8095238095238,70,6.66666666666667,25,23.5294117647059,0,14.2857142857143,0,85.7142857142857,0,56.25,0,0,4.76190476190476,25,18.75,10,6.25,0,35.2941176470588,0,50,54.5454545454545,0,12.5,17.3913043478261,0,42.1052631578947,50
"NC_059188.1.3902111.3902112",0,19.047619047619,20,0,5.26315789473684,0,0,0,25,30,16.6666666666667,0,5.26315789473684,0,20.6896551724138,0,30.7692307692308,0,0,0,5.26315789473684,0,6.06060606060606,34.375,0,0,5.55555555555556,0,4.16666666666667,0
"NC_059188.1.12536055.12536056",0,85.7142857142857,85.7142857142857,63.6363636363636,44.4444444444444,67.8571428571429,73.6842105263158,26.6666666666667,0,43.3333333333333,80.7692307692308,91.6666666666667,92.8571428571429,23.0769230769231,0,47.6190476190476,13.3333333333333,40,38.4615384615385,48,61.9047619047619,58.3333333333333,40,44.8275862068966,32.1428571428571,55.5555555555556,51.7241379310345,95.2380952380952,66.6666666666667,33.3333333333333
"NC_059188.1.12694822.12694823",0,21.4285714285714,7.14285714285714,0,0,10.5263157894737,21.4285714285714,14.2857142857143,0,38.8888888888889,21.4285714285714,0,8.69565217391304,0,14.2857142857143,3.33333333333333,4.16666666666667,44.4444444444444,9.52380952380952,37.5,0,4.76190476190476,0,50,6.66666666666667,4.34782608695652,23.8095238095238,50,11.5384615384615,50
"NC_059188.1.12928399.12928400",0,33.3333333333333,0,0,46.6666666666667,45.4545454545455,47.0588235294118,55,0,0,44.4444444444444,0,60,0,46.6666666666667,42.8571428571429,0,46.1538461538462,0,0,0,0,0,40.625,64,0,52.1739130434783,4.76190476190476,0,0
"NC_059189.1.705329.705330",0,33.3333333333333,40,38.4615384615385,0,50,13.3333333333333,0,90.4761904761905,0,0,41.1764705882353,43.75,37.5,90,0,0,87.5,0,23.8095238095238,47.3684210526316,94.1176470588235,0,30.4347826086957,60.8695652173913,93.75,100,96.4285714285714,58.8235294117647,68.1818181818182
"NC_059189.1.837913.837914",0,15.1515151515152,0,4.76190476190476,0,0,15.7894736842105,5.55555555555556,5.26315789473684,5.88235294117647,0,3.44827586206897,0,0,0,16,0,13.6363636363636,0,0,0,0,4.34782608695652,0,0,0,8.69565217391304,0,0,0
"NC_059189.1.1438257.1438258",5.88235294117647,34.6153846153846,0,0,0,0,0,0,0,37.5,0,0,0,0,0,0,0,0,6.66666666666667,6.25,0,0,0,0,0,0,0,0,43.75,26.3157894736842
"NC_059189.1.1438311.1438312",0,37.9310344827586,0,0,0,0,0,0,0,44.4444444444444,0,0,0,0,0,0,0,0,3.125,0,0,0,0,3.7037037037037,7.14285714285714,0,0,0,36.3636363636364,30.7692307692308
"NC_059189.1.1438335.1438336",0,40,0,0,0,0,0,0,0,42.3076923076923,0,0,0,0,0,0,0,0,2.94117647058824,0,0,4.76190476190476,0,0,0,4.54545454545455,0,0,29.1666666666667,26.0869565217391
"NC_059189.1.1438345.1438346",0,26.0869565217391,0,0,0,0,0,0,0,40,0,0,0,4.76190476190476,0,0,6.25,0,3.03030303030303,0,0,0,0,4.34782608695652,0,0,0,0,31.8181818181818,36.3636363636364
"NC_059189.1.1438353.1438354",0,34.7826086956522,0,0,0,0,0,0,0,37.5,0,0,0,0,0,0,0,0,2.94117647058824,0,0,0,0,0,6.66666666666667,0,0,10,33.3333333333333,36.3636363636364
"NC_059189.1.2004716.2004717",5,16.6666666666667,0,5.55555555555556,0,0,0,0,0,0,7.14285714285714,4,4.54545454545455,0,4,5.55555555555556,0,0,0,0,18.1818181818182,12,0,5.88235294117647,0,0,9.09090909090909,25,6.25,0
"NC_059189.1.3694757.3694758",0,43.75,93.3333333333333,0,0,37.5,44.4444444444444,53.3333333333333,75,56.5217391304348,36.3636363636364,52.3809523809524,30,62.5,69.2307692307692,93.3333333333333,100,0,96,0,52.3809523809524,4.54545454545455,42.8571428571429,60,96.2962962962963,100,6.66666666666667,53.3333333333333,66.6666666666667,100
"NC_059189.1.4282369.4282370",0,88.2352941176471,8.33333333333333,0,0,0,0,0,50,7.14285714285714,63.1578947368421,0,0,0,0,0,0,0,55,0,0,0,0,0,0,0,0,0,0,0
"NC_059189.1.4282414.4282415",0,95.6521739130435,7.69230769230769,0,0,0,0,0,50,0,63.6363636363636,4,0,4.54545454545455,0,0,0,0,56.5217391304348,58.3333333333333,0,5.26315789473684,0,0,0,0,0,10,0,0
"NC_059189.1.4613432.4613433",0,68.75,64.7058823529412,0,0,31.25,50,26.6666666666667,53.8461538461538,0,61.5384615384615,69.2307692307692,0,0,40,76,58.3333333333333,18.75,63.6363636363636,70.5882352941177,0,81.25,35.7142857142857,23.0769230769231,72.2222222222222,36.8421052631579,55,90.9090909090909,70,80
"NC_059189.1.9499760.9499761",0,23.8095238095238,0,6.25,0,41.6666666666667,42.1052631578947,30,0,26.6666666666667,16.6666666666667,0,0,0,19.047619047619,47.0588235294118,0,0,51.3513513513514,0,0,16.6666666666667,8.69565217391304,12,25,20,30,0,25,53.3333333333333
"NC_059189.1.9654000.9654001",0,12.5,0,0,0,0,0,9.09090909090909,0,5.26315789473684,3.84615384615385,0,3.57142857142857,0,0,5.55555555555556,0,0,7.40740740740741,5.55555555555556,0,4,7.40740740740741,4.54545454545455,0,9.52380952380952,0,9.09090909090909,0,0
"NC_059189.1.10953253.10953254",0,15.3846153846154,15.3846153846154,6.52173913043478,27.5,0,0,16.3265306122449,2.63157894736842,12.0689655172414,0,0,11.6279069767442,1.31578947368421,13.1578947368421,2.40963855421687,5.45454545454545,34.4827586206897,9.75609756097561,3.03030303030303,7.2463768115942,0,5.26315789473684,10.8695652173913,0,3.50877192982456,10.5263157894737,10.3448275862069,3.2258064516129,15.9090909090909
"NC_059189.1.10953280.10953281",2.77777777777778,27.5,16.2790697674419,14.6341463414634,34.375,10.2564102564103,16.1290322580645,26.6666666666667,5.55555555555556,21.5686274509804,0,2.04081632653061,15.7894736842105,2.98507462686567,18.9655172413793,7.5,17.0212765957447,36,13.8888888888889,0,12.0689655172414,6.52173913043478,25,22.2222222222222,4.76190476190476,8.16326530612245,20.5882352941176,10.1694915254237,14,13.5135135135135
"NC_059190.1.1839379.1839380",7.14285714285714,20,0,0,0,64.7058823529412,7.69230769230769,6.25,0,36,0,60,30.4347826086957,0,0,0,0,0,0,4.54545454545455,0,48.2758620689655,59.375,0,0,0,38.7096774193548,18.1818181818182,0,7.69230769230769
"NC_059190.1.1839398.1839399",0,20,0,0,0,26.6666666666667,0,0,0,3.7037037037037,0,10.7142857142857,0,0,4.34782608695652,0,0,0,0,0,0,43.3333333333333,44.1176470588235,0,3.57142857142857,13.6363636363636,0,0,4.16666666666667,7.14285714285714
"NC_059190.1.2811199.2811200",7.69230769230769,71.4285714285714,52.9411764705882,60,0,40,31.8181818181818,50,50,38.0952380952381,50,80,41.1764705882353,45.4545454545455,0,100,92.8571428571429,92.8571428571429,36.3636363636364,96,81.8181818181818,89.2857142857143,52.9411764705882,0,29.4117647058824,47.6190476190476,42.8571428571429,94.7368421052632,36,42.1052631578947
"NC_059190.1.2811359.2811360",0,29.4117647058824,0,0,0,0,0,0,0,0,0,3.84615384615385,0,5.88235294117647,0,0,0,0,5,0,0,0,0,0,0,0,0,0,0,5.55555555555556
"NC_059190.1.3095790.3095791",0,50,50,0,5.55555555555556,23.8095238095238,6.66666666666667,20,60,22.7272727272727,35,5.88235294117647,68.4210526315789,14.2857142857143,41.6666666666667,44.4444444444444,13.6363636363636,36.8421052631579,5.26315789473684,64.7058823529412,20,0,30.7692307692308,0,48,26.6666666666667,52.1739130434783,52.6315789473684,7.69230769230769,0
"NC_059190.1.3246093.3246094",0,23.8095238095238,0,0,0,13.3333333333333,0,0,0,6.25,43.75,10.5263157894737,36,6.45161290322581,0,3.44827586206897,0,0,0,0,0,0,0,0,0,61.2903225806452,0,0,0,0
"NC_059190.1.3261002.3261003",0,87.5,0,0,44.4444444444444,41.6666666666667,0,50,57.1428571428571,93.75,5.55555555555556,0,52.9411764705882,36.8421052631579,43.75,0,9.52380952380952,66.6666666666667,0,87.5,64.2857142857143,38.7096774193548,41.6666666666667,77.1428571428571,58.3333333333333,45.4545454545455,0,0,0,0
"NC_059190.1.3583345.3583346",18.1818181818182,53.3333333333333,40,0,41.1764705882353,0,70,61.5384615384615,0,0,0,0,0,0,0,47.8260869565217,0,0,0,0,100,0,37.5,47.0588235294118,52,0,0,60,0,0
"NC_059190.1.3610262.3610263",0,38.4615384615385,0,0,0,27.2727272727273,26.3157894736842,50,57.1428571428571,25,40,80.7692307692308,26.3157894736842,53.3333333333333,21.0526315789474,20,0,0,36.6666666666667,0,0,19.047619047619,31.25,13.6363636363636,0,46.4285714285714,25,34.6153846153846,0,0
"NC_059190.1.7396454.7396455",0,56.25,22.2222222222222,22.2222222222222,0,70.5882352941177,53.3333333333333,90,30.7692307692308,0,36.3636363636364,77.2727272727273,0,53.8461538461538,84,66.6666666666667,33.3333333333333,0,84.2105263157895,90.9090909090909,91.6666666666667,10,38.4615384615385,79.1666666666667,81.8181818181818,0,65,80,56.25,90.4761904761905
"NC_059191.1.477029.477030",0,14.2857142857143,0,11.1111111111111,0,0,0,8.33333333333333,6.66666666666667,11.1111111111111,9.52380952380952,4.16666666666667,0,0,4.54545454545455,5,0,0,0,0,0,10.7142857142857,0,3.44827586206897,16.6666666666667,18.75,0,0,0,0
"NC_059191.1.2426273.2426274",0,54.5454545454545,5,0,5.55555555555556,0,0,25,0,0,0,0,0,29.4117647058824,0,0,0,0,0,0,0,0,0,0,0,0,0,0,0,6.25
"NC_059191.1.4603437.4603438",0,36.8421052631579,27.5862068965517,52.6315789473684,15.7894736842105,19.2307692307692,20,7.69230769230769,0,28.5714285714286,56,31.8181818181818,8.33333333333333,4.54545454545455,26.6666666666667,0,0,10.7142857142857,61.1111111111111,45.4545454545455,30.4347826086957,0,0,14.7058823529412,40.625,65.625,0,46.875,68,0
"NC_059191.1.9180879.9180880",0,68.4210526315789,0,0,0,0,0,6.66666666666667,0,0,0,0,20,38.8888888888889,5.88235294117647,0,4.76190476190476,0,0,72.2222222222222,0,0,0,0,0,8.33333333333333,0,0,0,0
"NC_059191.1.9180892.9180893",7.14285714285714,64.7058823529412,0,0,0,0,0,13.3333333333333,0,0,11.1111111111111,4.54545454545455,30,50,0,5.88235294117647,0,0,3.44827586206897,26.3157894736842,0,3.84615384615385,6.25,5.55555555555556,15.3846153846154,0,0,4.76190476190476,8.69565217391304,5
"NC_059191.1.9385647.9385648",0,61.5384615384615,0,0,0,0,0,11.7647058823529,0,0,0,0,0,3.44827586206897,0,0,0,0,0,0,0,0,0,0,13.3333333333333,0,0,0,0,0
"NC_059191.1.9385673.9385674",0,52.3809523809524,0,0,0,0,0,35.2941176470588,0,0,0,0,0,3.33333333333333,0,0,0,0,0,0,0,0,0,0,0,0,0,0,0,0
"NC_059191.1.9580127.9580128",5.26315789473684,34.6153846153846,6.25,0,4.54545454545455,20,20,42.8571428571429,20,29.4117647058824,5,0,63.1578947368421,25.9259259259259,37.037037037037,4.34782608695652,36.8421052631579,23.8095238095238,78.9473684210526,57.6923076923077,0,30,52.1739130434783,4.16666666666667,9.67741935483871,25,50,81.25,0,0
"NC_059191.1.9580151.9580152",0,10.7142857142857,0,0,5,5.88235294117647,4.54545454545455,13.3333333333333,10.5263157894737,0,4.76190476190476,0,55,14.2857142857143,3.7037037037037,0,45.4545454545455,0,0,15.3846153846154,0,0,29.1666666666667,0,3.7037037037037,11.1111111111111,0,42.8571428571429,8,0
"NW_025533127.1.279540.279541",0,20,8.33333333333333,0,0,0,0,9.52380952380952,0,0,0,0,5,0,4,7.69230769230769,0,0,4.54545454545455,0,0,0,0,0,0,5.88235294117647,0,0,0,0
"NW_025533136.1.18058.18059",2.08333333333333,28.9473684210526,0,0,0,4.16666666666667,3.44827586206897,0,19.1489361702128,0,0,0,13.1578947368421,0,23.6842105263158,0,7.27272727272727,0,2.27272727272727,4.65116279069767,0,17.6470588235294,0,2.56410256410256,0,0,0,0,0,16.2790697674419
"NW_025533136.1.23232.23233",0,19.3548387096774,0,0,20,0,0,0,10.7142857142857,0,5.88235294117647,7.14285714285714,0,0,5.12820512820513,0,16.6666666666667,0,0,0,0,0,2.63157894736842,0,34.6153846153846,0,16.6666666666667,7.14285714285714,0,10
"NW_025533168.1.63638.63639",0,17.7777777777778,0,0,0,2.4390243902439,12.2448979591837,0,0,1.85185185185185,11.3636363636364,17.3913043478261,0,0,7.27272727272727,5.12820512820513,9.09090909090909,0,19.5652173913043,5.88235294117647,11.1111111111111,16.6666666666667,23.2142857142857,0,13.3333333333333,3.63636363636364,20.8333333333333,18.3673469387755,0,0
"NW_025533169.1.79458.79459",0,12,0,0,0,0,0,0,0,0,0,0,4.54545454545455,0,0,0,0,0,0,0,3.44827586206897,0,0,0,0,0,0,0,0,0
"NW_025533332.1.9263.9264",5,10.7142857142857,4.54545454545455,6.25,3.7037037037037,10.7142857142857,11.7647058823529,4.76190476190476,11.7647058823529,15.3846153846154,19.047619047619,0,0,0,0,6.66666666666667,0,3.44827586206897,2.27272727272727,71.4285714285714,25,0,0,3.7037037037037,0,0,0,2.85714285714286,12,0
"NW_025533332.1.9427.9428",0,16.6666666666667,0,0,0,27.5862068965517,17.1428571428571,0,0,0,4.54545454545455,0,0,12.5,4.16666666666667,0,0,36.3636363636364,0,0,3.03030303030303,0,0,3.2258064516129,0,0,3.57142857142857,0,0,4
"NW_025533332.1.10973.10974",2.85714285714286,15,0,0,38.7755102040816,0,5,0,45.8333333333333,37.037037037037,22.8571428571429,0,0,0,4.25531914893617,0,0,30,0,66.6666666666667,57.1428571428571,0,0,0,0,0,0,0,0,0
"NW_025533332.1.11059.11060",0,31.8181818181818,0,27.2727272727273,40,75,36,0,56.5217391304348,33.3333333333333,31.4285714285714,0,4,53.8461538461538,0,34.375,0,52.9411764705882,0,81.4814814814815,80,4.16666666666667,0,0,0,4.76190476190476,0,0,0,11.1111111111111
"NW_025533332.1.11145.11146",0,14.2857142857143,0,18.1818181818182,39.622641509434,0,5,0,41.1764705882353,22.2222222222222,19.2307692307692,0,0,35,0,25,0,41.1764705882353,0,31.8181818181818,69.2307692307692,0,0,0,0,5.26315789473684,0,0,0,4.16666666666667
"NW_025533332.1.11208.11209",0,32,0,35.7142857142857,45.8333333333333,42.1052631578947,22.7272727272727,0,35.2941176470588,26.9230769230769,13.6363636363636,0,0,43.4782608695652,0,33.3333333333333,4,58.3333333333333,0,60,45,0,0,0,0,0,3.03030303030303,0,3.2258064516129,3.57142857142857
"NW_025533332.1.11230.11231",0,30.4347826086957,3.33333333333333,14.2857142857143,31.4285714285714,36.8421052631579,21.7391304347826,0,44.4444444444444,33.3333333333333,10,0,0,36,0,25,0,50,0,57.1428571428571,43.4782608695652,0,0,2.56410256410256,0,0,0,0,0,3.57142857142857
"NW_025533332.1.11380.11381",0,35.7142857142857,23.0769230769231,17.6470588235294,43.2432432432432,42.8571428571429,33.3333333333333,0,42.8571428571429,44,19.047619047619,0,0,24,0,37.037037037037,0,8.33333333333333,0,55.1724137931034,47.2222222222222,21.7391304347826,0,0,0,0,0,2.12765957446809,0,0
"NW_025533332.1.11402.11403",0,50,38.0952380952381,26.6666666666667,42.1052631578947,37.037037037037,40.9090909090909,0,26.0869565217391,41.6666666666667,14.2857142857143,0,0,18.1818181818182,0,37.5,0,25,0,51.7241379310345,54.8387096774194,23.8095238095238,0,0,0,0,2.94117647058824,0,4.16666666666667,0
"NW_025533332.1.11552.11553",0,50,0,15.3846153846154,34.2105263157895,44.4444444444444,30.7692307692308,0,41.1764705882353,29.4117647058824,24.1379310344828,0,0,37.5,2.63157894736842,52.9411764705882,0,0,0,50,100,0,0,0,0,0,0,0,0,0
"NW_025533332.1.11574.11575",0,57.1428571428571,0,0,40.625,40,36,0,40,44.4444444444444,28.5714285714286,0,0,53.3333333333333,0,52.9411764705882,5,24,0,66.6666666666667,92.3076923076923,5.55555555555556,0,0,0,0,0,0,0,0
"NW_025533332.1.11831.11832",0,22.2222222222222,0,45.4545454545455,29.6296296296296,0,0,0,54.5454545454545,47.0588235294118,0,0,5.55555555555556,17.6470588235294,0,18.75,0,32,0,81.25,73.3333333333333,0,0,4.54545454545455,0,0,0,3.44827586206897,0,0
"NW_025533332.1.12221.12222",2.17391304347826,14.2857142857143,0,3.44827586206897,0,0,0,0,0,0,6.38297872340426,3.125,0,3.57142857142857,15.2173913043478,4,5.26315789473684,0,6.81818181818182,0,0,0,0,0,3.33333333333333,5.71428571428571,0,0,7.89473684210526,0
"NW_025533332.1.12243.12244",4.34782608695652,16,0,6.25,0,0,16.6666666666667,0,0,0,8.16326530612245,0,0,0,14.5833333333333,4.16666666666667,6.25,0,7.31707317073171,0,0,0,0,2.5,6.06060606060606,2.94117647058824,0,3.2258064516129,9.52380952380952,0
"NW_025533332.1.29588.29589",0,17.6470588235294,0,4.16666666666667,14.6341463414634,12.8205128205128,12.1212121212121,0,0,12.0689655172414,0,0,0,16.2790697674419,0,16.6666666666667,2.17391304347826,19.4444444444444,0,0,0,0,0,1.31578947368421,0,0,0,0,0,0
"NC_059182.1.5734253.5734254",0,0,43.75,0,0,0,0,0,0,0,0,0,36.3636363636364,0,0,0,0,0,0,47.3684210526316,0,66.6666666666667,0,0,0,0,0,0,0,0
"NC_059182.1.5734277.5734278",0,0,47.3684210526316,0,0,0,0,0,0,0,0,0,40.7407407407407,0,0,0,0,0,0,52.6315789473684,0,60,0,0,0,0,0,0,0,0
"NC_059182.1.8328943.8328944",5.88235294117647,1.61290322580645,8.51063829787234,3.84615384615385,6.25,8.69565217391304,3.2258064516129,4.34782608695652,2.56410256410256,0,6.77966101694915,1.38888888888889,6.25,9.52380952380952,4.3956043956044,3.84615384615385,0,0,6.66666666666667,2.63157894736842,0,0,4.16666666666667,5.12820512820513,32.4324324324324,0,4,0,8.16326530612245,15
"NC_059182.1.8329199.8329200",4.08163265306122,2.63157894736842,13.7931034482759,16.6666666666667,3.33333333333333,30.4347826086957,9.09090909090909,10,7.40740740740741,0,2.5,16.6666666666667,7.40740740740741,4,7.84313725490196,0,0,8.33333333333333,10.2564102564103,0,0,0,6.45161290322581,11.7647058823529,10.5263157894737,0,18.75,0,9.67741935483871,12.5
"NC_059182.1.11366636.11366637",0,0,38.4615384615385,50,0,8.33333333333333,0,53.3333333333333,0,0,0,0,0,0,0,0,0,0,0,0,5,0,0,0,0,0,0,0,0,0
"NC_059182.1.11366658.11366659",0,0,37.9310344827586,42.1052631578947,3.7037037037037,21.4285714285714,3.57142857142857,28.5714285714286,0,4.54545454545455,0,0,0,0,0,0,0,0,0,0,0,0,0,0,0,4,0,0,0,0
"NC_059183.1.4307685.4307686",0,0,37.5,0,50,0,0,0,0,0,0,0,83.3333333333333,0,0,4.76190476190476,47.3684210526316,0,50,0,0,0,0,0,48,5.88235294117647,0,0,0,30
"NC_059183.1.6929421.6929422",0,0,56.25,0,30.7692307692308,0,50,92.8571428571429,70,37.5,91.6666666666667,53.8461538461538,0,45,56.25,0,50,52.3809523809524,48.1481481481481,38.8888888888889,60,38.8888888888889,52.9411764705882,50,0,40,47.3684210526316,54.5454545454545,90.9090909090909,61.5384615384615
"NC_059183.1.7611271.7611272",6.25,0,54.5454545454545,0,0,0,0,0,0,0,4.54545454545455,0,0,0,0,50,0,0,0,0,0,0,43.75,0,0,0,0,0,0,0
"NC_059183.1.8364525.8364526",3.57142857142857,2.77777777777778,20.8333333333333,0,0,0,6.25,0,0,6.06060606060606,0,3.33333333333333,0,0,0,0,4,0,0,0,0,0,0,17.8571428571429,0,0,0,3.125,5,5.26315789473684
"NC_059183.1.8588272.8588273",0,0,36.8421052631579,0,30,0,0,0,0,0,0,0,0,0,0,0,0,0,0,0,0,4.54545454545455,0,0,0,0,0,0,0,33.3333333333333
"NC_059183.1.13221333.13221334",0,0,52.9411764705882,50,82.6086956521739,24,0,37.5,0,26.6666666666667,31.8181818181818,85.7142857142857,36.3636363636364,48,0,88,33.3333333333333,91.304347826087,51.7241379310345,4.34782608695652,36.3636363636364,0,45.4545454545455,46.6666666666667,0,0,7.69230769230769,100,46.6666666666667,0
"NC_059183.1.13398529.13398530",0,0,16.6666666666667,0,0,0,0,59.0909090909091,0,0,0,0,0,0,0,3.84615384615385,0,0,0,0,0,0,0,0,0,0,0,0,0,0
"NC_059183.1.15672523.15672524",3.84615384615385,7.69230769230769,9.67741935483871,0,25.7142857142857,0,0,55.5555555555556,0,34.2857142857143,14.2857142857143,3.2258064516129,7.14285714285714,0,3.7037037037037,0,3.125,0,0,4,0,4,33.3333333333333,6.66666666666667,5.12820512820513,23.0769230769231,0,0,0,0
"NC_059183.1.15672534.15672535",0,0,13.7931034482759,0,22.8571428571429,0,0,58.8235294117647,0,34.2857142857143,10.5263157894737,0,7.31707317073171,6.89655172413793,7.40740740740741,4.16666666666667,0,0,0,0,0,0,34.375,3.57142857142857,5.55555555555556,24,0,0,0,4.54545454545455
"NC_059183.1.17942173.17942174",0,0,20.5882352941176,0,17.1428571428571,0,0,0,0,4.34782608695652,0,0,2.63157894736842,4.34782608695652,0,0,0,11.7647058823529,0,0,0,3.125,2.56410256410256,0,3.33333333333333,0,0,0,28.5714285714286,0
"NC_059183.1.17943015.17943016",0,4,37.5,0,0,0,0,35.2941176470588,0,0,0,0,0,0,0,0,30.4347826086957,0,0,0,4,0,50,0,2.94117647058824,0,0,30,0,0
"NC_059183.1.17943027.17943028",0,4,31.25,5,0,8.33333333333333,0,33.3333333333333,0,0,0,0,0,0,0,0,29.7872340425532,0,0,0,0,0,44.1176470588235,4,2.94117647058824,0,0,27.2727272727273,0,0
"NC_059184.1.800721.800722",4.16666666666667,0,44.4444444444444,0,43.75,4.34782608695652,45,45.4545454545455,0,0,0,6.66666666666667,0,0,2.94117647058824,0,0,0,0,48,0,34.7826086956522,42.8571428571429,0,3.125,0,0,0,0,40.7407407407407
"NC_059184.1.800742.800743",0,0,47.0588235294118,0,50,4.54545454545455,38.0952380952381,42.8571428571429,0,0,0,3.57142857142857,0,0,0,0,0,0,0,57.6923076923077,0,42.8571428571429,51.8518518518519,0,3.2258064516129,0,0,0,0,35.4838709677419
"NC_059184.1.800752.800753",0,0,41.1764705882353,0,56.25,4.76190476190476,40.9090909090909,42.8571428571429,0,0,0,3.44827586206897,0,0,0,0,0,0,0,51.8518518518519,0,40,51.8518518518519,0,3.33333333333333,0,0,0,0,40
"NC_059184.1.800770.800771",0,0,47.0588235294118,4,50,5.26315789473684,30,35.7142857142857,0,0,5,6.25,0,0,0,0,0,6.25,0,53.8461538461538,0,56.25,44.4444444444444,0,0,0,0,0,0,40
"NC_059184.1.800787.800788",0,0,52.6315789473684,0,52.9411764705882,0,26.3157894736842,28.5714285714286,0,0,0,3.03030303030303,0,0,0,0,0,17.6470588235294,0,56,0,56.25,42.3076923076923,0,7.40740740740741,3.44827586206897,0,0,0,35.4838709677419
"NC_059184.1.800799.800800",0,0,52.6315789473684,0,40,0,26.3157894736842,30.7692307692308,0,0,0,2.94117647058824,13.6363636363636,0,2.85714285714286,0,0,38.8888888888889,2.4390243902439,58.3333333333333,0,50,46.1538461538462,0,15.3846153846154,3.57142857142857,0,0,0,32.1428571428571
"NC_059184.1.800813.800814",0,0,47.0588235294118,0,50,0,31.5789473684211,25,0,0,0,3.125,23.8095238095238,5.88235294117647,5.88235294117647,0,4.54545454545455,60,25,61.9047619047619,10,50,37.037037037037,0,40,22.2222222222222,0,0,0,41.3793103448276
"NC_059184.1.800826.800827",0,8.33333333333333,56.25,0,53.3333333333333,0,45,25,0,10.5263157894737,3.57142857142857,6.25,47.3684210526316,0,21.2121212121212,0,0,60,21.0526315789474,57.1428571428571,15,55.5555555555556,38.4615384615385,11.1111111111111,50,23.0769230769231,0,0,3.57142857142857,50
"NC_059184.1.800844.800845",0,0,50,4.54545454545455,60,5.55555555555556,52.6315789473684,30.7692307692308,23.5294117647059,42.1052631578947,3.44827586206897,6.25,50,16.6666666666667,32.1428571428571,5.55555555555556,15,58.8235294117647,26.3157894736842,57.8947368421053,20,50,38.4615384615385,23.5294117647059,47.3684210526316,31.0344827586207,17.6470588235294,23.0769230769231,12.5,38.7096774193548
"NC_059184.1.1306505.1306506",0,0,40,0,0,0,0,0,27.2727272727273,0,0,3.84615384615385,21.0526315789474,0,0,0,0,0,0,0,0,0,6.25,0,0,0,0,0,0,0
"NC_059184.1.1306511.1306512",0,0,43.75,10,0,0,0,0,0,0,0,0,0,0,0,5.26315789473684,0,0,0,0,0,4.76190476190476,0,0,0,0,0,0,0,0
"NC_059184.1.1893100.1893101",0,0,47.0588235294118,0,0,0,0,0,0,0,0,0,0,0,0,0,0,0,0,0,0,0,0,0,0,0,0,0,0,0
"NC_059184.1.5871106.5871107",0,0,50,0,0,0,0,5.55555555555556,0,0,0,0,0,0,0,2.85714285714286,0,0,0,0,0,4.16666666666667,0,4.16666666666667,0,0,5.26315789473684,0,0,0
"NC_059184.1.5871116.5871117",0,0,50,0,0,0,0,5.55555555555556,0,9.52380952380952,4.16666666666667,0,0,0,0,0,0,5.88235294117647,0,0,0,0,0,4.16666666666667,0,5.26315789473684,0,0,0,0
"NC_059184.1.5871128.5871129",0,7.14285714285714,50,0,0,15,7.69230769230769,5.55555555555556,0,18.1818181818182,4,3.2258064516129,10,8.33333333333333,7.69230769230769,9.09090909090909,5.55555555555556,0,0,5.88235294117647,0,4.34782608695652,0,4,4.76190476190476,9.52380952380952,5,13.3333333333333,8.69565217391304,4.16666666666667
"NC_059184.1.10271672.10271673",0,0,31.5789473684211,0,0,0,0,0,13.3333333333333,0,0,0,0,0,3.7037037037037,0,0,0,0,0,0,0,0,4.34782608695652,0,0,0,0,0,0
"NC_059184.1.10271734.10271735",0,0,56.25,0,0,0,0,0,0,0,0,0,0,0,0,0,0,0,0,5,0,0,0,0,3.2258064516129,0,0,10,0,0
"NC_059184.1.10271756.10271757",0,0,62.5,0,0,0,0,0,0,0,0,0,0,0,0,0,0,0,0,0,0,0,0,3.57142857142857,3.44827586206897,0,0,0,0,0
"NC_059184.1.12256735.12256736",0,0,30.7692307692308,0,55,0,0,0,9.09090909090909,5,0,4.16666666666667,0,7.14285714285714,12.5,47.0588235294118,4.54545454545455,0,4.16666666666667,0,0,0,5.88235294117647,4.54545454545455,0,0,5.88235294117647,45,0,33.3333333333333
"NC_059185.1.212486.212487",0,3.7037037037037,11.5384615384615,0,12,4.34782608695652,0,8.33333333333333,0,20,33.3333333333333,0,0,0,16.6666666666667,0,0,5.88235294117647,0,8,0,9.09090909090909,5.88235294117647,4.76190476190476,0,0,0,11.1111111111111,7.14285714285714,0
"NC_059185.1.1475938.1475939",0,3.84615384615385,63.1578947368421,0,63.6363636363636,9.09090909090909,0,0,0,57.1428571428571,38.8888888888889,50,0,0,16.1290322580645,0,0,0,3.7037037037037,7.69230769230769,36.8421052631579,45.4545454545455,45.8333333333333,0,0,13.3333333333333,35.2941176470588,90,50,96.1538461538462
"NC_059185.1.1724932.1724933",0,0,47.0588235294118,0,0,0,0,0,0,0,0,0,0,0,4.54545454545455,0,0,0,4,0,0,0,0,0,6.66666666666667,4.34782608695652,0,0,0,0
"NC_059185.1.4302277.4302278",0,0,57.1428571428571,0,0,0,0,0,0,0,0,0,0,0,0,0,0,0,0,0,0,0,0,0,0,0,0,5,0,13.3333333333333
"NC_059185.1.11159209.11159210",10,0,42.1052631578947,0,0,0,0,0,0,0,0,0,0,0,0,0,0,0,0,0,0,0,0,5.88235294117647,0,0,0,0,0,0
"NC_059185.1.11653619.11653620",0,0,22.7272727272727,100,0,48,0,47.3684210526316,0,0,52.3809523809524,0,53.3333333333333,60,0,50,44.4444444444444,0,97.2972972972973,0,0,81.8181818181818,41.6666666666667,45.4545454545455,0,100,44.8275862068966,67.8571428571429,47.8260869565217,93.75
"NC_059186.1.179249.179250",0,0,50,0,0,0,0,0,0,0,0,0,0,0,3.57142857142857,0,5.26315789473684,53.8461538461538,0,0,0,0,0,0,0,0,0,0,0,0
"NC_059186.1.367667.367668",0,0,58.8235294117647,0,0,0,0,0,5.88235294117647,0,0,0,64,0,0,0,0,0,0,0,0,0,0,0,0,0,0,0,0,0
"NC_059186.1.367677.367678",0,0,58.8235294117647,0,0,0,9.09090909090909,0,0,0,0,0,64,0,0,4.54545454545455,0,0,0,0,0,0,0,0,0,0,0,0,0,0
"NC_059186.1.2883570.2883571",0,10.5263157894737,40,20,14.2857142857143,0,17.3913043478261,38.0952380952381,28.5714285714286,25,0,11.7647058823529,22.7272727272727,4,25,20.6896551724138,25,0,8.33333333333333,16.6666666666667,26.3157894736842,25.7142857142857,24.1379310344828,12.5,18.5185185185185,22.2222222222222,37.037037037037,10.8108108108108,10.5263157894737,0
"NC_059186.1.4005582.4005583",5.88235294117647,0,19.6428571428571,16.6666666666667,17.6470588235294,8.82352941176471,24.3243243243243,0,33.3333333333333,29.2682926829268,2.17391304347826,22.7272727272727,0,31.8181818181818,0,0,21.7391304347826,25,4.54545454545455,15.9420289855072,23.6842105263158,17.3076923076923,19.3548387096774,17.9487179487179,0,24.6575342465753,20,35.7142857142857,12.6984126984127,0
"NC_059186.1.8310801.8310802",0,0,35.7142857142857,35.7142857142857,0,58.8235294117647,60,4.54545454545455,30,0,0,59.0909090909091,0,0,56.25,0,0,0,62.962962962963,45,33.3333333333333,0,0,43.4782608695652,95.4545454545455,0,0,0,0,5.26315789473684
"NC_059186.1.8310813.8310814",0,10,35.7142857142857,35.7142857142857,0,47.3684210526316,66.6666666666667,4.16666666666667,45,9.09090909090909,0,63.6363636363636,6.66666666666667,14.2857142857143,52.6315789473684,3.84615384615385,13.6363636363636,0,64,42.1052631578947,38.0952380952381,0,0,47.8260869565217,86.3636363636364,0,0,0,0,5
"NC_059186.1.8350269.8350270",0,4.16666666666667,15.7894736842105,0,0,11.1111111111111,0,9.52380952380952,0,6.25,0,5.55555555555556,0,4.76190476190476,4.16666666666667,20,6.25,0,0,0,3.57142857142857,0,0,30.4347826086957,0,0,0,9.09090909090909,4.16666666666667,5.88235294117647
"NC_059186.1.8350289.8350290",5.26315789473684,4.54545454545455,22.2222222222222,0,0,0,7.14285714285714,13.0434782608696,0,0,7.69230769230769,5,10.5263157894737,0,7.69230769230769,15.7894736842105,0,4.34782608695652,0,0,0,0,0,36.3636363636364,0,0,3.84615384615385,0,0,5.88235294117647
"NC_059186.1.8622098.8622099",4.16666666666667,0,41.1764705882353,10,0,35.2941176470588,53.3333333333333,43.75,60,0,0,0,25,5.26315789473684,61.9047619047619,50,96.2962962962963,0,95.6521739130435,57.6923076923077,0,42.8571428571429,0,0,4.16666666666667,0,0,40,55.5555555555556,0
"NC_059186.1.8963755.8963756",0,0,56.25,44.4444444444444,0,6.25,43.75,0,50,0,0,0,50,0,46.1538461538462,36,95.6521739130435,0,90.9090909090909,0,0,0,0,0,0,0,42.8571428571429,3.84615384615385,8,0
"NC_059186.1.8963788.8963789",0,0,52.9411764705882,85.7142857142857,0,5.55555555555556,47.3684210526316,4.34782608695652,53.3333333333333,4.16666666666667,45.4545454545455,0,55.5555555555556,0,46.6666666666667,44,96.2962962962963,4.16666666666667,97.2222222222222,52.6315789473684,0,0,0,0,0,0,46.6666666666667,0,3.84615384615385,0
"NC_059186.1.9605177.9605178",11.7647058823529,0,33.3333333333333,0,0,0,0,47.3684210526316,0,0,3.44827586206897,0,0,0,0,33.3333333333333,0,37.5,0,26.3157894736842,0,44,0,0,28.5714285714286,42.8571428571429,0,28,32.1428571428571,0
"NC_059186.1.10803077.10803078",0,0,50,100,100,35.7142857142857,0,0,42.1052631578947,21.4285714285714,70,0,38.4615384615385,61.5384615384615,43.4782608695652,93.75,92.8571428571429,33.3333333333333,0,61.5384615384615,42.8571428571429,46.1538461538462,0,62.5,47.0588235294118,56.25,53.8461538461538,56.25,43.3333333333333,33.3333333333333
"NC_059186.1.11648147.11648148",0,0,35.7142857142857,0,7.14285714285714,0,0,0,0,0,0,0,0,6.25,0,0,0,0,0,0,0,0,0,0,0,0,0,0,0,0
"NC_059187.1.769872.769873",8.33333333333333,0,53.3333333333333,0,50,91.6666666666667,0,11.1111111111111,60,26.6666666666667,0,61.9047619047619,31.25,47.3684210526316,0,80,5.88235294117647,50,0,100,94.7368421052632,77.7777777777778,27.2727272727273,90,90,47.0588235294118,41.1764705882353,4.54545454545455,45,0
"NC_059187.1.879412.879413",0,0,47.8260869565217,0,0,0,42.8571428571429,21.4285714285714,0,0,5.88235294117647,0,7.14285714285714,22.7272727272727,0,0,33.3333333333333,52,0,4.16666666666667,0,44,4.54545454545455,0,0,30,0,0,36.3636363636364,0
"NC_059187.1.2565954.2565955",0,0,46.6666666666667,4,0,0,0,0,0,33.3333333333333,10.5263157894737,5,8.69565217391304,0,0,0,0,0,0,0,0,13.3333333333333,0,0,13.3333333333333,0,13.0434782608696,0,0,0
"NC_059187.1.2711243.2711244",0,0,33.3333333333333,0,25,23.5294117647059,0,76.9230769230769,30,0,0,0,0,6.25,7.69230769230769,0,0,0,0,31.25,26.0869565217391,47.0588235294118,57.1428571428571,19.047619047619,0,30.4347826086957,100,0,4.54545454545455,61.9047619047619
"NC_059187.1.2711245.2711246",0,0,33.3333333333333,0,54.5454545454545,29.4117647058824,0,78.5714285714286,35,0,0,0,0,0,7.69230769230769,3.84615384615385,0,0,0,37.5,29.1666666666667,50,65,14.2857142857143,0,34.7826086956522,95,0,4.54545454545455,66.6666666666667
"NC_059187.1.2711269.2711270",0,0,31.25,0,60,26.6666666666667,5.26315789473684,83.3333333333333,30,0,0,0,11.7647058823529,0,3.33333333333333,0,0,0,5,31.5789473684211,19.2307692307692,37.5,63.6363636363636,22.7272727272727,0,40,100,0,4.16666666666667,73.6842105263158
"NC_059187.1.2949333.2949334",0,0,57.1428571428571,0,64.2857142857143,0,0,0,0,0,0,0,7.14285714285714,4.16666666666667,0,0,0,0,0,0,0,0,0,0,0,0,0,0,0,0
"NC_059187.1.2949347.2949348",0,0,62.5,4.76190476190476,66.6666666666667,0,0,0,0,5.26315789473684,5.26315789473684,0,0,0,0,0,0,0,0,0,0,0,0,0,0,0,19.047619047619,0,0,0
"NC_059187.1.2949352.2949353",0,0,37.5,10,71.4285714285714,0,0,0,0,0,0,0,0,0,0,0,0,0,0,0,0,5.26315789473684,0,0,0,0,9.52380952380952,0,0,0
"NC_059187.1.2949372.2949373",0,0,58.8235294117647,36.3636363636364,66.6666666666667,0,7.14285714285714,0,0,5.88235294117647,0,0,0,0,7.69230769230769,0,0,0,0,0,0,17.6470588235294,0,0,4,33.3333333333333,25,0,0,0
"NC_059187.1.2949443.2949444",0,6.25,83.3333333333333,36.3636363636364,44.4444444444444,40,36.3636363636364,9.09090909090909,0,27.7777777777778,0,0,0,0,12.5,0,0,0,0,0,0,46.6666666666667,0,0,28.5714285714286,28.5714285714286,30,11.7647058823529,5.26315789473684,0
"NC_059187.1.3770294.3770295",6.66666666666667,5,33.3333333333333,9.09090909090909,28.5714285714286,25,93.3333333333333,27.2727272727273,0,84.2105263157895,92.8571428571429,0,52.9411764705882,33.3333333333333,34.6153846153846,47.3684210526316,12.5,20,13.7931034482759,5.55555555555556,40,11.1111111111111,52.3809523809524,21.7391304347826,13.3333333333333,95,56.25,15.3846153846154,44.4444444444444,80
"NC_059187.1.6619864.6619865",0,0,36.8421052631579,0,0,0,0,0,0,0,0,0,0,0,34.6153846153846,0,0,0,0,0,0,0,0,0,0,0,0,0,0,0
"NC_059187.1.9316759.9316760",0,9.52380952380952,33.3333333333333,0,38.0952380952381,0,0,56.25,0,0,4,0,95.4545454545455,0,51.3513513513514,96.2962962962963,39.2857142857143,26.6666666666667,53.3333333333333,0,50,90.4761904761905,4,94.2857142857143,51.7241379310345,0,55,75,0,48
"NC_059187.1.9325679.9325680",0,0,46.1538461538462,21.4285714285714,85.7142857142857,29.4117647058824,11.1111111111111,70.5882352941177,4.16666666666667,40,47.3684210526316,0,9.52380952380952,0,52.6315789473684,38.4615384615385,57.1428571428571,30,44,0,13.3333333333333,60,0,29.1666666666667,81.8181818181818,50,76.4705882352941,69.2307692307692,0,0
"NC_059188.1.918537.918538",0,0,28.5714285714286,4.34782608695652,31.5789473684211,0,76.1904761904762,33.3333333333333,0,41.6666666666667,41.6666666666667,5.55555555555556,3.84615384615385,57.1428571428571,2.85714285714286,0,3.7037037037037,0,43.9024390243902,41.3793103448276,41.3793103448276,32.1428571428571,37.5,48.6486486486486,33.3333333333333,41.1764705882353,42.8571428571429,3.2258064516129,31.0344827586207,50
"NC_059188.1.928937.928938",4.54545454545455,0,26.3157894736842,0,0,8.69565217391304,4.16666666666667,41.6666666666667,0,3.2258064516129,5.88235294117647,11.1111111111111,51.7241379310345,4,0,6.89655172413793,10.7142857142857,0,3.03030303030303,5.26315789473684,3.57142857142857,4.34782608695652,0,20.6896551724138,35.4838709677419,5.40540540540541,7.14285714285714,0,33.3333333333333,7.14285714285714
"NC_059188.1.1919826.1919827",0,0,26.6666666666667,0,0,0,0,0,0,0,0,0,0,4.54545454545455,0,0,0,0,3.2258064516129,26.0869565217391,0,0,0,0,0,0,0,33.3333333333333,0,0
"NC_059188.1.2200710.2200711",0,0,27.2727272727273,0,0,0,60,0,0,41.1764705882353,100,26.6666666666667,0,0,60,0,0,82.3529411764706,62.5,0,0,41.6666666666667,0,0,0,58.3333333333333,94.4444444444444,61.9047619047619,56.25,0
"NC_059188.1.7708745.7708746",0,0,22.7272727272727,14.2857142857143,0,14.2857142857143,0,50,5.88235294117647,14.2857142857143,12.5,0,0,7.69230769230769,3.44827586206897,4,11.1111111111111,0,0,10,9.52380952380952,0,9.67741935483871,0,0,6.06060606060606,8.69565217391304,27.2727272727273,0,0
"NC_059188.1.13452579.13452580",0,0,31.25,0,0,0,0,64.2857142857143,0,35.2941176470588,0,46.1538461538462,35.2941176470588,4.54545454545455,5.26315789473684,5.26315789473684,0,42.8571428571429,0,0,52,0,80.9523809523809,50,47.3684210526316,70.8333333333333,56.5217391304348,0,39.1304347826087,0
"NC_059189.1.154628.154629",0,0,31.25,0,0,0,0,0,0,0,0,0,0,13.0434782608696,25,0,0,0,0,9.52380952380952,0,0,0,0,0,0,0,0,13.7931034482759,0
"NC_059189.1.154639.154640",0,0,22.2222222222222,0,0,0,0,0,0,0,0,0,0,13.0434782608696,19.3548387096774,0,0,0,0,13.6363636363636,0,0,0,0,0,0,0,2.94117647058824,14.2857142857143,0
"NC_059189.1.154644.154645",0,0,27.7777777777778,0,8.69565217391304,0,0,0,4.76190476190476,0,0,0,0,13.0434782608696,22.5806451612903,0,0,0,0,9.09090909090909,0,0,0,0,0,0,0,0,11.1111111111111,0
"NC_059189.1.1544716.1544717",0,0,24,3.7037037037037,0,0,0,11.1111111111111,0,0,3.84615384615385,20.6896551724138,0,0,5.26315789473684,0,21.2121212121212,5.55555555555556,22.8571428571429,0,0,25,32.5,0,0,0,2.7027027027027,17.2413793103448,0,3.7037037037037
"NC_059189.1.7541369.7541370",0,0,17.3913043478261,0,0,0,0,0,0,0,0,0,0,0,0,2.85714285714286,0,0,0,0,2.77777777777778,21.4285714285714,0,0,0,35.7142857142857,0,2.32558139534884,4.34782608695652,0
"NC_059189.1.7541541.7541542",0,0,28,0,3.03030303030303,0,0,0,0,0,0,0,0,0,0,0,0,7.69230769230769,0,0,3.57142857142857,37.5,3.57142857142857,0,4.16666666666667,0,3.2258064516129,0,0,0
"NC_059189.1.7541563.7541564",3.125,0,38.4615384615385,0,0,0,0,0,0,0,0,0,0,0,2.94117647058824,0,0,3.57142857142857,0,0,3.33333333333333,44.4444444444444,3.84615384615385,0,3.44827586206897,0,3.2258064516129,0,0,0
"NC_059189.1.9151389.9151390",0,0,47.0588235294118,23.0769230769231,0,3.84615384615385,0,53.8461538461538,0,37.1428571428571,0,9.67741935483871,23.5294117647059,0,35.8974358974359,0,0,0,0,0,0,8.69565217391304,4.76190476190476,0,0,85.7142857142857,26.3157894736842,0,0,0
"NC_059189.1.9151496.9151497",0,0,47.0588235294118,0,0,57.1428571428571,0,85.7142857142857,0,0,0,0,66.6666666666667,33.3333333333333,44.7368421052632,0,45,0,0,5.40540540540541,0,52.3809523809524,4.76190476190476,4,42.3076923076923,86.4864864864865,4,47.2222222222222,0,0
"NC_059189.1.9151561.9151562",0,3.33333333333333,57.1428571428571,0,0,0,0,95,0,60.6060606060606,0,0,50,36.8421052631579,40,0,36.6666666666667,0,0,0,0,30,6.25,8.57142857142857,27.2727272727273,90.3225806451613,11.1111111111111,59.4594594594595,0,0
"NC_059189.1.10953124.10953125",0,0,24.4897959183673,0,5.26315789473684,0,22.2222222222222,3.92156862745098,0,0,0,1.49253731343284,0,0,1.66666666666667,1.2987012987013,8.92857142857143,0,14,0,1.66666666666667,1.81818181818182,5.88235294117647,22,0,0,20,19.2307692307692,2.63157894736842,1.72413793103448
"NC_059190.1.1393364.1393365",0,0,25,0,0,0,0,0,0,0,0,0,0,0,0,4,0,0,3.44827586206897,0,0,0,0,0,0,0,0,0,0,0
"NC_059190.1.1858697.1858698",0,0,60,40,0,50,0,53.3333333333333,0,0,33.3333333333333,34.375,46.6666666666667,36.3636363636364,50,63.1578947368421,0,46.1538461538462,23.0769230769231,0,0,5.55555555555556,47.6190476190476,42.1052631578947,5,0,40,0,46.6666666666667,0
"NC_059190.1.3147629.3147630",0,4.16666666666667,41.6666666666667,41.6666666666667,0,45.4545454545455,18.75,56.25,0,35,0,0,45.8333333333333,0,0,0,50,0,0,3.2258064516129,0,0,0,37.037037037037,62.5,67.8571428571429,0,2.94117647058824,37.5,4.54545454545455
"NC_059190.1.3147633.3147634",0,4.16666666666667,41.6666666666667,45.4545454545455,0,40.9090909090909,18.75,68.75,0,35,0,0,45.8333333333333,0,0,0,50,0,0,0,0,3.7037037037037,0,33.3333333333333,56.6666666666667,66.6666666666667,0,0,37.5,0
"NC_059190.1.4172594.4172595",0,0,84.6153846153846,41.6666666666667,100,100,33.3333333333333,8.33333333333333,68.75,41.6666666666667,0,7.14285714285714,90,0,0,0,45.4545454545455,38.0952380952381,4.16666666666667,61.1111111111111,9.09090909090909,42.8571428571429,14.2857142857143,0,38.8888888888889,42.1052631578947,93.3333333333333,50,89.2857142857143,5
"NC_059190.1.4711558.4711559",0,3.33333333333333,14.2857142857143,0,2.38095238095238,0,0,0,0,0,2.5,3.7037037037037,0,0,0,0,0,3.57142857142857,0,0,0,0,0,0,0,0,0,0,0,5
"NC_059190.1.5038240.5038241",0,0,16.6666666666667,0,0,4.34782608695652,0,0,11.1111111111111,0,0,0,6.89655172413793,3.125,35.7142857142857,3.57142857142857,36.8421052631579,0,2.85714285714286,0,8.10810810810811,0,27.5862068965517,0,0,0,20.5882352941176,2.85714285714286,2.56410256410256,0
"NC_059191.1.1760319.1760320",0,0,42.1052631578947,42.1052631578947,50,0,47.3684210526316,0,0,0,51.8518518518519,84,0,50,43.75,0,53.8461538461538,52.9411764705882,0,47.8260869565217,92.3076923076923,0,0,0,0,52.1739130434783,0,100,59.2592592592593,0
"NC_059191.1.1860160.1860161",0,0,40.7407407407407,0,0,0,0,0,0,0,0,0,0,57.1428571428571,54.1666666666667,0,0,0,0,5.26315789473684,0,0,0,0,0,2.85714285714286,0,0,0,0
"NC_059191.1.5462627.5462628",0,5.55555555555556,23.5294117647059,0,4.16666666666667,4.34782608695652,0,0,0,0,0,0,0,0,0,0,0,8.33333333333333,0,0,0,0,0,0,0,0,0,0,0,0
"NW_025533121.1.47766.47767",0,7.69230769230769,20,2.7027027027027,0,0,0,0,0,0,24,0,0,2.63157894736842,0,4.54545454545455,0,0,0,4,13.6363636363636,0,12.5,12.5,0,0,0,3.44827586206897,0,0
"NW_025533130.1.190703.190704",6.66666666666667,4.16666666666667,12.9032258064516,5.88235294117647,23.0769230769231,25.9259259259259,0,16.6666666666667,3.7037037037037,22.2222222222222,0,34.6153846153846,0,17.3913043478261,10.3448275862069,0,0,4.76190476190476,23.5294117647059,21.4285714285714,0,6.66666666666667,0,8,18.1818181818182,5.55555555555556,0,4.76190476190476,18.5185185185185,15.3846153846154
"NW_025533130.1.190723.190724",6.66666666666667,8.33333333333333,12.9032258064516,5.88235294117647,23.0769230769231,25.9259259259259,0,16.6666666666667,3.7037037037037,22.2222222222222,0,34.6153846153846,0,30.4347826086957,10.3448275862069,11.4285714285714,4.34782608695652,0,26.4705882352941,42.8571428571429,0,6.66666666666667,0,8,18.1818181818182,5.55555555555556,0,6.34920634920635,18.5185185185185,15.3846153846154
"NW_025533130.1.221387.221388",8.82352941176471,11.7647058823529,15,7.14285714285714,12.9032258064516,20,17.6470588235294,18.1818181818182,0,8.82352941176471,4.34782608695652,17.8571428571429,31.25,9.09090909090909,13.5135135135135,8.33333333333333,6.45161290322581,43.75,7.14285714285714,0,22.2222222222222,0,12.7659574468085,9.52380952380952,0,16,3.7037037037037,0,4.76190476190476,13.6363636363636
"NW_025533149.1.30776.30777",5.88235294117647,4.34782608695652,23.8095238095238,11.5384615384615,4.34782608695652,11.1111111111111,21.0526315789474,5,30,7.40740740740741,7.14285714285714,5.88235294117647,4.76190476190476,6.89655172413793,0,0,3.33333333333333,3.03030303030303,6.89655172413793,4.65116279069767,3.33333333333333,0,10,2.27272727272727,14.2857142857143,8.82352941176471,0,0,4,3.2258064516129
"NW_025533175.1.34706.34707",5.88235294117647,4.34782608695652,12.5,11.1111111111111,4.6875,9.52380952380952,4.34782608695652,0,7.69230769230769,20.4545454545455,5.55555555555556,10.7142857142857,3.44827586206897,0,30.6122448979592,6.06060606060606,3.44827586206897,28.5714285714286,3.2258064516129,3.125,7.14285714285714,2.63157894736842,0,0,11.1111111111111,15.7894736842105,0,10.8108108108108,2.32558139534884,3.03030303030303
"NW_025533264.1.17090.17091",2,0,18.75,0,0,0,0,0,0,0,1.42857142857143,0,0,0,0,0,0,0,0,0,0,0,2.22222222222222,0,0,2.27272727272727,0,0,0,0
"NW_025533362.1.27278.27279",5.12820512820513,3.2258064516129,21.6216216216216,0,0,22.2222222222222,0,0,20,2.32558139534884,23.5294117647059,0,3.2258064516129,0,4.34782608695652,10,10,9.09090909090909,6.89655172413793,20,12.7272727272727,0,2.17391304347826,15.625,3.2258064516129,0,20.5128205128205,11.7021276595745,24.2424242424242,17.9487179487179
"NW_025533412.1.4730.4731",0,0,15,0,10,0,0,0,0,0,0,0,0,0,0,0,25.9259259259259,0,0,0,6.66666666666667,0,0,0,0,0,0,0,0,0
"NC_059182.1.882223.882224",0,0,0,12,39.1304347826087,20,20,0,0,0,0,17.5,0,0,0,5.26315789473684,35.7142857142857,0,0,0,0,26.0869565217391,32.1428571428571,0,10.5263157894737,0,38.0952380952381,0,0,0
"NC_059182.1.2751722.2751723",0,0,0,36.8421052631579,0,0,61.5384615384615,0,0,0,4.34782608695652,4,0,0,5,6.66666666666667,0,0,0,53.3333333333333,0,0,0,0,57.8947368421053,34.7826086956522,0,0,0,5
"NC_059182.1.3944564.3944565",0,0,0,36.8421052631579,0,61.5384615384615,41.6666666666667,0,0,0,0,0,0,0,34.4827586206897,0,0,0,0,0,0,0,0,26.0869565217391,0,50,0,0,4.76190476190476,0
"NC_059182.1.8329285.8329286",2.12765957446809,2.27272727272727,0,18.75,8.47457627118644,15.3846153846154,5,12.9032258064516,0,0,3.92156862745098,6.25,6.89655172413793,9.30232558139535,2.85714285714286,0,0,18.1818181818182,2.04081632653061,0,2.04081632653061,0,0,7.89473684210526,33.3333333333333,2.56410256410256,20.8333333333333,0,4.8780487804878,5.26315789473684
"NC_059182.1.11381615.11381616",0,0,0,26.0869565217391,0,3.84615384615385,0,0,36.3636363636364,35.7142857142857,0,10,0,0,0,0,0,0,0,0,0,0,0,0,0,0,0,3.7037037037037,4.16666666666667,0
"NC_059183.1.3067396.3067397",6.12244897959184,0,7.69230769230769,11.1111111111111,13.0434782608696,0,5.88235294117647,5.55555555555556,3.57142857142857,6.25,13.6363636363636,0,16.6666666666667,0,6.45161290322581,10,0,0,4,18.75,10,0,0,7.14285714285714,0,0,10.3448275862069,0,0,5
"NC_059184.1.7008273.7008274",0,4.54545454545455,0,86.6666666666667,0,13.3333333333333,40,0,0,28.5714285714286,3.44827586206897,3.44827586206897,0,0,50,15.3846153846154,3.7037037037037,46.1538461538462,0,0,4.16666666666667,0,17.3913043478261,0,44,0,0,0,0,5.88235294117647
"NC_059184.1.7667067.7667068",0,0,0,15,0,0,0,0,0,12.9032258064516,0,0,0,0,0,0,0,0,0,0,0,2.94117647058824,0,0,0,0,0,0,3.57142857142857,7.40740740740741
"NC_059185.1.11589339.11589340",0,0,0,28.5714285714286,40.9090909090909,33.3333333333333,47.0588235294118,6.25,0,0,0,37.9310344827586,41.6666666666667,0,0,54.1666666666667,40,100,0,44.4444444444444,0,28.5714285714286,0,0,0,0,0,80,0,0
"NC_059185.1.11589352.11589353",0,0,0,37.5,45.4545454545455,27.2727272727273,93.75,5.55555555555556,0,0,0,57.1428571428571,33.3333333333333,0,0,57.1428571428571,40,94.1176470588235,3.33333333333333,38.8888888888889,0,28.5714285714286,0,0,0,0,0,75,0,0
"NC_059185.1.11829088.11829089",0,0,0,10,0,0,0,0,0,0,0,0,0,0,0,0,0,0,0,9.09090909090909,0,0,0,0,0,0,0,0,0,0
"NC_059185.1.13125902.13125903",4,0,7.40740740740741,14.2857142857143,16.2162162162162,20,28,17.3913043478261,35.1351351351351,0,4.8780487804878,19.5121951219512,25,13.0434782608696,16.9491525423729,15.7894736842105,13.7931034482759,33.3333333333333,0,8,10,8,0,0,12.5,0,15.1515151515152,24.6753246753247,0,13.3333333333333
"NC_059185.1.13125940.13125941",4.54545454545455,0,0,17.8571428571429,2.5,9.52380952380952,6.89655172413793,3.57142857142857,9.75609756097561,0,0,18.75,20,18.1818181818182,1.49253731343284,14.2857142857143,12.9032258064516,0,0,17.2413793103448,10,7.69230769230769,0,0,19.3548387096774,0,21.6216216216216,29.8850574712644,0,19.3548387096774
"NC_059185.1.13125962.13125963",4.16666666666667,0,0,24.1379310344828,0,18.1818181818182,0,0,2.4390243902439,0,0,20.4081632653061,26.6666666666667,17.3913043478261,0,28.5714285714286,17.1428571428571,0,0,14.8148148148148,15.1515151515152,0,0,0,20,0,22.5,11.2359550561798,0,21.2121212121212
"NC_059185.1.13125980.13125981",9.09090909090909,0,0,24.2424242424242,0,18.6046511627907,0,0,0,0,2.04081632653061,20.4545454545455,21.6216216216216,20,0,10.7142857142857,12.5,0,0,25,17.8571428571429,3.7037037037037,0,0,26.4705882352941,0,21.6216216216216,11.4942528735632,2.5,23.3333333333333
"NC_059186.1.2229969.2229970",0,0,0,29.1666666666667,0,0,0,0,0,0,0,0,0,0,0,5,0,0,0,0,0,0,0,0,3.57142857142857,0,0,0,0,0
"NC_059186.1.6075933.6075934",0,2.5,0,12.9032258064516,9.09090909090909,0,22.7272727272727,24,0,0,0,0,4.16666666666667,10.5263157894737,13.953488372093,3.7037037037037,0,4.54545454545455,0,12.5,3.33333333333333,0,0,0,8.82352941176471,0,5.88235294117647,27.2727272727273,0,7.40740740740741
"NC_059186.1.6864871.6864872",0,0,0,34.7826086956522,0,29.4117647058824,0,0,0,0,0,0,47.6190476190476,92.5925925925926,57.1428571428571,0,0,0,0,0,0,0,0,40,95.4545454545455,0,50,10,0,86.6666666666667
"NC_059186.1.8050693.8050694",0,0,0,47.0588235294118,7.14285714285714,14.2857142857143,12.5,0,0,40.9090909090909,0,7.14285714285714,0,0,0,0,0,0,3.125,0,0,0,0,0,0,0,13.3333333333333,6.66666666666667,0,0
"NC_059186.1.9074999.9075000",0,0,0,33.3333333333333,0,0,0,0,0,0,0,0,52.1739130434783,0,0,0,18.1818181818182,0,56.6666666666667,0,0,0,0,0,0,0,0,0,0,0
"NC_059186.1.9075002.9075003",0,0,0,33.3333333333333,0,0,0,0,0,0,0,5.55555555555556,36,0,0,0,22.7272727272727,0,60.7142857142857,0,0,0,0,0,7.14285714285714,0,0,0,0,0
"NC_059186.1.9075019.9075020",0,0,10,50,0,0,7.69230769230769,0,8.33333333333333,0,14.2857142857143,0,47.8260869565217,0,0,0,40,0,57.1428571428571,9.52380952380952,0,4.34782608695652,0,7.40740740740741,7.69230769230769,0,23.5294117647059,5.88235294117647,3.84615384615385,0
"NC_059186.1.9114907.9114908",0,8.69565217391304,0,20,0,0,0,31.25,0,9.09090909090909,0,3.2258064516129,4.54545454545455,0,0,5,5.88235294117647,0,0,23.5294117647059,3.125,8.69565217391304,0,10,9.67741935483871,13.6363636363636,0,13.3333333333333,0,16.6666666666667
"NC_059187.1.2360306.2360307",7.14285714285714,13.3333333333333,7.14285714285714,26.6666666666667,18.1818181818182,27.2727272727273,44.4444444444444,44.4444444444444,20,4.76190476190476,0,4.76190476190476,42.8571428571429,46.1538461538462,27.7777777777778,0,10,19.047619047619,15.3846153846154,13.3333333333333,0,5,5,38.8888888888889,5.55555555555556,68.1818181818182,16.6666666666667,60,7.14285714285714,50
"NC_059187.1.8286101.8286102",0,0,0,64.2857142857143,0,0,0,0,0,0,4.76190476190476,0,0,0,0,0,0,0,0,0,0,0,0,0,0,0,0,0,0,5.55555555555556
"NC_059187.1.10346376.10346377",0,0,7.69230769230769,27.7777777777778,0,38.8888888888889,0,0,0,5,37.5,42.8571428571429,0,0,46.1538461538462,0,0,0,0,0,0,0,0,0,0,0,0,0,5,0
"NC_059188.1.453348.453349",0,0,0,42.1052631578947,21.4285714285714,18.1818181818182,0,0,0,0,0,0,71.4285714285714,0,0,5.26315789473684,30.7692307692308,0,0,0,0,0,0,4.16666666666667,38.2352941176471,0,0,0,0,0
"NC_059188.1.514352.514353",0,0,0,44.4444444444444,0,0,0,0,0,0,0,0,0,0,9.67741935483871,0,8.33333333333333,0,0,4.16666666666667,0,12.5,0,0,0,13.3333333333333,0,6.25,0,0
"NC_059188.1.12910683.12910684",0,0,5.88235294117647,17.3913043478261,0,0,0,0,0,0,0,0,0,0,0,0,7.40740740740741,0,0,0,0,0,0,0,0,0,5.88235294117647,12.5,5.26315789473684,0
"NC_059188.1.12929134.12929135",0,0,0,30,0,0,0,0,0,47.0588235294118,0,0,0,16.6666666666667,6.66666666666667,5.55555555555556,5.88235294117647,0,5,5.26315789473684,0,0,0,0,0,0,6.66666666666667,3.84615384615385,0,0
"NC_059188.1.13450699.13450700",0,0,0,17.6470588235294,0,0,0,0,0,0,0,0,0,0,0,0,0,0,0,5.55555555555556,0,0,0,0,0,0,0,0,0,0
"NC_059189.1.1413433.1413434",0,0,0,43.75,14.2857142857143,0,33.3333333333333,0,0,13.6363636363636,0,0,13.6363636363636,15.7894736842105,4.76190476190476,0,4,5.55555555555556,0,0,8,0,0,3.7037037037037,0,3.84615384615385,6.89655172413793,0,3.84615384615385,0
"NC_059189.1.2097933.2097934",0,0,0,50,52.3809523809524,50,34.7826086956522,35.7142857142857,69.2307692307692,0,0,0,0,0,3.33333333333333,0,0,0,0,0,57.6923076923077,0,0,0,54.1666666666667,0,0,58.8235294117647,0,0
"NC_059189.1.2318652.2318653",5,0,0,50,0,0,0,0,0,17.6470588235294,33.3333333333333,0,0,42.8571428571429,0,0,0,30.4347826086957,0,0,31.8181818181818,6.66666666666667,58.8235294117647,4.76190476190476,0,0,0,31.4285714285714,52.6315789473684,6.66666666666667
"NC_059189.1.2818443.2818444",6.66666666666667,0,0,38.4615384615385,0,0,0,0,0,0,0,0,0,0,0,0,3.44827586206897,0,0,0,0,0,3.44827586206897,0,0,0,0,0,0,0
"NC_059189.1.4065562.4065563",0,0,0,23.0769230769231,0,0,0,0,0,0,0,0,0,0,0,4.76190476190476,0,0,0,0,0,0,0,0,0,0,0,0,0,0
"NC_059189.1.10320123.10320124",0,0,7.14285714285714,90,0,0,0,5.88235294117647,0,0,0,39.2857142857143,0,0,0,0,0,0,3.84615384615385,0,0,5.55555555555556,45.4545454545455,3.44827586206897,3.44827586206897,3.03030303030303,0,0,0,0
"NC_059189.1.10953299.10953300",0,0,0,11.6279069767442,21.2121212121212,0,0,2.04081632653061,0,2.04081632653061,0,2.38095238095238,2.85714285714286,0,17.8571428571429,0,12.1951219512195,0,0,0,0,2.27272727272727,20.6896551724138,22.8571428571429,0,4.25531914893617,0,0,0,0
"NC_059190.1.602877.602878",0,0,0,41.6666666666667,0,15.3846153846154,47.0588235294118,0,0,0,0,0,0,58.8235294117647,0,0,6.66666666666667,5.55555555555556,0,0,0,0,0,50,0,0,35.7142857142857,0,0,35.2941176470588
"NC_059190.1.2793222.2793223",0,0,0,52.3809523809524,0,37.5,7.69230769230769,6.25,7.69230769230769,0,0,0,9.09090909090909,0,0,4.54545454545455,5.88235294117647,0,0,0,48,0,0,0,13.6363636363636,7.14285714285714,0,0,3.7037037037037,0
"NC_059190.1.2930789.2930790",0,0,0,33.3333333333333,0,0,0,0,0,0,0,0,0,0,0,0,0,0,0,0,0,0,0,0,0,0,0,0,0,0
"NC_059190.1.3097540.3097541",0,0,0,58.8235294117647,0,32.1428571428571,0,0,0,0,0,0,45.4545454545455,0,3.03030303030303,0,38.8888888888889,0,0,0,0,0,0,0,0,0,0,0,0,0
"NC_059190.1.3267175.3267176",0,0,0,44.4444444444444,4,0,0,5.88235294117647,46.6666666666667,56.5217391304348,35.2941176470588,61.1111111111111,0,50,0,40.9090909090909,0,65,42.8571428571429,0,14.2857142857143,0,4.16666666666667,3.125,44.8275862068966,0,60,60,0,0
"NC_059190.1.9313493.9313494",0,2.77777777777778,0,13.0434782608696,0,13.6363636363636,0,0,0,0,0,0,17.6470588235294,2.27272727272727,0,0,0,0,0,2.63157894736842,1.69491525423729,0,0,0,6.45161290322581,0,0,0,6.66666666666667,0
"NC_059191.1.1648794.1648795",3.7037037037037,0,0,41.1764705882353,31.5789473684211,0,0,0,0,0,0,0,0,5,0,3.84615384615385,0,0,0,0,0,0,0,0,0,0,6.45161290322581,0,0,0
"NC_059191.1.9528225.9528226",0,0,0,9.375,0,0,0,0,0,0,0,0,0,0,0,0,0,0,0,0,0,0,0,0,0,0,0,0,0,0
"NW_025533132.1.80599.80600",1.78571428571429,0,3.2258064516129,11.5384615384615,1.69491525423729,17.2413793103448,0,0,0,6.45161290322581,8.19672131147541,14.8148148148148,0,2.63157894736842,0,13.3333333333333,16.6666666666667,12,16.6666666666667,0,4.08163265306122,0,0,0,0,3.7037037037037,0,0,0,0
"NW_025533168.1.64581.64582",5.40540540540541,0,8.33333333333333,19.047619047619,0,7.14285714285714,16.6666666666667,0,0,21.0526315789474,2.27272727272727,6.89655172413793,0,0,2.85714285714286,4.76190476190476,3.7037037037037,9.52380952380952,16.2790697674419,3.2258064516129,0,0,0,3.17460317460317,0,7.89473684210526,0,0,6.52173913043478,0
"NW_025533169.1.73514.73515",0,0,0,21.0526315789474,0,3.44827586206897,0,0,0,0,0,0,0,0,2.22222222222222,0,3.7037037037037,0,0,0,0,2.85714285714286,54.5454545454545,1.61290322580645,0,0,0,3.75,0,0
"NW_025533169.1.88745.88746",1.49253731343284,4.54545454545455,4.54545454545455,31.25,7.89473684210526,15,2.56410256410256,0,0,0,0,0,0,8.69565217391304,0,5.12820512820513,0,13.8888888888889,17.0731707317073,10.2564102564103,14.6341463414634,17.8571428571429,0,0,26.7857142857143,5.26315789473684,14.2857142857143,0,5.71428571428571,9.67741935483871
"NW_025533169.1.89518.89519",2.63157894736842,3.44827586206897,4.54545454545455,39.3939393939394,6.77966101694915,34.4827586206897,0,11.1111111111111,14.2857142857143,4.25531914893617,1.92307692307692,2.38095238095238,12.5,7.69230769230769,0,3.03030303030303,15.2173913043478,2.17391304347826,34.0909090909091,11.1111111111111,3.33333333333333,0,0,2.94117647058824,3.125,6.25,2.38095238095238,4.8780487804878,3.57142857142857,11.1111111111111
"NW_025533169.1.89604.89605",0,0,0,58.8235294117647,0,38.0952380952381,0,0,0,0,0,0,0,0,0,0,0,5.88235294117647,36.1111111111111,0,5.40540540540541,0,0,0,0,0,0,0,0,5.88235294117647
"NW_025533169.1.89690.89691",0,3.03030303030303,0,31.25,6.66666666666667,50,0,0,9.09090909090909,0,0,0,8,0,2.56410256410256,0,8.69565217391304,9.09090909090909,34.6153846153846,4.16666666666667,0,0,0,0,0,0,0,0,0,0
"NW_025533169.1.90031.90032",0,0,0,63.6363636363636,0,25,0,0,0,0,0,0,0,0,2.7027027027027,0,0,0,26.6666666666667,4.16666666666667,0,0,0,0,0,0,0,0,0,4.34782608695652
"NW_025533169.1.90116.90117",0,0,0,31.8181818181818,0,26.3157894736842,0,0,0,4.54545454545455,0,0,0,0,0,0,0,0,44.8275862068966,0,0,0,0,3.7037037037037,0,0,0,2.22222222222222,0,0
"NW_025533169.1.90138.90139",0,0,0,30,0,35,0,0,0,10.5263157894737,0,0,0,0,0,0,0,0,40,0,0,0,0,0,3.84615384615385,0,3.2258064516129,0,4.16666666666667,0
"NW_025533215.1.21790.21791",5.26315789473684,9.52380952380952,0,20.4545454545455,7.79220779220779,0,28.5714285714286,0,0,17.8571428571429,24.390243902439,0,0,8.47457627118644,20,2.94117647058824,14.2857142857143,16.6666666666667,0,9.52380952380952,12.1212121212121,0,0,18.5185185185185,8.88888888888889,4.44444444444444,0,2.17391304347826,0,17.9487179487179
"NW_025533215.1.22132.22133",8.33333333333333,7.69230769230769,0,25,0,6.66666666666667,0,0,15,0,10.3448275862069,0,18.75,0,5,4,14.2857142857143,4,5.55555555555556,4.34782608695652,0,0,0,11.1111111111111,13.0434782608696,37.5,0,7.5,0,11.7647058823529
"NW_025533332.1.10716.10717",0,0,0,16.6666666666667,44.7368421052632,31.0344827586207,20,0,50,25.9259259259259,12.5,0,0,21.4285714285714,0,0,0,50,0,76.4705882352941,66.6666666666667,3.44827586206897,0,0,0,0,3.84615384615385,0,0,5
"NW_025533332.1.29072.29073",1.78571428571429,5.88235294117647,6.25,18.1818181818182,15.3846153846154,15,12.5,0,0,9.09090909090909,5.45454545454545,2.63157894736842,0,12.5,1.58730158730159,11.1111111111111,0,26.3157894736842,1.49253731343284,2.56410256410256,0,0,6.57894736842105,5.45454545454545,7.5,12.1951219512195,0,4.83870967741935,0,4.76190476190476
"NC_059182.1.61872.61873",11.1111111111111,0,6.66666666666667,0,23.0769230769231,0,27.2727272727273,0,0,21.4285714285714,35.7142857142857,0,16.6666666666667,5,0,0,16.6666666666667,64.2857142857143,36.8421052631579,0,0,61.1111111111111,0,53.8461538461538,50,31.5789473684211,36.8421052631579,0,33.3333333333333,0
"NC_059182.1.701836.701837",0,0,0,0,23.5294117647059,0,0,0,0,0,0,0,0,0,0,0,0,0,0,0,0,0,0,0,0,0,0,0,0,0
"NC_059182.1.882260.882261",0,0,0,0,14.8148148148148,0,6.25,0,0,7.69230769230769,0,0,0,0,0,0,36.8421052631579,0,0,0,0,0,9.09090909090909,0,0,4.16666666666667,0,0,0,0
"NC_059182.1.6742159.6742160",0,0,0,0,60,0,0,0,0,7.14285714285714,0,0,0,0,45.8333333333333,0,0,0,0,0,0,0,0,0,0,0,0,0,0,0
"NC_059182.1.14407609.14407610",0,0,0,9.52380952380952,61.9047619047619,0,0,6.66666666666667,0,0,5.26315789473684,0,0,6.66666666666667,0,0,0,38.8888888888889,0,44.1176470588235,0,0,0,0,0,3.57142857142857,3.84615384615385,0,0,0
"NC_059182.1.14407633.14407634",0,7.69230769230769,7.40740740740741,0,78.9473684210526,0,0,0,0,0,12.5,6.66666666666667,5.55555555555556,7.14285714285714,0,0,5,53.3333333333333,3.33333333333333,48.4848484848485,0,5.26315789473684,0,12,9.52380952380952,0,0,70.5882352941177,6.66666666666667,0
"NC_059182.1.19026748.19026749",0,0,0,0,94.1176470588235,0,0,5,0,57.1428571428571,0,9.52380952380952,0,0,0,0,0,36.3636363636364,0,0,0,0,0,0,0,0,0,0,0,0
"NC_059183.1.3066625.3066626",0,2.27272727272727,0,0,7.27272727272727,0,0,0,3.33333333333333,1.92307692307692,16.6666666666667,6.77966101694915,0,0,6.66666666666667,2.12765957446809,3.03030303030303,8.82352941176471,8.23529411764706,7.31707317073171,1.92307692307692,12.5,0,0,6.66666666666667,5.40540540540541,1.81818181818182,1.85185185185185,1.78571428571429,2.94117647058824
"NC_059183.1.5489288.5489289",0,0,0,0,12.9032258064516,0,0,0,0,0,0,0,3.84615384615385,0,0,0,2.63157894736842,0,0,0,0,0,0,0,0,0,0,0,0,0
"NC_059183.1.9017821.9017822",0,0,0,0,55,0,0,0,0,0,0,0,0,6.25,0,0,3.2258064516129,0,0,0,0,0,0,0,0,0,0,0,0,0
"NC_059183.1.11448981.11448982",0,0,0,0,41.1764705882353,0,0,0,0,0,0,0,0,0,0,0,5.26315789473684,0,0,5,0,0,4.76190476190476,0,0,0,0,0,0,0
"NC_059183.1.16051925.16051926",0,0,0,0,62.5,0,0,0,0,0,0,0,0,0,0,0,15,0,0,0,0,0,0,0,0,0,0,0,0,0
"NC_059183.1.17942051.17942052",0,0,0,0,25,0,0,0,0,4.54545454545455,0,0,0,5.26315789473684,0,0,0,0,1.28205128205128,0,0,0,0,0,0,0,2.32558139534884,5.40540540540541,30.4347826086957,0
"NC_059183.1.17942102.17942103",0,0,0,0,23.5294117647059,0,0,0,7.14285714285714,8.69565217391304,0,0,0,4.34782608695652,0,2.85714285714286,0,42.1052631578947,22.2222222222222,13.3333333333333,0,24.2424242424242,18.9189189189189,0,0,0,2.32558139534884,27.2727272727273,29.6296296296296,2.7027027027027
"NC_059183.1.17942129.17942130",6.66666666666667,3.84615384615385,0,0,23.5294117647059,0,0,0,6.66666666666667,4.34782608695652,0,0,0,4.16666666666667,0,5.88235294117647,0,42.1052631578947,22.5352112676056,0,0,25,20.5128205128205,0,0,0,0,6.66666666666667,24,0
"NC_059184.1.792909.792910",0,0,0,0,58.3333333333333,0,35.7142857142857,43.75,0,61.5384615384615,0,96.7741935483871,36.3636363636364,40,50,100,93.75,63.6363636363636,44.1176470588235,33.3333333333333,0,52,0,0,52.6315789473684,45.4545454545455,60.7142857142857,100,100,0
"NC_059184.1.1374578.1374579",0,0,0,0,38.4615384615385,0,40,25,0,40,0,100,42.1052631578947,93.3333333333333,43.75,95.4545454545455,93.3333333333333,41.1764705882353,42.8571428571429,35.2941176470588,0,50,0,45,30.7692307692308,52.6315789473684,62.5,95.4545454545455,100,0
"NC_059184.1.3976409.3976410",0,0,0,0,50,4.34782608695652,0,0,0,0,0,0,0,0,0,0,0,0,0,0,0,0,0,6.66666666666667,0,18.75,0,9.09090909090909,7.69230769230769,0
"NC_059184.1.7948802.7948803",0,0,0,0,32.3529411764706,0,0,0,0,0,0,0,0,1.96078431372549,0,0,1.35135135135135,5.26315789473684,0,0,0,0,0,2.08333333333333,0,0,0,3.2258064516129,1.96078431372549,0
"NC_059184.1.7948860.7948861",0,2,0,0,16.2790697674419,0,0,0,0,2.17391304347826,0,0,0,0,0,0,1.38888888888889,2.5,0,2.85714285714286,0,0,0,0,0,1.72413793103448,0,0,0,0
"NC_059184.1.7948877.7948878",0,0,0,0,22.2222222222222,0,0,0,0,0,0,0,0,0,0,0,0,2.63157894736842,0,0,0,0,0,0,0,0,0,0,0,0
"NC_059184.1.12096165.12096166",0,0,0,0,6.25,0,0,0,0,0,0,0,0,6.06060606060606,0,0,0,0,0,0,0,0,0,0,1.33333333333333,0,0,0,0,0
"NC_059184.1.12256805.12256806",8.33333333333333,0,0,0,50,0,0,0,0,0,0,0,0,0,0,0,0,0,0,0,0,0,5.26315789473684,0,0,0,0,0,0,0
"NC_059186.1.9705109.9705110",0,0,2.7027027027027,2.56410256410256,16.3934426229508,0,0,0,0,0,0,0,0,2.04081632653061,0,0,2.04081632653061,0,0,0,0,0,4.54545454545455,0,0,2.7027027027027,0,0,0,0
"NC_059186.1.11665511.11665512",0,4.16666666666667,0,0,25,0,0,0,0,0,0,6.25,0,0,0,6.66666666666667,5.88235294117647,5.55555555555556,2.7027027027027,4.34782608695652,0,13.6363636363636,0,3.2258064516129,0,0,0,0,0,0
"NC_059186.1.11665538.11665539",0,0,0,4.76190476190476,16.6666666666667,11.7647058823529,5.88235294117647,0,0,16.6666666666667,7.14285714285714,6.66666666666667,4.76190476190476,0,15.1515151515152,0,15.7894736842105,0,5.71428571428571,0,5.26315789473684,15.7894736842105,5,0,5.26315789473684,0,13.3333333333333,14.2857142857143,9.67741935483871,4.16666666666667
"NC_059186.1.12244410.12244411",0,0,0,0,20,0,0,0,0,0,0,0,0,6.25,0,4.54545454545455,0,0,2.63157894736842,0,0,0,0,0,0,0,0,0,0,4.76190476190476
"NC_059187.1.531896.531897",7.14285714285714,9.09090909090909,11.7647058823529,0,45.8333333333333,20,28.5714285714286,87.5,40,5.26315789473684,26.3157894736842,45,65,89.4736842105263,69.2307692307692,56.25,41.1764705882353,23.0769230769231,5.26315789473684,5.55555555555556,5.26315789473684,30,15.3846153846154,11.7647058823529,22.7272727272727,55.5555555555556,60,92.8571428571429,66.6666666666667,53.3333333333333
"NC_059187.1.4239711.4239712",0,0,0,0,52.9411764705882,0,0,0,61.1111111111111,0,0,0,0,0,63.1578947368421,0,0,42.8571428571429,46.4285714285714,36.8421052631579,0,47.0588235294118,46.1538461538462,0,3.2258064516129,100,0,100,0,0
"NC_059187.1.5609577.5609578",0,5.88235294117647,0,0,56.25,58.3333333333333,41.6666666666667,0,50,4.54545454545455,0,45,10.5263157894737,50,50,0,0,0,0,0,50,0,7.69230769230769,0,0,0,0,7.69230769230769,45.4545454545455,0
"NC_059187.1.5609592.5609593",0,5.88235294117647,0,0,55.5555555555556,53.8461538461538,40,0,56.25,4.34782608695652,0,47.6190476190476,20,47.3684210526316,50,0,0,0,0,0,54.5454545454545,0,3.84615384615385,0,0,0,4.76190476190476,9.09090909090909,41.6666666666667,0
"NC_059187.1.5609602.5609603",0,0,0,0,61.1111111111111,50,38.4615384615385,0,56.25,0,0,42.8571428571429,25,38.8888888888889,47.3684210526316,0,0,0,0,0,52.1739130434783,3.84615384615385,0,0,0,0,5.55555555555556,8.33333333333333,38.4615384615385,0
"NC_059187.1.9975749.9975750",0,0,0,0,27.2727272727273,0,0,0,0,0,0,0,20.8333333333333,0,0,22.7272727272727,27.2727272727273,0,40.7407407407407,26.0869565217391,37.9310344827586,0,0,33.3333333333333,0,36.3636363636364,0,45.4545454545455,0,0
"NC_059188.1.5920854.5920855",0,0,0,0,39.4736842105263,4.76190476190476,0,0,0,0,0,3.2258064516129,0,0,0,0,0,0,0,0,0,0,0,26.4705882352941,3.84615384615385,0,36.6666666666667,0,0,0
"NC_059189.1.620530.620531",0,0,0,0,58.3333333333333,0,0,0,0,0,0,42.4242424242424,0,61.9047619047619,0,31.0344827586207,0,0,0,50,0,38.0952380952381,0,43.4782608695652,31.8181818181818,0,0,0,0,4
"NC_059189.1.5992382.5992383",0,0,0,0,9.23076923076923,2.4390243902439,0,0,0,0,0,2.04081632653061,0,0,0,0,0,0,0,2,0,0,0,0,0,0,0,0,0,0
"NC_059189.1.6073173.6073174",0,3.7037037037037,0,0,25,11.5384615384615,5.76923076923077,0,0,0,2.56410256410256,0,0,0,1.88679245283019,1.51515151515152,2.63157894736842,11.1111111111111,0,0,1.85185185185185,0,0,0,0,0,0,0,0,0
"NC_059189.1.6226673.6226674",0,0,0,0,37.037037037037,0,0,0,0,0,0,0,0,0,0,0,0,0,0,0,0,0,43.4782608695652,4.16666666666667,0,0,0,0,0,0
"NC_059189.1.7439262.7439263",3.57142857142857,0,6.89655172413793,0,26.0869565217391,0,0,0,3.84615384615385,2.56410256410256,0,2.4390243902439,0,2.56410256410256,0,6.25,0,3.2258064516129,3.44827586206897,3.7037037037037,3.75,0,1.16279069767442,5.12820512820513,5,8.57142857142857,1.69491525423729,4.08163265306122,0,0
"NC_059189.1.7537483.7537484",1.51515151515152,8.82352941176471,0,0,12.9032258064516,0,0,0,0,2.85714285714286,2.12765957446809,3.03030303030303,6.89655172413793,6.06060606060606,2.7027027027027,2.63157894736842,0,0,4.8780487804878,0,7.14285714285714,0,3.125,0,2.12765957446809,0,2.5,0,2.4390243902439,0
"NC_059189.1.7542397.7542398",0,0,0,0,22.2222222222222,23.5294117647059,35.2941176470588,0,0,0,0,0,0,0,0,0,0,0,0,0,0,0,0,0,0,0,0,0,0,0
"NC_059189.1.7542419.7542420",0,0,0,0,18.75,33.3333333333333,35.7142857142857,0,0,0,0,0,0,0,0,0,0,0,0,0,0,0,0,0,0,0,0,0,0,0
"NC_059189.1.7962240.7962241",0,0,0,0,50,0,0,0,5.55555555555556,50,0,0,0,0,0,0,0,0,0,0,0,7.14285714285714,58.8235294117647,0,0,0,0,4.34782608695652,0,5.55555555555556
"NC_059189.1.7962281.7962282",0,0,0,0,47.0588235294118,0,0,0,0,0,0,0,0,0,0,0,0,0,0,0,0,0,45,0,0,0,0,0,0,0
"NC_059189.1.7962301.7962302",0,0,0,0,47.0588235294118,0,0,0,0,0,0,0,0,0,3.57142857142857,0,0,0,0,4.16666666666667,0,0,47.6190476190476,0,0,0,0,0,0,0
"NC_059189.1.7962317.7962318",0,0,0,0,55.5555555555556,0,0,0,6.25,3.84615384615385,0,0,0,10,0,0,11.1111111111111,4.16666666666667,4,4.34782608695652,10,0,52.3809523809524,4,5.55555555555556,0,0,0,0,0
"NC_059189.1.9396327.9396328",0,2.7027027027027,0,0,33.3333333333333,0,0,4.16666666666667,0,0,0,0,0,0,0,0,0,0,0,0,0,0,0,0,0,0,0,0,0,0
"NC_059189.1.10281811.10281812",0,0,0,0,20,0,0,0,0,4.34782608695652,0,0,0,0,0,0,0,0,0,0,12,0,0,0,0,0,0,0,0,0
"NC_059190.1.612704.612705",0,0,0,0,88.2352941176471,0,0,0,0,0,50,0,42.1052631578947,0,0,0,47.3684210526316,4,42.1052631578947,42.1052631578947,0,0,0,43.4782608695652,0,31.25,0,0,0,0
"NC_059190.1.2926076.2926077",0,0,0,0,38.4615384615385,0,53.8461538461538,0,0,0,0,0,0,0,14.2857142857143,0,0,0,2.56410256410256,5.26315789473684,0,0,4.54545454545455,0,0,0,0,0,0,0
"NC_059190.1.3010165.3010166",0,0,0,0,48,0,0,0,0,0,0,0,0,0,0,0,0,0,0,36,0,0,0,57.6923076923077,0,5,9.09090909090909,0,0,40
"NC_059190.1.3010177.3010178",0,6.25,0,0,51.8518518518519,0,0,0,0,0,3.44827586206897,0,0,0,0,0,0,0,0,40,0,4.16666666666667,0,57.6923076923077,0,0,0,16.6666666666667,0,46.4285714285714
"NC_059190.1.4071772.4071773",0,0,0,0,52.6315789473684,0,0,0,0,0,6.66666666666667,0,0,0,0,0,0,0,4.54545454545455,0,0,3.44827586206897,5.88235294117647,0,0,0,0,0,0,0
"NC_059190.1.4071802.4071803",0,0,0,0,58.8235294117647,0,0,0,0,0,7.69230769230769,0,0,0,0,0,0,0,0,0,0,0,5,0,0,0,0,0,0,0
"NC_059190.1.4071814.4071815",0,4,0,0,52.9411764705882,0,0,0,0,0,0,4,0,0,0,0,0,0,0,0,0,0,0,0,0,0,0,0,6.25,0
"NC_059190.1.4071823.4071824",0,4,5.88235294117647,0,53.3333333333333,5.88235294117647,0,0,0,0,7.69230769230769,0,3.57142857142857,4.76190476190476,0,0,0,0,0,0,0,0,0,0,0,0,0,0,6.66666666666667,0
"NC_059191.1.4227048.4227049",0,4.8780487804878,0,0,7.2463768115942,0,12.7272727272727,0,0,9.67741935483871,0,0,0,2.32558139534884,0,0,0,3.84615384615385,0,0,0,0,10.9375,0,0,0,8.33333333333333,0,0,2.94117647058824
"NC_059191.1.7436427.7436428",0,0,0,0,92.3076923076923,0,0,0,0,5.88235294117647,47.6190476190476,0,52.1739130434783,0,0,48,47.6190476190476,0,0,47.0588235294118,0,0,5.55555555555556,0,100,0,0,0,0,0
"NC_059191.1.7436437.7436438",0,0,0,0,91.6666666666667,0,0,0,0,5.88235294117647,50,0,52.1739130434783,0,0,44,55,0,0,55.5555555555556,0,0,0,0,93.75,0,0,0,0,0
"NC_059191.1.7436448.7436449",0,5.26315789473684,0,0,90.9090909090909,0,0,0,9.09090909090909,0,47.6190476190476,0,50,0,0,45.8333333333333,55,0,0,52.9411764705882,0,0,0,0,93.3333333333333,0,0,0,0,0
"NC_059191.1.9260810.9260811",0,5.26315789473684,0,0,53.5714285714286,0,0,0,0,0,0,0,0,0,0,0,0,0,0,0,6.66666666666667,0,0,0,5,0,0,0,0,0
"NC_059191.1.9630599.9630600",0,4.34782608695652,6.66666666666667,0,26.6666666666667,0,0,0,7.69230769230769,6.25,23.0769230769231,0,0,0,0,0,0,0,20,0,4.34782608695652,9.09090909090909,0,22.7272727272727,0,0,0,0,0,11.7647058823529
"NC_059191.1.9637967.9637968",0,0,5.55555555555556,0,22.7272727272727,0,0,0,0,0,0,0,0,3.7037037037037,0,0,3.44827586206897,0,0,0,0,3.7037037037037,0,3.57142857142857,0,0,0,0,0,0
"NW_025533118.1.1010595.1010596",0,0,0,0,13.0434782608696,0,0,0,0,2.63157894736842,0,3.03030303030303,0,0,2.94117647058824,0,0,0,0,0,0,0,0,0,0,0,0,0,0,0
"NW_025533118.1.1010612.1010613",0,0,0,0,16.6666666666667,2.94117647058824,0,0,0,0,0,0,0,0,0,0,0,2.94117647058824,0,0,0,0,0,0,0,3.33333333333333,4,5.26315789473684,0,2.7027027027027
"NW_025533136.1.19075.19076",0,0,0,0,11.5384615384615,0,0,0,8.69565217391304,0,0,2.94117647058824,5.55555555555556,0,1.75438596491228,0,0,8.33333333333333,0,18.1818181818182,3.125,0,4.44444444444444,0,0,0,0,0,0,0
"NW_025533136.1.19225.19226",1.61290322580645,4.76190476190476,0,0,26.9230769230769,13.0434782608696,8,6.25,5.55555555555556,3.44827586206897,0,0,5.26315789473684,3.2258064516129,7.89473684210526,8.33333333333333,6.38297872340426,10.5263157894737,0,2.94117647058824,0,0,9.09090909090909,0,0,0,0,0,4.34782608695652,2.4390243902439
"NW_025533168.1.64731.64732",0,0,0,6.66666666666667,9.375,0,43.75,0,0,4.16666666666667,0,0,5.55555555555556,0,6.66666666666667,10.7142857142857,0,0,0,5,0,0,0,0,0,8,0,0,0,0
"NW_025533169.1.73963.73964",1.92307692307692,0,0,0,11.1111111111111,0,0,2.77777777777778,0,0,23.6363636363636,3.57142857142857,0,5.88235294117647,0,0,0,2.94117647058824,0,0,38.4615384615385,4.34782608695652,0,1.96078431372549,0,52.9411764705882,0,28.5714285714286,0,0
"NW_025533169.1.78124.78125",0,0,0,0,25.9259259259259,0,0,0,0,0,3.44827586206897,0,0,0,2.63157894736842,3.125,5.55555555555556,0,0,0,0,0,0,0,3.57142857142857,4,3.7037037037037,0,0,6.25
"NW_025533332.1.10631.10632",0,0,0,0,34.2857142857143,3.7037037037037,0,0,0,0,0,0,0,0,0,23.0769230769231,0,31.5789473684211,0,0,5,6.06060606060606,0,0,0,0,3.33333333333333,0,0,0
"NW_025533332.1.10694.10695",0,0,0,13.3333333333333,40,35.7142857142857,27.7777777777778,0,45,29.6296296296296,0,0,0,23.3333333333333,3.2258064516129,0,0,46.1538461538462,0,93.75,43.75,0,0,0,0,0,0,0,0,0
"NW_025533332.1.10887.10888",0,0,2.94117647058824,0,18.1818181818182,54.5454545454545,42.8571428571429,0,31.5789473684211,0,0,6.89655172413793,0,3.03030303030303,0,0,0,0,2.5,30.7692307692308,75,0,0,0,0,0,0,0,0,0
"NW_025533332.1.12050.12051",0,0,0,0,41.304347826087,0,33.3333333333333,0,11.7647058823529,0,0,0,0,33.3333333333333,0,0,0,36.3636363636364,0,47.8260869565217,0,0,0,0,0,0,4.34782608695652,0,0,0
"NW_025533332.1.12072.12073",0,5,0,0,41.6666666666667,40.7407407407407,40,0,23.5294117647059,4.54545454545455,0,0,0,53.5714285714286,0,0,0,38.4615384615385,2.5,52.3809523809524,14.2857142857143,0,0,2.94117647058824,0,0,0,0,0,0
"NW_025533332.1.12136.12137",9.09090909090909,5.26315789473684,0,4,36.2068965517241,41.3793103448276,30,0,23.5294117647059,4.34782608695652,2.38095238095238,0,0,50,12.5,0,0,25,0,40,77.7777777777778,0,10,0,0,0,0,0,0,0
"NW_025533332.1.12329.12330",0,3.125,0,3.44827586206897,14.7058823529412,0,14.2857142857143,0,33.3333333333333,2.32558139534884,4.44444444444444,3.7037037037037,0,20.8333333333333,6.38297872340426,26.3157894736842,5.26315789473684,25,7.89473684210526,25,0,0,6.89655172413793,2.77777777777778,2.4390243902439,0,0,27.027027027027,3.125,5
"NW_025533332.1.12394.12395",0,3.44827586206897,0,0,17.6470588235294,0,8.33333333333333,0,25,2.85714285714286,0,3.125,0,0,7.31707317073171,28.125,0,33.3333333333333,7.31707317073171,17.6470588235294,7.14285714285714,0,4.54545454545455,0,2.5,0,0,2.27272727272727,6.66666666666667,4
"NW_025533332.1.28473.28474",0,2.4390243902439,0,0,9.09090909090909,0,0,0,2.94117647058824,4.54545454545455,5.35714285714286,0,2.63157894736842,18.9189189189189,3.44827586206897,8.33333333333333,0,14.7058823529412,1.40845070422535,3.03030303030303,11.1111111111111,0,1.28205128205128,3.125,8.33333333333333,9.75609756097561,2.38095238095238,4.34782608695652,8.10810810810811,4.44444444444444
"NW_025533332.1.28644.28645",0,0,0,0,14.2857142857143,0,0,0,0,0,3.57142857142857,0,2.56410256410256,3.44827586206897,3.03030303030303,15.7894736842105,0,7.14285714285714,0,2.77777777777778,0,0,0,0,15,0,0,0,0,14.5833333333333
"NC_059182.1.347993.347994",0,0,0,0,0,46.6666666666667,0,37.5,57.1428571428571,5.26315789473684,85,0,40,93.75,51.8518518518519,90.4761904761905,41.1764705882353,86.6666666666667,0,70.5882352941177,0,53.8461538461538,0,100,10.5263157894737,40.625,60.8695652173913,53.3333333333333,90.9090909090909,0
"NC_059182.1.1956872.1956873",0,0,0,0,0,33.3333333333333,0,0,0,4,0,0,0,0,0,0,0,0,0,0,0,0,5.88235294117647,0,0,0,0,3.57142857142857,0,0
"NC_059182.1.15273061.15273062",0,0,0,0,0,16.6666666666667,0,0,0,0,0,0,0,14.2857142857143,0,0,0,0,0,0,0,0,4.34782608695652,0,0,0,0,0,0,0
"NC_059183.1.2035814.2035815",0,0,0,0,8.33333333333333,21.875,0,0,0,0,0,0,0,4.54545454545455,0,0,0,0,0,0,0,0,0,0,0,4.16666666666667,0,0,0,0
"NC_059183.1.3066711.3066712",0,1.61290322580645,3.03030303030303,5.88235294117647,6.12244897959184,22.2222222222222,1.92307692307692,0,6.06060606060606,0,15.3846153846154,19.7368421052632,3.77358490566038,11.3636363636364,8.7378640776699,6.84931506849315,1.96078431372549,7.14285714285714,9.52380952380952,4.8780487804878,1.85185185185185,3.57142857142857,0,6.06060606060606,29.8969072164948,8.82352941176471,9.52380952380952,0,1.36986301369863,6.55737704918033
"NC_059183.1.16075023.16075024",0,0,0,0,7.14285714285714,29.4117647058824,0,0,0,0,8.33333333333333,0,5.55555555555556,0,0,0,0,0,0,0,0,0,0,0,0,0,0,10.5263157894737,0,0
"NC_059183.1.18099567.18099568",0,0,0,0,0,33.3333333333333,0,0,0,4,47.3684210526316,0,0,85.7142857142857,0,70,0,35.7142857142857,0,0,0,0,0,4.16666666666667,0,62.5,58.8235294117647,43.75,16,6.25
"NC_059183.1.18386556.18386557",0,0,0,0,0,17.6470588235294,0,0,0,0,0,0,0,0,0,0,0,0,0,0,0,0,0,5.55555555555556,0,0,0,0,0,0
"NC_059183.1.18441626.18441627",0,0,0,0,0,17.6470588235294,0,47.8260869565217,0,0,5.55555555555556,33.3333333333333,0,0,0,0,0,0,0,0,0,0,0,0,0,0,0,0,0,0
"NC_059184.1.4160469.4160470",0,0,0,0,0,13.6363636363636,2.85714285714286,0,0,23.5294117647059,0,0,0,0,0,0,0,0,2.12765957446809,0,0,6.89655172413793,0,0,0,3.33333333333333,0,0,0,29.0322580645161
"NC_059184.1.12325476.12325477",5.88235294117647,0,0,0,0,43.75,5.26315789473684,0,0,0,9.09090909090909,0,0,4.54545454545455,0,0,0,0,0,0,0,0,0,0,4.16666666666667,4.76190476190476,5.88235294117647,0,5,7.14285714285714
"NC_059185.1.856204.856205",0,0,0,0,0,50,0,0,0,0,0,0,0,6.66666666666667,0,0,0,0,0,0,0,0,0,0,0,11.7647058823529,0,0,0,0
"NC_059185.1.3695424.3695425",0,0,0,0,0,17.6470588235294,0,0,0,4.34782608695652,0,0,0,0,0,0,0,0,0,4,0,0,2.85714285714286,4.76190476190476,0,0,0,0,0,0
"NC_059185.1.3969231.3969232",0,0,0,0,0,46.6666666666667,0,0,0,52.9411764705882,0,0,37.5,0,0,20,0,0,45,0,0,13.3333333333333,0,0,0,0,0,0,0,0
"NC_059185.1.10912739.10912740",0,0,7.14285714285714,0,15.3846153846154,73.3333333333333,0,20,7.69230769230769,0,61.1111111111111,12.5,4.16666666666667,0,37.9310344827586,53.8461538461538,10.5263157894737,76.4705882352941,0,0,57.1428571428571,11.7647058823529,0,5.88235294117647,54.1666666666667,22.2222222222222,8.69565217391304,4.54545454545455,0,21.4285714285714
"NC_059186.1.11649382.11649383",0,0,0,0,0,45.4545454545455,4.76190476190476,71.4285714285714,0,0,0,0,5,0,0,33.3333333333333,0,4.76190476190476,0,5.55555555555556,0,0,0,56.5217391304348,0,57.1428571428571,0,44.4444444444444,8.33333333333333,0
"NC_059186.1.11649396.11649397",0,4.34782608695652,0,7.69230769230769,0,52.3809523809524,4.76190476190476,71.4285714285714,0,0,0,0,5.26315789473684,0,0,33.3333333333333,0,5,10.3448275862069,21.0526315789474,13.3333333333333,9.52380952380952,7.14285714285714,54.1666666666667,0,75,0,43.3333333333333,50,0
"NC_059186.1.11834144.11834145",0,0,0,0,0,40.9090909090909,0,0,0,0,0,50,8,0,0,31.7073170731707,0,53.3333333333333,0,0,0,48,0,0,0,0,0,11.7647058823529,0,0
"NC_059186.1.11834169.11834170",0,0,0,0,0,42.8571428571429,0,5.88235294117647,0,0,0,45.2380952380952,0,4,0,0,0,60,0,0,0,54.5454545454545,0,0,0,0,0,0,0,3.125
"NC_059187.1.1756954.1756955",0,5.26315789473684,0,0,6.25,57.1428571428571,8.69565217391304,35.7142857142857,0,0,0,3.57142857142857,0,0,0,0,0,0,0,0,0,0,0,0,8.33333333333333,10.5263157894737,0,0,0,0
"NC_059187.1.4238245.4238246",0,9.52380952380952,9.09090909090909,6.66666666666667,0,19.047619047619,36.3636363636364,15.3846153846154,5.88235294117647,55.5555555555556,12.5,5.55555555555556,0,0,76.1904761904762,0,10.5263157894737,8,0,4.16666666666667,11.1111111111111,0,0,5.26315789473684,13.6363636363636,42.8571428571429,4.54545454545455,90.9090909090909,0,0
"NC_059187.1.5609713.5609714",0,0,0,0,5,41.1764705882353,42.1052631578947,0,0,0,0,0,0,55.5555555555556,42.4242424242424,3.84615384615385,7.14285714285714,0,7.69230769230769,0,0,0,3.44827586206897,0,0,0,8,10,0,0
"NC_059187.1.5609757.5609758",0,0,0,0,0,17.6470588235294,0,0,0,3.33333333333333,0,0,0,0,0,0,0,0,0,0,0,0,0,0,0,0,0,0,2.94117647058824,0
"NC_059189.1.487654.487655",0,0,7.69230769230769,0,0,51.7241379310345,0,0,0,66.6666666666667,0,0,46.1538461538462,0,0,0,47.8260869565217,0,33.3333333333333,5,0,0,0,3.57142857142857,0,0,0,0,0,0
"NC_059189.1.1551884.1551885",0,0,0,0,0,15,20,0,0,0,0,0,0,0,8.69565217391304,0,0,0,10.3448275862069,0,0,0,0,0,0,0,0,0,9.09090909090909,0
"NC_059189.1.2027868.2027869",0,0,0,11.7647058823529,9.09090909090909,13.0434782608696,33.3333333333333,7.69230769230769,8.33333333333333,0,0,3.7037037037037,4.76190476190476,12.5,3.125,4.54545454545455,0,0,10.7142857142857,56.5217391304348,0,6.25,4,21.0526315789474,12.5,38.8888888888889,10.5263157894737,8.33333333333333,17.2413793103448,28.5714285714286
"NC_059189.1.3694778.3694779",0,0,0,0,0,25,0,0,66.6666666666667,0,0,0,0,0,3.44827586206897,13.3333333333333,0,0,0,0,0,0,0,0,39.2857142857143,0,0,0,0,0
"NC_059189.1.5720742.5720743",0,0,0,0,5.55555555555556,36.8421052631579,40,0,0,63.6363636363636,0,0,0,0,0,0,0,0,0,0,0,73.3333333333333,0,0,0,100,41.3793103448276,50,0,0
"NC_059189.1.6538158.6538159",0,2.85714285714286,0,0,0,12.5,0,0,0,0,0,5.88235294117647,43.3333333333333,3.84615384615385,4.8780487804878,0,0,0,0,0,0,11.5384615384615,0,5.55555555555556,0,0,9.09090909090909,0,40,0
"NC_059189.1.7540343.7540344",0,0,0,0,3.2258064516129,21.2121212121212,0,0,0,0,0,0,0,0,2.85714285714286,0,0,0,0,0,0,0,0,0,0,0,0,0,0,0
"NC_059190.1.1445894.1445895",6.25,4.76190476190476,14.2857142857143,8.33333333333333,0,13.6363636363636,0,45.4545454545455,6.66666666666667,11.7647058823529,22.2222222222222,13.3333333333333,18.75,0,25,20,9.52380952380952,17.6470588235294,5.88235294117647,11.7647058823529,11.1111111111111,27.7777777777778,0,26.3157894736842,11.1111111111111,11.5384615384615,16.6666666666667,15.7894736842105,28.5714285714286,0
"NC_059190.1.4608111.4608112",0,0,0,3.125,0,10.5263157894737,0,12.1212121212121,0,3.84615384615385,0,0,0,0,2.7027027027027,0,2.17391304347826,0,3.125,32,3.2258064516129,17.3913043478261,0,0,0,0,2.85714285714286,30.3030303030303,0,8.33333333333333
"NC_059191.1.3649894.3649895",0,0,0,5.88235294117647,0,12,0,0,0,0,0,0,0,0,0,0,0,0,40.5405405405405,0,0,6.25,0,0,0,0,0,3.7037037037037,0,0
"NC_059191.1.5464231.5464232",0,0,0,0,0,29.4117647058824,0,69.5652173913043,0,2.56410256410256,0,0,0,42.1052631578947,0,0,0,0,0,3.44827586206897,0,25,0,0,0,0,0,0,0,58.8235294117647
"NC_059191.1.7174689.7174690",0,10,20,5.55555555555556,0,15.7894736842105,5.55555555555556,12.5,0,8.69565217391304,20,23.0769230769231,10,0,0,8,0,7.14285714285714,17.3913043478261,0,0,20,3.84615384615385,5,3.57142857142857,0,11.1111111111111,7.69230769230769,18.75,0
"NC_059191.1.9191102.9191103",5,8.33333333333333,0,0,0,54.5454545454545,22.2222222222222,5.88235294117647,9.09090909090909,0,5.26315789473684,0,5,0,47.3684210526316,0,4.16666666666667,0,0,0,0,0,0,0,0,0,27.2727272727273,60,8.69565217391304,3.84615384615385
"NC_059191.1.9191109.9191110",0,3.84615384615385,0,0,0,57.1428571428571,5.26315789473684,5.55555555555556,0,0,5.55555555555556,0,4.76190476190476,0,45,0,0,0,0,0,0,0,0,0,0,0,22.7272727272727,60,0,0
"NW_025533130.1.224946.224947",0,0,0,0,0,21.7391304347826,0,0,0,0,0,0,0,0,0,0,0,6.66666666666667,0,0,0,0,0,0,0,4.76190476190476,50,0,0,0
"NW_025533136.1.29097.29098",1.51515151515152,3.84615384615385,0,0,0,5.33333333333333,4.47761194029851,5.40540540540541,19.4444444444444,0,1.88679245283019,2.08333333333333,11.1111111111111,8.53658536585366,0,8.82352941176471,4.34782608695652,15.3846153846154,11.3924050632911,19.7183098591549,5.35714285714286,16.2790697674419,1.26582278481013,6.89655172413793,11.7647058823529,18.75,6.81818181818182,8.33333333333333,8.79120879120879,11.2676056338028
"NW_025533136.1.29119.29120",4,4.65116279069767,0,3.7037037037037,4.34782608695652,6.25,12.7272727272727,3.125,17.2413793103448,0,2.17391304347826,0,12.5,11.1111111111111,4.70588235294118,11.5384615384615,2.77777777777778,15,11.4754098360656,22.9508196721311,4.44444444444444,23.5294117647059,0,5.35714285714286,17.3913043478261,22.2222222222222,6.97674418604651,3.84615384615385,14.6666666666667,18.0327868852459
"NW_025533332.1.29566.29567",0,6,0,0,2.4390243902439,19.047619047619,11.1111111111111,0,0,0,0,1.78571428571429,0,13.0434782608696,0,18.3673469387755,2.08333333333333,16.6666666666667,0,0,0,0,1.23456790123457,2.53164556962025,0,0,0,0,4.65116279069767,0
"NC_059182.1.1533023.1533024",6.25,0,0,0,0,0,83.3333333333333,43.75,0,0,27.2727272727273,8.33333333333333,78.2608695652174,60,72.4137931034483,57.8947368421053,66.6666666666667,60,10.5263157894737,51.8518518518519,35.7142857142857,6.66666666666667,0,0,0,0,0,0,8.69565217391304,66.6666666666667
"NC_059182.1.1533043.1533044",0,0,0,0,0,0,80,0,0,0,27.2727272727273,0,36,46.6666666666667,44.8275862068966,45,60,45,0,40,7.69230769230769,0,0,0,0,0,0,0,0,0
"NC_059182.1.1956903.1956904",0,8,0,0,0,0,15,0,0,4.34782608695652,0,0,6.25,0,0,0,0,0,4.16666666666667,0,6.25,11.1111111111111,14.2857142857143,0,0,0,0,14.2857142857143,27.2727272727273,6.66666666666667
"NC_059182.1.11370576.11370577",0,0,0,0,0,0,35.7142857142857,0,0,0,5,0,0,0,0,0,0,0,0,0,0,0,0,0,0,0,0,0,0,0
"NC_059182.1.13466040.13466041",0,0,0,0,0,0,31.25,0,0,0,69.2307692307692,0,0,0,0,0,0,0,0,0,0,0,0,0,31.25,36.8421052631579,0,0,28.5714285714286,0
"NC_059182.1.13466064.13466065",0,0,0,0,0,0,20,0,0,0,57.1428571428571,0,0,0,0,0,0,0,0,0,0,5.88235294117647,6.66666666666667,0,31.25,52.3809523809524,0,5.55555555555556,30.7692307692308,0
"NC_059183.1.3067053.3067054",0,0,3.7037037037037,0,0,2.63157894736842,14.2857142857143,0,0,0,6.34920634920635,2.77777777777778,3.33333333333333,0,3.7037037037037,2.7027027027027,0,12.5,1.78571428571429,0,0,0,0,2.12765957446809,4.8780487804878,6.06060606060606,0,0,0,0
"NC_059183.1.3067092.3067093",0,0,0,0,0,0,14.7058823529412,0,0,0,3.94736842105263,2.7027027027027,0,0,15.1515151515152,0,0,0,1.58730158730159,6.45161290322581,0,3.2258064516129,0,0,1.85185185185185,0,0,0,0,0
"NC_059184.1.2265396.2265397",0,0,0,0,0,0,23.0769230769231,7.14285714285714,0,5.55555555555556,0,45.4545454545455,38.4615384615385,91.6666666666667,52.6315789473684,48.1481481481481,82.3529411764706,68.75,44.4444444444444,26.3157894736842,0,38.8888888888889,0,55.5555555555556,47.0588235294118,50,38.4615384615385,93.75,96.4285714285714,6.66666666666667
"NC_059184.1.2811603.2811604",0,0,0,0,0,0,26.3157894736842,0,7.69230769230769,0,0,0,0,5.26315789473684,0,0,0,0,0,0,0,0,4.34782608695652,0,0,0,0,0,0,0
"NC_059184.1.3793785.3793786",5.55555555555556,0,0,0,0,0,15,27.7777777777778,0,0,0,0,11.1111111111111,0,18.1818181818182,0,0,0,0,0,5.26315789473684,0,0,0,4.54545454545455,0,0,0,0,0
"NC_059184.1.4594317.4594318",0,0,0,0,0,0,36.8421052631579,0,0,0,0,72.4137931034483,52.1739130434783,54.5454545454545,38.8888888888889,4.16666666666667,36.3636363636364,0,40.7407407407407,0,0,0,5.88235294117647,0,0,0,0,0,0,0
"NC_059184.1.6749772.6749773",0,0,0,0,0,0,42.8571428571429,0,0,0,0,0,0,0,0,7.14285714285714,0,0,0,0,0,0,0,0,0,0,0,0,0,0
"NC_059185.1.1214631.1214632",0,0,0,0,0,0,36.3636363636364,0,0,7.69230769230769,0,0,0,6.25,0,47.8260869565217,81.25,0,0,0,0,0,0,0,0,0,0,0,0,0
"NC_059185.1.1908006.1908007",0,0,0,0,0,0,17.8571428571429,0,0,0,0,0,0,4,0,0,0,0,0,0,0,0,0,0,5.26315789473684,0,0,0,4.34782608695652,0
"NC_059185.1.12212130.12212131",0,0,0,0,5.26315789473684,0,27.7777777777778,0,0,0,0,0,0,0,0,4.16666666666667,0,0,0,0,0,0,0,0,0,0,0,0,0,0
"NC_059185.1.13091293.13091294",0,0,0,0,0,0,24,0,0,0,0,0,0,0,18.6046511627907,3.7037037037037,0,3.44827586206897,0,0,7.69230769230769,3.84615384615385,12.5,0,0,0,6.45161290322581,0,0,0
"NC_059186.1.8824026.8824027",5,6.25,7.69230769230769,0,6.66666666666667,4.76190476190476,36.8421052631579,0,0,0,25,35.4838709677419,3.7037037037037,7.69230769230769,77.2727272727273,7.69230769230769,0,0,10.5263157894737,0,63.6363636363636,0,56.25,42.8571428571429,0,0,9.09090909090909,5.88235294117647,4.54545454545455,20
"NC_059187.1.1159481.1159482",4.76190476190476,10,3.84615384615385,0,4,0,20,15.7894736842105,0,8.33333333333333,7.14285714285714,0,5,0,2.77777777777778,3.7037037037037,4.54545454545455,0,0,0,0,0,0,7.40740740740741,2.94117647058824,4.76190476190476,4.54545454545455,0,0,0
"NC_059187.1.1934469.1934470",0,0,0,0,0,0,17.6470588235294,0,0,0,0,0,0,0,0,0,0,0,0,0,5.55555555555556,0,0,0,0,0,29.6296296296296,0,0,0
"NC_059187.1.2379137.2379138",0,0,0,0,0,0,70,0,0,0,0,0,0,0,0,0,0,0,0,0,0,5,0,0,0,0,0,0,0,0
"NC_059187.1.2668027.2668028",0,0,16.6666666666667,0,0,0,26.6666666666667,50,0,0,0,0,0,0,0,0,0,0,41.025641025641,0,0,0,0,0,0,0,0,22.7272727272727,0,0
"NC_059187.1.3770262.3770263",0,0,0,0,0,12.5,93.75,14.8148148148148,18.1818181818182,57.1428571428571,57.8947368421053,0,52.6315789473684,23.8095238095238,25.8064516129032,52.1739130434783,16.6666666666667,7.69230769230769,12.5,10,11.7647058823529,3.125,59.0909090909091,0,0,95.4545454545455,26.6666666666667,0,43.4782608695652,37.5
"NC_059187.1.10095339.10095340",0,0,0,0,0,0,41.6666666666667,0,0,0,0,0,0,0,0,0,0,0,0,0,0,0,0,0,0,4.34782608695652,0,0,0,0
"NC_059188.1.283591.283592",0,0,0,0,0,0,29.4117647058824,0,0,38.0952380952381,33.3333333333333,0,0,18.1818181818182,0,0,0,13.3333333333333,25,26.6666666666667,0,0,47.8260869565217,0,0,0,0,28.5714285714286,21.7391304347826,0
"NC_059188.1.924223.924224",0,0,0,0,0,4,33.3333333333333,0,0,0,0,0,0,73.6842105263158,0,0,0,0,48.3870967741936,0,0,0,0,0,0,0,53.3333333333333,0,0,20
"NC_059188.1.2165192.2165193",0,0,6.66666666666667,0,0,0,41.6666666666667,0,0,0,0,0,0,0,0,0,0,0,0,0,0,3.33333333333333,5.26315789473684,0,0,0,0,0,0,0
"NC_059188.1.10424496.10424497",0,0,0,0,0,0,17.6470588235294,0,0,0,0,0,0,0,37.9310344827586,0,36.3636363636364,0,0,0,0,0,0,0,0,0,0,4.16666666666667,0,0
"NC_059188.1.10424619.10424620",0,0,0,0,0,0,41.1764705882353,0,0,0,0,8.69565217391304,0,0,0,0,0,0,0,0,0,0,0,0,0,0,0,0,0,0
"NC_059189.1.1413456.1413457",0,0,0,13.3333333333333,0,0,35,0,0,4.34782608695652,0,5.55555555555556,0,0,0,5,0,0,0,0,0,0,0,3.33333333333333,0,0,0,4.54545454545455,3.84615384615385,0
"NC_059189.1.5855847.5855848",0,7.40740740740741,0,0,0,0,37.5,0,0,0,3.7037037037037,0,0,3.7037037037037,5.26315789473684,4,0,0,0,0,0,0,0,0,0,0,0,0,0,30.7692307692308
"NC_059189.1.10694526.10694527",0,0,4.76190476190476,0,0,0,48,0,7.69230769230769,0,11.1111111111111,0,0,0,13.6363636363636,8,18.5185185185185,55.5555555555556,0,3.57142857142857,0,0,0,0,3.57142857142857,12.5,55.5555555555556,0,4.76190476190476,0
"NC_059189.1.10694545.10694546",0,0,0,0,0,0,50,0,0,0,0,0,0,0,4.76190476190476,0,0,54.5454545454545,0,0,14.2857142857143,0,0,0,3.33333333333333,0,55.5555555555556,0,0,0
"NC_059191.1.771836.771837",0,0,0,0,0,0,17.6470588235294,0,0,0,5.26315789473684,0,0,0,0,0,0,0,0,0,3.57142857142857,0,0,0,0,0,0,0,0,0
"NC_059191.1.1456775.1456776",0,5,20,0,0,11.1111111111111,15.7894736842105,13.0434782608696,15.3846153846154,10.5263157894737,0,3.57142857142857,7.69230769230769,45.4545454545455,18.75,0,0,0,5,0,4.16666666666667,0,6.66666666666667,17.3913043478261,7.69230769230769,3.44827586206897,0,12.5,0,0
"NC_059191.1.8366850.8366851",0,0,0,0,0,0,42.8571428571429,0,0,0,0,0,0,0,0,0,0,0,0,0,0,0,0,0,0,0,0,0,0,0
"NW_025533136.1.18572.18573",0,3.84615384615385,0,5.55555555555556,0,0,40,0,11.7647058823529,0,0,0,12.1212121212121,0,0,3.7037037037037,0,0,0,0,0,26.3157894736842,10.7142857142857,34.375,3.03030303030303,0,2.7027027027027,0,0,0
"NW_025533215.1.21701.21702",0,0,5.88235294117647,3.03030303030303,1.63934426229508,0,20.5882352941176,0,0,3.7037037037037,8.33333333333333,0,0,10.2564102564103,3.33333333333333,0,20,6.89655172413793,0,5.71428571428571,3.7037037037037,8.33333333333333,0,9.52380952380952,5,0,0,0,0,5.26315789473684
"NC_059182.1.12863997.12863998",0,0,0,0,0,0,0,50,0,61.1111111111111,0,0,0,4.54545454545455,0,0,0,0,0,0,0,0,0,0,0,0,0,0,0,0
"NC_059182.1.12864002.12864003",0,0,0,0,0,0,7.69230769230769,41.6666666666667,0,55.5555555555556,0,0,0,0,0,0,0,0,0,0,0,0,0,7.14285714285714,0,0,0,0,0,0
"NC_059182.1.12864025.12864026",0,0,5.26315789473684,0,0,5.55555555555556,0,42.8571428571429,0,58.8235294117647,0,0,0,0,0,0,0,0,0,0,0,3.7037037037037,0,0,6.25,25,3.7037037037037,0,0,0
"NC_059182.1.12864032.12864033",0,0,0,0,0,0,0,42.8571428571429,0,55.5555555555556,6.25,0,0,0,0,0,0,0,0,0,0,0,0,0,0,30.7692307692308,8,0,0,0
"NC_059182.1.12864043.12864044",0,0,11.7647058823529,6.66666666666667,0,0,0,42.8571428571429,0,55.5555555555556,6.66666666666667,0,0,4,0,0,0,5.88235294117647,0,0,0,4,0,7.69230769230769,0,35.7142857142857,4.34782608695652,0,0,0
"NC_059182.1.12873400.12873401",0,0,0,0,0,0,0,20,0,0,0,0,0,0,0,3.44827586206897,0,0,3.84615384615385,0,0,0,4.76190476190476,8.33333333333333,0,0,4.54545454545455,0,0,0
"NC_059182.1.12873404.12873405",0,0,0,0,0,0,0,26.6666666666667,0,0,4.76190476190476,0,0,0,0,0,0,3.84615384615385,0,0,0,0,4.76190476190476,8.69565217391304,0,0,0,0,0,0
"NC_059182.1.12889966.12889967",0,0,0,0,0,0,6.25,18.75,42.8571428571429,0,0,46.1538461538462,0,0,0,0,0,0,28.5714285714286,0,0,5.26315789473684,34.7826086956522,40.9090909090909,29.0322580645161,0,0,44,0,41.6666666666667
"NC_059182.1.16256992.16256993",0,0,0,10,0,0,0,61.5384615384615,0,26.6666666666667,0,0,0,5.88235294117647,0,0,0,6.25,0,0,0,0,0,0,0,0,0,0,0,6.25
"NC_059183.1.467870.467871",0,0,0,0,0,0,0,18.1818181818182,0,0,0,0,0,0,0,0,0,0,0,0,34.6153846153846,0,0,0,0,0,0,0,0,0
"NC_059183.1.1660870.1660871",0,7.14285714285714,0,0,0,0,4.76190476190476,19.2307692307692,8.33333333333333,4,4.34782608695652,3.03030303030303,19.047619047619,10,0,4,4.16666666666667,0,0,0,0,0,0,9.52380952380952,4.34782608695652,16.6666666666667,4.16666666666667,25,16.6666666666667,13.3333333333333
"NC_059183.1.7494514.7494515",0,0,0,0,0,0,0,23.5294117647059,0,0,0,0,0,18.75,0,0,0,0,0,33.3333333333333,0,0,0,0,0,0,0,9.09090909090909,5.26315789473684,73.6842105263158
"NC_059183.1.12502367.12502368",0,0,0,0,0,0,0,58.8235294117647,0,0,0,0,0,0,0,0,29.1666666666667,0,50,50,0,0,0,0,0,0,0,0,0,84.6153846153846
"NC_059183.1.12502391.12502392",0,0,0,0,0,0,0,50,0,0,0,0,0,0,0,0,21.7391304347826,0,48.3870967741936,48.2758620689655,0,0,0,4.16666666666667,0,33.3333333333333,0,0,54.5454545454545,90.9090909090909
"NC_059183.1.15672499.15672500",0,0,2.94117647058824,0,2.94117647058824,0,0,12.5,0,10,8,0,2.12765957446809,0,0,0,0,0,0,0,0,0,5.88235294117647,0,2.63157894736842,6.45161290322581,3.7037037037037,0,0,0
"NC_059184.1.9717219.9717220",0,0,0,0,0,0,0,26.6666666666667,0,5.55555555555556,0,0,0,4.16666666666667,14.8148148148148,0,0,0,0,0,5.55555555555556,0,0,4.54545454545455,0,0,11.1111111111111,5,0,7.14285714285714
"NC_059185.1.2442307.2442308",0,0,0,0,0,0,0,47.3684210526316,0,38.4615384615385,23.5294117647059,0,16.6666666666667,0,0,41.9354838709677,5.55555555555556,0,0,42.8571428571429,0,0,0,0,0,37.5,0,42.1052631578947,0,0
"NC_059185.1.4508268.4508269",0,0,4.16666666666667,0,0,0,0,31.5789473684211,0,0,0,0,0,0,4,15.7894736842105,0,0,0,6.25,0,25,0,33.3333333333333,0,5.55555555555556,0,0,20,4.76190476190476
"NC_059185.1.9641047.9641048",0,0,0,5.55555555555556,0,0,0,66.6666666666667,0,0,0,0,0,6.25,0,0,0,0,0,0,61.1111111111111,0,0,0,0,5.88235294117647,0,6.25,0,0
"NC_059186.1.254478.254479",0,0,0,0,0,0,0,37.5,0,6.25,0,0,0,0,2.4390243902439,35.7142857142857,4.8780487804878,0,0,0,0,0,0,0,0,0,3.7037037037037,0,0,2.4390243902439
"NC_059186.1.2883537.2883538",0,0,15.3846153846154,0,0,0,0,16.6666666666667,0,0,0,0,16,0,0,7.40740740740741,0,0,0,4.76190476190476,0,3.44827586206897,0,0,0,0,3.03030303030303,0,0,0
"NC_059186.1.2918008.2918009",0,0,0,0,0,0,0,20.6896551724138,0,0,0,0,0,0,0,0,0,0,4.76190476190476,0,0,0,0,0,0,0,0,0,0,5.55555555555556
"NC_059186.1.9263565.9263566",0,0,0,0,0,0,5.26315789473684,27.2727272727273,0,0,0,0,0,0,4.54545454545455,0,12.5,0,0,0,0,0,0,0,0,0,0,11.1111111111111,0,0
"NC_059187.1.531860.531861",0,0,0,0,0,0,4.34782608695652,50,0,0,0,0,0,50,0,0,0,0,0,0,0,5.55555555555556,0,0,0,0,6.25,0,0,7.69230769230769
"NC_059187.1.2711322.2711323",0,0,0,0,6.25,0,0,17.6470588235294,0,0,0,0,0,0,0,0,0,0,4.16666666666667,0,2.94117647058824,0,3.44827586206897,9.52380952380952,0,0,12.5,0,0,8.69565217391304
"NC_059187.1.3414115.3414116",0,0,0,0,0,0,0,63.6363636363636,0,7.69230769230769,5.88235294117647,3.44827586206897,0,5.26315789473684,0,0,0,8.33333333333333,0,5.26315789473684,0,4.54545454545455,0,0,32,3.84615384615385,26.3157894736842,9.09090909090909,3.2258064516129,0
"NC_059187.1.3414130.3414131",0,0,0,0,0,0,0,63.6363636363636,0,8,0,0,0,0,0,0,0,0,0,5.55555555555556,4,4.76190476190476,0,0,20.8333333333333,0,31.5789473684211,0,3.125,0
"NC_059187.1.3867824.3867825",0,5,0,0,0,0,0,18.75,0,2.85714285714286,11.4285714285714,3.03030303030303,0,0,2.4390243902439,6.66666666666667,7.14285714285714,0,0,5.55555555555556,3.2258064516129,43.4782608695652,12.8205128205128,0,0,7.69230769230769,25,62.5,0,0
"NC_059187.1.7727032.7727033",6.25,5,8.33333333333333,0,0,0,6.66666666666667,100,0,9.09090909090909,0,0,25,0,3.84615384615385,0,5.88235294117647,0,0,0,3.84615384615385,18.75,10,41.1764705882353,4.54545454545455,4.76190476190476,7.14285714285714,0,0,0
"NC_059188.1.10082697.10082698",0,6.66666666666667,20,0,0,0,7.69230769230769,36.3636363636364,0,0,9.09090909090909,5.26315789473684,0,0,55.1724137931034,0,0,10,0,0,4.34782608695652,45,0,6.25,0,0,5,0,3.84615384615385,5.55555555555556
"NC_059188.1.12148452.12148453",0,0,0,0,0,0,0,36.3636363636364,0,0,46.1538461538462,0,0,71.4285714285714,52.1739130434783,0,37.5,0,0,0,39.2857142857143,0,3.7037037037037,25.9259259259259,0,36.8421052631579,37.5,0,0,9.09090909090909
"NC_059188.1.13637071.13637072",0,10,0,0,0,4.54545454545455,6.25,18.75,0,0,5.26315789473684,2.7027027027027,10,0,6.66666666666667,5.40540540540541,0,0,9.52380952380952,0,3.84615384615385,4,5,0,6.25,10.3448275862069,5.88235294117647,0,3.57142857142857,5.55555555555556
"NC_059188.1.13637073.13637074",0,0,0,0,0,0,0,18.75,0,0,0,0,0,0,0,0,0,0,4.76190476190476,0,3.7037037037037,4,0,0,0,0,0,0,0,0
"NC_059188.1.13637098.13637099",0,0,0,0,0,0,0,21.4285714285714,0,0,0,0,5.55555555555556,0,0,0,0,0,4.76190476190476,3.7037037037037,3.125,0,0,0,0,0,0,0,0,0
"NC_059189.1.6082036.6082037",0,9.52380952380952,0,4,12.5,4.76190476190476,0,26.6666666666667,0,6.66666666666667,24.2424242424242,0,0,38.4615384615385,3.125,17.0731707317073,0,0,0,4.54545454545455,22.8571428571429,30,17.2413793103448,0,0,8.33333333333333,0,52.2727272727273,0,0
"NC_059189.1.7439435.7439436",9.09090909090909,0,0,0,10.5263157894737,0,0,9.375,0,7.14285714285714,0,0,4.16666666666667,6.25,3.50877192982456,8.82352941176471,0,12,5.66037735849057,0,9.25925925925926,0,0,0,12.5,7.40740740740741,8.51063829787234,10,0,0
"NC_059189.1.7512424.7512425",0,0,0,0,0,5.55555555555556,0,23.5294117647059,0,0,0,3.57142857142857,0,3.84615384615385,0,0,0,0,5.26315789473684,0,0,0,0,5.55555555555556,5.88235294117647,6.66666666666667,6.25,0,0,3.57142857142857
"NC_059189.1.10705029.10705030",7.14285714285714,4.54545454545455,0,0,0,0,0,38.4615384615385,0,0,5.88235294117647,0,0,5.26315789473684,0,0,19.047619047619,0,16.6666666666667,0,22.2222222222222,14.2857142857143,0,0,5.26315789473684,0,0,25.7142857142857,4.76190476190476,0
"NC_059191.1.577205.577206",0,5.26315789473684,0,0,0,13.3333333333333,0,28.5714285714286,0,0,0,3.2258064516129,5,0,6.89655172413793,30.7692307692308,0,0,0,0,0,7.69230769230769,16.6666666666667,37.5,0,38.0952380952381,30,8.33333333333333,5.26315789473684,33.3333333333333
"NC_059191.1.8552999.8553000",0,0,0,4.76190476190476,0,0,0,46.1538461538462,0,0,0,0,0,0,0,0,0,0,0,0,0,0,0,0,0,0,0,0,0,0
"NC_059191.1.9638158.9638159",4.16666666666667,0,0,0,5,0,7.14285714285714,15,5,0,12.5,0,0,4.34782608695652,2.63157894736842,8.69565217391304,9.09090909090909,0,0,10.5263157894737,0,0,4.54545454545455,0,0,0,3.44827586206897,5.26315789473684,3.44827586206897,0
"NW_025533121.1.47742.47743",0,5.26315789473684,0,0,0,3.7037037037037,0,20,3.33333333333333,0,21.875,0,0,2.22222222222222,0,0,0,0,0,0,13.3333333333333,3.57142857142857,0,7.69230769230769,0,0,0,0,0,4.16666666666667
"NW_025533136.1.36926.36927",0,0,0,0,0,0,8.33333333333333,21.0526315789474,0,0,9.52380952380952,7.69230769230769,2.63157894736842,0,0,3.44827586206897,0,0,0,2.77777777777778,22.2222222222222,0,3.44827586206897,0,4.08163265306122,0,0,7.5,0,12.9032258064516
"NW_025533175.1.35821.35822",0,0,0,0,0,0,0,39.1304347826087,0,0,20.6896551724138,0,0,0,0,0,0,0,3.57142857142857,40.7407407407407,0,0,0,4.34782608695652,0,0,0,0,0,35
"NC_059182.1.4120674.4120675",0,0,0,6.66666666666667,0,0,0,0,60,0,0,0,0,0,0,0,0,0,0,0,0,5,5,0,37.5,0,0,0,0,0
"NC_059182.1.4284400.4284401",0,0,0,0,0,0,0,0,41.1764705882353,33.3333333333333,40,64.7058823529412,100,5.88235294117647,0,34.4827586206897,60,0,84.2105263157895,0,0,0,0,0,58.3333333333333,0,0,0,6.25,26.6666666666667
"NC_059182.1.4284406.4284407",0,0,0,0,0,0,0,0,41.1764705882353,30,0,68.75,29.4117647058824,5.88235294117647,0,0,0,0,60,0,0,0,0,0,50,5,0,0,0,20
"NC_059182.1.12889945.12889946",0,0,0,0,0,0,0,0,42.8571428571429,0,0,44,0,0,0,0,0,0,20,0,0,0,4.54545454545455,10.5263157894737,27.5862068965517,0,7.69230769230769,42.8571428571429,0,35.7142857142857
"NC_059183.1.3284973.3284974",0,0,0,0,0,0,0,8.33333333333333,21.0526315789474,0,0,0,4.34782608695652,0,0,0,0,0,0,0,0,0,0,0,0,0,0,0,0,0
"NC_059183.1.14184806.14184807",0,0,0,0,0,0,0,0,26.3157894736842,0,0,3.7037037037037,0,0,0,0,0,0,0,33.3333333333333,0,0,84.8484848484848,0,0,0,0,0,0,4.34782608695652
"NC_059184.1.435245.435246",0,0,0,0,0,0,0,0,47.0588235294118,0,0,3.03030303030303,0,7.69230769230769,2.94117647058824,0,0,0,0,0,0,0,0,0,37.5,60.6060606060606,0,0,0,0
"NC_059185.1.400662.400663",0,0,0,0,0,0,0,0,17.9487179487179,0,2.17391304347826,0,0,0,0,0,0,0,0,0,0,0,0,0,0,0,2.85714285714286,0,0,0
"NC_059186.1.7568125.7568126",0,0,0,0,0,0,0,0,44.4444444444444,0,0,0,0,0,3.84615384615385,0,0,0,0,47.0588235294118,0,0,5,0,0,0,0,0,0,5.26315789473684
"NC_059186.1.12032950.12032951",0,0,0,0,0,0,0,0,61.1111111111111,0,0,3.33333333333333,0,4.34782608695652,0,0,0,0,0,0,0,0,0,0,0,0,0,0,0,0
"NC_059186.1.12090411.12090412",0,0,0,0,0,0,0,0,38.4615384615385,0,12.5,0,0,30,0,4,0,0,4.34782608695652,47.3684210526316,0,4.16666666666667,0,0,60.8695652173913,5.88235294117647,0,0,0,5
"NC_059187.1.1930571.1930572",0,0,0,0,0,0,0,0,27.2727272727273,0,0,0,0,0,0,0,0,0,0,0,0,5.55555555555556,0,0,0,5,0,0,0,0
"NC_059187.1.6620703.6620704",0,0,0,0,0,0,0,5.26315789473684,20,0,0,0,0,0,0,0,0,0,0,0,0,0,3.03030303030303,0,2.94117647058824,0,0,0,0,0
"NC_059187.1.8660130.8660131",0,0,0,0,0,0,0,0,50,0,0,0,0,0,0,0,0,5.88235294117647,0,0,0,0,0,0,0,0,0,0,0,0
"NC_059187.1.9425811.9425812",0,0,0,0,4.76190476190476,0,0,0,17.6470588235294,0,0,0,7.14285714285714,6.89655172413793,0,2.4390243902439,4.16666666666667,0,0,11.1111111111111,0,5.88235294117647,0,3.7037037037037,0,0,15.7894736842105,16.3636363636364,0,0
"NC_059187.1.10203117.10203118",0,0,0,0,0,0,0,0,44.4444444444444,0,0,0,0,0,0,0,0,7.69230769230769,0,3.84615384615385,0,0,0,3.44827586206897,0,0,0,0,0,0
"NC_059187.1.10203126.10203127",0,0,0,0,0,0,0,0,47.0588235294118,0,0,0,0,0,4.54545454545455,0,5.26315789473684,0,0,0,0,4.16666666666667,0,6.89655172413793,0,0,0,0,5,0
"NC_059188.1.705430.705431",0,0,0,0,0,0,0,0,30.7692307692308,0,0,0,0,0,0,0,0,0,0,0,0,0,0,0,0,5.26315789473684,0,0,4.16666666666667,0
"NC_059189.1.7439007.7439008",0,0,0,5.26315789473684,0,0,0,0,35,0,0,0,0,0,0,3.57142857142857,4,0,2.56410256410256,0,0,0,0,0,40,0,0,0,0,0
"NC_059191.1.432972.432973",0,0,0,0,0,0,0,0,43.75,0,0,0,0,0,0,0,0,0,0,0,0,0,0,0,0,0,0,0,0,0
"NW_025533125.1.109410.109411",0,0,18.1818181818182,0,0,0,0,0,17.8571428571429,15.0943396226415,0,12.5,0,0,0,14.2857142857143,0,26.3157894736842,0,0,0,3.33333333333333,22.5806451612903,2.38095238095238,0,0,0,1.51515151515152,0,0
"NW_025533130.1.107002.107003",1.96078431372549,6.25,0,0,0,4.65116279069767,8.33333333333333,0,14.2857142857143,0,0,0,15.625,21.7391304347826,8.10810810810811,0,0,0,0,11.7647058823529,8.57142857142857,3.7037037037037,0,18.75,54.5454545454545,12.5,2.94117647058824,0,15,26.3157894736842
"NW_025533136.1.19053.19054",0,0,0,0,0,0,0,0,9.80392156862745,0,0,0,0,3.33333333333333,1.69491525423729,2.56410256410256,2.5,9.09090909090909,0,16.2162162162162,0,0,4.65116279069767,4,0,0,0,0,0,0
"NW_025533169.1.92066.92067",0,0,0,0,0,0,0,0,16.6666666666667,0,0,0,0,0,1.75438596491228,0,24.3243243243243,3.03030303030303,0,0,3.33333333333333,8.10810810810811,0,0,0,0,3.7037037037037,6.81818181818182,0,0
"NW_025533175.1.34684.34685",0,0,0,4.34782608695652,1.72413793103448,5,0,0,12,0,0,3.57142857142857,0,0,2.04081632653061,0,6.45161290322581,5,0,0,0,2.94117647058824,0,0,7.69230769230769,8.33333333333333,0,0,0,0
"NW_025533362.1.25188.25189",0,7.89473684210526,0,0,0,0,0,0,10.8108108108108,19.047619047619,9.09090909090909,15.2542372881356,10.6382978723404,0,5.71428571428571,50,10.3448275862069,4,0,19.5121951219512,0,0,0,2.77777777777778,10.6382978723404,9.85915492957746,14.2857142857143,23.6842105263158,1.58730158730159,9.75609756097561
"NC_059182.1.339939.339940",3.7037037037037,0,0,0,0,0,0,4,0,12.9032258064516,0,0,0,18.1818181818182,8.33333333333333,10.5263157894737,6.66666666666667,0,0,0,0,0,0,4.54545454545455,0,0,0,0,0,0
"NC_059182.1.2051718.2051719",0,4.34782608695652,5.88235294117647,0,0,0,0,0,9.09090909090909,11.5384615384615,0,0,6.66666666666667,0,0,0,0,0,0,0,0,5.55555555555556,0,0,5,0,0,0,0,0
"NC_059182.1.2051749.2051750",0,4.76190476190476,0,0,0,0,0,0,0,45,0,0,0,0,0,0,0,0,0,0,0,5,0,0,0,0,0,0,0,0
"NC_059182.1.2051755.2051756",0,5,5.88235294117647,0,0,0,5.55555555555556,0,0,61.1111111111111,0,0,0,0,0,0,0,0,0,0,0,0,0,0,9.09090909090909,0,0,0,0,0
"NC_059182.1.2051793.2051794",0,9.52380952380952,0,0,0,0,0,0,0,41.1764705882353,0,0,0,0,8.69565217391304,0,0,0,0,0,0,0,0,0,0,0,7.14285714285714,0,0,0
"NC_059182.1.7101606.7101607",0,0,0,0,0,0,0,0,0,12.1212121212121,0,4,0,0,8.33333333333333,0,0,0,0,0,0,0,0,0,0,0,0,0,5.26315789473684,0
"NC_059182.1.13846686.13846687",0,0,0,0,0,0,0,0,5.88235294117647,18.75,0,0,0,0,0,0,0,0,0,0,0,0,0,0,0,0,0,0,0,0
"NC_059182.1.16307594.16307595",0,0,0,0,0,0,0,0,0,53.3333333333333,0,0,0,45,0,0,0,0,0,30,0,0,0,0,4,0,0,0,0,0
"NC_059182.1.16627273.16627274",0,0,0,0,0,0,0,0,0,38.0952380952381,0,0,5,0,0,0,0,0,0,0,0,0,0,0,0,7.69230769230769,0,0,0,0
"NC_059183.1.18328358.18328359",0,0,0,0,0,0,0,0,5.88235294117647,22.7272727272727,0,0,0,0,0,0,0,0,0,0,0,0,0,0,0,0,0,0,0,0
"NC_059183.1.18328364.18328365",0,0,0,0,0,6.25,7.14285714285714,0,0,36.3636363636364,6.25,0,0,0,0,4.76190476190476,0,6.66666666666667,0,0,0,0,0,0,0,0,0,0,0,0
"NC_059184.1.322605.322606",0,3.2258064516129,0,0,4.76190476190476,0,0,7.14285714285714,0,13.6363636363636,4,0,27.2727272727273,4.34782608695652,0,0,4.34782608695652,6.25,0,16.6666666666667,0,26.3157894736842,0,0,10,4.76190476190476,25,9.09090909090909,0,0
"NC_059184.1.1182392.1182393",0,4.76190476190476,0,0,0,0,0,0,0,17.3913043478261,0,46.4285714285714,0,0,0,40.7407407407407,43.4782608695652,0,0,5.55555555555556,0,35,0,0,0,37.037037037037,17.6470588235294,82.6086956521739,20,0
"NC_059184.1.2265483.2265484",0,0,0,0,0,0,0,0,0,17.6470588235294,0,0,7.69230769230769,0,17.6470588235294,0,6.25,0,0,5.55555555555556,9.09090909090909,4.54545454545455,0,0,4.34782608695652,0,0,10,4.54545454545455,0
"NC_059184.1.2842419.2842420",0,0,0,8.33333333333333,0,0,5.88235294117647,6.66666666666667,0,43.4782608695652,89.4736842105263,0,50,11.7647058823529,0,0,0,0,0,0,0,8.33333333333333,0,0,42.3076923076923,0,0,0,3.7037037037037,6.25
"NC_059184.1.2842440.2842441",0,0,0,0,6.25,0,0,0,0,39.1304347826087,91.304347826087,0,0,6.66666666666667,4,0,0,0,0,0,0,23.0769230769231,0,5.55555555555556,36.6666666666667,0,5.88235294117647,0,0,6.25
"NC_059184.1.4329125.4329126",0,0,0,0,0,0,0,0,0,64.2857142857143,0,0,0,0,0,0,0,0,0,0,0,0,0,0,0,0,0,0,0,10
"NC_059184.1.7151422.7151423",0,0,0,0,0,0,0,0,0,13.0434782608696,0,0,0,0,0,0,0,0,0,0,2.38095238095238,0,0,0,3.125,0,3.44827586206897,0,0,0
"NC_059184.1.7667033.7667034",0,0,0,0,0,0,0,0,0,11.1111111111111,0,0,0,3.33333333333333,0,0,4.76190476190476,0,0,4.34782608695652,0,3.44827586206897,0,0,0,4.34782608695652,0,0,0,4.16666666666667
"NC_059184.1.7667037.7667038",0,0,0,0,0,0,0,0,0,10.7142857142857,5.88235294117647,0,0,0,0,0,9.09090909090909,0,0,0,0,0,0,0,0,0,5.26315789473684,0,0,0
"NC_059184.1.9483462.9483463",0,0,0,0,0,0,3.125,0,0,9.375,0,0,0,0,0,0,0,0,0,0,0,5.55555555555556,0,3.03030303030303,0,0,0,0,0,0
"NC_059185.1.3999528.3999529",0,0,0,0,0,0,0,0,0,12.5,0,0,0,0,3.57142857142857,0,0,0,0,0,0,0,0,0,0,0,0,0,4,0
"NC_059186.1.3166674.3166675",0,0,0,0,2.85714285714286,0,0,0,4.76190476190476,15.9090909090909,0,0,0,0,3.27868852459016,0,0,0,0,0,0,0,0,5.66037735849057,0,0,2.85714285714286,0,0,2.4390243902439
"NC_059186.1.7998239.7998240",0,0,0,0,0,0,0,0,0,10,0,0,0,0,0,0,0,0,0,0,0,0,0,0,0,0,0,0,2.85714285714286,0
"NC_059186.1.7998254.7998255",0,0,0,3.03030303030303,0,2.63157894736842,0,0,0,9.67741935483871,0,0,0,0,0,1.96078431372549,0,0,0,0,0,0,0,0,0,0,0,1.11111111111111,0,0
"NC_059186.1.8050662.8050663",0,0,0,0,0,0,0,0,0,33.3333333333333,0,6.45161290322581,0,0,0,0,0,0,2.94117647058824,0,0,0,0,0,0,0,0,0,8,4.76190476190476
"NC_059186.1.11945245.11945246",0,0,2.85714285714286,0,0,0,0,0,0,10.7142857142857,0,0,0,0,0,0,0,0,0,0,0,0,0,0,0,7.40740740740741,0,0,2.56410256410256,0
"NC_059187.1.1044648.1044649",0,0,0,0,0,0,0,0,0,9.375,3.03030303030303,0,0,0,0,0,0,0,0,0,5.26315789473684,0,0,0,2.38095238095238,2.12765957446809,0,0,0,0
"NC_059187.1.10145194.10145195",0,4.16666666666667,6.25,0,0,0,0,0,18.1818181818182,26.6666666666667,0,0,0,0,11.5384615384615,4.34782608695652,0,0,0,7.14285714285714,0,11.1111111111111,0,25,7.69230769230769,15.7894736842105,6.66666666666667,42.8571428571429,9.09090909090909,0
"NC_059187.1.10145215.10145216",0,0,0,0,0,0,0,0,0,26.6666666666667,0,3.7037037037037,0,0,0,0,0,0,0,0,0,0,0,4.54545454545455,0,0,0,0,0,0
"NC_059188.1.3945224.3945225",0,0,0,0,0,0,0,0,0,12.5,0,0,0,4.16666666666667,0,0,6.25,5.55555555555556,0,0,0,0,0,0,0,0,0,0,0,0
"NC_059189.1.457689.457690",0,0,0,0,0,0,0,0,0,12,6.66666666666667,0,0,0,6.45161290322581,0,0,0,3.44827586206897,0,0,6.25,0,0,0,4,5,0,0,0
"NC_059189.1.2034371.2034372",0,7.14285714285714,0,5.55555555555556,0,0,0,0,0,33.3333333333333,31.25,0,0,10,5,7.69230769230769,0,0,0,0,42.8571428571429,0,6.25,45,0,0,0,0,0,0
"NC_059189.1.2034375.2034376",0,7.14285714285714,0,5.55555555555556,0,0,0,0,0,33.3333333333333,31.25,0,6.66666666666667,0,0,3.84615384615385,0,0,0,0,46.6666666666667,0,0,47.3684210526316,0,0,0,0,0,0
"NC_059189.1.2570414.2570415",0,0,0,0,5.26315789473684,0,0,0,0,9.375,0,0,0,0,0,0,0,0,0,0,0,0,0,0,0,0,0,0,0,0
"NC_059189.1.3054228.3054229",0,3.84615384615385,0,0,0,0,0,0,0,12,0,0,7.14285714285714,0,0,0,0,0,0,0,0,0,0,0,4.34782608695652,13.3333333333333,0,3.84615384615385,0,0
"NC_059189.1.5206333.5206334",0,0,0,0,0,0,0,0,0,58.8235294117647,0,0,6.25,0,0,0,0,0,0,0,0,0,0,0,0,0,0,0,0,0
"NC_059189.1.7510743.7510744",2.32558139534884,0,0,0,0,0,0,0,0,20.5128205128205,0,2.63157894736842,0,2.38095238095238,0,0,3.03030303030303,3.03030303030303,0,0,0,0,0,0,0,0,1.96078431372549,0,0,0
"NC_059189.1.9373799.9373800",0,0,0,0,0,0,0,0,0,17.6470588235294,0,0,0,0,0,0,0,0,0,0,0,4.54545454545455,0,0,0,0,0,0,0,0
"NC_059189.1.9397983.9397984",0,0,0,0,0,0,0,0,0,18.75,0,0,0,0,0,0,0,0,0,0,0,0,0,0,0,0,0,0,0,0
"NC_059190.1.3920276.3920277",0,0,0,0,0,0,0,0,0,13.6363636363636,0,2.32558139534884,0,0,0,0,0,0,0,0,0,0,0,1.61290322580645,0,0,0,0,0,0
"NC_059191.1.990086.990087",0,0,0,0,0,5.88235294117647,0,0,0,11.5384615384615,6.66666666666667,0,0,0,0,0,0,0,0,4.16666666666667,0,0,0,0,0,11.1111111111111,0,5.26315789473684,0,0
"NC_059191.1.5168488.5168489",0,0,0,0,0,0,0,0,0,11.5384615384615,0,0,0,0,0,0,3.125,0,0,0,0,0,0,0,0,0,0,0,0,0
"NC_059191.1.5168537.5168538",0,0,0,0,0,0,6.66666666666667,0,0,14.2857142857143,0,0,0,0,0,0,0,0,0,0,0,0,0,0,0,0,0,0,0,0
"NC_059191.1.5464144.5464145",0,4.16666666666667,0,0,0,0,0,0,0,32.3529411764706,3.57142857142857,0,0,0,0,4.34782608695652,0,4.34782608695652,0,0,0,5.55555555555556,0,0,2.5,0,0,0,0,0
"NC_059191.1.8722218.8722219",0,0,0,0,0,4.34782608695652,0,0,0,10,0,0,0,0,0,0,0,0,0,0,0,5.26315789473684,0,0,0,0,0,0,0,0
"NC_059191.1.8793254.8793255",0,0,0,0,0,0,0,0,0,46.6666666666667,0,0,0,0,0,0,0,0,0,0,0,0,0,3.7037037037037,0,0,0,0,0,0
"NC_059191.1.8793266.8793267",0,0,0,0,0,0,0,0,0,48.2758620689655,0,0,0,0,0,0,3.57142857142857,0,0,0,0,0,0,0,0,0,7.69230769230769,0,0,0
"NW_025533169.1.75292.75293",0,0,0,0,2.32558139534884,0,0,2.56410256410256,0,5.88235294117647,1.33333333333333,9.67741935483871,0,2.63157894736842,0,6.97674418604651,5.17241379310345,6.38297872340426,0,0,15.9090909090909,0,16.6666666666667,4.05405405405405,5.12820512820513,19.2307692307692,0,27.2727272727273,2.56410256410256,13.6363636363636
"NW_025533169.1.75400.75401",1.61290322580645,0,0,0,0,0,0,0,8.33333333333333,5.63380281690141,1.69491525423729,3.57142857142857,3.03030303030303,0,0,0,4.08163265306122,0,0,0,0,0,0,0,4.8780487804878,3.7037037037037,0,0,0,0
"NW_025533244.1.15046.15047",0,5.26315789473684,0,0,0,0,0,0,0,13.7931034482759,10,14.8148148148148,0,0,6.06060606060606,0,5.55555555555556,0,0,0,4.44444444444444,0,0,0,0,19.4444444444444,0,35,9.09090909090909,0
"NW_025533332.1.30274.30275",2.32558139534884,2.7027027027027,3.125,4.54545454545455,4.25531914893617,0,0,0,0,12.9032258064516,2,3.2258064516129,0,0,0,0,2.32558139534884,0,0,10,8.82352941176471,4.76190476190476,0,0,0,0,0,2.53164556962025,0,5.12820512820513
"NC_059182.1.120969.120970",0,0,0,0,0,0,0,4.16666666666667,0,0,35.2941176470588,0,0,0,0,0,0,0,0,0,5.26315789473684,0,0,0,0,0,0,0,0,0
"NC_059182.1.753778.753779",0,0,6.25,0,0,0,0,0,0,0,12.5,0,0,0,0,0,0,0,0,0,0,0,0,0,0,0,4.16666666666667,0,0,2.7027027027027
"NC_059182.1.1984687.1984688",0,5.26315789473684,0,0,0,0,0,0,18.1818181818182,0,33.3333333333333,0,0,0,0,0,0,0,0,0,0,0,0,5,0,0,0,0,0,0
"NC_059182.1.4115132.4115133",0,0,0,0,0,0,0,0,0,0,47.0588235294118,0,0,0,0,0,21.4285714285714,0,27.2727272727273,3.57142857142857,0,0,0,0,0,0,0,3.57142857142857,0,0
"NC_059182.1.4115143.4115144",0,0,0,0,0,5.55555555555556,0,5,0,0,50,0,4.54545454545455,0,0,0,25,0,35.4838709677419,0,0,0,0,0,0,0,0,3.57142857142857,0,9.09090909090909
"NC_059182.1.4115152.4115153",0,0,0,6.66666666666667,0,6.66666666666667,0,0,0,0,50,0,0,0,0,0,25,0,32.258064516129,0,0,0,0,0,0,0,0,3.2258064516129,0,0
"NC_059182.1.4115157.4115158",0,9.09090909090909,0,6.25,0,6.66666666666667,4.54545454545455,0,0,0,50,0,0,0,5,4,25,0,30,0,0,0,0,0,0,3.03030303030303,0,3.2258064516129,0,0
"NC_059182.1.4115169.4115170",0,0,0,6.66666666666667,0,8.33333333333333,0,0,0,0,53.3333333333333,0,5.26315789473684,0,0,3.7037037037037,25,0,27.5862068965517,0,0,0,0,0,0,3.125,0,3.03030303030303,0,0
"NC_059182.1.4115171.4115172",0,9.09090909090909,0,13.3333333333333,0,8.33333333333333,0,0,0,0,46.6666666666667,0,5.55555555555556,0,6.25,3.7037037037037,25,0,27.5862068965517,0,0,0,0,0,0,3.2258064516129,0,3.03030303030303,0,0
"NC_059182.1.11271767.11271768",0,0,0,0,0,5.55555555555556,0,0,0,0,39.1304347826087,0,0,20.8333333333333,50,0,26.3157894736842,0,41.4634146341463,0,4.76190476190476,33.3333333333333,0,0,0,0,0,0,0,0
"NC_059182.1.12151859.12151860",0,0,0,0,5,0,0,0,0,0,15,0,0,4.76190476190476,0,0,0,0,0,0,0,0,0,0,0,4.34782608695652,0,0,0,0
"NC_059182.1.12272775.12272776",0,0,0,0,0,0,0,0,0,0,41.6666666666667,24.2424242424242,0,38.7096774193548,0,4.76190476190476,78.2608695652174,33.3333333333333,52.6315789473684,0,0,33.3333333333333,4.54545454545455,35,0,82.3529411764706,0,0,0,0
"NC_059182.1.14052655.14052656",0,0,0,0,0,0,0,0,7.14285714285714,0,63.3333333333333,62.962962962963,35.2941176470588,0,2.7027027027027,0,0,0,0,47.3684210526316,34.7826086956522,94.7368421052632,0,0,0,0,3.7037037037037,0,44,0
"NC_059182.1.14052665.14052666",0,0,0,6.66666666666667,0,4,0,0,0,0,60,52.1739130434783,38.8888888888889,0,2.77777777777778,0,0,0,4.16666666666667,40,33.3333333333333,100,3.57142857142857,0,0,0,4,0,43.4782608695652,0
"NC_059182.1.14052688.14052689",0,0,0,7.14285714285714,0,0,6.66666666666667,10,16.6666666666667,3.84615384615385,10.3448275862069,52,44.4444444444444,0,0,0,0,0,0,40,36,95.2380952380952,7.40740740740741,0,0,0,8.69565217391304,0,39.1304347826087,4.54545454545455
"NC_059182.1.17044354.17044355",0,0,0,4.54545454545455,0,7.14285714285714,0,0,0,5.26315789473684,23.0769230769231,0,0,0,0,0,0,0,0,0,0,5.26315789473684,0,0,4.54545454545455,4.16666666666667,0,0,0,0
"NC_059183.1.3066797.3066798",0,2.22222222222222,0,0,0,0,0,0,3.84615384615385,0,11.5384615384615,16.3934426229508,0,0,6.02409638554217,7.40740740740741,0,0,12.5,5.71428571428571,3.84615384615385,0,0,0,3.57142857142857,8.82352941176471,3.50877192982456,0,0,0
"NC_059183.1.8590219.8590220",0,0,0,0,0,0,0,0,0,0,15.7894736842105,0,0,0,0,0,0,0,0,4.76190476190476,0,0,0,0,0,0,0,0,0,0
"NC_059183.1.14972240.14972241",0,0,0,0,0,0,0,0,0,0,27.2727272727273,0,0,0,0,0,0,0,0,0,0,0,0,0,0,0,0,5.55555555555556,0,7.14285714285714
"NC_059183.1.18960738.18960739",0,0,0,0,0,0,0,0,0,0,41.6666666666667,0,0,0,0,0,0,0,0,0,0,0,0,0,0,0,0,0,0,0
"NC_059184.1.507607.507608",0,0,0,0,5.88235294117647,0,0,0,0,0,47.6190476190476,0,0,0,0,0,52.6315789473684,0,0,45.8333333333333,0,69.2307692307692,13.3333333333333,0,38.4615384615385,0,0,0,0,4
"NC_059184.1.6902164.6902165",0,4.54545454545455,0,0,0,0,0,0,0,0,17.6470588235294,0,0,0,0,0,0,6.25,0,0,0,0,0,0,7.14285714285714,0,0,0,0,0
"NC_059184.1.11509334.11509335",0,0,0,0,0,0,0,0,0,0,10.3448275862069,0,0,0,0,0,0,0,0,0,3.2258064516129,0,1.31578947368421,0,0,0,0,0,2.24719101123596,0
"NC_059184.1.11838957.11838958",0,0,2.27272727272727,0,0,8,0,0,0,0,25,4.65116279069767,6.66666666666667,0,0,0,0,0,5.63380281690141,0,4,2.32558139534884,15,0,0,0,0,0,26.4705882352941,3.7037037037037
"NC_059185.1.1167232.1167233",0,8,3.84615384615385,0,5.55555555555556,0,0,0,0,0,12,0,5,0,12.5,0,0,0,0,3.57142857142857,0,7.14285714285714,38.0952380952381,3.7037037037037,2.85714285714286,19.3548387096774,89.2857142857143,0,3.84615384615385,0
"NC_059185.1.2841476.2841477",0,0,0,0,0,0,0,0,7.14285714285714,0,15.7894736842105,0,0,0,0,0,0,0,5,0,0,0,0,0,0,0,0,0,0,0
"NC_059185.1.11201074.11201075",0,0,0,0,0,0,0,0,0,0,14.2857142857143,0,0,4.76190476190476,2.85714285714286,0,0,0,0,0,0,0,4.16666666666667,0,0,0,3.44827586206897,0,0,0
"NC_059185.1.13091355.13091356",0,0,0,0,0,0,0,0,0,0,15.625,0,0,0,12.2448979591837,0,0,3.33333333333333,0,0,13.4615384615385,3.38983050847458,0,0,2.98507462686567,0,3.33333333333333,0,0,0
"NC_059186.1.738532.738533",0,0,0,0,0,0,0,0,0,0,23.0769230769231,0,0,0,0,0,0,0,0,0,0,0,3.2258064516129,0,0,0,0,0,7.14285714285714,0
"NC_059186.1.738560.738561",0,0,0,0,0,0,0,0,0,0,21.4285714285714,0,0,0,0,0,0,0,0,0,0,0,0,0,0,0,0,0,0,0
"NC_059186.1.6843731.6843732",0,2.56410256410256,0,0,0,0,4.76190476190476,0,0,0,51.8518518518519,0,0,0,0,3.57142857142857,0,0,2.7027027027027,5.88235294117647,50,0,3.84615384615385,0,0,0,0,0,0,0
"NC_059186.1.7646372.7646373",0,0,0,0,0,0,0,0,0,0,20,0,0,0,0,0,6.25,0,0,0,0,0,0,0,0,0,0,0,0,0
"NC_059186.1.11711152.11711153",0,0,0,0,0,0,0,0,0,0,18.75,0,0,0,0,0,0,0,0,0,0,0,0,0,0,0,0,0,0,6.25
"NC_059187.1.594372.594373",0,0,0,0,0,0,0,0,0,0,16.6666666666667,0,0,0,0,0,0,0,0,0,0,0,0,0,0,0,0,0,0,0
"NC_059187.1.1726689.1726690",0,0,0,0,0,0,0,0,0,4,52.1739130434783,0,5,0,0,0,0,0,0,0,0,0,0,0,0,0,4.54545454545455,0,0,0
"NC_059187.1.6621984.6621985",2.38095238095238,5.26315789473684,0,0,0,0,5.88235294117647,0,5.55555555555556,3.33333333333333,10.7142857142857,3.03030303030303,0,0,0,17.6470588235294,0,9.52380952380952,2.22222222222222,0,0,0,2.5,0,24.3243243243243,0,0,0,0,0
"NC_059187.1.8426446.8426447",0,0,0,0,0,0,0,0,0,0,13.0434782608696,0,0,0,0,0,0,0,0,0,0,0,0,0,0,0,0,0,0,0
"NC_059187.1.9029461.9029462",0,0,0,0,0,0,0,0,0,0,30,59.2592592592593,0,0,0,44.4444444444444,0,0,0,0,0,0,0,0,0,0,0,0,0,0
"NC_059188.1.5371717.5371718",4,0,0,7.14285714285714,0,0,0,0,0,0,16.6666666666667,0,0,0,0,0,0,0,0,0,4,0,0,0,3.7037037037037,0,0,0,0,0
"NC_059188.1.8108322.8108323",0,0,0,0,0,1.78571428571429,0,2.77777777777778,0,0,10.7142857142857,0,0,0,0,2.17391304347826,0,0,0,0,0,0,0,0,0,0,0,0,0,0
"NC_059188.1.10743031.10743032",0,0,0,0,0,0,0,0,0,0,22.2222222222222,0,0,0,0,0,0,0,0,0,0,0,0,0,0,0,0,0,0,0
"NC_059188.1.12210792.12210793",5,0,0,0,0,0,0,0,0,0,38.8888888888889,0,0,0,0,9.52380952380952,0,6.66666666666667,0,0,0,0,41.6666666666667,0,0,0,0,0,0,0
"NC_059189.1.7506666.7506667",3.84615384615385,0,0,0,0,0,0,0,0,0,31.8181818181818,0,0,0,0,3.2258064516129,0,0,0,0,0,5,0,0,0,0,0,0,0,0
"NC_059189.1.7507265.7507266",0,0,0,0,0,0,0,0,0,0,10.7142857142857,0,0,0,0,0,0,0,0,0,0,0,0,0,0,0,0,0,0,0
"NC_059189.1.7508091.7508092",2.4390243902439,4.54545454545455,0,0,0,0,0,0,0,5.12820512820513,28.5714285714286,0,9.09090909090909,0,11.4285714285714,0,0,5,3.57142857142857,0,0,0,0,0,0,0,0,0,0,0
"NC_059189.1.8092763.8092764",0,0,0,0,0,0,0,0,0,0,13.0434782608696,0,3.03030303030303,2,1.36986301369863,0,0,0,0,0,0,0,0,0,0,0,0,0,0,0
"NC_059189.1.9427635.9427636",0,0,0,0,0,0,4.76190476190476,0,0,0,18.75,0,0,0,0,0,0,0,0,0,26.0869565217391,0,7.14285714285714,0,0,0,3.7037037037037,0,0,0
"NC_059189.1.10953859.10953860",0,0,0,0,0,0,0,0,0,0,13.953488372093,0,0,2.89855072463768,0,0,0,0,0,0,0,0,0,0,1.49253731343284,0,0,2.7027027027027,1.42857142857143,0
"NC_059190.1.127673.127674",0,0,0,0,0,0,0,0,0,0,76.9230769230769,0,56.5217391304348,5.26315789473684,0,0,55.5555555555556,60,44.4444444444444,0,52.9411764705882,0,0,30,0,0,0,58.3333333333333,0,0
"NC_059190.1.127687.127688",0,0,0,0,0,0,0,0,0,0,72.7272727272727,0,58.3333333333333,0,0,0,55.5555555555556,62.5,53.5714285714286,0,56.25,0,0,38.0952380952381,0,0,6.66666666666667,58.3333333333333,3.7037037037037,0
"NC_059190.1.3819322.3819323",0,0,0,0,0,0,0,0,0,0,9.375,0,0,0,0,0,0,0,5.88235294117647,5,3.7037037037037,0,3.33333333333333,0,3.2258064516129,0,3.2258064516129,3.7037037037037,5,0
"NC_059190.1.5038325.5038326",0,0,0,0,0,0,0,8,9.52380952380952,0,9.30232558139535,2.4390243902439,4,0,1.96078431372549,7.69230769230769,0,0,0,3.7037037037037,2.56410256410256,0,7.69230769230769,0,0,3.57142857142857,2.32558139534884,0,2.94117647058824,0
"NC_059191.1.4603387.4603388",0,0,0,0,0,0,9.09090909090909,0,0,0,26.6666666666667,0,3.44827586206897,8,0,0,0,0,4.34782608695652,0,6.89655172413793,0,0,0,0,18.4210526315789,0,3.50877192982456,0,0
"NC_059191.1.7663340.7663341",0,0,0,0,0,0,0,0,0,0,23.5294117647059,0,0,0,0,0,0,0,0,0,0,1.69491525423729,0,10.8108108108108,0,2.4390243902439,0,0,0,0
"NW_025533130.1.238225.238226",0,0,0,0,0,0,0,0,0,0,17.6470588235294,0,0,0,15.3846153846154,3.2258064516129,0,0,0,0,0,6.25,8.51063829787234,0,0,0,0,6.45161290322581,0,0
"NW_025533169.1.73598.73599",1.49253731343284,0,0,0,0,0,0,0,5.26315789473684,4.83870967741935,16,0,0,0,2.32558139534884,0,0,0,0,1.58730158730159,28.125,0,0,0,0,46.4285714285714,2.22222222222222,19.047619047619,19.5652173913043,0
"NW_025533169.1.73941.73942",1.81818181818182,0,0,0,0,0,0,0,0,0,18.3333333333333,0,0,0,0,1.58730158730159,0,0,0,0,35.7142857142857,0,0,0,0,52.9411764705882,0,24.1379310344828,0,0
"NW_025533175.1.62209.62210",0,0,0,0,0,0,0,0,0,0,18.3673469387755,0,0,0,0,0,2.32558139534884,0,0,2.27272727272727,0,0,0,0,0,0,3.57142857142857,4.16666666666667,1.5625,4.16666666666667
"NW_025533332.1.24534.24535",2.12765957446809,3.7037037037037,2.56410256410256,0,4.16666666666667,0,5.71428571428571,0,2.22222222222222,3.27868852459016,18.1818181818182,10,3.57142857142857,0,0,4.54545454545455,3.7037037037037,0,9.43396226415094,0,3.125,0,1.61290322580645,3.44827586206897,18.75,11.1111111111111,2.85714285714286,11.4285714285714,0,11.1111111111111
"NW_025533332.1.28091.28092",0,0,0,0,0,0,0,0,0,1.66666666666667,6.06060606060606,0,0,0,0,0,0,0,0,5.88235294117647,0,0,0,1.28205128205128,6.12244897959184,2.22222222222222,0,2.17391304347826,2.08333333333333,0
"NW_025533332.1.29136.29137",1.63934426229508,2.08333333333333,0,3.33333333333333,0,0,3.03030303030303,0,6.66666666666667,3.77358490566038,10,2,0,2.04081632653061,3.33333333333333,2.7027027027027,2.5,0,0,3.7037037037037,3.2258064516129,3.84615384615385,6.12244897959184,1.33333333333333,0,7.14285714285714,0,5.40540540540541,5.55555555555556,3.84615384615385
"NW_025533332.1.29758.29759",0,0,0,0,0,0,0,0,0,0,14.2857142857143,2.27272727272727,0,35.2941176470588,0,0,0,0,0,0,0,0,0,2,0,0,0,6.52173913043478,0,0
"NW_025533332.1.29931.29932",0,0,0,7.14285714285714,0,0,0,0,0,0,10,0,0,35.2941176470588,0,35.7142857142857,0,8.33333333333333,0,0,0,0,0,2.22222222222222,0,0,0,25,0,0
"NC_059182.1.1000868.1000869",0,0,0,0,0,0,0,0,0,0,0,10,0,0,0,0,0,0,0,0,0,0,0,0,0,0,0,0,0,0
"NC_059182.1.2747927.2747928",0,0,0,4.16666666666667,0,0,0,0,0,0,0,31.8181818181818,0,0,0,0,0,0,3.84615384615385,0,3.7037037037037,0,0,0,0,4.34782608695652,0,0,0,8.33333333333333
"NC_059182.1.2747944.2747945",0,0,0,0,0,0,5.55555555555556,0,0,0,0,45,0,0,2.5,0,0,0,3.7037037037037,0,0,0,0,0,0,0,5.26315789473684,0,0,0
"NC_059182.1.9035226.9035227",0,0,0,0,0,0,0,0,0,0,0,12,0,0,4.54545454545455,0,0,0,0,0,0,0,0,0,0,0,0,0,0,0
"NC_059182.1.11238246.11238247",0,0,0,0,0,0,0,0,0,0,0,11.5384615384615,0,0,0,0,0,0,0,0,0,0,0,0,0,0,0,0,0,0
"NC_059182.1.12048703.12048704",0,0,0,0,0,0,0,0,0,0,0,10,0,0,0,0,0,0,0,0,0,0,0,0,0,0,0,0,0,0
"NC_059182.1.12272811.12272812",0,0,0,0,5.88235294117647,0,0,0,0,0,0,23.3333333333333,0,0,50,0,3.57142857142857,4.54545454545455,0,0,8.33333333333333,0,0,11.1111111111111,0,6.66666666666667,0,0,0,0
"NC_059182.1.13429140.13429141",0,0,0,0,0,0,0,0,0,0,0,9.09090909090909,0,0,0,0,0,0,0,0,0,0,0,3.125,5,0,0,0,0,0
"NC_059182.1.14986687.14986688",0,0,0,0,0,0,0,0,0,0,0,13.0434782608696,0,0,0,0,0,0,0,0,0,0,0,0,0,0,0,0,0,0
"NC_059182.1.18911895.18911896",0,0,0,0,0,0,0,5.26315789473684,0,0,6.66666666666667,13.0434782608696,0,0,0,0,0,0,0,0,0,0,0,0,0,0,0,0,0,0
"NC_059183.1.1724161.1724162",0,0,0,0,0,0,0,0,0,0,0,10.3448275862069,0,0,0,0,0,0,3.33333333333333,0,0,0,7.14285714285714,0,0,0,0,0,8.33333333333333,0
"NC_059183.1.4716734.4716735",0,0,6.25,0,0,0,13.3333333333333,0,0,0,0,66.6666666666667,0,0,0,0,0,0,0,0,5.26315789473684,0,0,0,0,0,0,47.3684210526316,3.84615384615385,0
"NC_059183.1.5167249.5167250",0,0,0,0,0,0,0,0,0,5,0,9.09090909090909,0,0,0,0,0,0,0,0,0,0,4.76190476190476,0,0,0,0,0,0,0
"NC_059183.1.11866725.11866726",0,0,0,0,0,0,0,0,0,0,4.34782608695652,13.6363636363636,0,0,0,0,0,0,0,0,0,0,0,3.2258064516129,0,0,0,8.33333333333333,0,0
"NC_059183.1.12250710.12250711",0,5,0,0,0,0,0,0,0,0,0,12.5,0,0,0,0,0,0,0,0,4.34782608695652,5.26315789473684,4.76190476190476,0,0,0,0,0,0,0
"NC_059183.1.13244207.13244208",0,0,0,0,0,0,0,0,0,0,0,11.1111111111111,0,0,0,0,0,0,0,0,0,0,0,0,4.76190476190476,0,0,0,0,0
"NC_059183.1.14464197.14464198",0,0,0,0,0,0,0,0,0,0,4.54545454545455,13.6363636363636,0,0,0,0,0,5.88235294117647,0,0,0,0,0,0,0,0,0,0,0,0
"NC_059183.1.15308339.15308340",0,0,0,0,0,0,0,0,0,0,0,33.3333333333333,0,0,4.54545454545455,0,0,0,0,0,0,0,0,0,0,0,5.88235294117647,0,8.33333333333333,0
"NC_059184.1.125749.125750",0,0,0,0,0,0,0,0,0,0,0,11.1111111111111,0,0,0,0,0,0,0,0,0,0,0,0,0,3.7037037037037,0,0,0,5.88235294117647
"NC_059184.1.3211911.3211912",0,3.44827586206897,0,0,0,0,0,0,0,0,0,11.5384615384615,0,0,0,0,0,0,0,0,0,0,0,0,0,0,0,0,0,0
"NC_059184.1.4594347.4594348",0,0,0,0,0,0,11.1111111111111,0,0,0,0,13.7931034482759,45.8333333333333,0,11.1111111111111,0,4,0,0,0,0,0,0,0,0,0,0,0,0,0
"NC_059184.1.11838881.11838882",0,2.85714285714286,0,0,0,0,0,0,0,0,0,16.2162162162162,0,0,0,0,2.22222222222222,0,0,0,0,2.77777777777778,0,0,0,11.4285714285714,0,0,0,0
"NC_059185.1.17500.17501",0,0,0,0,0,0,0,0,0,0,0,10.6382978723404,0,3.33333333333333,0,0,0,8.69565217391304,0,0,0,5.12820512820513,0,3.2258064516129,2.85714285714286,0,0,0,4.54545454545455,4.8780487804878
"NC_059185.1.350927.350928",0,0,0,0,0,0,0,0,0,0,0,48,0,0,0,0,0,0,0,0,0,44.8275862068966,0,5.26315789473684,0,0,0,0,0,0
"NC_059185.1.580207.580208",0,0,0,0,0,0,0,0,0,0,0,14.2857142857143,5.26315789473684,0,0,0,0,0,0,0,0,0,0,0,0,0,0,0,0,0
"NC_059185.1.967167.967168",0,0,16.6666666666667,0,0,0,0,0,0,0,0,17.6470588235294,0,0,0,0,0,0,0,0,0,0,0,0,0,0,0,0,0,0
"NC_059185.1.1167133.1167134",0,0,0,0,0,0,0,0,0,0,0,10,0,0,0,0,6.66666666666667,0,0,0,0,0,9.52380952380952,0,0,0,54.1666666666667,0,0,0
"NC_059185.1.2006626.2006627",0,0,0,0,0,0,0,0,0,0,0,10.7142857142857,0,4.34782608695652,4.54545454545455,5,0,0,0,0,0,0,8.33333333333333,0,0,4.34782608695652,0,0,0,0
"NC_059185.1.2006767.2006768",6.25,0,0,0,0,0,0,0,0,0,0,10,0,0,0,0,0,0,0,0,0,0,0,0,0,0,0,0,0,0
"NC_059185.1.3109345.3109346",5.88235294117647,4.34782608695652,0,0,0,0,0,0,5,10,0,9.375,5.26315789473684,0,0,3.125,0,5.88235294117647,4.34782608695652,0,4.16666666666667,0,8,3.57142857142857,3.7037037037037,4.54545454545455,0,0,6.25,9.09090909090909
"NC_059185.1.13237300.13237301",0,0,0,0,0,0,0,5,0,5.55555555555556,0,20,4.34782608695652,0,0,4.34782608695652,0,0,0,0,0,0,0,0,2.27272727272727,0,16.6666666666667,3.7037037037037,0,0
"NC_059186.1.1107811.1107812",0,0,0,0,0,0,0,0,0,0,0,11.1111111111111,5,0,0,0,0,0,3.2258064516129,0,0,0,0,0,0,0,0,0,0,0
"NC_059186.1.1803207.1803208",0,0,0,0,0,0,0,0,0,0,0,10.7142857142857,3.7037037037037,0,0,0,0,0,0,0,0,0,0,0,0,0,0,0,5.88235294117647,0
"NC_059186.1.2878492.2878493",0,0,0,0,0,0,0,0,0,4.54545454545455,0,11.5384615384615,0,0,0,0,4.76190476190476,0,0,0,3.44827586206897,2.94117647058824,0,0,0,0,0,0,0,0
"NC_059186.1.2890684.2890685",0,0,0,0,0,0,0,0,5.26315789473684,0,0,12,5.26315789473684,0,0,0,0,0,0,0,0,0,0,0,4.76190476190476,0,0,0,0,0
"NC_059187.1.2654231.2654232",0,0,0,0,0,0,0,0,0,0,0,10,10,0,0,0,0,0,0,0,0,0,5,5.55555555555556,0,0,0,0,0,0
"NC_059187.1.3744588.3744589",0,0,0,0,0,0,0,0,0,0,0,9.375,0,0,0,0,0,5.26315789473684,0,0,0,0,0,0,0,0,0,0,0,0
"NC_059187.1.6654137.6654138",0,0,0,0,5,0,0,0,0,0,0,13.0434782608696,6.25,0,0,0,0,0,0,4.54545454545455,0,0,0,0,0,0,4.34782608695652,0,0,0
"NC_059187.1.7968324.7968325",0,0,0,8.33333333333333,0,5.26315789473684,0,0,0,0,0,11.5384615384615,0,0,0,0,0,0,0,4,0,0,0,0,0,0,0,0,0,0
"NC_059188.1.827827.827828",0,0,0,0,0,0,0,0,0,0,0,12,0,0,0,0,0,0,3.57142857142857,0,3.57142857142857,0,0,0,0,0,0,0,0,0
"NC_059188.1.928919.928920",0,0,0,0,6.66666666666667,4,0,0,0,3.33333333333333,0,9.67741935483871,40,0,3.57142857142857,0,0,5.26315789473684,0,0,0,0,0,3.7037037037037,0,3.03030303030303,0,0,0,0
"NC_059188.1.1904372.1904373",0,0,0,0,0,0,0,0,0,0,0,9.375,0,0,0,0,0,0,0,0,0,0,0,4.34782608695652,0,0,0,3.7037037037037,0,0
"NC_059188.1.4966435.4966436",0,0,0,0,0,0,0,0,0,5,0,10.3448275862069,0,0,0,0,0,0,0,0,0,0,3.57142857142857,0,0,0,0,5.55555555555556,0,0
"NC_059188.1.5921108.5921109",0,0,0,0,0,0,7.14285714285714,0,0,0,0,22.2222222222222,0,0,0,0,0,0,0,0,0,0,0,0,0,0,0,0,7.14285714285714,0
"NC_059188.1.8116027.8116028",0,0,0,0,0,0,0,0,0,0,0,12.5,4.76190476190476,0,0,0,0,0,0,0,0,0,0,0,5.55555555555556,0,0,0,0,0
"NC_059188.1.11073936.11073937",0,0,0,5.55555555555556,0,0,0,0,0,0,0,10.3448275862069,0,0,0,0,0,0,0,0,0,0,0,0,0,0,0,0,0,0
"NC_059189.1.837980.837981",0,0,0,0,0,0,0,0,0,0,0,12,0,0,0,0,0,0,0,0,3.44827586206897,0,0,0,0,0,0,0,0,0
"NC_059189.1.1867022.1867023",0,0,0,0,0,0,0,0,0,0,0,12,0,0,0,0,0,0,4.16666666666667,0,0,0,0,6.25,0,0,0,5,0,0
"NC_059189.1.1867034.1867035",0,0,0,0,0,0,0,0,0,0,0,11.1111111111111,5.55555555555556,0,0,0,0,0,0,0,4.54545454545455,0,0,6.25,0,0,3.44827586206897,4.76190476190476,5.26315789473684,5.88235294117647
"NC_059189.1.6088308.6088309",0,0,4.54545454545455,3.03030303030303,0,0,0,0,0,0,0,11.7647058823529,0,0,0,0,0,4.16666666666667,1.35135135135135,0,0,6.66666666666667,0,0,0,0,0,0,0,0
"NC_059189.1.7500967.7500968",0,0,0,0,0,0,0,0,0,0,3.2258064516129,8.88888888888889,0,0,2.27272727272727,0,0,0,0,0,0,0,0.925925925925926,2.12765957446809,2.85714285714286,0,0,0,2.85714285714286,0
"NC_059189.1.8445833.8445834",0,0,0,0,0,0,7.14285714285714,0,0,0,0,10.7142857142857,5.55555555555556,0,0,3.44827586206897,0,0,0,0,0,0,0,0,6.45161290322581,0,0,0,0,4.54545454545455
"NC_059189.1.10813789.10813790",0,0,0,0,0,0,0,0,0,0,0,57.1428571428571,0,0,0,0,0,0,0,0,0,0,0,7.14285714285714,0,0,5.88235294117647,0,0,0
"NC_059190.1.177805.177806",0,0,0,0,0,0,0,0,0,0,0,50,0,0,0,0,0,0,0,0,6.66666666666667,3.7037037037037,0,0,3.57142857142857,0,25,8.33333333333333,0,0
"NC_059190.1.5037800.5037801",0,0,0,0,0,2.77777777777778,3.03030303030303,0,0,0,0,17.1428571428571,0,8.88888888888889,3.33333333333333,0,0,0,0,3.7037037037037,0,0,0,0,5.26315789473684,29.4117647058824,0,0,0,0
"NC_059190.1.6025322.6025323",0,0,0,0,0,0,0,0,0,0,0,11.5384615384615,0,0,0,0,3.2258064516129,2.38095238095238,0,2.63157894736842,2.04081632653061,0,0,0,0,0,0,0,0,0
"NC_059190.1.7694840.7694841",8.33333333333333,0,0,0,0,0,0,7.69230769230769,0,0,0,13.1578947368421,10.7142857142857,0,0,6.25,0,0,2.38095238095238,0,5.26315789473684,0,6.81818181818182,0,0,14.8148148148148,3.44827586206897,0,0,2.77777777777778
"NC_059191.1.8951717.8951718",0,0,0,0,0,0,0,0,0,0,0,10.3448275862069,0,0,0,0,0,0,0,0,0,0,0,6.66666666666667,0,0,0,0,0,0
"NW_025533130.1.232602.232603",3.7037037037037,4.16666666666667,5.88235294117647,7.14285714285714,0,0,0,0,0,3.03030303030303,3.44827586206897,10.7142857142857,4.16666666666667,0,2.17391304347826,0,0,0,6.25,0,0,7.40740740740741,0,0,5.40540540540541,0,11.3636363636364,0,0,0
"NW_025533169.1.75314.75315",0,2.77777777777778,4.54545454545455,0,0,0,0,0,0,1.5625,2.8169014084507,11.5384615384615,0,0,0,2.22222222222222,1.85185185185185,2.27272727272727,0,0,0,0,5.55555555555556,0,5.40540540540541,26.6666666666667,0,21.5686274509804,2.85714285714286,12
"NW_025533169.1.75378.75379",1.66666666666667,0,5,0,0,0,0,0,0,3.07692307692308,0,10.3448275862069,0,0,0,2.85714285714286,6.25,3.2258064516129,0,0,0,2.56410256410256,0,3.17460317460317,2.63157894736842,4.54545454545455,0,0,0,0
"NC_059182.1.8329114.8329115",0,0,0,0,3.38983050847458,0,0,0,0,0,1.96078431372549,3.2258064516129,10.8108108108108,1.88679245283019,1.72413793103448,8.33333333333333,0,17.6470588235294,4.08163265306122,12.1212121212121,4.08163265306122,0,0,0,4.76190476190476,0,0,0,0,0
"NC_059182.1.8329135.8329136",0,0,0,0,4.41176470588235,0,0,0,0,2.94117647058824,0,0,10.5263157894737,1.69491525423729,0,7.14285714285714,0,5.88235294117647,11.5384615384615,13.5135135135135,1.75438596491228,2.85714285714286,0,0,0,0,0,2.85714285714286,4.8780487804878,0
"NC_059182.1.13534650.13534651",10,0,18.1818181818182,8.33333333333333,0,0,5.55555555555556,0,0,0,0,0,18.75,0,0,6.25,0,0,0,6.25,0,0,0,5.55555555555556,25,0,3.84615384615385,0,5.26315789473684,0
"NC_059183.1.225751.225752",0,0,0,0,0,5.55555555555556,0,0,0,5.55555555555556,0,0,13.0434782608696,0,0,0,0,0,0,0,0,0,0,0,0,0,0,0,0,4.16666666666667
"NC_059183.1.1074650.1074651",0,4.54545454545455,0,0,0,0,0,8.33333333333333,0,4.16666666666667,0,0,20,0,6.25,0,0,0,0,0,0,0,0,0,6.89655172413793,4.16666666666667,0,8.33333333333333,4.54545454545455,9.52380952380952
"NC_059183.1.3390194.3390195",0,0,0,0,0,0,0,0,0,0,0,3.57142857142857,18.1818181818182,0,0,0,0,0,0,0,0,0,0,0,21.4285714285714,0,0,3.125,0,0
"NC_059183.1.8981629.8981630",0,0,0,0,0,5,0,0,0,0,0,0,20,0,3.125,0,0,0,0,0,0,0,15.7894736842105,0,0,0,0,0,0,0
"NC_059183.1.9484867.9484868",0,0,0,6.06060606060606,0,4.16666666666667,0,0,0,0,0,0,11.1111111111111,21.6216216216216,6.89655172413793,0,0,0,0,0,0,4.34782608695652,0,9.67741935483871,22.7272727272727,0,0,0,0,23.3333333333333
"NC_059183.1.9484888.9484889",0,0,0,0,0,4,0,0,0,0,0,2.27272727272727,10.7142857142857,22.5,9.67741935483871,0,0,0,1.69491525423729,0,0,0,0,10,28.2051282051282,0,0,0,0,17.2413793103448
"NC_059183.1.9484894.9484895",0,0,0,0,0,3.92156862745098,2.94117647058824,0,0,2.56410256410256,0,0,10.7142857142857,27.027027027027,6.45161290322581,0,2.63157894736842,0,1.69491525423729,0,0,0,0,10,26.3157894736842,0,5,5,0,21.4285714285714
"NC_059183.1.9484897.9484898",0,0,0,0,0,4,0,0,0,0,0,0,10.7142857142857,27.027027027027,6.34920634920635,0,0,3.33333333333333,0,0,0,0,0,9.67741935483871,31.5789473684211,0,0,0,2.17391304347826,21.4285714285714
"NC_059183.1.11501125.11501126",0,3.57142857142857,0,0,0,0,0,0,0,0,0,0,27.7777777777778,0,0,0,0,0,0,0,0,0,0,0,0,4.34782608695652,9.09090909090909,0,0,0
"NC_059183.1.11501142.11501143",0,0,0,0,0,0,0,0,0,0,0,4.16666666666667,18.75,0,0,0,0,0,0,0,0,0,0,0,0,4.16666666666667,0,0,0,0
"NC_059184.1.322608.322609",0,0,0,0,0,0,5.88235294117647,7.14285714285714,0,4.54545454545455,0,0,18.1818181818182,4.16666666666667,0,0,4.54545454545455,0,0,0,0,15.7894736842105,0,0,0,0,18.75,0,0,0
"NC_059184.1.4594373.4594374",0,4,0,0,0,5.55555555555556,0,0,0,0,0,3.33333333333333,13.0434782608696,0,0,3.57142857142857,0,0,0,0,0,0,0,0,0,0,0,0,0,0
"NC_059184.1.11529866.11529867",0,0,0,0,0,6.66666666666667,0,0,0,3.7037037037037,0,0,20,0,0,4.54545454545455,0,0,0,0,0,0,0,0,0,0,0,5,0,0
"NC_059184.1.11530124.11530125",0,0,0,0,0,0,0,0,0,0,0,0,16.6666666666667,0,2.63157894736842,0,0,0,3.57142857142857,0,0,0,0,0,0,9.52380952380952,0,0,0,0
"NC_059184.1.12024160.12024161",0,0,0,0,0,0,0,0,0,0,0,2.32558139534884,12,0,0,0,0,0,0,0,2.08333333333333,0,0,0,0,0,3.125,0,4.76190476190476,0
"NC_059184.1.13227226.13227227",0,0,0,0,0,0,0,0,0,4.16666666666667,0,0,31.25,0,0,0,0,0,0,0,0,0,0,0,0,0,0,6.66666666666667,40,0
"NC_059185.1.3503093.3503094",0,0,0,0,0,0,0,0,0,0,0,5.71428571428571,41.1764705882353,0,0,0,55.1724137931034,0,0,0,0,0,3.2258064516129,0,0,0,0,0,0,0
"NC_059185.1.5860138.5860139",0,2.7027027027027,0,0,0,0,0,0,5,2.22222222222222,0,0,17.8571428571429,0,19.5121951219512,0,0,0,0,4.16666666666667,0,2.22222222222222,0,0,0,0,2.56410256410256,0,3.7037037037037,0
"NC_059185.1.11277520.11277521",0,0,0,0,0,0,0,0,0,0,0,0,50,0,0,0,40.9090909090909,0,0,0,0,0,0,0,0,0,0,3.84615384615385,35.7142857142857,0
"NC_059185.1.11277554.11277555",0,0,0,0,0,0,0,0,0,0,0,0,11.1111111111111,0,0,0,0,0,4.54545454545455,0,0,0,0,0,0,0,0,0,0,0
"NC_059185.1.13126089.13126090",0,0,0,0,0,0,0,0,0,0,0,0,13.7931034482759,0,0,0,0,0,0,4.34782608695652,0,0,0,0,0,0,0,2.27272727272727,0,0
"NC_059186.1.1741929.1741930",0,0,0,0,0,0,0,0,0,3.2258064516129,0,0,9.09090909090909,0,0,0,0,0,0,0,0,0,0,0,0,0,0,5.55555555555556,0,0
"NC_059186.1.2883483.2883484",3.7037037037037,0,0,0,0,0,0,7.14285714285714,0,0,4,0,22.2222222222222,0,10.7142857142857,3.44827586206897,0,0,6.89655172413793,0,3.44827586206897,4,0,3.57142857142857,3.44827586206897,14.2857142857143,0,4.34782608695652,0,7.69230769230769
"NC_059186.1.2883503.2883504",0,0,0,4,0,0,0,0,0,0,0,0,10.7142857142857,0,0,0,0,0,2.85714285714286,0,0,3.57142857142857,3.84615384615385,0,3.7037037037037,0,0,3.44827586206897,0,0
"NC_059186.1.2883545.2883546",0,0,16.6666666666667,0,0,0,0,10.5263157894737,0,0,0,0,12.5,0,0,8,0,0,0,0,0,0,4,0,0,0,0,0,0,0
"NC_059186.1.7033574.7033575",0,0,0,0,0,0,0,0,0,0,0,0,27.2727272727273,0,0,0,0,0,0,0,0,0,0,0,0,0,0,0,0,0
"NC_059186.1.8070007.8070008",0,0,0,0,0,0,0,0,0,0,0,0,30.7692307692308,4.34782608695652,0,0,0,40,0,0,46.1538461538462,5.55555555555556,0,0,0,0,0,0,0,0
"NC_059187.1.4181754.4181755",0,4.34782608695652,3.33333333333333,0,0,0,0,0,0,5,10.5263157894737,3.2258064516129,18.75,0,6.45161290322581,0,0,4.16666666666667,0,0,0,2.56410256410256,0,0,0,10,0,0,10,4.34782608695652
"NC_059187.1.7335412.7335413",0,0,0,0,0,0,0,0,0,0,0,1.96078431372549,10.3448275862069,1.5625,0,0,2.17391304347826,2.12765957446809,3.44827586206897,0,0,0,0,0,1.51515151515152,2.77777777777778,0,0,1.2987012987013,3.125
"NC_059187.1.8348858.8348859",0,0,0,0,0,0,0,0,0,0,0,0,13.0434782608696,0,0,4,0,0,0,0,0,0,0,0,3.2258064516129,0,0,0,0,0
"NC_059188.1.12760070.12760071",0,0,0,0,0,0,0,0,0,0,3.84615384615385,0,15,0,0,0,0,0,3.57142857142857,0,0,0,0,0,0,0,5.26315789473684,0,0,0
"NC_059188.1.13017164.13017165",0,8.33333333333333,5.88235294117647,7.69230769230769,0,11.7647058823529,11.1111111111111,15.3846153846154,7.14285714285714,5.88235294117647,11.1111111111111,4.54545454545455,15.7894736842105,13.3333333333333,50,25,85.7142857142857,0,4.54545454545455,16,7.14285714285714,4.54545454545455,4.54545454545455,8.33333333333333,28,37.037037037037,25,18.1818181818182,21.7391304347826,14.2857142857143
"NC_059189.1.346443.346444",0,7.14285714285714,0,0,0,0,0,0,0,7.69230769230769,0,13.3333333333333,16.6666666666667,0,0,0,0,0,4,5.88235294117647,0,13.3333333333333,5.26315789473684,0,0,0,8.69565217391304,0,0,7.69230769230769
"NC_059189.1.6538187.6538188",0,3.125,0,0,0,0,0,0,0,0,0,5.55555555555556,12.9032258064516,6.89655172413793,0,0,0,0,0,0,0,0,0,5.55555555555556,0,3.125,0,0,44.4444444444444,0
"NC_059189.1.7508263.7508264",3.84615384615385,0,0,0,0,8.69565217391304,0,0,0,0,5,0,13.7931034482759,22.5806451612903,6.81818181818182,7.14285714285714,0,0,0,0,0,0,0,3.84615384615385,18.4210526315789,0,0,0,0,6.66666666666667
"NC_059189.1.10953220.10953221",0,0,1.96078431372549,0,6.97674418604651,0,0,3.77358490566038,0,3.33333333333333,0,1.53846153846154,8.69565217391304,1.21951219512195,6.57894736842105,0,0,0,0,0,0,1.5625,0,4,0,1.85185185185185,2.4390243902439,1.81818181818182,0,1.78571428571429
"NC_059190.1.5038060.5038061",3.84615384615385,0,0,0,0,2.85714285714286,0,0,0,14.2857142857143,3.125,3.33333333333333,21.0526315789474,0,29.6296296296296,3.7037037037037,0,0,0,7.40740740740741,4.54545454545455,8.33333333333333,3.84615384615385,4.76190476190476,15.3846153846154,0,16.6666666666667,7.14285714285714,4.34782608695652,4.54545454545455
"NC_059190.1.5038082.5038083",0,0,0,0,0,0,0,0,0,0,0,0,16.6666666666667,3.57142857142857,2,0,0,0,0,7.40740740740741,4.34782608695652,0,0,5,7.69230769230769,0,5.55555555555556,0,4.76190476190476,0
"NC_059190.1.7694846.7694847",0,0,0,0,0,0,0,0,0,0,0,5.26315789473684,13.3333333333333,0,0,6.06060606060606,0,0,2.32558139534884,0,7.69230769230769,0,4.34782608695652,3.03030303030303,0,14.2857142857143,3.33333333333333,0,0,0
"NC_059191.1.923413.923414",0,0,0,6.25,0,0,0,0,5,0,0,0,20,0,0,0,0,54.5454545454545,0,0,0,19.047619047619,0,0,5.88235294117647,0,0,0,0,0
"NC_059191.1.7651833.7651834",0,0,0,0,4.34782608695652,0,0,0,0,0,0,0,12.5,0,0,0,0,0,0,0,0,0,0,0,1.61290322580645,1.88679245283019,0,0,0,0
"NC_059191.1.8470481.8470482",0,0,0,0,0,0,0,0,0,0,0,4,9.67741935483871,0,0,0,0,0,0,0,0,0,0,3.7037037037037,0,0,0,0,0,0
"NC_059191.1.9580162.9580163",0,0,0,0,0,0,0,0,0,0,0,0,40,3.57142857142857,0,0,40,0,0,3.57142857142857,0,5.55555555555556,12,0,0,0,0,7.14285714285714,0,0
"NC_059191.1.9580184.9580185",0,0,0,0,0,0,0,0,0,0,4.34782608695652,0,52.9411764705882,0,0,0,52.3809523809524,0,0,0,4.34782608695652,0,0,0,0,0,0,7.14285714285714,0,0
"NW_025533169.1.98758.98759",0,0,0,0,0,0,0,0,0,0,0,3.2258064516129,33.3333333333333,0,2.85714285714286,0,0,0,0,0,0,0,0,0,0,3.44827586206897,0,0,0,0
"NW_025533215.1.24272.24273",0,0,0,0,0,0,0,0,0,0,0,0,33.3333333333333,0,0,0,0,0,0,0,0,0,0,0,2.77777777777778,0,0,3.7037037037037,0,0
"NW_025533362.1.25149.25150",0,0,0,0,0,0,0,7.14285714285714,0,0,0,0,9.09090909090909,0,0,14.2857142857143,4,2.12765957446809,1.96078431372549,0,0,0,4.16666666666667,0,0,0,0,13.3333333333333,0,2.63157894736842
"NC_059182.1.71422.71423",0,0,0,0,0,0,5.55555555555556,8.33333333333333,0,0,0,0,0,38.0952380952381,3.7037037037037,0,5.88235294117647,0,2.85714285714286,0,0,0,0,0,0,0,4.76190476190476,9.09090909090909,3.7037037037037,0
"NC_059182.1.15058062.15058063",0,0,0,0,0,0,0,0,0,0,0,0,0,16.6666666666667,0,0,0,6.66666666666667,0,0,4.54545454545455,0,0,0,0,0,7.14285714285714,0,5.55555555555556,0
"NC_059182.1.17533447.17533448",0,0,0,0,0,0,0,0,0,0,0,0,0,14.2857142857143,0,0,0,0,0,0,0,0,0,0,0,0,0,0,0,0
"NC_059182.1.18842607.18842608",0,0,0,0,0,6.66666666666667,8.33333333333333,0,0,0,0,3.7037037037037,0,33.3333333333333,0,0,0,0,0,0,0,0,0,0,0,0,20,0,0,0
"NC_059183.1.3066883.3066884",0,0,0,0,3.03030303030303,0,0,0,0,3.2258064516129,4.25531914893617,7.69230769230769,0,24.1379310344828,8.06451612903226,3.84615384615385,20.5882352941176,0,18.75,0,37.5,0,0,2.4390243902439,5.55555555555556,0,0,0,0,0
"NC_059183.1.7607400.7607401",4.54545454545455,0,0,0,0,0,0,0,0,0,0,0,0,15.7894736842105,3.57142857142857,0,0,0,0,0,0,0,0,6.25,0,0,0,0,0,0
"NC_059183.1.11369698.11369699",0,0,0,0,0,0,0,0,0,0,0,0,0,18.75,4.34782608695652,0,3.7037037037037,0,0,0,0,5.26315789473684,0,0,6.66666666666667,0,0,0,0,0
"NC_059183.1.14653895.14653896",0,0,0,0,0,0,0,0,0,0,0,0,0,15.7894736842105,0,0,0,0,0,0,0,0,0,0,0,0,0,0,0,0
"NC_059184.1.6666781.6666782",0,0,0,0,0,0,0,4.34782608695652,0,0,0,0,0,9.375,0,0,0,0,0,0,0,0,0,0,0,0,0,0,0,0
"NC_059184.1.10935861.10935862",0,0,0,8,0,0,0,0,0,0,0,0,0,11.1111111111111,0,0,0,0,0,0,0,0,0,7.14285714285714,0,0,0,0,0,4
"NC_059185.1.542025.542026",0,5,0,0,0,0,0,0,0,0,0,0,0,40,0,0,0,0,0,0,0,0,0,0,0,0,0,0,0,0
"NC_059185.1.6249115.6249116",0,4.34782608695652,0,0,0,0,0,0,0,0,0,2.7027027027027,0,35.2941176470588,0,0,0,21.7391304347826,0,0,0,0,0,0,0,44,33.3333333333333,61.9047619047619,4.34782608695652,0
"NC_059185.1.9326568.9326569",0,0,0,0,0,0,0,0,0,0,0,0,0,17.6470588235294,0,0,0,0,0,0,0,0,0,0,0,0,0,0,0,0
"NC_059185.1.9498084.9498085",0,5.88235294117647,0,0,0,0,0,0,0,0,18.1818181818182,0,0,34.6153846153846,0,0,4.54545454545455,58.8235294117647,0,0,0,0,0,0,0,0,0,0,20,0
"NC_059185.1.10334163.10334164",0,0,0,5.26315789473684,0,0,0,0,0,5.55555555555556,4,0,0,12,0,0,0,0,4.54545454545455,0,0,0,0,0,0,0,0,0,0,0
"NC_059186.1.5105589.5105590",0,0,0,0,0,0,0,0,0,5.88235294117647,0,0,0,11.5384615384615,0,3.84615384615385,0,0,0,0,0,0,0,0,6.25,0,0,10,0,0
"NC_059187.1.502445.502446",0,0,0,0,0,0,0,0,0,0,0,0,0,35.7142857142857,0,0,0,0,0,0,0,0,0,0,0,0,0,0,0,0
"NC_059187.1.4099713.4099714",0,0,0,0,0,0,0,0,0,0,0,4,0,20,0,0,0,0,0,0,0,0,0,0,0,0,0,0,0,0
"NC_059187.1.6655903.6655904",0,0,0,0,0,0,0,0,0,3.57142857142857,0,0,0,26.6666666666667,0,0,0,0,0,0,0,0,0,0,0,0,0,3.33333333333333,0,0
"NC_059187.1.7863208.7863209",0,5.26315789473684,0,0,0,0,0,0,0,0,0,0,0,15.7894736842105,0,0,0,0,0,13.3333333333333,0,0,0,0,0,0,0,0,0,0
"NC_059188.1.1432987.1432988",0,0,0,0,0,0,0,0,0,0,0,0,0,20,0,0,0,4.34782608695652,0,0,4.16666666666667,0,0,0,0,0,0,0,0,0
"NC_059188.1.1493874.1493875",0,0,0,5,0,0,0,0,0,0,0,3.33333333333333,0,13.0434782608696,0,0,0,0,0,0,3.44827586206897,0,0,0,0,0,0,13.3333333333333,0,0
"NC_059188.1.3838611.3838612",0,0,0,0,0,0,0,0,0,0,0,3.7037037037037,0,29.0322580645161,0,0,0,0,1.85185185185185,5.26315789473684,0,0,0,11.3636363636364,23.5294117647059,0,13.3333333333333,1.2987012987013,0,9.375
"NC_059188.1.8407575.8407576",0,0,0,0,0,0,0,0,0,0,0,0,0,11.1111111111111,0,0,0,0,0,0,0,0,6.66666666666667,0,0,6.66666666666667,0,0,0,0
"NC_059188.1.10307698.10307699",0,0,0,0,0,0,0,0,0,0,0,0,0,13.0434782608696,0,0,0,0,0,0,0,0,2.5,0,0,2.7027027027027,0,0,0,0
"NC_059188.1.11715419.11715420",0,0,0,0,0,0,0,0,0,0,0,0,0,33.3333333333333,0,0,0,0,0,0,0,0,0,0,0,0,0,0,0,0
"NC_059189.1.7508434.7508435",0,0,0,0,0,0,0,0,0,0,0,0,0,9.52380952380952,1.08695652173913,0,0,0,4.54545454545455,0,0,0,1.28205128205128,0,1.40845070422535,0,0,25.7575757575758,0,0
"NC_059189.1.9316206.9316207",0,0,0,0,0,0,0,0,0,0,0,3.44827586206897,0,10.7142857142857,0,0,3.57142857142857,0,0,0,0,0,0,0,0,0,0,0,0,7.14285714285714
"NC_059190.1.5035733.5035734",0,0,0,0,0,0,5.55555555555556,0,0,0,0,0,0,12,0,0,0,0,2.5,0,0,0,0,0,0,4.76190476190476,4.16666666666667,0,0,0
"NC_059190.1.5037822.5037823",0,0,3.44827586206897,0,2.38095238095238,4.8780487804878,0,0,0,0,0,0,0,10.4166666666667,3.2258064516129,0,0,0,0,8,0,0,0,0,12,4.76190476190476,5.88235294117647,0,0,5.55555555555556
"NC_059190.1.5037887.5037888",3.07692307692308,0,0,0,2.56410256410256,4.16666666666667,0,0,0,0,0,0,4,10.6382978723404,7.35294117647059,0,0,4.54545454545455,0,3.7037037037037,7.14285714285714,0,0,6.66666666666667,6.06060606060606,0,9.52380952380952,0,0,23.0769230769231
"NC_059191.1.1049179.1049180",0,0,0,0,0,0,0,0,0,0,0,6.25,0,40,0,0,7.14285714285714,0,0,0,0,0,0,0,0,0,0,0,35,0
"NC_059191.1.1049213.1049214",0,0,0,0,0,0,0,0,0,0,0,0,0,55,0,0,0,0,0,0,5.26315789473684,0,0,0,0,0,0,0,42.8571428571429,0
"NC_059191.1.1488035.1488036",0,0,0,0,0,0,0,0,0,0,0,0,0,18.75,0,0,0,0,0,0,0,0,0,4.34782608695652,0,0,0,0,0,0
"NC_059191.1.1488043.1488044",0,0,0,0,0,0,0,0,0,0,0,3.03030303030303,0,18.75,0,0,0,0,0,0,0,0,0,0,0,0,0,0,0,0
"NC_059191.1.1685948.1685949",0,0,0,0,0,0,0,0,0,0,0,0,0,28.5714285714286,0,0,0,0,0,0,10,0,0,0,0,0,19.047619047619,0,4.76190476190476,0
"NC_059191.1.1686144.1686145",0,0,0,0,0,0,0,0,0,0,0,0,0,35.7142857142857,0,0,0,4.54545454545455,0,0,0,0,0,0,0,0,0,0,0,0
"NC_059191.1.4085375.4085376",0,0,0,5.55555555555556,0,0,16.6666666666667,9.09090909090909,5,0,0,3.125,8.69565217391304,72.2222222222222,0,0,4.16666666666667,0,0,9.09090909090909,0,11.7647058823529,0,0,7.40740740740741,8,0,0,5.26315789473684,0
"NC_059191.1.4085395.4085396",0,0,0,0,0,0,0,0,0,0,7.14285714285714,0,0,64.7058823529412,0,0,4.34782608695652,0,0,4.16666666666667,3.7037037037037,0,0,0,0,0,0,0,0,0
"NC_059191.1.4085411.4085412",0,0,0,0,0,0,0,0,0,0,6.66666666666667,0,0,60,4.16666666666667,0,0,0,0,0,4.76190476190476,0,0,0,0,0,0,4.34782608695652,0,4
"NC_059191.1.6776005.6776006",0,0,0,0,0,0,0,0,0,0,0,0,5.88235294117647,38.0952380952381,0,2.77777777777778,2.22222222222222,0,0,0,0,0,0,0,0,0,0,0,0,0
"NW_025533136.1.30634.30635",0,3.33333333333333,0,0,0,0,3.33333333333333,2.63157894736842,0,0,0,3.125,2.7027027027027,13.3333333333333,2.66666666666667,0,0,0,0,0,1.78571428571429,0,0,10.6382978723404,0,0,0,0,2.22222222222222,0
"NW_025533147.1.65991.65992",0,3.84615384615385,0,6.66666666666667,0,8.69565217391304,0,0,0,0,0,0,0,25,3.84615384615385,0,0,0,0,0,0,0,0,0,0,0,0,0,0,0
"NW_025533332.1.29672.29673",0,0,0,0,3.125,0,4.34782608695652,0,0,0,0,0,0,11.7647058823529,0,12.5,0,0,6.45161290322581,0,5.26315789473684,0,0,0,0,0,6.66666666666667,3.77358490566038,0,0
"NC_059182.1.2912317.2912318",0,0,0,0,0,0,0,0,0,0,0,5.55555555555556,0,0,37.9310344827586,0,4.34782608695652,0,0,4.34782608695652,4.54545454545455,0,0,0,0,0,0,0,0,0
"NC_059182.1.2912322.2912323",0,0,0,0,0,0,0,5.55555555555556,0,0,0,0,0,0,25,0,0,0,0,0,0,0,0,0,0,0,0,0,0,0
"NC_059182.1.8798685.8798686",0,0,0,0,0,0,0,0,0,0,0,4.34782608695652,0,0,5.55555555555556,2.17391304347826,0,0,0,0,0,0,0,0,0,0,4.34782608695652,0,0,2.5
"NC_059182.1.13058640.13058641",7.14285714285714,0,0,3.84615384615385,0,0,0,13.3333333333333,0,0,10,0,0,0,20.6896551724138,0,0,0,0,0,13.7931034482759,3.57142857142857,20.6896551724138,5,0,3.57142857142857,0,0,0,7.69230769230769
"NC_059182.1.15142806.15142807",6.66666666666667,0,0,5.88235294117647,0,5.26315789473684,0,0,0,4.76190476190476,12.5,0,0,0,18.5185185185185,0,0,0,0,0,3.7037037037037,7.40740740740741,0,3.44827586206897,0,0,3.84615384615385,0,5,0
"NC_059182.1.16027622.16027623",10,0,0,0,0,0,0,10,0,0,0,7.14285714285714,0,5.88235294117647,38.8888888888889,0,0,0,0,0,8.69565217391304,30,0,0,0,0,33.3333333333333,0,0,60.8695652173913
"NC_059182.1.18877323.18877324",0,0,0,0,0,0,5.55555555555556,0,0,0,0,2.77777777777778,0,4.16666666666667,10.7142857142857,0,0,7.40740740740741,0,0,0,0,0,0,0,6.66666666666667,0,0,0,0
"NC_059183.1.8514121.8514122",0,0,0,0,0,0,0,0,0,0,0,0,0,0,12.5,5,0,0,0,0,0,0,0,0,0,0,0,25,5.26315789473684,0
"NC_059183.1.8872423.8872424",0,0,0,0,0,0,0,0,0,0,0,0,0,0,9.375,0,0,0,0,0,0,0,0,0,0,0,0,0,0,0
"NC_059183.1.11380410.11380411",0,0,0,0,0,0,0,0,0,0,0,0,0,0,52,0,0,0,0,0,6.25,0,0,0,0,0,0,0,0,0
"NC_059184.1.3793739.3793740",0,0,0,0,0,0,0,0,0,0,6.89655172413793,0,0,0,28,25,0,12.5,4.34782608695652,35.2941176470588,5,5.88235294117647,0,0,0,15,0,0,4.34782608695652,0
"NC_059184.1.5486030.5486031",0,0,0,0,0,0,0,0,0,0,0,0,0,0,18.9189189189189,0,0,0,0,0,0,0,20,0,0,0,0,0,0,0
"NC_059184.1.5486046.5486047",0,0,0,0,0,0,0,0,3.84615384615385,0,4,2.4390243902439,0,0,15.7894736842105,0,0,0,0,2.4390243902439,0,0,13.3333333333333,0,3.44827586206897,0,0,0,0,0
"NC_059184.1.9567832.9567833",0,0,0,0,0,0,0,0,0,0,12.5,0,0,0,36.3636363636364,0,0,0,0,0,5.55555555555556,0,0,4.16666666666667,0,7.14285714285714,0,0,0,0
"NC_059184.1.9717214.9717215",0,3.03030303030303,0,0,0,0,0,7.14285714285714,0,0,0,0,0,4.34782608695652,14.8148148148148,0,0,0,0,0,0,8.33333333333333,0,4.76190476190476,12,4.34782608695652,11.1111111111111,0,3.7037037037037,0
"NC_059184.1.9717236.9717237",0,0,0,0,0,0,0,8.33333333333333,0,0,0,0,0,0,12,0,0,0,0,0,0,0,0,0,0,0,0,0,11.1111111111111,0
"NC_059184.1.11128622.11128623",0,0,0,0,0,0,0,0,0,5,0,0,0,0,50,0,0,5,0,0,0,0,5,0,0,0,0,0,0,6.66666666666667
"NC_059184.1.11521286.11521287",0,0,0,0,0,0,0,0,0,0,0,0,0,0,36,0,0,0,0,0,0,0,0,0,6.66666666666667,0,0,0,0,0
"NC_059184.1.12325375.12325376",0,0,0,0,0,0,0,0,0,4.76190476190476,6.25,0,0,6.66666666666667,35.7142857142857,0,0,0,0,0,0,0,0,6.66666666666667,4,33.3333333333333,0,0,5.88235294117647,0
"NC_059184.1.12325382.12325383",6.66666666666667,0,0,0,0,0,0,0,0,0,5.88235294117647,0,5.55555555555556,0,28.5714285714286,5.88235294117647,0,0,0,0,0,0,0,17.6470588235294,0,43.75,0,0,6.25,0
"NC_059184.1.12325385.12325386",0,0,0,0,0,0,0,0,0,0,5.88235294117647,0,0,0,42.8571428571429,0,0,0,0,0,0,0,0,16.6666666666667,0,43.75,0,0,0,0
"NC_059184.1.13366071.13366072",0,0,0,0,0,0,0,0,0,0,0,0,0,0,22.7272727272727,0,0,0,0,0,0,4.76190476190476,0,0,0,0,0,0,0,5
"NC_059184.1.13366073.13366074",0,0,0,7.14285714285714,0,0,0,0,0,0,0,0,0,0,50,0,0,0,0,0,0,0,0,0,3.7037037037037,0,0,0,0,0
"NC_059184.1.13789472.13789473",0,0,0,0,0,0,0,0,0,0,0,0,0,0,12,0,0,0,0,0,0,0,0,0,0,0,0,0,7.14285714285714,3.84615384615385
"NC_059185.1.17338.17339",7.14285714285714,7.14285714285714,0,0,0,0,0,0,0,3.57142857142857,3.92156862745098,3.8961038961039,7.69230769230769,2.12765957446809,7.40740740740741,5.26315789473684,0,6.66666666666667,4,2.08333333333333,5.08474576271186,2.17391304347826,5.26315789473684,0,4.34782608695652,4.34782608695652,2.77777777777778,5.40540540540541,1.35135135135135,6.81818181818182
"NC_059185.1.33936.33937",0,0,0,0,0,0,0,0,0,0,8.33333333333333,0,0,0,54.1666666666667,0,47.0588235294118,7.14285714285714,4.34782608695652,0,0,66.6666666666667,5.26315789473684,0,0,0,25,10,0,52.1739130434783
"NC_059185.1.3481449.3481450",0,0,0,0,0,0,0,0,0,0,0,0,0,0,10.7142857142857,0,0,0,0,0,0,0,9.52380952380952,0,0,0,0,0,0,0
"NC_059185.1.4188998.4188999",0,0,0,0,0,0,0,5.55555555555556,0,0,0,0,5.55555555555556,0,14.2857142857143,0,0,0,4,7.14285714285714,0,0,0,0,0,0,0,0,0,0
"NC_059185.1.5188003.5188004",0,5.26315789473684,0,0,0,0,0,0,0,0,0,0,0,0,10.8108108108108,0,0,0,0,0,4.76190476190476,3.84615384615385,0,3.125,0,2.77777777777778,0,0,3.57142857142857,5.55555555555556
"NC_059185.1.5860108.5860109",3.57142857142857,0,0,0,0,0,0,0,0,4,0,0,0,0,22.5,0,0,0,0,0,0,0,0,0,0,0,0,0,0,2
"NC_059185.1.11185208.11185209",0,0,0,0,0,0,0,0,0,0,0,0,0,0,13.0434782608696,0,0,0,0,0,0,0,0,0,0,6.66666666666667,0,0,0,0
"NC_059185.1.11947909.11947910",3.57142857142857,0,0,0,0,0,0,0,0,0,5,0,0,0,31.25,0,5.26315789473684,0,0,0,3.7037037037037,0,0,23.3333333333333,0,0,0,0,0,0
"NC_059185.1.12418243.12418244",0,0,0,0,0,0,0,0,0,0,0,0,0,0,11.5384615384615,0,0,0,0,0,0,0,5.55555555555556,0,0,0,0,0,0,0
"NC_059186.1.7704577.7704578",0,0,0,0,0,0,0,0,0,0,0,0,0,0,50,0,0,0,0,0,0,0,0,0,0,0,0,0,0,0
"NC_059187.1.2666414.2666415",3.125,0,0,0,0,0,0,0,0,0,0,0,0,6.25,12,0,6.66666666666667,0,0,0,0,0,0,0,0,0,0,0,4.34782608695652,0
"NC_059187.1.2735489.2735490",0,0,0,0,6.25,4.54545454545455,0,0,0,0,0,0,0,10,9.67741935483871,0,4.76190476190476,0,0,17.3913043478261,0,2.94117647058824,0,5.55555555555556,0,4.54545454545455,0,7.14285714285714,5.26315789473684,0
"NC_059187.1.2746318.2746319",0,0,0,0,0,0,0,0,0,0,0,0,0,0,10.3448275862069,0,0,0,0,5.55555555555556,0,0,0,0,0,0,0,0,4.34782608695652,0
"NC_059187.1.9597220.9597221",0,0,0,0,0,0,0,0,0,4.76190476190476,0,0,0,0,12.5,0,0,0,3.2258064516129,0,0,0,0,0,4.34782608695652,0,0,0,0,0
"NC_059188.1.10521994.10521995",0,0,0,0,0,0,11.1111111111111,0,0,0,0,0,0,6.25,37.5,0,0,0,0,0,0,0,0,0,0,0,0,0,0,0
"NC_059188.1.13017174.13017175",0,4.16666666666667,0,8.33333333333333,0,0,0,0,6.66666666666667,0,0,0,0,0,53.125,15.3846153846154,77.7777777777778,0,0,11.1111111111111,3.44827586206897,5,0,4,3.84615384615385,21.4285714285714,18.75,0,16.6666666666667,12.5
"NC_059188.1.13017185.13017186",0,0,0,0,0,0,0,0,0,0,0,0,0,0,54.5454545454545,7.69230769230769,82.1428571428571,0,0,0,0,5,0,0,0,0,5.88235294117647,0,4.54545454545455,0
"NC_059189.1.393569.393570",0,0,4.54545454545455,0,0,0,0,0,0,0,0,0,0,0,40,0,0,80,0,0,0,0,0,0,0,0,0,46.6666666666667,0,30.7692307692308
"NC_059189.1.1211973.1211974",0,0,0,0,0,0,0,0,0,0,0,0,0,0,19.2307692307692,0,0,0,0,0,0,0,0,0,0,0,0,0,0,0
"NC_059189.1.1212000.1212001",0,0,0,0,0,0,0,0,0,2.56410256410256,0,0,0,3.33333333333333,14.2857142857143,0,0,0,0,0,0,0,0,0,0,0,0,0,6.06060606060606,0
"NC_059189.1.2070970.2070971",0,4.54545454545455,5.55555555555556,0,0,10.5263157894737,5.55555555555556,20,0,0,0,4.76190476190476,0,0,17.8571428571429,22.2222222222222,0,4.54545454545455,0,12.9032258064516,3.7037037037037,0,6.45161290322581,3.125,4.16666666666667,8.69565217391304,10.5263157894737,6.66666666666667,7.69230769230769,18.1818181818182
"NC_059189.1.2578989.2578990",0,0,0,0,0,0,0,0,0,0,0,0,0,0,10.7142857142857,0,0,0,0,0,0,0,0,0,0,0,0,0,0,0
"NC_059189.1.3515613.3515614",0,0,0,0,0,0,0,0,0,0,0,0,0,0,20,0,0,0,0,0,0,0,0,0,5.55555555555556,0,0,0,0,0
"NC_059189.1.7508005.7508006",6.25,4.34782608695652,0,0,0,0,0,0,0,3.125,0,0,0,3.44827586206897,12.9032258064516,0,4.16666666666667,5.55555555555556,5.55555555555556,0,3.57142857142857,0,0,0,3.44827586206897,0,0,0,0,3.44827586206897
"NC_059189.1.7508370.7508371",0,0,0,0,5,0,0,0,0,0,0,0,0,0,5.55555555555556,3.33333333333333,0,0,5.26315789473684,2.22222222222222,0,0,0,0,1.66666666666667,0,0,3.7037037037037,0,2.77777777777778
"NC_059189.1.7512658.7512659",5.26315789473684,0,8.33333333333333,0,0,0,0,8.33333333333333,0,0,3.33333333333333,3.2258064516129,0,0,11.5384615384615,6.66666666666667,0,0,6.89655172413793,0,0,0,0,0,0,0,3.125,0,4,5.55555555555556
"NC_059189.1.7540858.7540859",0,0,0,0,0,5.26315789473684,0,0,0,0,0,0,0,6.25,12,0,0,0,3.7037037037037,0,0,0,0,0,0,0,0,32.1428571428571,0,0
"NC_059190.1.3097608.3097609",0,0,0,9.52380952380952,0,0,0,0,0,0,0,3.2258064516129,0,3.7037037037037,33.3333333333333,0,0,0,0,4.76190476190476,0,0,0,0,0,0,0,5,0,0
"NC_059190.1.3097611.3097612",0,0,0,0,0,0,0,0,0,0,0,0,0,0,38.7096774193548,0,0,0,0,0,0,0,0,0,2.77777777777778,0,0,0,0,0
"NC_059190.1.5037974.5037975",0,0,0,0,0,0,3.44827586206897,0,4.54545454545455,0,4.65116279069767,0,4,0,5.97014925373134,0,3.44827586206897,0,0,9.09090909090909,0,0,0,0,5.55555555555556,0,0,3.44827586206897,0,7.14285714285714
"NC_059190.1.6193204.6193205",0,0,0,0,0,0,0,0,0,0,0,0,0,0,8.82352941176471,0,0,0,0,2.7027027027027,0,0,0,0,0,0,0,0,0,0
"NC_059190.1.9313685.9313686",0,2.08333333333333,0,3.44827586206897,0,7.31707317073171,0,0,0,0,2.38095238095238,0,0,4.76190476190476,6.89655172413793,0,0,0,0,2,1.47058823529412,4.34782608695652,0,12.5,14.2857142857143,0,4,0,0,20
"NW_025533127.1.154231.154232",0,0,0,0,6.66666666666667,0,0,0,0,0,0,0,0,0,36.3636363636364,0,0,0,0,0,0,0,0,0,0,0,0,0,0,0
"NW_025533130.1.251663.251664",0,0,0,0,0,0,0,0,0,0,4.54545454545455,0,0,7.69230769230769,9.09090909090909,0,0,4,0,0,0,0,0,3.57142857142857,0,0,0,0,0,4.76190476190476
"NW_025533133.1.179328.179329",0,0,0,0,0,0,0,2.56410256410256,0,0,0,0,0,0,5.79710144927536,1.61290322580645,0,0,0,0,0,0,2.4390243902439,2.85714285714286,4.16666666666667,0,0,0,0,0
"NW_025533136.1.20308.20309",0,0,0,4,0,0,0,0,0,0,3.125,0,0,4.16666666666667,18.6046511627907,2.12765957446809,0,0,0,0,0,0,0,0,0,0,0,2.7027027027027,4.54545454545455,0
"NW_025533136.1.20330.20331",0,0,0,0,0,0,0,0,0,0,7.69230769230769,0,0,0,25.5813953488372,0,0,0,0,0,0,0,0,0,0,0,0,15.625,0,0
"NW_025533136.1.23148.23149",1.5625,0,0,4.16666666666667,0,0,0,0,4.34782608695652,0,0,0,5.88235294117647,2.63157894736842,10.5263157894737,0,12.1951219512195,11.4285714285714,0,2.85714285714286,0,0,0,0,0,0,0,0,0,5.26315789473684
"NC_059182.1.3204029.3204030",0,5.55555555555556,0,0,0,0,0,5.26315789473684,0,0,0,0,0,0,0,26.6666666666667,5.55555555555556,0,0,0,0,6.66666666666667,0,0,0,0,7.14285714285714,0,0,0
"NC_059182.1.3204055.3204056",0,11.1111111111111,0,0,0,0,0,11.7647058823529,0,0,0,0,0,0,0,25,0,0,0,0,9.09090909090909,0,0,0,0,0,6.66666666666667,0,0,0
"NC_059182.1.3204063.3204064",4.54545454545455,0,0,0,0,0,0,6.25,0,0,0,0,0,0,0,31.25,0,0,0,0,0,0,0,0,5.55555555555556,0,0,0,0,0
"NC_059182.1.5709237.5709238",0,0,0,0,0,0,0,0,0,5.88235294117647,0,0,0,0,0,38.4615384615385,0,0,0,0,0,0,4.16666666666667,4.54545454545455,0,5,0,0,0,5.88235294117647
"NC_059182.1.7810158.7810159",0,0,0,0,0,0,0,0,0,0,0,0,3.7037037037037,0,0,10,0,0,0,0,0,0,0,0,0,0,0,0,0,7.14285714285714
"NC_059183.1.189844.189845",4.34782608695652,0,0,0,0,0,0,0,0,0,0,0,0,0,0,14.2857142857143,0,0,0,0,3.03030303030303,0,0,0,3.57142857142857,0,0,0,0,0
"NC_059183.1.14803223.14803224",0,0,0,0,0,0,0,0,0,0,0,0,5.26315789473684,0,0,18.1818181818182,0,0,0,0,0,0,0,0,0,0,0,1.85185185185185,0,0
"NC_059184.1.4847951.4847952",0,0,0,0,0,0,0,0,0,0,0,0,0,0,0,14.2857142857143,0,0,0,0,0,0,0,0,8.33333333333333,0,0,0,0,0
"NC_059184.1.7477885.7477886",0,0,0,4.76190476190476,0,0,0,0,0,0,0,0,0,0,0,10,0,0,0,3.33333333333333,2.32558139534884,0,0,0,0,0,0,0,0,0
"NC_059185.1.112290.112291",0,0,0,0,0,0,0,0,5.55555555555556,0,0,0,0,0,0,38.4615384615385,0,0,0,0,0,0,0,0,0,0,0,0,0,0
"NC_059185.1.2442237.2442238",0,0,0,0,0,0,0,0,0,0,0,3.57142857142857,0,0,0,34.2857142857143,0,0,0,0,0,4.54545454545455,0,0,0,0,0,0,0,0
"NC_059185.1.2442256.2442257",0,0,0,0,0,0,0,0,0,0,0,0,0,0,0,27.2727272727273,0,0,0,0,4.76190476190476,5,6.25,0,0,0,0,0,0,0
"NC_059186.1.9551880.9551881",0,0,0,0,0,0,0,0,0,0,0,0,0,0,0,47.6190476190476,0,0,0,0,0,0,0,0,0,56.5217391304348,18.5185185185185,0,56.25,0
"NC_059186.1.9551892.9551893",0,4,0,0,0,0,0,0,0,0,0,4,0,0,0,40,0,0,0,0,0,0,0,0,0,55.5555555555556,18.5185185185185,0,47.3684210526316,5.88235294117647
"NC_059187.1.6619951.6619952",0,0,0,0,0,0,0,0,0,0,0,0,0,0,0,27.5862068965517,0,0,0,0,3.7037037037037,0,0,0,0,0,0,0,0,0
"NC_059187.1.8977139.8977140",0,0,11.1111111111111,0,6.66666666666667,0,0,0,0,7.14285714285714,0,0,0,0,0,53.3333333333333,0,0,0,0,0,0,7.69230769230769,0,0,7.69230769230769,0,0,0,0
"NC_059188.1.5921855.5921856",0,0,0,0,0,0,0,0,0,0,0,0,0,0,2.85714285714286,24,0,0,0,0,0,0,0,0,0,0,0,0,0,0
"NC_059188.1.10401674.10401675",0,0,0,0,0,0,0,0,0,0,0,0,0,0,3.44827586206897,10,0,0,3.125,0,0,0,0,12.5,0,0,0,0,0,0
"NC_059189.1.759003.759004",0,5,0,0,0,0,0,0,0,0,4.54545454545455,0,0,0,0,14.2857142857143,0,0,0,0,0,0,0,0,0,0,0,10,0,0
"NC_059189.1.7508603.7508604",0,0,0,0,0,0,0,0,0,0,0,0,0,0,0,7.01754385964912,0,0,0,1.72413793103448,0,0,0,0,1.04166666666667,0,2.77777777777778,0,0,1.72413793103448
"NC_059189.1.9037655.9037656",0,0,0,0,0,0,0,0,0,0,0,0,0,0,0,10.2040816326531,0,0,1.88679245283019,0,0,0,0,0,0,0,15.625,0,0,3.03030303030303
"NC_059189.1.9037685.9037686",0,0,0,0,0,0,0,0,0,0,4,2.94117647058824,0,5,0,34.0425531914894,0,0,1.96078431372549,0,0,0,13.0434782608696,0,0,0,13.3333333333333,0,0,5.26315789473684
"NC_059189.1.10952623.10952624",0,0,0,0,0,0,0,0,0,0,2.94117647058824,0,0,0,0,15.3846153846154,0,0,0,0,0,0,0,0,0,2.77777777777778,0,31.8181818181818,11.3207547169811,0
"NC_059190.1.364048.364049",0,0,0,0,0,0,0,0,0,0,0,0,0,0,0,11.5384615384615,0,0,0,0,0,0,0,0,0,0,0,0,7.69230769230769,0
"NC_059190.1.5038668.5038669",0,0,0,0,1.85185185185185,0,0,0,0,2.7027027027027,0,1.75438596491228,0,0,3.44827586206897,12.5,0,0,0,2.63157894736842,0,0,5.71428571428571,0,0,5.76923076923077,0,11.2359550561798,3.33333333333333,0
"NC_059190.1.9524745.9524746",0,0,0,0,0,0,0,0,0,0,0,0,0,0,0,9.67741935483871,0,0,0,0,0,0,0,0,2.5,0,0,0,0,0
"NC_059191.1.1716693.1716694",0,0,0,0,0,0,0,0,0,0,0,0,0,0,0,12.5,0,0,0,0,4.34782608695652,0,0,0,0,0,0,6.66666666666667,0,0
"NC_059191.1.2696362.2696363",0,0,0,0,0,0,0,0,0,0,0,0,0,0,0,10.7142857142857,0,0,0,0,0,2.85714285714286,0,0,0,0,0,0,0,0
"NC_059191.1.7977040.7977041",4.76190476190476,0,0,0,0,0,0,0,0,0,0,0,0,0,0,10.3448275862069,0,6.66666666666667,0,0,0,0,0,0,4.16666666666667,0,0,0,6.25,0
"NW_025533175.1.62038.62039",0,2.12765957446809,0,0,0,0,0,0,2.94117647058824,0,0,0,3.57142857142857,0,0,20.4545454545455,0,0,0,0,0,0,0,0,0,3.2258064516129,0,16.6666666666667,18.8679245283019,0
"NW_025533332.1.30015.30016",0,0,0,0,0,0,0,0,0,0,2.56410256410256,0,0,4.34782608695652,0,37.5,3.7037037037037,5.88235294117647,0,0,0,4.16666666666667,0,2.08333333333333,0,0,0,2.27272727272727,0,0
"NC_059182.1.882251.882252",0,0,0,0,0,0,6.25,0,0,0,0,0,0,0,0,0,26.3157894736842,0,0,5,0,0,0,0,0,0,0,0,0,0
"NC_059182.1.1445430.1445431",0,0,0,0,0,0,0,0,0,0,0,0,0,0,0,3.7037037037037,41.1764705882353,0,0,0,0,0,0,4,0,0,0,0,0,0
"NC_059182.1.2339088.2339089",4.54545454545455,0,0,0,0,0,0,0,0,0,5,0,3.84615384615385,0,3.7037037037037,0,9.67741935483871,0,0,0,0,0,0,0,0,0,0,0,0,0
"NC_059182.1.14215021.14215022",0,0,0,0,0,0,0,0,0,0,0,0,0,0,0,0,28.5714285714286,0,0,0,0,0,0,0,31.5789473684211,0,0,0,0,0
"NC_059182.1.15834868.15834869",0,0,0,0,0,0,0,0,0,0,0,0,0,0,0,0,40,0,0,0,0,0,28.5714285714286,0,0,0,0,0,4.76190476190476,0
"NC_059183.1.4519794.4519795",0,0,0,0,0,0,0,0,0,0,0,0,0,0,0,0,46.6666666666667,0,0,10,4.54545454545455,0,0,0,0,3.57142857142857,6.66666666666667,0,0,0
"NC_059183.1.7651448.7651449",0,0,5.55555555555556,0,0,0,5,0,0,0,0,0,0,0,0,0,44.4444444444444,0,0,5.26315789473684,0,0,0,0,0,0,0,0,0,0
"NC_059183.1.8715537.8715538",0,0,0,0,0,0,0,0,0,0,0,0,0,0,0,0,13.6363636363636,0,0,0,0,0,0,0,0,0,0,0,0,0
"NC_059183.1.18290621.18290622",0,0,0,0,6.66666666666667,0,0,0,0,0,0,0,0,0,0,0,15.7894736842105,0,0,0,0,0,0,3.44827586206897,0,0,0,0,0,0
"NC_059184.1.11096616.11096617",0,0,0,0,0,0,0,0,0,0,0,0,0,0,0,3.125,12.5,0,0,0,0,0,0,0,3.125,0,0,0,0,0
"NC_059185.1.33952.33953",0,0,0,0,0,0,0,0,0,0,0,0,4.76190476190476,0,0,0,23.5294117647059,0,0,0,0,0,4.76190476190476,0,0,0,0,0,0,33.3333333333333
"NC_059185.1.1338917.1338918",0,0,0,0,0,5.55555555555556,0,0,0,0,7.14285714285714,0,0,0,5,0,14.2857142857143,0,0,0,4.76190476190476,5.55555555555556,0,27.2727272727273,0,0,6.66666666666667,10,0,0
"NC_059185.1.1475396.1475397",0,0,0,0,0,0,0,0,0,0,4.54545454545455,0,0,0,0,4.76190476190476,17.6470588235294,0,4.54545454545455,0,0,0,3.84615384615385,0,0,0,0,0,0,0
"NC_059185.1.10870698.10870699",0,6.25,0,0,0,0,0,0,4.76190476190476,10.5263157894737,0,4.34782608695652,0,4.16666666666667,9.09090909090909,0,23.8095238095238,0,0,0,3.84615384615385,18.1818181818182,0,9.52380952380952,0,0,11.1111111111111,54.5454545454545,0,3.84615384615385
"NC_059185.1.10870701.10870702",0,6.25,0,0,0,0,0,0,4.76190476190476,11.1111111111111,0,4.34782608695652,0,3.7037037037037,9.09090909090909,0,19.047619047619,0,0,0,3.84615384615385,13.6363636363636,0,9.52380952380952,0,0,11.1111111111111,54.5454545454545,0,4
"NC_059186.1.8859827.8859828",0,0,0,0,0,0,0,0,0,0,0,0,0,0,0,0,34.7826086956522,0,0,0,0,0,6.25,8,0,0,0,0,0,0
"NC_059187.1.6038943.6038944",0,0,0,0,0,0,0,0,0,0,0,0,0,0,0,0,15.7894736842105,0,0,0,0,0,0,0,0,0,0,0,0,0
"NC_059188.1.3821022.3821023",0,0,0,0,0,0,0,0,0,0,0,0,0,0,0,0,15,0,0,4.16666666666667,0,0,0,0,2.7027027027027,0,0,0,3.7037037037037,0
"NC_059189.1.8679511.8679512",0,0,0,0,0,3.125,0,0,0,0,0,0,0,0,0,0,9.375,0,0,0,0,0,0,0,0,0,0,0,0,0
"NW_025533169.1.92152.92153",0,0,0,0,0,0,0,0,0,0,0,0,5.26315789473684,0,1.69491525423729,0,12.9032258064516,0,0,4.76190476190476,0,0,0,0,1.85185185185185,0,0,0,2.32558139534884,0
"NC_059182.1.3414186.3414187",0,0,0,0,0,0,0,0,0,0,0,0,0,0,0,0,0,16,3.84615384615385,0,0,0,5,0,0,5.88235294117647,0,0,0,0
"NC_059182.1.5660822.5660823",0,0,0,0,0,0,0,0,0,0,0,0,0,0,0,0,0,33.3333333333333,0,0,0,0,0,3.7037037037037,0,0,0,0,0,0
"NC_059182.1.12837738.12837739",0,0,0,0,0,0,0,0,0,0,0,0,0,0,4.16666666666667,0,0,14.8148148148148,0,0,0,0,0,0,0,0,0,0,0,0
"NC_059183.1.7144135.7144136",0,0,0,0,0,0,0,0,0,0,0,0,0,0,0,0,0,13.6363636363636,0,0,0,0,0,0,0,2.5,0,0,5.88235294117647,0
"NC_059183.1.8904612.8904613",0,0,0,0,0,4.16666666666667,0,16.6666666666667,0,0,5.88235294117647,6.45161290322581,0,0,5.40540540540541,0,0,20,3.7037037037037,0,0,4.76190476190476,0,12.5,13.7931034482759,3.2258064516129,0,0,0,0
"NC_059183.1.12493237.12493238",5.55555555555556,0,0,0,0,6.66666666666667,0,0,0,12.5,0,0,0,0,0,0,0,36.8421052631579,0,0,0,0,0,0,0,0,10.5263157894737,0,0,0
"NC_059183.1.16754065.16754066",0,0,0,0,0,11.7647058823529,0,0,0,0,0,2.94117647058824,0,0,0,4,0,22.2222222222222,0,0,0,0,0,0,0,4.76190476190476,0,0,0,0
"NC_059184.1.1498666.1498667",0,0,0,0,0,0,0,0,0,0,0,3.44827586206897,0,0,3.44827586206897,0,0,16.6666666666667,0,0,0,0,0,0,0,0,0,0,0,0
"NC_059184.1.8948527.8948528",0,0,0,0,6.66666666666667,12.5,0,5.26315789473684,0,0,0,0,0,5,0,4.76190476190476,0,50,0,0,21.4285714285714,53.3333333333333,0,4,0,0,0,4,0,0
"NC_059184.1.11199883.11199884",0,0,0,0,0,0,0,0,0,0,0,0,0,4.34782608695652,0,0,0,13.0434782608696,0,5.26315789473684,0,0,7.69230769230769,0,0,0,0,7.14285714285714,0,4.54545454545455
"NC_059185.1.5343744.5343745",0,0,0,0,0,0,0,0,0,0,6.25,0,0,0,0,0,0,15,0,0,0,0,0,0,0,4.76190476190476,0,0,0,0
"NC_059185.1.10933744.10933745",0,0,0,0,0,0,0,0,0,0,0,0,12.5,0,0,0,0,15.7894736842105,2.77777777777778,0,10.2564102564103,0,0,0,0,0,0,29.4117647058824,26.0869565217391,0
"NC_059186.1.9165992.9165993",0,0,0,0,0,0,0,0,0,0,0,0,5.26315789473684,0,0,0,0,14.2857142857143,0,0,0,0,0,0,0,0,0,0,0,0
"NC_059187.1.934462.934463",0,5.88235294117647,0,0,0,0,0,0,0,10,0,0,14.2857142857143,0,3.84615384615385,0,0,14.2857142857143,0,7.14285714285714,0,0,0,0,5.55555555555556,0,0,0,4.54545454545455,0
"NC_059188.1.1803775.1803776",0,0,0,0,0,0,0,0,0,0,0,4.34782608695652,0,0,0,0,0,26.3157894736842,0,0,0,3.84615384615385,0,0,0,0,0,0,0,0
"NC_059188.1.9941631.9941632",0,5.55555555555556,0,0,0,0,0,0,0,0,0,0,0,0,0,0,0,29.4117647058824,0,0,5,0,0,0,0,0,0,0,3.84615384615385,0
"NC_059188.1.13422773.13422774",0,0,0,0,0,0,0,0,0,0,0,0,0,0,3.44827586206897,0,0,15,0,0,0,0,0,0,0,0,0,0,0,0
"NC_059189.1.7439178.7439179",0,0,0,0,0,0,0,0,4.34782608695652,0,3.57142857142857,3.44827586206897,0,0,0,0,0,20,0,3.57142857142857,2.38095238095238,0,0,0,4.34782608695652,0,2.85714285714286,0,0,0
"NC_059189.1.7493923.7493924",0,0,0,0,0,0,0,0,0,0,0,0,0,3.57142857142857,0,3.7037037037037,0,39.1304347826087,0,0,0,0,0,5.40540540540541,0,0,0,0,20.6896551724138,0
"NC_059189.1.8861243.8861244",0,0,0,0,0,0,0,0,0,0,5.26315789473684,0,0,0,0,0,0,46.6666666666667,0,0,4.76190476190476,0,0,0,0,0,0,0,0,0
"NC_059190.1.3917181.3917182",0,0,0,0,0,0,0,0,0,0,0,6.06060606060606,0,3.57142857142857,0,0,0,16.6666666666667,3.125,0,0,22.7272727272727,0,0,0,0,0,1.81818181818182,0,4.44444444444444
"NC_059190.1.9186338.9186339",0,0,0,0,4.76190476190476,0,0,0,0,0,0,0,0,0,0,0,0,25,0,0,3.57142857142857,0,2.17391304347826,0,0,0,0,0,0,0
"NC_059191.1.9529737.9529738",0,0,5,0,0,0,0,0,0,0,0,0,0,0,0,3.33333333333333,0,12,0,0,0,0,0,0,8.69565217391304,0,0,0,0,0
"NW_025533130.1.226044.226045",0,0,0,0,0,4.34782608695652,0,0,0,0,0,0,0,0,0,0,0,33.3333333333333,0,0,0,0,0,0,0,0,0,0,0,0
"NW_025533130.1.226066.226067",0,0,0,0,0,0,0,0,0,0,0,0,0,0,4.16666666666667,0,0,44.4444444444444,0,0,0,0,0,0,0,0,0,0,0,0
"NW_025533168.1.64497.64498",2.7027027027027,0,5.26315789473684,4.76190476190476,3.84615384615385,10,10.5263157894737,0,0,8.57142857142857,0,3.7037037037037,0,0,0,2.94117647058824,4,12,10.5263157894737,0,0,0,0,2.22222222222222,0,3.57142857142857,0,0,4.76190476190476,0
"NW_025533168.1.73044.73045",0,4.54545454545455,0,0,0,0,0,0,0,8,0,3.57142857142857,0,0,0,3.44827586206897,9.09090909090909,15,0,0,9.375,0,0,3.125,0,0,0,2.27272727272727,5,0
"NW_025533175.1.34620.34621",0,0,0,11.1111111111111,5.12820512820513,5.88235294117647,0,0,4.34782608695652,0,0,0,0,0,5.12820512820513,3.44827586206897,5.40540540540541,23.0769230769231,17.3913043478261,0,3.33333333333333,0,0,2.7027027027027,0,0,0,5.26315789473684,0,29.0322580645161
"NC_059182.1.460645.460646",0,0,0,5,0,0,0,0,0,1.88679245283019,0,0,0,0,0,0,0,0,17.3913043478261,0,1.33333333333333,0,0,0,0,0,4.76190476190476,0,0,0
"NC_059182.1.6556719.6556720",0,0,0,0,0,0,0,0,0,0,0,0,0,0,0,0,0,0,12.5,0,0,0,0,0,0,0,0,0,0,0
"NC_059182.1.6559392.6559393",4.54545454545455,0,0,0,0,9.52380952380952,8.33333333333333,0,0,4.34782608695652,0,3.2258064516129,0,0,0,0,0,0,24.1379310344828,0,0,0,3.03030303030303,0,3.7037037037037,0,5.26315789473684,0,0,0
"NC_059182.1.6798040.6798041",0,0,0,0,0,6.25,0,0,7.14285714285714,0,0,9.52380952380952,0,0,0,0,0,0,11.5384615384615,0,0,0,0,0,0,0,0,0,0,0
"NC_059182.1.12637945.12637946",0,0,0,0,0,0,0,0,0,0,0,0,0,0,0,5,0,0,10.7142857142857,0,0,0,0,0,0,0,0,0,3.7037037037037,0
"NC_059182.1.13734669.13734670",0,0,0,0,0,0,0,0,7.69230769230769,0,0,0,0,0,0,0,0,0,13.6363636363636,5.88235294117647,0,0,0,0,0,0,0,0,0,0
"NC_059183.1.1322919.1322920",0,0,0,0,0,0,0,0,0,0,0,0,0,0,0,0,0,0,9.67741935483871,0,0,0,0,0,0,0,0,0,0,0
"NC_059183.1.2267514.2267515",0,0,0,0,0,0,0,0,0,0,0,0,0,0,0,3.2258064516129,0,0,9.375,0,0,0,0,0,0,0,2.94117647058824,0,0,8
"NC_059183.1.9532077.9532078",0,0,0,0,0,4.16666666666667,0,0,0,0,0,0,0,0,0,0,0,0,6.34920634920635,0,0,0,3.7037037037037,0,0,10,0,0,0,5.55555555555556
"NC_059183.1.15672359.15672360",0,0,0,0,0,0,0,0,0,0,0,2.04081632653061,2.08333333333333,0,2.94117647058824,0,0,0,6.34920634920635,0,0,0,2.77777777777778,2.7027027027027,0,0,0,4.54545454545455,0,0
"NC_059183.1.18671984.18671985",0,0,0,0,0,0,0,0,0,0,0,5.88235294117647,0,4.16666666666667,0,0,0,0,10.7142857142857,0,0,0,0,0,0,0,0,0,0,0
"NC_059184.1.2630149.2630150",0,0,0,0,0,0,0,0,0,0,0,3.57142857142857,0,0,0,0,0,0,12,0,0,0,5.55555555555556,0,3.84615384615385,0,0,0,0,0
"NC_059184.1.9335856.9335857",0,0,0,0,0,0,0,0,0,0,0,2.56410256410256,0,0,2.32558139534884,2.7027027027027,0,0,12.5,0,0,0,0,0,0,0,0,0,0,0
"NC_059184.1.11406333.11406334",0,0,0,0,0,0,0,0,0,0,0,0,0,0,0,0,0,0,9.09090909090909,0,0,0,0,0,4.44444444444444,0,4.54545454545455,4.34782608695652,7.69230769230769,0
"NC_059184.1.11508836.11508837",0,0,0,0,3.44827586206897,0,0,0,0,0,0,0,0,0,0,0,0,0,17.8571428571429,0,0,0,0,0,0,0,0,0,0,0
"NC_059185.1.2931142.2931143",0,0,0,0,0,0,0,0,0,3.33333333333333,0,0,0,0,2.77777777777778,0,0,0,9.09090909090909,0,0,0,0,2.94117647058824,0,5,0,0,0,0
"NC_059185.1.4010850.4010851",0,0,0,0,0,0,0,0,0,0,0,0,10,0,5.26315789473684,0,0,0,12,0,0,0,0,0,0,0,0,0,0,0
"NC_059185.1.10728172.10728173",0,0,0,0,0,0,0,0,0,0,0,0,0,0,0,0,0,0,38.8888888888889,0,0,0,0,27.7777777777778,0,0,0,0,0,25
"NC_059185.1.13091242.13091243",0,0,0,0,0,0,0,0,0,0,0,0,0,0,2.94117647058824,0,0,0,12.3287671232877,2.94117647058824,5.88235294117647,2.32558139534884,14.2857142857143,0,0,0,3.44827586206897,3.44827586206897,0,0
"NC_059185.1.13091247.13091248",0,0,0,0,0,0,0,0,0,2.17391304347826,0,2.08333333333333,0,0,0,0,0,5,10.8108108108108,0,10.2564102564103,0,13.3333333333333,0,0,0,3.33333333333333,3.44827586206897,0,0
"NC_059186.1.3092171.3092172",0,0,0,0,0,0,0,0,0,0,0,0,0,0,0,0,0,0,10.7142857142857,0,0,0,1.47058823529412,0,0,0,0,0,0,0
"NC_059186.1.3166588.3166589",0,0,3.03030303030303,0,0,0,0,0,0,0,0,0,0,0,1.36986301369863,0,0,2.56410256410256,12.1212121212121,0,0,2.94117647058824,0,3.84615384615385,2.38095238095238,0,0,0,2.94117647058824,0
"NC_059186.1.8456493.8456494",0,7.69230769230769,5.88235294117647,0,0,0,4.76190476190476,0,6.66666666666667,0,5.88235294117647,0,4.76190476190476,5.88235294117647,7.69230769230769,8.33333333333333,11.7647058823529,0,20,0,0,0,0,5.55555555555556,0,0,8.33333333333333,0,0,0
"NC_059187.1.6607172.6607173",0,0,5.88235294117647,0,0,0,0,0,0,0,0,0,0,0,0,0,0,0,38.4615384615385,0,0,0,0,0,0,0,0,0,0,0
"NC_059187.1.9480512.9480513",0,0,0,0,0,0,0,3.84615384615385,0,0,0,0,11.1111111111111,0,0,0,0,0,38.8888888888889,0,0,0,0,0,0,0,0,0,0,0
"NC_059188.1.5921939.5921940",0,0,0,0,0,0,0,0,0,0,0,0,0,0,0,0,0,0,20.5882352941176,0,0,0,0,0,6.66666666666667,0,0,0,0,0
"NC_059188.1.11828693.11828694",0,5,0,0,0,0,0,0,0,0,0,0,0,0,0,0,0,0,9.67741935483871,0,0,0,5.26315789473684,0,0,0,0,0,0,0
"NC_059189.1.1377119.1377120",0,0,0,0,0,0,0,0,0,0,0,0,0,0,0,0,0,0,9.375,0,0,6.25,0,0,13.3333333333333,0,0,0,0,0
"NC_059189.1.1438219.1438220",0,7.40740740740741,0,0,0,4.76190476190476,0,0,0,0,0,0,0,0,3.84615384615385,0,0,0,11.1111111111111,5,0,0,0,0,0,4.76190476190476,0,0,55.5555555555556,0
"NC_059189.1.1840165.1840166",0,0,0,0,0,0,0,0,0,0,0,4.34782608695652,0,0,2.77777777777778,0,0,0,14.2857142857143,0,0,0,0,0,0,0,0,0,0,0
"NC_059189.1.1840200.1840201",0,3.33333333333333,5,0,0,0,0,0,0,0,0,0,0,0,0,0,0,4.34782608695652,32,0,0,0,5.55555555555556,0,0,0,0,0,0,0
"NC_059189.1.10824098.10824099",0,0,0,0,0,0,0,0,0,0,0,6.89655172413793,0,0,0,0,0,0,29.6296296296296,0,0,0,0,0,0,0,0,0,0,0
"NC_059190.1.3143171.3143172",0,0,0,0,0,0,0,0,0,0,0,0,0,0,0,0,0,0,9.67741935483871,3.57142857142857,3.7037037037037,0,0,0,0,0,0,8.33333333333333,0,0
"NC_059191.1.2697319.2697320",0,0,0,2.08333333333333,0,0,0,0,0,0,0,0,0,0,0,0,0,0,14.2857142857143,0,0,0,0,1.63934426229508,0,0,0,0,0,4.54545454545455
"NW_025533140.1.193332.193333",0,0,0,3.2258064516129,0,0,0,0,0,5.55555555555556,0,0,0,0,0,0,0,0,9.67741935483871,0,0,0,0,0,0,0,0,0,0,0
"NW_025533168.1.29750.29751",0,0,0,0,0,0,0,0,0,0,0,0,0,0,0,0,0,0,9.67741935483871,0,0,0,0,0,0,0,3.7037037037037,0,0,0
"NW_025533168.1.64475.64476",3.33333333333333,0,7.14285714285714,12.5,0,0,5.26315789473684,6.25,0,3.57142857142857,3.84615384615385,9.52380952380952,0,0,0,6.06060606060606,4.16666666666667,5.26315789473684,10.7142857142857,0,0,0,0,4.76190476190476,0,3.44827586206897,0,0,7.31707317073171,0
"NC_059182.1.10839808.10839809",0,0,0,0,0,0,0,0,0,0,4.54545454545455,0,0,0,0,0,0,0,0,21.0526315789474,0,4.76190476190476,0,0,4.76190476190476,0,0,0,0,0
"NC_059182.1.12358273.12358274",0,0,0,0,0,0,0,0,0,0,0,0,0,0,0,0,0,0,5.26315789473684,20,0,0,0,0,0,0,0,0,0,0
"NC_059182.1.15036649.15036650",0,0,0,0,0,0,0,0,0,0,0,0,0,0,7.40740740740741,0,0,0,0,23.0769230769231,0,0,0,0,0,0,21.4285714285714,0,0,0
"NC_059182.1.16169641.16169642",0,0,0,0,0,0,0,0,0,0,0,0,0,0,0,0,0,0,0,61.5384615384615,0,0,0,0,0,0,0,0,0,0
"NC_059182.1.16169646.16169647",0,0,0,0,0,0,0,0,0,0,0,0,0,0,0,0,0,0,0,57.6923076923077,4.76190476190476,0,4.76190476190476,0,0,0,0,0,0,0
"NC_059182.1.18770668.18770669",0,0,5.88235294117647,0,0,0,0,0,0,2.22222222222222,0,0,0,0,0,5.55555555555556,0,0,2.4390243902439,12.5,0,0,0,0,0,0,0,0,0,0
"NC_059183.1.14184906.14184907",0,0,0,0,0,6.25,0,0,5.55555555555556,0,0,3.03030303030303,0,0,0,0,0,0,0,42.1052631578947,0,0,0,0,0,0,0,0,0,5
"NC_059183.1.17221511.17221512",0,0,0,0,0,0,0,0,0,0,0,0,0,0,0,0,0,0,0,45.4545454545455,0,0,0,0,0,0,0,0,0,5.55555555555556
"NC_059184.1.587550.587551",4.54545454545455,0,0,7.40740740740741,0,0,0,16.6666666666667,0,0,6.25,3.44827586206897,0,0,12.5,8.33333333333333,4.54545454545455,0,0,27.2727272727273,0,0,4,0,6.25,0,9.52380952380952,10,11.1111111111111,0
"NC_059184.1.2842529.2842530",0,0,0,0,0,0,0,6.66666666666667,5.55555555555556,0,0,0,0,0,0,3.7037037037037,3.44827586206897,0,0,11.1111111111111,0,4.54545454545455,0,0,6.06060606060606,0,0,8.33333333333333,0,0
"NC_059184.1.9465701.9465702",0,0,0,0,0,0,0,0,0,0,0,0,0,0,0,0,0,0,0,11.5384615384615,0,0,0,0,0,0,0,0,0,0
"NC_059185.1.1167062.1167063",0,0,0,0,0,0,0,0,0,0,0,0,0,0,0,0,0,0,0,9.375,0,0,0,0,0,0,0,0,0,0
"NC_059185.1.2121717.2121718",0,0,0,0,0,0,0,0,0,0,0,0,12.5,0,0,0,0,0,0,40.7407407407407,0,0,0,2.85714285714286,13.6363636363636,0,0,0,0,0
"NC_059185.1.6220979.6220980",0,0,0,0,0,0,0,0,0,0,0,3.84615384615385,0,0,0,0,0,0,0,25,0,0,0,0,0,0,0,0,0,0
"NC_059186.1.2883950.2883951",0,0,0,0,0,0,3.125,20,4.54545454545455,0,2,0,0,0,0,4.16666666666667,5.40540540540541,0,6.81818181818182,23.0769230769231,7.89473684210526,0,0,0,2.5,0,37.5,10.5263157894737,0,0
"NC_059186.1.9114892.9114893",0,0,0,0,0,0,0,0,0,0,0,0,0,6.25,0,5,0,0,0,16.6666666666667,0,0,0,0,0,0,0,0,0,0
"NC_059187.1.1017166.1017167",0,0,0,0,0,0,0,0,0,0,0,0,5,0,0,0,0,0,0,43.4782608695652,0,0,0,5.88235294117647,0,0,0,0,0,0
"NC_059187.1.2735530.2735531",0,0,0,0,0,4.54545454545455,0,0,0,0,0,0,0,0,0,0,0,4,0,12.5,0,0,0,0,0,4.16666666666667,0,0,5.26315789473684,0
"NC_059187.1.2788997.2788998",0,0,0,0,0,0,0,0,0,0,0,0,0,0,0,0,0,0,0,14.2857142857143,0,0,0,0,0,0,0,3.33333333333333,0,0
"NC_059187.1.2828476.2828477",0,0,0,0,0,0,0,0,0,0,0,4.16666666666667,0,0,0,0,0,0,0,52,0,0,3.84615384615385,0,44,0,0,0,6.25,0
"NC_059187.1.2900698.2900699",0,0,0,0,0,0,0,0,0,4.34782608695652,0,0,0,0,5.88235294117647,0,0,0,0,26.6666666666667,0,6.25,0,0,0,0,0,12,0,0
"NC_059188.1.8334070.8334071",0,0,0,0,0,0,0,0,0,0,0,0,0,0,0,0,0,0,0,21.0526315789474,0,0,0,0,0,0,0,0,3.84615384615385,0
"NC_059188.1.9572147.9572148",0,0,0,0,0,0,0,0,0,0,0,0,3.125,0,4.16666666666667,0,0,0,0,11.1111111111111,4.16666666666667,0,0,0,0,0,0,0,0,0
"NC_059188.1.9811383.9811384",0,0,0,0,0,0,0,3.84615384615385,0,0,0,0,0,0,0,0,0,0,0,10.7142857142857,0,0,0,0,0,0,0,0,0,0
"NC_059188.1.12981721.12981722",0,0,0,0,0,0,5.55555555555556,0,0,0,6.66666666666667,0,0,0,5.88235294117647,0,0,0,0,50,5.55555555555556,0,0,0,0,0,0,0,6.66666666666667,0
"NC_059189.1.1798666.1798667",0,0,0,0,5.55555555555556,0,0,0,0,0,9.09090909090909,0,3.57142857142857,0,0,0,0,0,0,46.1538461538462,0,0,8.33333333333333,0,0,0,0,0,0,0
"NC_059189.1.2570382.2570383",0,0,0,0,5.88235294117647,0,0,0,0,0,0,2.77777777777778,0,0,2.56410256410256,0,0,0,0,9.09090909090909,0,0,0,0,2.63157894736842,0,0,6.66666666666667,0,0
"NC_059189.1.7440810.7440811",0,0,0,5.26315789473684,0,0,0,0,0,0,0,0,0,0,0,0,4.76190476190476,0,0,25,0,0,0,0,3.7037037037037,0,0,0,0,0
"NC_059189.1.7507771.7507772",0,0,0,0,0,0,0,0,0,0,0,0,0,0,4,5.26315789473684,0,0,0,33.3333333333333,0,0,0,0,0,0,0,0,0,0
"NC_059190.1.3064350.3064351",0,0,5.88235294117647,0,0,0,0,0,0,0,5.26315789473684,4.34782608695652,0,0,3.7037037037037,0,0,0,0,13.6363636363636,0,0,0,0,0,0,0,0,0,26.3157894736842
"NC_059191.1.592191.592192",0,0,0,0,2.94117647058824,0,8.33333333333333,0,0,0,0,0,0,0,3.44827586206897,0,0,0,0,33.3333333333333,0,0,3.84615384615385,0,0,0,0,0,0,0
"NC_059191.1.990074.990075",0,0,0,0,0,6.25,0,0,0,8,0,0,8.33333333333333,0,3.125,0,10,0,0,12.5,0,0,3.84615384615385,0,0,5.88235294117647,8.69565217391304,5.26315789473684,4.16666666666667,0
"NC_059191.1.5366251.5366252",0,0,0,0,0,0,0,0,0,0,5.55555555555556,0,6.25,0,0,0,0,0,0,16.6666666666667,0,0,0,0,0,0,0,0,0,0
"NW_025533130.1.225550.225551",2.32558139534884,0,0,0,3.57142857142857,0,3.44827586206897,0,0,0,3.57142857142857,0,0,0,0,0,0,0,0,36,0,0,0,0,3.44827586206897,5,25.8064516129032,0,3.03030303030303,0
"NW_025533130.1.232517.232518",0,7.69230769230769,10.5263157894737,0,5.88235294117647,0,0,0,5.26315789473684,0,4.76190476190476,0,0,0,0,0,0,0,2.85714285714286,29.4117647058824,5.12820512820513,3.57142857142857,2.85714285714286,0,2.56410256410256,0,0,26.9230769230769,0,9.52380952380952
"NW_025533136.1.19586.19587",0,0,0,0,0,0,0,0,2.5,0,0,0,0,0,0,0,4.34782608695652,0,0,25,0,10,0,0,0,0,0,0,0,4.54545454545455
"NW_025533263.1.33106.33107",1.61290322580645,0,0,0,4.16666666666667,5.40540540540541,0,0,5.55555555555556,8.57142857142857,1.69491525423729,3.84615384615385,2.17391304347826,0,6.66666666666667,8.33333333333333,5.66037735849057,1.44927536231884,1.5625,7.2289156626506,3.57142857142857,4.76190476190476,6.32911392405063,10.9375,4,2.85714285714286,1.88679245283019,8,2.46913580246914,1.61290322580645
"NW_025533332.1.10460.10461",0,0,0,0,2.27272727272727,2.7027027027027,0,0,3.44827586206897,0,2.85714285714286,0,0,0,0,0,0,0,4.16666666666667,23.3333333333333,0,3.33333333333333,0,0,0,0,0,0,0,0
"NC_059182.1.755882.755883",0,5.26315789473684,0,0,0,0,0,0,0,0,0,0,0,6.66666666666667,3.44827586206897,0,0,0,2.89855072463768,0,19.047619047619,21.0526315789474,0,0,0,0,0,0,0,0
"NC_059182.1.12161512.12161513",5.26315789473684,0,0,0,0,0,0,0,0,0,0,0,0,4.34782608695652,0,4.54545454545455,0,0,0,0,13.0434782608696,0,0,0,0,0,0,0,0,0
"NC_059182.1.13058617.13058618",7.69230769230769,0,0,0,0,0,5.55555555555556,9.52380952380952,0,4.76190476190476,10,0,0,0,6.45161290322581,0,0,0,0,0,15.3846153846154,0,14.2857142857143,4.76190476190476,0,0,0,0,0,0
"NC_059182.1.18087701.18087702",0,0,0,0,0,0,0,0,0,0,0,2.56410256410256,0,0,0,0,0,0,0,0,15,0,0,0,0,0,0,0,0,0
"NC_059183.1.467896.467897",0,0,0,0,0,0,0,0,0,0,0,0,0,0,0,0,0,0,0,3.57142857142857,44.4444444444444,0,0,0,0,0,0,0,0,0
"NC_059183.1.467908.467909",0,0,0,0,0,0,0,0,0,0,3.7037037037037,0,0,0,0,0,0,0,0,0,42.3076923076923,0,5,0,0,0,0,12.5,0,0
"NC_059183.1.3374791.3374792",0,0,0,0,4.76190476190476,0,0,0,0,0,0,0,0,0,0,0,0,0,0,0,15,0,0,0,0,0,0,0,0,0
"NC_059183.1.11941199.11941200",0,4.34782608695652,0,0,0,0,0,0,0,0,0,0,0,0,0,0,0,0,0,0,36.3636363636364,0,0,0,0,0,0,0,0,0
"NC_059183.1.12511178.12511179",0,0,0,0,0,0,0,0,0,0,0,0,0,0,0,0,0,3.7037037037037,0,0,11.5384615384615,0,0,0,0,0,0,0,0,0
"NC_059184.1.2226270.2226271",0,0,0,0,0,0,0,0,0,0,0,0,4.34782608695652,0,0,0,0,0,0,0,9.67741935483871,0,0,0,0,0,0,5,0,0
"NC_059184.1.2745289.2745290",0,0,0,0,0,0,0,8.33333333333333,0,0,0,5,0,0,4,0,0,0,0,0,10.7142857142857,0,0,0,0,0,0,0,0,0
"NC_059184.1.9498208.9498209",0,0,0,0,0,0,0,10,0,0,0,0,0,0,0,4,0,0,0,0,9.67741935483871,0,0,0,0,0,2.7027027027027,0,0,2.94117647058824
"NC_059184.1.11529608.11529609",0,0,0,0,0,0,0,0,0,0,0,0,0,0,0,0,0,0,0,0,17.8571428571429,10,0,0,0,0,0,0,0,0
"NC_059184.1.12774438.12774439",0,0,0,0,0,0,0,0,0,0,6.66666666666667,0,0,0,5.55555555555556,5.26315789473684,0,7.14285714285714,0,0,58.3333333333333,0,0,0,0,0,0,0,0,0
"NC_059184.1.13195746.13195747",0,0,0,0,0,0,0,0,0,0,0,0,0,0,0,0,0,0,0,0,17.6470588235294,0,0,0,0,0,0,0,0,0
"NC_059185.1.12579197.12579198",0,0,0,0,0,0,0,0,0,0,0,0,0,4.54545454545455,0,0,0,0,0,0,9.09090909090909,0,0,0,0,2.12765957446809,0,15.3846153846154,0,8.69565217391304
"NC_059186.1.10584238.10584239",0,0,0,0,0,0,0,0,0,0,0,0,5.26315789473684,0,0,3.44827586206897,0,0,0,0,11.5384615384615,0,0,0,0,4.76190476190476,0,0,5.88235294117647,0
"NC_059186.1.11673059.11673060",0,0,0,0,0,0,0,0,0,0,0,0,0,0,0,0,4.16666666666667,0,0,0,33.3333333333333,0,0,0,0,7.69230769230769,0,0,0,0
"NC_059186.1.11673111.11673112",0,0,0,0,0,0,0,0,0,0,0,0,0,0,0,0,0,0,0,0,33.3333333333333,0,0,0,0,0,0,0,0,0
"NC_059186.1.11673122.11673123",0,0,0,0,0,0,0,0,0,0,0,0,0,0,0,0,0,6.66666666666667,0,0,16.6666666666667,0,0,0,0,0,6.66666666666667,0,0,0
"NC_059187.1.1653121.1653122",0,0,0,0,0,0,0,0,0,0,0,0,5.55555555555556,0,0,0,0,0,0,0,14.2857142857143,0,0,0,0,0,6.66666666666667,0,0,0
"NC_059187.1.6656139.6656140",0,0,0,0,0,0,0,0,0,0,0,4.54545454545455,5.26315789473684,0,0,0,0,0,0,0,33.3333333333333,0,0,0,0,0,25.6410256410256,0,0,4
"NC_059187.1.6656309.6656310",0,0,0,0,0,0,0,0,0,0,0,0,0,0,0,0,0,0,0,0,41.1764705882353,0,0,0,0,6.25,0,2.77777777777778,0,0
"NC_059187.1.8853859.8853860",0,0,0,0,0,0,0,0,0,0,0,4.76190476190476,0,0,0,0,0,0,0,0,17.6470588235294,0,0,0,0,0,0,0,0,0
"NC_059188.1.11964697.11964698",0,0,0,0,0,0,0,0,0,0,0,0,0,0,0,0,0,0,2.77777777777778,0,15,0,0,0,0,0,0,0,4.16666666666667,0
"NC_059189.1.775102.775103",0,0,0,0,0,0,0,0,0,0,0,8.33333333333333,0,0,0,0,0,0,3.44827586206897,0,35.2941176470588,0,0,4.54545454545455,0,0,0,0,0,7.14285714285714
"NC_059189.1.1790903.1790904",0,0,0,0,0,0,0,0,0,0,0,0,0,0,0,0,0,0,0,0,9.375,0,0,0,0,4.54545454545455,0,0,0,0
"NC_059189.1.7537653.7537654",0,0,0,0,5,0,0,0,0,0,4.54545454545455,0,0,4.54545454545455,2.4390243902439,0,0,4.16666666666667,7.69230769230769,0,9.375,0,0,3.84615384615385,0,0,0,0,0,0
"NC_059189.1.8755758.8755759",0,0,0,0,0,0,0,0,0,0,0,0,0,4.16666666666667,0,0,2.94117647058824,0,0,0,11.5384615384615,0,0,10.5263157894737,0,3.57142857142857,0,0,0,0
"NC_059190.1.89137.89138",0,0,0,0,0,0,0,0,0,0,0,0,0,4.54545454545455,0,0,0,0,0,0,11.5384615384615,0,0,0,0,0,0,0,0,0
"NC_059191.1.9017257.9017258",0,0,0,10,0,0,0,0,0,0,0,0,0,0,0,0,0,0,0,0,34.4827586206897,0,0,0,4.34782608695652,0,0,0,0,0
"NW_025533332.1.28528.28529",0,4.34782608695652,0,0,6.66666666666667,0,0,0,0,0,2.94117647058824,5.12820512820513,0,0,0,3.33333333333333,3.44827586206897,0,1.75438596491228,0,30,0,0,5.40540540540541,0,3.2258064516129,0,3.92156862745098,3.57142857142857,3.33333333333333
"NC_059182.1.755820.755821",0,5,0,0,0,0,0,0,0,0,0,0,0,5,3.57142857142857,0,0,0,0,0,0,25.7142857142857,0,0,0,0,0,2.7027027027027,0,0
"NC_059182.1.11380842.11380843",6.25,0,0,0,0,0,0,0,0,0,4.54545454545455,0,0,0,0,0,0,13.3333333333333,0,0,0,33.3333333333333,0,0,0,0,3.7037037037037,0,0,0
"NC_059182.1.14052588.14052589",0,0,0,0,0,0,0,0,0,0,0,0,0,0,0,0,0,0,0,7.14285714285714,0,25,0,0,0,0,5,0,0,0
"NC_059182.1.14052597.14052598",0,0,0,0,0,4.54545454545455,0,0,0,0,0,0,0,0,0,0,0,0,0,0,0,40,0,0,0,0,0,5.55555555555556,0,0
"NC_059182.1.14566485.14566486",0,0,0,7.14285714285714,0,0,0,0,0,0,0,0,0,10,0,0,0,0,0,0,0,10.3448275862069,0,0,0,0,0,0,0,0
"NC_059183.1.1730640.1730641",0,0,0,0,0,0,0,0,0,0,0,0,0,0,0,0,0,0,0,0,0,12,0,0,0,0,0,0,0,0
"NC_059183.1.1736919.1736920",0,0,0,0,0,0,0,0,0,0,11.7647058823529,0,0,0,0,0,0,6.25,0,0,3.84615384615385,10.7142857142857,0,0,0,0,0,0,0,0
"NC_059183.1.4445639.4445640",0,0,0,0,0,0,0,0,0,3.7037037037037,0,0,0,0,0,0,0,0,0,0,0,12,0,0,0,4.76190476190476,0,0,0,0
"NC_059183.1.4975097.4975098",0,0,0,0,0,0,0,0,0,0,0,0,0,0,0,0,0,8.33333333333333,0,0,0,15.7894736842105,0,0,0,0,0,0,0,0
"NC_059183.1.7862863.7862864",0,0,0,0,0,0,0,0,0,0,0,0,0,0,0,0,0,0,3.57142857142857,0,0,13.0434782608696,0,0,0,0,0,0,0,0
"NC_059184.1.4460784.4460785",0,0,0,0,0,6.66666666666667,0,0,0,0,9.09090909090909,0,0,0,0,0,0,0,0,0,0,56.25,0,0,4.54545454545455,0,0,0,0,0
"NC_059184.1.7662998.7662999",0,0,0,0,0,0,0,0,5,0,0,0,0,0,0,0,0,0,0,0,0,10,0,0,0,0,4.16666666666667,0,0,0
"NC_059185.1.2126608.2126609",0,0,0,0,0,0,5.26315789473684,0,0,0,4.34782608695652,0,0,0,0,0,0,0,0,0,0,18.75,0,0,0,0,0,0,0,0
"NC_059185.1.3289931.3289932",0,0,0,0,0,0,0,0,0,0,0,0,0,0,0,0,0,9.09090909090909,0,0,0,16.6666666666667,0,0,0,0,0,0,0,0
"NC_059185.1.3965627.3965628",6.66666666666667,0,0,0,0,0,0,0,0,0,0,0,0,0,0,0,0,0,0,0,0,13.3333333333333,0,0,0,4.76190476190476,0,0,0,0
"NC_059186.1.3940644.3940645",0,0,0,0,0,0,0,0,0,4.54545454545455,0,0,0,0,5.26315789473684,0,0,0,0,0,0,17.6470588235294,0,0,0,0,0,0,0,0
"NC_059187.1.2674453.2674454",2.94117647058824,5.55555555555556,0,0,0,0,0,0,0,0,7.69230769230769,0,0,4.76190476190476,0,3.33333333333333,0,0,3.7037037037037,0,0,23.0769230769231,0,0,2.38095238095238,2.85714285714286,0,0,0,0
"NC_059187.1.3867808.3867809",0,0,0,0,0,0,0,7.14285714285714,0,0,6.25,0,0,0,2.56410256410256,0,0,0,0,0,0,36.3636363636364,0,3.44827586206897,0,7.40740740740741,11.1111111111111,43.75,0,3.84615384615385
"NC_059187.1.6653706.6653707",0,0,0,0,0,0,0,0,9.09090909090909,0,0,0,5.55555555555556,3.44827586206897,0,0,0,0,0,0,0,40,0,0,0,0,0,7.69230769230769,3.7037037037037,0
"NC_059187.1.7913698.7913699",0,0,0,0,0,0,0,6.25,0,0,0,0,0,0,4.76190476190476,0,0,0,0,0,0,46.1538461538462,0,0,6.89655172413793,0,0,0,0,0
"NC_059187.1.7913707.7913708",0,7.69230769230769,0,0,0,0,0,5.88235294117647,0,0,0,0,0,0,0,0,0,0,0,0,0,46.1538461538462,0,0,0,0,0,0,0,0
"NC_059187.1.8008994.8008995",0,0,0,0,0,0,0,0,0,5.88235294117647,0,0,0,0,0,0,0,0,0,0,0,11.5384615384615,0,0,4.34782608695652,0,0,0,0,0
"NC_059188.1.1150993.1150994",0,18.1818181818182,0,0,0,0,0,0,0,0,0,5.55555555555556,0,6.25,0,5.26315789473684,0,5,0,0,0,72.2222222222222,0,6.25,15,0,0,5.26315789473684,0,44.4444444444444
"NC_059188.1.10362188.10362189",0,0,0,4.34782608695652,0,0,0,0,0,0,0,0,0,4.54545454545455,5.26315789473684,0,0,0,0,0,0,19.047619047619,0,6.66666666666667,0,0,0,16.6666666666667,0,0
"NC_059189.1.6390158.6390159",5.26315789473684,0,0,0,0,0,0,0,0,0,0,0,0,0,0,0,0,0,0,5.88235294117647,0,21.4285714285714,0,0,0,4.76190476190476,0,0,0,0
"NC_059190.1.1156222.1156223",0,0,0,0,0,0,0,0,0,0,0,0,0,0,0,0,7.69230769230769,0,0,4.76190476190476,3.125,29.4117647058824,0,0,0,4.76190476190476,0,6.66666666666667,0,0
"NC_059191.1.5464058.5464059",0,2.94117647058824,0,0,0,0,0,0,0,0,3.44827586206897,0,0,0,0,0,0,0,0,0,0,32,0,3.57142857142857,0,0,0,0,0,0
"NW_025533214.1.15207.15208",0,0,0,0,0,0,3.125,0,0,0,1.92307692307692,0,0,0,0,3.44827586206897,0,0,0,0,0,10.8695652173913,4.76190476190476,0,1.66666666666667,0,0,0,2.17391304347826,0
"NW_025533322.1.19429.19430",0,0,2.32558139534884,4.54545454545455,0,2.22222222222222,0,0,0,0,0,0,0,0,0,0,0,0,0,2.38095238095238,0,15.7894736842105,2.63157894736842,3.7037037037037,0,0,4.44444444444444,2.27272727272727,2.77777777777778,0
"NC_059182.1.2299981.2299982",0,0,0,0,4.16666666666667,0,0,0,0,0,0,0,0,0,0,0,0,0,0,0,0,0,20,4.76190476190476,4.54545454545455,3.57142857142857,0,0,0,0
"NC_059182.1.5603142.5603143",0,0,0,0,0,0,0,0,0,0,0,0,0,0,0,0,0,0,5.26315789473684,0,0,0,12,0,0,5.88235294117647,43.4782608695652,0,3.84615384615385,0
"NC_059182.1.6320186.6320187",0,0,0,0,0,0,0,0,0,0,0,0,0,0,4.54545454545455,0,0,0,0,0,0,0,68.4210526315789,0,0,0,0,0,0,0
"NC_059182.1.7587016.7587017",0,0,0,0,0,0,0,0,0,0,0,0,5,5,0,0,0,0,0,0,0,0,9.375,0,0,0,4.76190476190476,0,0,0
"NC_059182.1.12036019.12036020",0,0,0,0,0,0,0,0,0,0,0,3.125,0,0,5,0,0,0,2.27272727272727,0,0,0,10,0,0,0,0,0,0,10.5263157894737
"NC_059182.1.15543647.15543648",0,0,0,0,0,0,0,0,0,0,5.26315789473684,0,0,0,0,0,0,0,0,0,0,4.34782608695652,18.1818181818182,0,0,0,0,0,0,0
"NC_059183.1.1350775.1350776",0,0,0,0,0,0,0,0,0,0,0,0,0,0,0,0,0,0,0,0,4.76190476190476,0,10,0,0,0,0,0,0,0
"NC_059183.1.8606011.8606012",0,0,0,0,0,0,0,0,0,0,0,0,0,0,0,0,0,0,0,0,3.2258064516129,0,42.1052631578947,0,0,6.25,0,0,0,0
"NC_059183.1.16516170.16516171",0,0,0,0,0,0,0,0,0,0,0,0,0,0,0,0,0,0,0,0,0,0,10.7142857142857,0,0,0,0,0,0,0
"NC_059183.1.16657359.16657360",0,0,0,0,0,0,0,0,0,0,0,0,0,4.54545454545455,0,4.54545454545455,0,0,3.7037037037037,9.09090909090909,0,0,12.5,0,0,0,0,0,0,0
"NC_059184.1.3472669.3472670",0,0,0,0,5.88235294117647,0,0,0,0,0,0,0,0,0,0,0,0,0,0,0,0,0,10.7142857142857,3.57142857142857,0,4.76190476190476,0,0,0,0
"NC_059185.1.1167193.1167194",0,5,3.7037037037037,0,0,0,0,0,0,5.88235294117647,11.1111111111111,0,5,0,0,0,0,0,0,0,0,3.57142857142857,29.1666666666667,4.54545454545455,0,7.69230769230769,75,0,0,0
"NC_059185.1.1167202.1167203",0,9.52380952380952,4,0,0,0,0,0,0,0,0,0,0,0,0,0,0,0,0,0,0,3.2258064516129,39.1304347826087,8.69565217391304,0,10.7142857142857,84.6153846153846,0,3.57142857142857,0
"NC_059185.1.1167205.1167206",0,8.33333333333333,4,0,0,0,0,0,0,0,9.09090909090909,4.76190476190476,0,5,8,0,0,0,0,0,4.16666666666667,3.2258064516129,34.7826086956522,8.69565217391304,0,9.67741935483871,80.7692307692308,0,3.33333333333333,0
"NC_059186.1.5012782.5012783",7.14285714285714,0,0,0,0,0,0,0,0,0,0,0,0,0,0,0,0,0,0,0,0,0,10.3448275862069,11.7647058823529,0,0,0,0,0,0
"NC_059186.1.10414679.10414680",0,0,0,0,0,0,0,0,0,0,0,3.44827586206897,0,5.26315789473684,0,0,0,0,0,0,0,0,16.6666666666667,0,0,3.2258064516129,0,0,0,0
"NC_059187.1.3245362.3245363",0,0,0,0,6.66666666666667,0,0,0,0,0,0,0,0,0,0,0,0,0,0,0,0,0,11.5384615384615,0,5,0,0,3.84615384615385,0,0
"NC_059187.1.5121361.5121362",0,0,0,0,0,0,0,0,0,0,6.25,0,0,5.71428571428571,0,0,0,0,0,0,0,0,9.67741935483871,0,6.45161290322581,0,0,0,0,0
"NC_059187.1.5741644.5741645",0,0,0,0,0,0,0,0,0,0,0,0,0,0,0,0,0,0,0,0,0,0,13.6363636363636,0,0,4.16666666666667,0,0,4.76190476190476,0
"NC_059187.1.6489874.6489875",0,0,0,0,0,0,0,0,0,0,0,3.57142857142857,0,0,0,0,0,0,0,0,0,0,11.1111111111111,0,0,6.66666666666667,0,10,0,0
"NC_059187.1.6653770.6653771",0,0,0,0,0,0,0,0,8.33333333333333,0,0,0,0,4,0,0,0,0,0,0,0,0,19.3548387096774,6.66666666666667,0,0,0,0,0,0
"NC_059188.1.742106.742107",0,0,0,0,0,0,13.3333333333333,0,0,0,0,0,5,0,4.16666666666667,0,0,0,0,0,0,0,71.4285714285714,0,0,0,6.66666666666667,0,0,0
"NC_059188.1.1144442.1144443",0,0,0,0,0,0,0,0,0,0,0,0,0,0,0,4.16666666666667,0,0,0,0,0,0,14.8148148148148,0,0,0,0,0,3.44827586206897,0
"NC_059189.1.6226684.6226685",0,0,0,0,0,0,0,0,0,0,0,0,0,0,0,0,0,0,0,0,0,0,48,0,0,0,0,0,0,0
"NC_059189.1.7542483.7542484",0,0,0,0,0,0,0,0,0,0,0,0,0,0,0,0,7.14285714285714,0,0,0,0,0,15.7894736842105,0,50,0,0,0,0,0
"NC_059189.1.7962221.7962222",0,0,0,0,7.14285714285714,0,0,0,0,4,0,0,0,0,0,0,0,0,0,0,0,0,56.25,0,0,0,0,0,0,6.25
"NC_059190.1.4646734.4646735",0,0,5.55555555555556,0,0,0,0,0,0,7.14285714285714,0,0,0,0,0,0,0,0,0,0,0,0,27.2727272727273,0,0,0,0,2.38095238095238,0,0
"NC_059191.1.4787941.4787942",0,0,0,0,0,0,0,5,0,0,3.7037037037037,0,0,0,0,0,0,0,0,0,0,0,11.5384615384615,0,0,0,0,0,0,0
"NC_059191.1.6882299.6882300",0,0,5.55555555555556,0,0,0,0,0,0,0,0,0,0,0,0,0,0,0,3.44827586206897,0,0,0,14.2857142857143,0,0,0,0,0,0,0
"NC_059191.1.7993173.7993174",0,0,0,0,0,5.55555555555556,0,0,0,5,0,0,0,0,8.69565217391304,3.125,0,0,0,0,0,0,11.1111111111111,0,0,0,6.25,2.22222222222222,0,0
"NW_025533118.1.387614.387615",0,0,0,0,0,0,0,0,0,3.03030303030303,0,0,1.75438596491228,0,2.89855072463768,0,0,0,0,0,0,0,10.5263157894737,2.5974025974026,0,0,1.49253731343284,0,0,0
"NW_025533118.1.387666.387667",0,0,0,0,0,0,0,0,0,0,0,0,0,0,4.16666666666667,0,0,0,3.7037037037037,0,0,0,11.5384615384615,1.81818181818182,1.0989010989011,12.5,5.66037735849057,5,0,0
"NW_025533118.1.466867.466868",0,2.17391304347826,0,0,9.09090909090909,0,0,0,0,0,0,0,0,0,0,0,0,0,0,0,0,0,5.33333333333333,0,0,0,0,2.08333333333333,0,0
"NW_025533169.1.76407.76408",0,0,7.31707317073171,0,0,0,0,2.38095238095238,0,0,0,0,2.63157894736842,0,0,0,0,0,0,0,1.58730158730159,0,46.1538461538462,0,0,31.25,0,0,0,0
"NW_025533332.1.12307.12308",2.32558139534884,0,0,2.94117647058824,0,0,8.33333333333333,0,0,2.32558139534884,4.08163265306122,3.57142857142857,0,0,4.54545454545455,5.55555555555556,5,0,7.89473684210526,0,0,0,11.4285714285714,2.56410256410256,2.32558139534884,0,5.55555555555556,27.5862068965517,2.77777777777778,10
"NC_059182.1.1672709.1672710",0,0,0,0,0,0,0,0,0,0,0,0,4,0,0,0,0,0,0,4.76190476190476,0,0,0,12.5,0,0,0,0,0,0
"NC_059182.1.11381271.11381272",0,0,0,0,0,0,0,0,0,5.88235294117647,0,0,0,0,6.45161290322581,0,0,0,0,0,0,0,0,21.875,0,0,3.84615384615385,2.5,0,0
"NC_059182.1.14086130.14086131",0,0,0,0,0,0,0,2.56410256410256,0,0,0,0,3.84615384615385,0,0,0,0,0,0,4,0,0,0,25.8064516129032,0,0,0,0,0,0
"NC_059182.1.14086180.14086181",0,0,0,0,0,0,0,0,0,0,0,0,0,0,0,0,6.25,0,0,0,0,0,0,30.7692307692308,0,0,0,0,0,0
"NC_059182.1.14784662.14784663",0,0,0,0,0,0,0,0,0,0,3.7037037037037,6.66666666666667,0,0,0,0,0,0,0,0,0,0,3.84615384615385,10.3448275862069,0,0,0,6.66666666666667,5.88235294117647,0
"NC_059182.1.15398758.15398759",0,0,0,0,0,0,0,0,0,0,0,0,0,0,0,0,0,0,0,0,0,0,0,12.5,0,0,0,0,0,0
"NC_059183.1.12286522.12286523",0,0,0,0,0,0,0,0,0,0,0,0,0,0,0,0,0,0,0,0,0,0,0,15.7894736842105,0,0,0,0,0,0
"NC_059183.1.12340985.12340986",0,0,0,0,0,0,0,0,0,0,3.2258064516129,0,0,3.7037037037037,0,0,0,0,0,0,0,0,0,10,0,0,0,0,0,0
"NC_059183.1.15916833.15916834",0,6.66666666666667,0,0,0,0,0,0,0,5.26315789473684,0,0,0,0,0,0,0,0,0,0,0,0,0,14.2857142857143,3.7037037037037,0,0,0,0,0
"NC_059183.1.17221476.17221477",0,0,0,0,0,0,0,0,0,0,0,0,0,0,0,0,4.34782608695652,0,2.7027027027027,0,0,0,4.16666666666667,48,0,0,0,0,4,0
"NC_059184.1.568060.568061",0,0,0,0,0,0,0,0,0,0,0,0,0,0,0,0,0,0,0,0,0,0,4.34782608695652,13.0434782608696,0,0,0,0,0,0
"NC_059184.1.1353421.1353422",0,0,0,0,0,0,0,0,0,0,0,0,0,0,0,3.84615384615385,0,0,0,0,0,0,0,14.2857142857143,0,0,0,0,0,0
"NC_059184.1.2790690.2790691",0,0,0,0,9.09090909090909,0,0,0,0,0,0,0,0,0,0,0,0,0,0,0,4.34782608695652,0,0,26.3157894736842,0,0,0,0,0,3.84615384615385
"NC_059184.1.5881977.5881978",0,0,0,4.76190476190476,0,0,0,0,0,6.66666666666667,0,0,0,0,4.34782608695652,0,0,5.26315789473684,0,0,0,4.54545454545455,0,11.5384615384615,4.34782608695652,0,0,6.25,0,0
"NC_059184.1.8396223.8396224",0,0,0,0,0,0,0,0,0,0,0,0,0,0,0,0,0,0,0,0,0,0,0,45.4545454545455,0,0,0,0,0,0
"NC_059184.1.11443794.11443795",0,0,0,0,0,0,0,0,0,0,0,0,0,4.34782608695652,0,0,0,0,0,0,0,0,0,14.2857142857143,0,5.26315789473684,0,0,0,0
"NC_059185.1.1060918.1060919",0,5,0,0,0,0,0,0,0,0,0,0,4.76190476190476,0,0,0,0,0,0,0,4.54545454545455,0,0,13.0434782608696,0,0,0,0,0,0
"NC_059185.1.1175722.1175723",0,0,4.76190476190476,0,0,0,0,0,0,0,0,0,0,0,0,0,0,0,0,0,0,0,0,42.8571428571429,0,0,0,0,0,0
"NC_059185.1.3134711.3134712",0,0,0,0,0,0,0,0,0,0,4.76190476190476,5.88235294117647,4.34782608695652,0,3.57142857142857,7.69230769230769,0,5.88235294117647,0,4.76190476190476,0,0,3.7037037037037,9.09090909090909,0,7.40740740740741,3.33333333333333,0,0,0
"NC_059185.1.4314879.4314880",0,0,0,0,0,0,0,0,0,0,0,3.84615384615385,0,0,0,0,0,0,0,0,0,0,2.77777777777778,10.3448275862069,0,8.33333333333333,0,0,0,0
"NC_059185.1.10480761.10480762",0,0,0,0,0,3.03030303030303,0,0,0,0,0,0,3.44827586206897,0,0,0,0,0,3.125,0,0,0,0,15,0,0,0,0,0,0
"NC_059185.1.11947878.11947879",0,0,0,0,0,0,0,0,0,0,0,0,0,0,0,0,0,0,0,0,0,0,0,14.8148148148148,0,0,0,0,0,0
"NC_059185.1.13203827.13203828",0,0,0,0,0,0,0,0,0,6.66666666666667,6.66666666666667,0,0,0,0,0,0,0,0,0,0,0,0,41.1764705882353,3.84615384615385,42.8571428571429,4,0,0,0
"NC_059185.1.13237462.13237463",0,0,0,0,0,0,0,4,0,8.33333333333333,0,0,0,0,0,0,0,0,5,0,0,0,0,63.6363636363636,0,6.66666666666667,0,0,0,0
"NC_059186.1.7279176.7279177",0,4.76190476190476,0,0,5.55555555555556,0,0,0,0,0,0,0,0,5.55555555555556,3.7037037037037,4,0,0,6.66666666666667,3.2258064516129,0,0,0,17.6470588235294,0,4.54545454545455,0,0,0,0
"NC_059186.1.11799690.11799691",0,0,0,4.54545454545455,0,0,0,0,0,3.7037037037037,0,4.54545454545455,0,0,0,0,0,4.16666666666667,0,0,3.7037037037037,0,0,16.6666666666667,0,0,0,2.77777777777778,6.25,0
"NC_059187.1.3232597.3232598",0,0,0,0,0,0,0,0,0,0,0,0,0,0,0,0,0,0,0,0,5,0,4.76190476190476,9.67741935483871,0,0,0,7.69230769230769,0,0
"NC_059187.1.7240639.7240640",0,0,0,0,0,0,0,0,0,0,0,0,0,0,0,0,0,0,0,0,0,0,0,10.7142857142857,3.84615384615385,0,0,0,0,0
"NC_059187.1.7278241.7278242",0,0,0,0,0,0,0,0,0,0,0,0,0,0,3.44827586206897,0,0,0,0,0,0,0,0,13.0434782608696,3.57142857142857,0,3.84615384615385,5.26315789473684,0,0
"NC_059187.1.9688707.9688708",0,0,0,0,0,0,0,0,0,0,4.76190476190476,0,0,0,0,0,0,0,0,0,0,0,0,61.5384615384615,0,0,0,0,0,0
"NC_059188.1.1513358.1513359",0,0,0,0,6.25,0,0,0,0,0,0,0,5.26315789473684,0,0,4.54545454545455,0,0,0,0,0,0,0,12,5.26315789473684,0,0,0,0,0
"NC_059188.1.5921428.5921429",0,0,0,0,0,4.54545454545455,0,0,0,0,0,0,0,8.69565217391304,0,0,0,0,0,0,0,0,0,14.2857142857143,0,0,0,0,0,0
"NC_059188.1.5921597.5921598",0,0,0,0,0,0,0,0,0,0,0,0,0,0,0,0,0,0,0,0,0,9.52380952380952,3.125,37.5,0,0,0,0,0,0
"NC_059188.1.12194327.12194328",0,0,0,0,0,0,0,0,0,0,0,0,6.66666666666667,0,3.44827586206897,0,0,0,0,0,0,0,0,11.5384615384615,0,0,4.76190476190476,0,0,8
"NC_059188.1.12856478.12856479",0,0,0,0,0,0,0,0,0,0,0,4.54545454545455,0,0,0,5,0,0,0,0,4.16666666666667,0,0,17.3913043478261,0,0,0,0,0,0
"NC_059189.1.722636.722637",0,0,0,0,0,0,0,0,0,0,0,0,0,0,0,3.125,0,0,0,0,0,0,0,12.5,0,0,0,0,0,0
"NC_059189.1.2015086.2015087",0,0,0,0,0,0,0,0,0,0,0,0,0,0,0,0,0,0,0,0,5.26315789473684,0,0,11.5384615384615,0,0,0,0,0,0
"NC_059189.1.2725800.2725801",0,0,0,0,0,0,0,0,0,0,0,5,0,0,0,0,0,0,0,0,0,0,0,9.09090909090909,0,0,0,0,4.34782608695652,0
"NC_059189.1.6714565.6714566",0,0,0,0,0,0,0,0,0,0,0,3.17460317460317,0,0,0,0,1.88679245283019,2.85714285714286,0,0,0,0,0,15,0,0,0,0,0,2.56410256410256
"NC_059189.1.7512338.7512339",0,0,0,6.66666666666667,0,8,0,0,0,0,0,0,0,0,0,0,0,0,5.26315789473684,0,0,0,0,10.3448275862069,6.25,0,3.7037037037037,3.125,5.55555555555556,0
"NC_059189.1.7747519.7747520",0,0,0,0,0,0,0,0,0,0,0,0,0,0,0,2.4390243902439,0,0,0,0,2.27272727272727,0,0,9.375,0,0,0,0,0,0
"NC_059189.1.11038740.11038741",0,0,0,0,0,0,0,0,5.88235294117647,0,0,5,8.33333333333333,0,0,0,0,0,0,0,0,0,0,24.1379310344828,0,0,0,0,0,0
"NC_059189.1.11038808.11038809",0,0,0,0,0,0,0,0,0,0,0,4.54545454545455,0,0,0,0,0,0,0,0,0,2.7027027027027,3.33333333333333,38.4615384615385,0,0,0,0,0,0
"NC_059190.1.479417.479418",0,0,0,0,0,0,0,0,0,0,0,0,0,0,4.54545454545455,0,0,0,0,0,0,0,0,15.7894736842105,0,0,0,0,0,0
"NC_059190.1.797937.797938",0,0,0,0,0,0,0,0,0,0,0,0,0,0,0,4.16666666666667,0,0,0,0,0,5.55555555555556,0,10.7142857142857,0,0,0,0,0,0
"NC_059190.1.4680304.4680305",0,0,0,0,0,0,0,0,0,3.2258064516129,0,0,0,0,0,0,0,0,0,0,0,0,5.55555555555556,10.3448275862069,0,0,0,6.66666666666667,3.44827586206897,0
"NC_059190.1.8898555.8898556",0,0,0,0,0,0,0,0,0,0,0,0,0,0,7.69230769230769,0,0,0,0,0,0,0,0,12,0,0,0,12.5,0,0
"NC_059191.1.577170.577171",0,0,0,0,0,0,0,0,0,0,0,0,5,0,0,0,0,0,0,0,0,3.33333333333333,0,28,0,4.54545454545455,10,0,0,0
"NC_059191.1.577178.577179",0,0,0,0,0,5.55555555555556,0,0,0,7.69230769230769,0,0,4.76190476190476,0,0,0,3.125,0,0,0,0,0,0,33.3333333333333,0,8.69565217391304,10.5263157894737,0,4.76190476190476,0
"NC_059191.1.7357338.7357339",0,0,0,0,0,0,0,0,0,5.88235294117647,0,0,0,0,0,3.33333333333333,0,0,0,0,0,0,0,12,0,0,0,0,0,0
"NC_059191.1.7663732.7663733",0,2.63157894736842,0,0,0,0,0,0,0,0,0,0,3.84615384615385,0,2.7027027027027,0,0,0,0,0,0,2.32558139534884,0,9.75609756097561,0,3.2258064516129,4,5,0,0
"NW_025533130.1.107151.107152",4.34782608695652,0,0,0,0,0,0,0,3.7037037037037,0,0,0,0,0,0,5.88235294117647,0,0,3.84615384615385,0,0,3.33333333333333,0,32,45,5,2.85714285714286,0,0,25.9259259259259
"NC_059182.1.2751736.2751737",0,0,0,0,0,0,0,0,0,0,4.16666666666667,0,0,0,0,0,0,0,0,0,0,3.84615384615385,0,0,40.9090909090909,22.7272727272727,0,0,3.84615384615385,5.26315789473684
"NC_059182.1.11381787.11381788",0,0,0,5.88235294117647,0,0,0,0,0,0,0,0,0,0,4.54545454545455,0,0,0,0,0,0,0,0,0,33.3333333333333,0,0,3.125,6.45161290322581,0
"NC_059182.1.12036081.12036082",6.25,0,3.57142857142857,0,0,0,2.94117647058824,0,0,0,0,2.56410256410256,0,0,0,0,0,0,3.77358490566038,4.76190476190476,0,0,0,0,12.5,0,3.03030303030303,0,0,0
"NC_059182.1.13639331.13639332",0,4.54545454545455,0,0,0,0,0,0,0,0,0,0,0,0,0,0,0,0,0,3.84615384615385,0,0,0,0,10,2.94117647058824,0,0,3.84615384615385,0
"NC_059182.1.15857517.15857518",0,0,0,0,0,0,0,0,0,0,0,3.44827586206897,0,0,0,4.54545454545455,0,0,0,0,0,3.44827586206897,0,0,11.1111111111111,0,0,0,0,0
"NC_059183.1.1897923.1897924",0,0,0,0,0,0,0,0,0,0,0,0,3.44827586206897,0,0,0,0,0,0,0,0,0,0,0,12.5,17.6470588235294,5.55555555555556,2.4390243902439,0,0
"NC_059183.1.3066538.3066539",0,0,0,0,0,2.85714285714286,0,0,0,0,2.38095238095238,2.27272727272727,4.54545454545455,6.06060606060606,0,0,0,0,0,0,0,7.14285714285714,2.94117647058824,0,12.1212121212121,0,2.5,0,0,0
"NC_059183.1.5742731.5742732",0,0,0,0,0,0,0,0,0,0,0,4.34782608695652,0,0,0,0,0,0,0,0,0,6.66666666666667,0,0,11.5384615384615,0,0,0,0,0
"NC_059183.1.11731251.11731252",0,0,0,0,0,0,0,0,0,0,0,0,0,5.26315789473684,0,0,0,0,0,3.84615384615385,0,0,0,0,30.4347826086957,0,0,0,0,0
"NC_059183.1.14280135.14280136",0,0,0,0,0,0,0,0,0,0,7.69230769230769,0,0,0,0,0,0,4.34782608695652,0,0,0,0,0,0,76.1904761904762,0,0,0,0,0
"NC_059183.1.16873300.16873301",0,0,0,0,0,0,0,0,0,0,0,0,0,0,0,0,5.88235294117647,0,5.71428571428571,0,0,0,0,0,14.2857142857143,0,0,0,0,0
"NC_059183.1.18636553.18636554",0,0,0,0,0,0,0,7.69230769230769,0,0,0,0,0,0,0,0,0,0,0,0,0,0,3.57142857142857,0,11.1111111111111,0,0,0,0,0
"NC_059184.1.2293462.2293463",0,0,0,0,0,0,0,0,0,0,0,0,0,3.57142857142857,0,0,0,0,0,0,0,0,0,0,10,0,0,0,0,0
"NC_059184.1.11096702.11096703",0,0,0,0,0,0,0,0,0,0,4.54545454545455,0,0,0,0,0,0,0,0,0,0,0,0,0,21.875,0,0,0,0,0
"NC_059185.1.2914342.2914343",0,0,0,0,0,0,0,0,0,0,0,0,0,0,0,0,0,0,4.16666666666667,0,0,0,0,0,12,0,0,0,0,0
"NC_059185.1.3967236.3967237",0,0,10,0,0,0,0,0,0,0,0,0,0,0,0,0,0,0,0,0,0,0,0,0,18.1818181818182,0,0,0,0,0
"NC_059185.1.11539563.11539564",0,0,0,0,0,0,0,0,0,0,0,0,0,0,0,2.27272727272727,0,0,0,3.57142857142857,0,0,0,0,48.8372093023256,0,0,0,9.09090909090909,0
"NC_059186.1.9783575.9783576",0,0,0,0,0,0,0,0,0,0,0,0,0,0,0,0,0,0,0,0,6.66666666666667,0,0,0,10,0,0,0,0,0
"NC_059186.1.11273358.11273359",0,0,0,0,0,0,5,0,0,0,0,0,0,0,0,0,0,0,0,0,0,0,0,0,9.375,0,3.2258064516129,0,0,0
"NC_059187.1.174533.174534",0,0,0,0,0,0,0,0,0,0,0,0,0,0,0,0,0,0,0,0,0,0,0,0,10,0,0,0,0,0
"NC_059187.1.2679324.2679325",0,0,0,0,0,0,0,0,0,0,0,0,0,0,0,0,0,0,0,0,0,0,0,9.09090909090909,11.1111111111111,0,0,0,0,5
"NC_059187.1.6621639.6621640",0,0,0,0,3.92156862745098,0,6.89655172413793,0,0,0,6.97674418604651,5,0,0,1.47058823529412,3.03030303030303,7.14285714285714,0,0,3.03030303030303,2.38095238095238,0,0,0,11.5384615384615,0,0,0,6.52173913043478,0
"NC_059187.1.6654454.6654455",0,0,5.88235294117647,0,0,0,0,0,0,0,0,0,0,0,3.57142857142857,0,0,0,2.63157894736842,0,0,0,0,0,29.0322580645161,0,0,0,0,0
"NC_059187.1.7016823.7016824",0,0,0,0,0,0,0,0,0,0,3.03030303030303,0,0,0,0,0,0,0,2.94117647058824,0,0,0,2.38095238095238,0,13.0434782608696,0,0,0,3.33333333333333,0
"NC_059187.1.7515825.7515826",0,0,0,0,0,0,0,0,0,0,0,0,0,0,0,0,3.84615384615385,0,1.92307692307692,0,0,0,2.27272727272727,0,9.09090909090909,0,0,0,3.33333333333333,0
"NC_059187.1.7614954.7614955",0,0,0,0,0,0,0,0,0,0,0,0,0,0,0,0,0,0,0,4.76190476190476,4,0,0,0,25,0,0,0,0,0
"NC_059187.1.8688412.8688413",0,0,0,0,0,0,0,0,0,0,0,0,0,0,0,0,0,0,0,0,0,0,0,0,9.67741935483871,0,0,0,0,0
"NC_059188.1.3479759.3479760",0,0,0,0,0,0,0,0,0,3.125,0,0,0,0,0,0,0,0,0,0,0,0,0,0,10,0,0,0,0,0
"NC_059188.1.4766751.4766752",0,0,0,0,4.34782608695652,0,0,0,0,0,0,0,0,0,0,1.61290322580645,0,0,0,0,0,0,3.03030303030303,0,9.30232558139535,0,0,0,2.17391304347826,0
"NC_059188.1.8116912.8116913",0,0,3.33333333333333,0,0,0,0,2.22222222222222,0,0,3.44827586206897,0,0,0,0,0,0,0,1.2987012987013,0,0,1.92307692307692,0,0,9.09090909090909,0,0,0,0,0
"NC_059188.1.11485374.11485375",0,5.26315789473684,0,0,0,0,0,0,0,0,0,0,0,0,0,0,0,0,0,0,0,0,0,0,23.5294117647059,0,0,0,0,0
"NC_059189.1.71361.71362",0,0,0,0,0,0,0,0,0,0,0,0,0,0,0,0,0,5.88235294117647,3.57142857142857,0,0,4.54545454545455,0,0,30.7692307692308,0,0,0,0,0
"NC_059189.1.2687949.2687950",0,0,0,0,0,0,0,0,0,0,0,0,3.57142857142857,0,0,0,0,0,0,0,0,0,0,0,13.6363636363636,0,0,0,0,0
"NC_059189.1.3592431.3592432",0,0,0,0,0,0,0,0,0,0,0,0,0,0,0,0,6.25,0,0,0,0,0,0,0,13.0434782608696,0,0,0,0,0
"NC_059189.1.3989987.3989988",0,0,0,0,0,0,0,0,0,0,0,0,0,0,0,0,0,10,0,5.55555555555556,0,0,0,0,12.5,5.88235294117647,0,9.09090909090909,0,0
"NC_059189.1.4175745.4175746",0,0,0,0,0,0,0,0,0,0,0,0,0,0,4.34782608695652,0,0,0,0,0,0,0,0,0,45,0,0,0,0,0
"NC_059189.1.7546582.7546583",0,0,0,0,0,0,0,0,0,5,0,0,0,0,0,0,0,0,0,0,0,0,0,0,12.5,0,0,0,0,0
"NC_059189.1.7766626.7766627",0,0,0,0,0,0,0,0,0,0,0,0,0,0,0,0,0,0,3.44827586206897,3.7037037037037,0,0,0,0,11.5384615384615,0,0,5.88235294117647,0,0
"NC_059190.1.649389.649390",0,0,0,0,0,0,0,0,0,0,0,0,0,0,0,0,4.54545454545455,0,0,0,4.76190476190476,0,0,0,16,0,0,0,0,0
"NC_059190.1.3551535.3551536",0,0,0,0,0,0,0,0,0,0,6.25,3.03030303030303,0,0,0,0,0,0,0,0,0,0,0,0,9.09090909090909,0,4.16666666666667,0,0,3.03030303030303
"NC_059191.1.119664.119665",0,0,0,3.57142857142857,0,0,0,0,0,0,0,0,0,0,0,0,0,0,0,0,0,0,0,0,11.5384615384615,0,0,0,3.57142857142857,0
"NC_059191.1.4092917.4092918",0,0,0,0,0,0,0,0,0,5,0,0,0,0,0,0,0,0,0,3.84615384615385,0,0,0,0,12.5,0,0,0,0,0
"NC_059191.1.4997260.4997261",0,0,0,0,0,0,0,0,0,0,0,0,0,5.88235294117647,0,0,6.25,0,0,5.26315789473684,0,0,0,5.88235294117647,10.3448275862069,0,0,0,0,0
"NC_059191.1.5463971.5463972",3.33333333333333,0,0,0,0,0,0,0,0,0,0,0,0,0,0,0,0,0,0,0,0,0,0,0,25.8064516129032,3.84615384615385,0,0,0,0
"NW_025533127.1.40583.40584",0,0,0,0,0,0,0,0,0,0,0,0,0,0,0,0,0,0,5.26315789473684,0,0,0,0,0,16.6666666666667,0,0,0,0,0
"NW_025533130.1.107087.107088",3.2258064516129,0,2.7027027027027,0,2.56410256410256,0,0,0,0,0,0,0,0,0,0,0,0,0,0,0,0,6.06060606060606,0,0,35.7142857142857,0,0,1.61290322580645,0,0
"NW_025533169.1.75464.75465",0,0,5.88235294117647,0,0,0,3.84615384615385,0,11.1111111111111,0,0,0,0,3.125,0,4.76190476190476,0,0,2.32558139534884,0,0,0,0,2,10.2564102564103,5.55555555555556,0,4.54545454545455,3.33333333333333,5
"NW_025533169.1.75572.75573",0,0,0,0,2.85714285714286,0,0,0,9.52380952380952,3.77358490566038,0,1.75438596491228,0,3.33333333333333,0,3.84615384615385,2.85714285714286,0,0,0,0,0,5.55555555555556,0,8.51063829787234,2.17391304347826,0,4.25531914893617,0,18.1818181818182
"NW_025533169.1.78061.78062",0,0,0,0,0,0,0,0,0,5.26315789473684,0,0,0,0,0,0,0,0,0,4.16666666666667,0,0,0,0,20,0,0,0,0,0
"NW_025533173.1.52697.52698",0,0,0,0,0,0,0,1.88679245283019,0,0,0,0,0,0,2.4390243902439,1.2987012987013,0,0,0,4.54545454545455,0,0,0,2.77777777777778,7.14285714285714,0,7.8125,0,0,0
"NW_025533242.1.34737.34738",0,0,0,0,0,0,0,0,0,3.44827586206897,2.27272727272727,2,0,0,0,0,0,0,0,3.33333333333333,0,0,1.88679245283019,0,9.09090909090909,0,0,0,3.125,0
"NW_025533412.1.949.950",0,0,0,0,0,0,0,0,0,0,0,0,0,0,0,0,0,0,0,0,0,0,0,0,12,0,0,0,0,0
"NC_059182.1.1125104.1125105",0,0,0,0,0,0,0,0,0,5,5.26315789473684,0,0,4.54545454545455,0,0,0,0,0,0,0,0,0,0,0,58.3333333333333,0,45.2380952380952,5.26315789473684,0
"NC_059182.1.1125117.1125118",0,0,0,0,0,0,5.26315789473684,0,0,0,7.14285714285714,0,0,0,0,0,0,0,0,0,0,0,0,0,0,83.3333333333333,0,45.6521739130435,0,0
"NC_059182.1.4099706.4099707",0,0,0,0,5.26315789473684,3.84615384615385,0,6.25,0,0,0,3.84615384615385,0,0,0,0,3.44827586206897,4.54545454545455,0,0,0,0,4.76190476190476,0,3.2258064516129,47.0588235294118,0,0,0,0
"NC_059182.1.4099832.4099833",5.55555555555556,0,0,0,0,0,0,0,0,0,0,0,0,0,0,0,0,0,3.03030303030303,0,0,0,0,0,2.7027027027027,10.3448275862069,0,0,0,0
"NC_059182.1.4099899.4099900",0,0,0,0,0,0,0,0,0,0,0,0,0,0,0,0,0,0,0,0,0,0,0,0,0,10.7142857142857,0,0,0,0
"NC_059182.1.8164775.8164776",3.7037037037037,0,0,0,0,0,0,0,0,0,0,0,0,0,0,0,0,0,3.33333333333333,0,0,0,0,0,0,13.6363636363636,0,0,0,0
"NC_059182.1.13398874.13398875",0,0,0,0,0,0,0,0,0,0,4.76190476190476,0,0,0,0,0,0,0,0,0,0,0,0,0,0,13.6363636363636,0,0,0,0
"NC_059182.1.14422348.14422349",0,0,0,0,6.66666666666667,0,0,0,0,0,0,0,0,0,0,0,0,0,0,0,0,0,6.66666666666667,5,0,60,0,0,0,0
"NC_059183.1.84633.84634",0,0,0,0,0,0,0,0,0,0,0,0,0,0,0,0,0,0,0,0,0,0,0,0,0,23.3333333333333,0,0,0,3.84615384615385
"NC_059183.1.5974587.5974588",0,0,0,3.33333333333333,0,0,0,0,0,0,9.09090909090909,0,0,6.66666666666667,0,3.125,0,0,0,0,3.2258064516129,3.7037037037037,6.66666666666667,0,0,9.09090909090909,3.2258064516129,2.5,3.7037037037037,0
"NC_059183.1.12543767.12543768",0,4.16666666666667,0,0,0,5.88235294117647,0,0,0,0,5.26315789473684,0,0,0,0,0,0,0,0,0,0,0,0,0,4.16666666666667,15,0,0,0,0
"NC_059184.1.12325415.12325416",0,0,0,0,0,0,0,0,0,0,0,0,0,0,0,0,0,0,0,0,0,0,7.69230769230769,0,0,15.7894736842105,0,0,0,0
"NC_059184.1.12325422.12325423",0,0,0,0,0,0,0,0,0,0,0,3.84615384615385,0,0,0,0,0,0,0,0,0,0,0,0,0,15,0,0,0,9.09090909090909
"NC_059184.1.12325434.12325435",0,0,0,0,0,0,6.66666666666667,0,0,0,0,0,0,0,0,0,0,0,0,0,0,0,0,5.88235294117647,0,21.0526315789474,0,9.09090909090909,0,0
"NC_059184.1.13328922.13328923",0,0,0,0,0,0,0,0,0,0,0,0,0,0,0,0,0,0,0,0,0,0,0,0,0,58.8235294117647,0,0,0,0
"NC_059185.1.3966236.3966237",0,0,0,0,0,0,0,0,0,0,0,5,0,0,0,0,0,0,0,0,0,4,0,0,0,11.1111111111111,0,0,0,0
"NC_059185.1.4017441.4017442",0,0,0,0,0,0,0,0,0,0,0,5,0,0,0,0,6.66666666666667,0,0,0,0,0,0,0,0,13.6363636363636,0,0,0,0
"NC_059185.1.4551442.4551443",0,0,0,0,0,0,0,0,0,0,0,4,0,0,0,0,0,0,0,0,0,0,0,0,0,16.6666666666667,0,0,0,0
"NC_059185.1.11938307.11938308",0,0,0,0,0,0,0,0,0,0,0,3.33333333333333,0,0,0,0,0,0,0,0,0,3.125,0,0,0,10.3448275862069,0,5.88235294117647,3.125,0
"NC_059185.1.11947436.11947437",0,0,0,0,5.88235294117647,0,0,0,0,0,0,0,0,0,0,0,7.14285714285714,0,0,0,0,4.76190476190476,0,0,0,11.5384615384615,5.55555555555556,8.33333333333333,4.34782608695652,0
"NC_059186.1.11530572.11530573",0,0,0,0,0,0,0,0,0,0,0,3.125,0,0,0,0,0,0,0,0,0,4.16666666666667,0,0,0,10.3448275862069,0,0,0,0
"NC_059187.1.3285946.3285947",0,0,0,0,0,0,0,0,0,0,0,0,0,0,2.77777777777778,0,0,0,0,0,0,4.76190476190476,0,0,0,10.7142857142857,0,0,3.125,0
"NC_059187.1.3509118.3509119",5.55555555555556,0,0,0,0,0,0,6.66666666666667,0,0,0,3.7037037037037,0,0,0,5.26315789473684,0,0,0,5.55555555555556,0,0,0,0,0,28.5714285714286,5.88235294117647,0,0,0
"NC_059187.1.3509133.3509134",0,0,0,0,0,0,0,0,0,0,0,0,0,0,0,0,0,0,0,0,5.26315789473684,0,0,0,0,26.6666666666667,0,0,0,0
"NC_059187.1.9276603.9276604",0,0,0,0,0,0,0,0,0,0,0,0,0,0,0,0,0,0,0,0,0,0,0,0,0,23.8095238095238,0,0,0,0
"NC_059188.1.5922086.5922087",3.125,0,0,0,0,0,0,0,0,0,0,0,0,0,6.66666666666667,3.125,0,0,0,0,0,0,4.76190476190476,6.66666666666667,0,29.1666666666667,2.7027027027027,0,0,0
"NC_059188.1.12037928.12037929",0,0,0,0,0,0,0,0,0,0,0,0,0,0,0,5.26315789473684,0,0,0,0,0,0,6.25,4.76190476190476,0,40.9090909090909,0,0,0,0
"NC_059188.1.12186152.12186153",0,0,0,0,0,0,0,0,0,0,0,0,0,0,0,0,0,0,0,0,0,0,0,0,0,10,0,0,0,0
"NC_059189.1.5684687.5684688",5.88235294117647,0,0,0,0,0,8.69565217391304,0,0,0,0,5.26315789473684,0,0,0,0,7.14285714285714,0,3.84615384615385,0,0,7.69230769230769,0,7.69230769230769,0,22.2222222222222,5.55555555555556,10,5.88235294117647,0
"NC_059189.1.9373782.9373783",0,0,0,0,0,0,0,0,0,0,0,0,0,0,4.76190476190476,0,4.76190476190476,0,0,0,0,0,0,0,0,18.75,0,0,0,0
"NC_059190.1.9237601.9237602",0,0,0,0,0,0,0,0,0,0,0,0,0,0,0,5.55555555555556,6.25,0,0,0,0,0,5.26315789473684,0,0,10,0,7.69230769230769,0,0
"NC_059191.1.477050.477051",0,4.34782608695652,0,0,0,0,0,0,0,5,11.1111111111111,3.7037037037037,0,0,0,5.26315789473684,0,0,0,4,0,0,0,3.57142857142857,0,11.4285714285714,0,0,0,0
"NC_059191.1.5343194.5343195",0,0,0,18.1818181818182,0,0,0,0,0,8.33333333333333,6.25,0,0,0,0,0,0,0,4.76190476190476,0,0,0,0,0,0,47.8260869565217,0,0,0,0
"NC_059191.1.8006388.8006389",0,0,0,0,0,0,0,0,0,0,0,3.57142857142857,0,0,0,0,0,0,0,0,0,0,0,0,4.16666666666667,9.09090909090909,0,0,0,0
"NW_025533132.1.108279.108280",0,0,0,0,0,0,0,0,0,0,0,0,0,0,0,0,0,0,2.56410256410256,0,0,0,0,0,0,10,0,0,0,0
"NW_025533136.1.28855.28856",0,2.85714285714286,0,0,3.57142857142857,6.81818181818182,0,10.5263157894737,4,0,4.54545454545455,0,8,0,0,2.7027027027027,0,0,0,0,0,4,3.125,0,3.44827586206897,11.9047619047619,0,9.52380952380952,6.66666666666667,0
"NW_025533136.1.34364.34365",0,2.08333333333333,0,0,0,0,0,3.44827586206897,0,0,0,0,3.44827586206897,2.32558139534884,0,0,0,0,2.46913580246914,0,0,2.32558139534884,0,0,0,17.6470588235294,0,0,0,0
"NW_025533169.1.75486.75487",0,0,0,0,0,0,0,3.44827586206897,0,0,3.57142857142857,0,0,0,0,0,0,0,0,4.34782608695652,0,2.63157894736842,0,0,0,26.1904761904762,0,2.22222222222222,6.06060606060606,5.26315789473684
"NW_025533229.1.39335.39336",0,0,0,0,0,0,0,0,0,0,0,0,0,0,0,0,0,0,0,0,0,2.85714285714286,0,0,0,12.9032258064516,0,0,0,0
"NW_025533284.1.30664.30665",0,4.34782608695652,0,0,0,3.7037037037037,0,0,0,0,0,0,0,0,0,0,0,2.63157894736842,0,0,4,0,2.77777777777778,0,0,64.2857142857143,0,0,2.17391304347826,10.3448275862069
"NW_025533284.1.30696.30697",0,0,0,0,0,3.7037037037037,0,0,0,0,3.125,0,0,2.56410256410256,0,0,0,2.22222222222222,0,0,0,0,0,0,6.06060606060606,92.8571428571429,0,0,1.92307692307692,12.9032258064516
"NW_025533284.1.30756.30757",0,0,0,0,0,0,0,0,0,0,3.03030303030303,0,5.40540540540541,0,0,0,0,0,0,0,0,0,0,0,3.2258064516129,100,0,4.34782608695652,0,3.84615384615385
"NW_025533332.1.24259.24260",3.27868852459016,3.84615384615385,0,0,6.66666666666667,0,0,8.57142857142857,3.57142857142857,0,0,0,9.52380952380952,4.76190476190476,0,0,3.33333333333333,6.06060606060606,2.08333333333333,0,0,0,2.08333333333333,0,5.71428571428571,18.9189189189189,0,3.03030303030303,0,0
"NC_059182.1.61904.61905",0,0,0,0,0,4,0,0,0,0,0,0,0,0,0,0,0,0,8.33333333333333,4.54545454545455,0,0,0,0,0,0,33.3333333333333,0,0,0
"NC_059182.1.941729.941730",0,0,7.14285714285714,0,0,0,0,8.33333333333333,0,0,4.76190476190476,0,8.33333333333333,0,0,0,0,0,5,0,0,0,0,0,0,0,22.2222222222222,7.14285714285714,5,0
"NC_059182.1.4115119.4115120",0,0,5.26315789473684,0,0,5.26315789473684,0,0,0,0,0,5,0,0,0,0,0,0,0,3.7037037037037,0,0,0,0,0,0,15.7894736842105,0,4.16666666666667,0
"NC_059183.1.3067139.3067140",5.76923076923077,0,0,0,0,2.7027027027027,2.77777777777778,0,0,0,4.41176470588235,3.33333333333333,0,0,0,0,0,0,0,0,3.2258064516129,3.44827586206897,0,2.85714285714286,4,5.26315789473684,22.7272727272727,0,1.96078431372549,21.0526315789474
"NC_059183.1.9313223.9313224",0,0,0,0,0,0,0,0,0,0,0,1.78571428571429,0,1.47058823529412,0,0,0,0,1.75438596491228,0,0,0,1.69491525423729,0,0,2.22222222222222,7.01754385964912,0,0,0
"NC_059183.1.12283021.12283022",0,0,0,0,0,0,0,0,0,0,0,0,0,0,0,0,0,0,0,0,0,0,0,0,0,0,23.5294117647059,0,4.54545454545455,0
"NC_059183.1.12283025.12283026",0,0,0,0,0,0,0,0,0,0,0,0,0,0,0,0,0,0,0,0,0,0,0,0,0,0,22.2222222222222,0,0,4.16666666666667
"NC_059183.1.12283041.12283042",0,0,0,0,0,0,0,0,3.84615384615385,0,0,0,0,0,2.56410256410256,0,7.40740740740741,0,0,0,0,0,0,0,0,0,15.7894736842105,0,4.34782608695652,0
"NC_059184.1.11521704.11521705",0,0,0,0,5,0,0,0,0,3.125,0,0,0,0,0,0,4.34782608695652,0,0,0,0,0,0,0,3.57142857142857,0,28.5714285714286,0,0,6.25
"NC_059185.1.4294740.4294741",0,0,0,0,0,7.69230769230769,0,0,0,0,0,0,0,0,0,0,0,0,0,0,0,0,0,0,0,0,26.4705882352941,0,0,0
"NC_059185.1.11744295.11744296",0,0,0,0,0,0,0,0,0,0,0,0,6.25,0,4.34782608695652,0,0,0,0,0,0,0,0,0,0,0,17.6470588235294,0,0,0
"NC_059186.1.60490.60491",0,0,0,0,0,0,0,0,0,0,0,0,0,0,0,0,0,0,0,0,0,0,0,0,0,0,21.4285714285714,0,0,0
"NC_059187.1.9931370.9931371",0,0,0,0,0,0,0,0,0,0,0,0,0,0,0,0,0,0,0,0,0,0,0,0,0,4.54545454545455,18.75,0,0,0
"NC_059190.1.3265522.3265523",0,0,0,0,0,0,0,0,0,0,0,0,7.14285714285714,0,0,0,0,0,0,4.76190476190476,0,0,0,5.26315789473684,0,0,30,0,0,0
"NC_059190.1.3267122.3267123",0,0,0,0,0,0,0,0,0,0,0,0,0,0,0,0,0,0,3.84615384615385,5.55555555555556,0,0,0,0,0,0,46.1538461538462,0,2.56410256410256,0
"NC_059190.1.3593703.3593704",0,0,0,0,0,0,0,0,0,0,0,4.34782608695652,0,0,0,0,0,0,0,0,0,0,0,0,0,0,20,0,4,0
"NC_059190.1.9021466.9021467",0,0,0,0,5.55555555555556,0,0,0,0,0,0,0,0,0,0,0,0,0,0,0,0,0,0,4.16666666666667,0,0,13.6363636363636,0,0,0
"NC_059191.1.1040391.1040392",0,0,0,0,0,0,0,0,0,0,0,0,0,0,0,0,0,0,0,0,0,0,0,0,0,0,50,0,0,0
"NC_059191.1.7954689.7954690",0,0,0,0,0,0,0,0,0,0,0,0,0,4.54545454545455,0,0,0,0,6.25,0,2.94117647058824,0,0,0,0,0,17.6470588235294,0,0,0
"NC_059191.1.8988993.8988994",0,0,0,0,0,0,0,0,0,0,0,0,0,4.16666666666667,0,0,0,0,0,0,0,0,5.26315789473684,0,0,0,57.8947368421053,0,0,0
"NW_025533127.1.185455.185456",0,3.7037037037037,0,0,0,0,0,5.26315789473684,0,8.33333333333333,6.25,5.55555555555556,0,0,3.57142857142857,0,5.26315789473684,0,0,0,4.76190476190476,0,0,0,0,3.84615384615385,11.1111111111111,0,0,5
"NW_025533168.1.62895.62896",0,0,0,0,0,0,0,0,0,0,2.4390243902439,0,6.66666666666667,0,0,0,0,0,0,0,0,0,4.34782608695652,0,0,0,20,2.12765957446809,0,0
"NW_025533332.1.10803.10804",0,0,0,0,0,0,0,0,0,0,0,0,0,0,2.22222222222222,0,0,6.25,0,4.54545454545455,0,0,0,0,0,0,10,2.4390243902439,5.55555555555556,0
"NW_025533385.1.24270.24271",0,0,0,0,0,0,0,0,0,0,0,0,0,0,0,0,0,0,0,0,0,0,0,0,0,0,11.1111111111111,2.08333333333333,0,0
"NC_059182.1.6084967.6084968",5.26315789473684,0,0,0,0,0,0,0,0,0,0,0,0,0,0,0,0,0,0,6.25,0,6.66666666666667,0,0,0,0,0,10.5263157894737,10,0
"NC_059182.1.8214016.8214017",0,0,0,0,0,0,0,0,0,0,0,4.16666666666667,0,0,0,0,0,0,0,0,0,0,4.34782608695652,0,0,0,0,30,0,0
"NC_059182.1.12771304.12771305",0,0,0,0,0,0,0,0,0,0,0,0,0,0,0,0,0,0,0,0,0,0,0,0,0,0,5.88235294117647,52.6315789473684,0,0
"NC_059182.1.16513932.16513933",0,0,0,0,0,0,0,0,0,0,0,3.44827586206897,0,0,0,0,0,0,0,0,0,0,0,0,0,0,3.7037037037037,40,0,0
"NC_059182.1.17107074.17107075",0,0,0,0,0,0,0,0,0,0,0,0,5.88235294117647,0,5,0,0,0,0,0,0,0,0,5.55555555555556,0,0,0,13.0434782608696,0,0
"NC_059182.1.18993381.18993382",0,0,0,0,0,0,0,0,0,0,0,3.125,0,0,0,0,0,0,3.125,0,0,0,0,0,0,0,0,30,3.44827586206897,0
"NC_059183.1.4518982.4518983",0,0,0,0,0,0,0,0,0,0,0,0,0,0,0,0,0,0,0,0,0,0,0,0,0,0,0,17.6470588235294,0,0
"NC_059183.1.4716695.4716696",0,0,0,0,0,0,0,0,0,0,0,0,0,0,3.57142857142857,0,0,0,0,0,0,0,0,0,0,0,0,33.3333333333333,0,0
"NC_059183.1.8825069.8825070",0,8.33333333333333,0,0,0,6.66666666666667,0,9.09090909090909,0,0,0,0,0,0,0,6.25,0,0,0,0,0,9.09090909090909,0,0,5,0,0,25,0,0
"NC_059183.1.13121676.13121677",0,0,0,0,0,0,0,0,0,0,0,0,0,0,0,0,0,0,0,0,0,0,0,0,0,4.34782608695652,0,41.6666666666667,0,0
"NC_059183.1.14897444.14897445",0,0,0,0,0,0,0,0,0,0,0,0,0,0,0,0,0,0,0,0,0,0,0,0,0,0,0,16.6666666666667,0,6.25
"NC_059184.1.125337.125338",0,0,0,0,0,0,0,0,0,4,0,0,3.7037037037037,5,0,0,0,0,0,0,5.26315789473684,0,0,0,0,4,0,11.1111111111111,0,0
"NC_059184.1.2502911.2502912",0,0,0,0,0,0,0,0,0,0,0,0,0,0,4.16666666666667,0,0,0,0,0,0,0,0,0,0,0,0,9.375,0,0
"NC_059184.1.2710160.2710161",0,0,0,0,0,0,0,0,0,0,0,0,0,4.76190476190476,0,0,0,0,0,0,0,0,5,0,0,0,0,15.7894736842105,0,0
"NC_059184.1.3334993.3334994",0,0,0,0,0,0,0,7.14285714285714,0,0,0,0,0,0,0,0,0,0,0,0,0,0,0,0,0,0,0,9.09090909090909,0,0
"NC_059184.1.4769265.4769266",0,0,0,0,0,0,0,0,0,0,0,0,0,0,0,0,0,0,0,0,0,6.25,0,0,5.26315789473684,0,0,18.75,0,0
"NC_059184.1.6472219.6472220",0,0,0,0,0,0,0,0,0,0,4.76190476190476,0,0,0,0,0,0,0,0,0,4,4.34782608695652,3.03030303030303,0,3.125,0,0,10.7142857142857,0,0
"NC_059184.1.9528744.9528745",0,0,0,0,0,0,0,0,0,0,0,0,0,0,0,0,0,0,0,0,0,0,0,0,0,0,0,35.7142857142857,0,0
"NC_059184.1.10344841.10344842",0,0,6.25,0,0,0,0,0,0,0,0,3.03030303030303,0,0,0,0,0,0,0,0,0,0,0,0,0,0,0,21.4285714285714,0,0
"NC_059184.1.10694208.10694209",0,0,0,0,0,0,0,0,0,0,1.88679245283019,0,3.125,0,0,2.77777777777778,1.78571428571429,0,0,2.38095238095238,1.40845070422535,0,2.4390243902439,0,0,0,0,10,0,0
"NC_059184.1.12023433.12023434",0,0,0,0,0,0,0,0,0,0,0,1.72413793103448,0,0,0,2.5,0,0,0,0,0,0,0,0,0,0,0,9.67741935483871,0,0
"NC_059184.1.12777474.12777475",0,0,0,0,0,0,0,0,0,0,0,3.84615384615385,0,0,0,8,0,0,0,0,0,0,0,0,0,0,0,31.8181818181818,0,0
"NC_059184.1.13070923.13070924",0,0,0,0,0,6.25,0,0,0,7.14285714285714,0,0,0,0,0,0,0,0,0,0,6.66666666666667,0,0,0,0,0,0,20,0,0
"NC_059185.1.903051.903052",0,0,0,0,0,0,12.5,0,0,7.69230769230769,0,0,0,0,0,0,0,0,0,0,0,0,0,0,0,0,0,22.2222222222222,0,0
"NC_059185.1.3873407.3873408",0,0,0,0,0,0,0,0,0,0,0,0,0,0,0,0,0,5.26315789473684,0,0,0,0,0,0,0,0,0,15,0,0
"NC_059185.1.3965631.3965632",0,0,0,0,0,0,0,0,0,0,0,0,0,0,0,0,0,0,0,0,0,3.2258064516129,0,0,3.57142857142857,0,0,15,0,0
"NC_059185.1.10870662.10870663",0,0,0,0,0,3.84615384615385,0,0,0,0,0,0,0,0,0,0,4.54545454545455,0,0,4.16666666666667,0,4.54545454545455,5.26315789473684,5.26315789473684,0,0,0,35.7142857142857,4.54545454545455,0
"NC_059185.1.13130562.13130563",0,0,0,0,0,0,0,5.55555555555556,0,0,0,0,2.08333333333333,0,0,0,0,0,2.27272727272727,1.88679245283019,2.08333333333333,0,0,0,0,0,0,10.3448275862069,0,0
"NC_059186.1.14044.14045",0,0,0,0,0,0,0,0,0,0,0,0,0,0,0,5.55555555555556,0,0,0,0,0,4.54545454545455,0,0,3.33333333333333,0,0,25,0,0
"NC_059187.1.912521.912522",0,0,0,0,0,0,0,0,0,0,0,5.26315789473684,0,5.88235294117647,0,0,6.66666666666667,0,0,0,0,0,0,0,0,0,0,11.5384615384615,0,0
"NC_059187.1.2655819.2655820",0,0,0,0,0,0,0,0,0,0,0,0,0,0,0,0,0,0,0,0,0,0,0,0,2.63157894736842,0,0,11.5384615384615,6.66666666666667,0
"NC_059187.1.2827961.2827962",0,0,0,0,0,0,0,0,0,0,0,0,0,0,0,0,0,0,4.34782608695652,5.55555555555556,3.7037037037037,0,0,0,0,0,0,12.5,0,0
"NC_059187.1.3867785.3867786",0,0,0,0,0,0,0,0,0,0,0,0,0,0,0,0,0,0,0,0,0,0,0,0,0,0,0,20,0,0
"NC_059187.1.7083303.7083304",0,0,0,0,0,0,0,0,0,0,0,0,0,0,0,0,0,0,0,0,0,0,3.7037037037037,0,0,0,0,42.8571428571429,6.45161290322581,0
"NC_059187.1.9768784.9768785",0,0,0,0,0,0,0,0,0,0,4.54545454545455,0,0,0,0,0,0,0,0,0,3.57142857142857,0,0,0,0,9.09090909090909,0,13.0434782608696,0,0
"NC_059189.1.843433.843434",0,0,0,0,5,0,0,0,0,0,0,5.26315789473684,0,5,0,0,5,0,0,0,5.26315789473684,0,0,0,0,0,0,11.5384615384615,0,0
"NC_059189.1.2591604.2591605",0,5.88235294117647,0,0,0,0,0,0,0,0,0,0,0,0,0,0,0,5.88235294117647,0,0,0,0,0,0,0,0,0,31.5789473684211,0,0
"NC_059189.1.2716012.2716013",0,0,0,0,0,0,0,0,0,0,0,0,0,5.55555555555556,0,0,0,0,3.33333333333333,0,0,0,0,0,0,0,0,9.375,0,0
"NC_059189.1.3139734.3139735",0,0,0,0,0,0,0,0,0,0,5.55555555555556,0,0,0,0,0,0,0,0,0,0,0,0,0,0,7.14285714285714,0,18.75,0,0
"NC_059189.1.7542054.7542055",0,0,0,0,0,0,0,0,0,0,5,0,0,0,0,0,0,0,0,0,0,0,0,0,0,0,0,23.9130434782609,0,0
"NC_059189.1.7666365.7666366",0,0,0,0,3.44827586206897,0,0,3.125,0,0,0,0,0,5.26315789473684,0,0,0,0,0,0,0,0,0,0,0,3.125,0,6.34920634920635,0,0
"NC_059189.1.11038301.11038302",0,0,0,0,0,0,0,0,0,0,0,3.125,0,0,0,0,0,0,0,0,0,0,0,4,0,0,4.76190476190476,32.258064516129,0,0
"NC_059189.1.11038332.11038333",0,0,0,0,0,0,0,0,0,0,0,3.125,0,0,0,0,4.34782608695652,0,0,0,0,0,0,0,4.54545454545455,0,0,22.2222222222222,0,0
"NC_059189.1.11038338.11038339",0,0,0,0,0,0,0,0,0,0,0,3.125,0,0,0,0,0,0,4,0,0,3.84615384615385,0,0,0,0,5,22.2222222222222,0,0
"NC_059189.1.11038396.11038397",0,0,0,0,0,0,0,0,0,0,0,4.16666666666667,0,0,0,0,0,0,0,0,0,0,0,14.2857142857143,0,0,0,11.5384615384615,0,7.69230769230769
"NC_059190.1.252116.252117",0,0,0,0,0,0,0,0,0,0,0,0,0,0,0,0,0,5.55555555555556,0,0,5.55555555555556,0,0,0,0,0,0,21.4285714285714,0,0
"NC_059190.1.4036953.4036954",0,0,0,0,0,0,0,0,0,0,0,0,0,0,0,0,0,0,3.7037037037037,0,0,0,0,0,0,0,0,15,0,0
"NC_059190.1.5034786.5034787",0,0,0,0,0,0,0,0,5.55555555555556,1.75438596491228,0,0,0,0,2.63157894736842,0,3.33333333333333,0,0,0,0,0,3.84615384615385,0,0,0,0,50,0,0
"NC_059190.1.9383407.9383408",0,0,0,0,0,0,0,0,0,0,0,0,5,0,5,0,0,0,0,0,0,0,0,0,5,0,0,5.40540540540541,0,0
"NC_059191.1.7262307.7262308",0,0,0,0,0,0,0,0,0,0,0,0,0,0,0,0,4.76190476190476,0,0,0,0,0,0,0,0,0,0,23.0769230769231,0,0
"NC_059191.1.7556917.7556918",0,0,0,0,0,0,0,0,0,0,0,0,0,0,0,0,0,0,0,0,0,0,0,0,0,0,6.66666666666667,17.6470588235294,0,0
"NC_059191.1.8296128.8296129",0,0,0,0,0,0,0,0,0,0,0,0,1.81818181818182,1.92307692307692,0,0,2.27272727272727,0,1.72413793103448,0,0,5.12820512820513,0,0,0,0,0,16,0,0
"NC_059191.1.8566113.8566114",0,0,0,0,0,0,0,0,0,0,7.14285714285714,0,0,0,0,0,0,0,0,0,0,0,0,0,0,0,0,23.0769230769231,0,0
"NC_059191.1.9643925.9643926",0,0,0,0,0,0,0,0,0,0,0,0,0,0,0,0,0,0,0,0,0,0,0,2.94117647058824,0,0,0,30,0,0
"NW_025533136.1.20395.20396",0,3.7037037037037,0,0,5.55555555555556,0,3.84615384615385,0,0,0,8,0,0,0,2.32558139534884,2.32558139534884,0,0,0,0,0,0,3.2258064516129,0,0,0,0,19.047619047619,0,0
"NW_025533267.1.41808.41809",0,0,0,0,8.33333333333333,0,0,0,0,0,0,9.09090909090909,0,0,0,0,0,15.3846153846154,0,0,5.55555555555556,3.92156862745098,0,0,0,4.34782608695652,0,11.4754098360656,0,0
"NC_059182.1.654019.654020",0,0,0,0,0,0,0,0,0,0,0,0,0,0,0,0,0,0,0,0,0,0,0,0,0,0,0,0,15,0
"NC_059182.1.2756063.2756064",0,0,0,0,0,0,0,0,0,0,0,0,0,4,3.44827586206897,0,5.55555555555556,0,0,0,0,0,0,0,0,0,0,0,9.09090909090909,0
"NC_059182.1.4697124.4697125",0,0,0,4.16666666666667,0,0,0,0,0,3.44827586206897,0,0,0,0,0,0,0,0,0,0,0,0,0,0,0,0,0,0,10.7142857142857,0
"NC_059182.1.6704247.6704248",0,0,0,0,0,0,0,0,0,4.76190476190476,0,4.34782608695652,0,0,0,0,0,0,0,0,0,0,0,0,0,0,0,0,14.2857142857143,0
"NC_059182.1.12319359.12319360",0,0,0,0,0,0,0,0,0,0,0,0,0,0,0,0,0,0,0,0,7.69230769230769,0,0,0,0,0,0,0,17.6470588235294,0
"NC_059182.1.12711726.12711727",0,0,0,0,0,0,0,0,0,0,0,0,0,0,0,0,0,0,0,0,0,0,0,0,0,0,0,0,13.6363636363636,0
"NC_059182.1.13417150.13417151",0,8.33333333333333,0,0,0,0,13.3333333333333,10,0,0,7.69230769230769,4.76190476190476,10,0,0,4.34782608695652,5.88235294117647,4,0,0,5.55555555555556,11.1111111111111,0,6.25,0,0,0,0,11.5384615384615,10.5263157894737
"NC_059182.1.14367182.14367183",0,0,0,4.76190476190476,0,0,0,0,0,0,0,0,0,0,3.33333333333333,0,0,0,0,0,0,0,0,0,0,0,0,0,9.09090909090909,0
"NC_059183.1.2563284.2563285",0,0,0,0,0,0,0,0,0,0,0,0,0,0,4,0,0,0,0,0,0,0,0,0,4,0,0,0,12.5,0
"NC_059183.1.2563297.2563298",0,8.33333333333333,0,0,0,0,0,0,0,0,0,0,0,0,4,0,0,0,0,0,0,0,0,0,0,0,16.6666666666667,0,36,0
"NC_059183.1.4370959.4370960",0,0,0,0,0,0,0,0,0,0,0,0,0,0,0,0,6.25,0,0,0,0,0,0,0,0,0,0,0,25,0
"NC_059183.1.9546827.9546828",0,0,0,0,0,0,0,0,0,0,0,0,0,0,0,0,0,0,3.84615384615385,0,0,0,0,0,0,0,0,0,12.5,0
"NC_059183.1.11859585.11859586",0,0,0,0,0,0,0,0,0,0,0,0,0,0,0,0,0,0,0,0,0,0,0,5.88235294117647,0,0,3.33333333333333,0,15.7894736842105,0
"NC_059183.1.12249762.12249763",0,0,0,0,0,0,0,0,0,0,0,0,0,0,0,0,0,0,0,0,0,0,0,0,0,0,0,0,13.6363636363636,0
"NC_059183.1.12941401.12941402",0,0,0,0,0,0,7.69230769230769,0,0,0,0,0,0,0,0,0,0,0,0,0,0,0,0,0,4.34782608695652,6.25,0,0,30.7692307692308,8.33333333333333
"NC_059183.1.14170096.14170097",0,0,0,0,0,0,0,0,0,3.7037037037037,0,0,0,0,0,0,0,4.54545454545455,0,0,0,0,0,0,0,0,0,0,11.1111111111111,0
"NC_059183.1.18198562.18198563",0,0,0,0,10,0,0,0,0,0,0,0,0,0,0,0,0,0,0,0,4.34782608695652,0,6.25,0,4.76190476190476,4.76190476190476,0,0,15,0
"NC_059184.1.7406438.7406439",0,0,0,0,0,0,0,5.88235294117647,0,0,0,0,6.66666666666667,0,0,0,0,0,0,0,0,0,0,0,0,0,0,0,12.5,0
"NC_059184.1.10828889.10828890",0,0,0,0,0,0,0,0,0,0,0,0,0,0,2.04081632653061,0,3.2258064516129,0,0,2.94117647058824,0,0,0,0,0,7.14285714285714,0,0,13.0434782608696,0
"NC_059184.1.11016653.11016654",0,0,0,0,0,0,0,0,0,0,0,0,0,0,0,0,5.88235294117647,0,0,0,0,0,0,0,0,0,0,0,21.4285714285714,0
"NC_059184.1.11839008.11839009",0,0,0,3.33333333333333,0,0,0,3.03030303030303,0,0,14.2857142857143,0,0,0,0,0,0,0,0,7.14285714285714,0,0,0,0,0,0,0,3.33333333333333,29.6296296296296,0
"NC_059184.1.11839016.11839017",0,0,0,0,0,0,0,0,0,2.7027027027027,14.2857142857143,0,0,0,0,0,0,0,1.92307692307692,0,4.54545454545455,0,0,0,0,0,0,0,30.4347826086957,0
"NC_059184.1.11839019.11839020",0,0,0,0,0,5.26315789473684,0,0,0,0,14.2857142857143,0,0,0,0,0,0,0,0,3.84615384615385,4.54545454545455,0,0,0,0,0,0,3.33333333333333,30.4347826086957,0
"NC_059184.1.13227260.13227261",0,0,0,0,0,0,0,0,0,0,0,0,0,0,0,6.25,0,0,0,0,0,0,0,0,0,0,0,0,11.1111111111111,0
"NC_059184.1.13632614.13632615",0,0,0,0,0,0,0,0,0,0,0,0,0,0,0,4,0,0,0,0,0,0,0,0,0,0,0,0,42.8571428571429,0
"NC_059185.1.4035717.4035718",0,0,0,0,0,0,0,0,0,0,0,0,0,0,0,0,0,0,0,0,0,0,0,0,0,0,0,0,12,0
"NC_059185.1.6196509.6196510",0,0,0,0,0,0,0,0,0,0,0,0,0,0,0,0,3.2258064516129,0,0,0,0,0,0,0,0,0,0,0,13.0434782608696,0
"NC_059186.1.2881764.2881765",0,5,0,0,0,0,0,0,0,0,4.16666666666667,0,0,0,0,0,0,0,0,0,0,0,0,0,4.76190476190476,0,0,0,22.2222222222222,0
"NC_059186.1.8319749.8319750",0,0,0,0,0,0,4.54545454545455,0,0,0,0,0,5.26315789473684,0,0,0,0,0,3.03030303030303,0,0,0,0,0,0,5,0,0,10.7142857142857,0
"NC_059186.1.9551845.9551846",0,0,0,0,0,0,0,5.55555555555556,0,0,0,0,0,0,0,0,0,0,0,0,0,0,3.33333333333333,0,4.16666666666667,0,0,0,25,0
"NC_059186.1.9564769.9564770",0,0,0,0,0,0,0,0,0,0,0,0,5.88235294117647,0,0,2.32558139534884,0,0,0,0,0,0,4.34782608695652,0,0,0,0,0,15.7894736842105,0
"NC_059186.1.11281321.11281322",0,0,0,0,0,0,0,8.33333333333333,0,0,0,0,0,0,0,0,0,0,0,0,0,7.14285714285714,0,5.26315789473684,0,0,10,4.54545454545455,22.2222222222222,0
"NC_059186.1.11649026.11649027",0,0,0,0,0,7.40740740740741,0,0,0,0,0,0,0,0,0,0,3.7037037037037,0,0,6.06060606060606,0,0,7.40740740740741,2.7027027027027,0,0,0,8.33333333333333,11.1111111111111,4
"NC_059186.1.11649077.11649078",0,0,0,5,0,0,0,0,0,0,0,0,0,0,0,7.14285714285714,0,0,0,0,0,3.125,0,0,0,0,0,0,15.625,0
"NC_059187.1.1636918.1636919",0,0,0,0,0,0,0,0,0,0,0,0,0,0,0,0,0,0,0,0,0,0,0,0,0,0,0,0,13.0434782608696,0
"NC_059187.1.2854608.2854609",0,0,0,0,0,0,0,0,0,0,0,0,5.55555555555556,0,0,0,0,0,0,0,0,0,5.55555555555556,0,0,0,0,0,38.8888888888889,0
"NC_059187.1.3254518.3254519",0,0,0,0,0,0,0,0,0,0,0,0,0,4.76190476190476,4.16666666666667,0,0,0,0,0,0,0,0,0,0,4.76190476190476,0,6.66666666666667,11.5384615384615,0
"NC_059187.1.5775272.5775273",0,0,0,0,0,0,0,0,0,0,0,0,0,0,0,0,0,0,0,0,0,0,0,0,0,0,0,0,14.2857142857143,0
"NC_059188.1.576817.576818",0,0,5.55555555555556,0,0,0,0,0,0,0,0,0,0,0,0,0,0,0,0,0,0,0,0,0,0,0,0,0,11.5384615384615,7.69230769230769
"NC_059188.1.576825.576826",0,0,0,0,4.34782608695652,0,0,0,0,0,0,0,0,0,0,0,0,3.57142857142857,0,0,0,0,0,10,0,0,0,0,11.5384615384615,0
"NC_059188.1.10061489.10061490",0,0,0,0,0,0,0,0,0,0,0,0,0,0,0,0,0,0,0,0,2.7027027027027,0,0,5.55555555555556,6.25,0,0,0,12,0
"NC_059189.1.226592.226593",4.54545454545455,0,0,0,0,0,0,0,0,0,0,0,0,0,0,0,0,0,0,0,0,0,0,0,0,0,0,0,14.2857142857143,0
"NC_059189.1.4065590.4065591",0,0,0,0,0,4.76190476190476,0,0,0,3.7037037037037,0,4.16666666666667,0,0,0,0,0,0,0,0,0,0,0,0,0,0,0,0,30.7692307692308,0
"NC_059189.1.6427800.6427801",0,0,0,0,0,0,0,0,0,0,0,0,0,0,0,0,0,0,0,0,0,0,0,0,0,0,0,0,9.375,0
"NC_059189.1.7057462.7057463",0,0,0,0,0,0,0,0,0,0,0,0,0,0,0,0,0,0,0,5.55555555555556,0,0,0,0,0,0,0,0,13.6363636363636,0
"NC_059189.1.8437539.8437540",0,0,0,0,0,0,0,0,0,0,0,0,0,0,0,0,0,0,0,0,0,5.55555555555556,0,0,0,0,0,0,11.1111111111111,6.66666666666667
"NC_059189.1.8858267.8858268",0,0,0,0,0,0,0,0,0,0,0,0,0,5.26315789473684,0,0,0,0,0,0,0,0,0,0,0,0,5.88235294117647,0,13.6363636363636,6.66666666666667
"NC_059190.1.387517.387518",0,4.76190476190476,0,0,0,0,0,0,0,0,0,0,0,0,8,0,0,0,0,0,4.16666666666667,0,0,0,0,0,0,0,10,0
"NC_059190.1.2511242.2511243",3.7037037037037,0,0,0,0,0,0,0,0,0,0,0,0,0,0,0,0,0,0,4.54545454545455,4.54545454545455,0,0,0,0,0,0,0,13.0434782608696,0
"NC_059191.1.1607241.1607242",0,0,0,0,0,0,0,0,0,3.84615384615385,0,0,0,0,0,0,0,0,0,0,0,0,0,0,0,0,0,0,15.7894736842105,3.84615384615385
"NC_059182.1.1125037.1125038",0,0,0,0,0,0,0,0,0,0,3.84615384615385,4.54545454545455,0,0,0,4.16666666666667,0,0,0,0,0,0,0,0,0,5.55555555555556,0,2.77777777777778,4.34782608695652,50
"NC_059182.1.11366742.11366743",0,0,0,0,0,0,0,6.25,0,0,0,0,5.55555555555556,0,0,0,0,4.34782608695652,0,0,0,0,0,5.88235294117647,0,0,0,0,0,28.5714285714286
"NC_059182.1.12736868.12736869",0,0,0,0,0,0,0,0,0,0,0,0,7.69230769230769,0,0,0,0,0,0,0,0,0,0,0,0,7.69230769230769,0,8.33333333333333,0,29.4117647058824
"NC_059182.1.17199273.17199274",6.66666666666667,0,0,0,0,0,0,0,0,0,0,0,0,0,0,3.84615384615385,0,0,0,0,0,0,0,0,0,0,0,0,0,40
"NC_059184.1.625324.625325",0,0,0,0,0,0,0,20,0,0,0,0,0,0,0,0,6.25,0,0,0,9.09090909090909,0,0,0,0,0,7.14285714285714,0,5.88235294117647,25
"NC_059184.1.11088080.11088081",0,0,0,0,0,0,0,0,0,0,3.84615384615385,0,0,0,0,0,0,0,0,0,2.85714285714286,0,0,0,0,4.76190476190476,0,2.12765957446809,0,25
"NC_059184.1.11088144.11088145",0,0,0,0,0,0,0,4,0,0,6.25,3.44827586206897,0,0,0,0,0,0,0,0,0,0,0,0,0,0,0,0,0,42.1052631578947
"NC_059185.1.2935416.2935417",0,0,0,0,0,0,0,0,0,0,0,0,0,0,0,0,0,5.88235294117647,3.44827586206897,0,0,3.2258064516129,0,0,4.16666666666667,0,6.66666666666667,0,0,11.5384615384615
"NC_059185.1.8349414.8349415",0,0,0,0,0,0,0,0,0,0,0,0,2.63157894736842,0,0,0,0,0,0,0,0,0,0,0,3.2258064516129,0,0,0,0,11.1111111111111
"NC_059186.1.8143677.8143678",0,0,0,5.26315789473684,0,0,0,5.55555555555556,0,0,5.88235294117647,8.33333333333333,0,0,0,0,0,0,0,0,0,0,0,0,0,5.88235294117647,0,2.94117647058824,7.69230769230769,30.7692307692308
"NC_059186.1.8982424.8982425",0,0,0,0,0,4.76190476190476,0,0,10,0,0,0,10,0,0,0,0,0,0,0,0,0,0,0,0,0,7.14285714285714,0,0,42.8571428571429
"NC_059187.1.6623444.6623445",0,3.125,0,3.125,0,0,0,0,0,0,0,0,0,0,2.17391304347826,2.56410256410256,0,0,0,2.56410256410256,0,0,0,0,0,2.7027027027027,0,4,0,11.1111111111111
"NC_059187.1.9276775.9276776",0,0,0,0,0,0,0,16.6666666666667,0,0,0,0,0,5.26315789473684,0,0,0,0,0,0,0,0,0,4.16666666666667,0,0,0,0,0,36.8421052631579
"NC_059188.1.2265815.2265816",0,2.94117647058824,0,0,0,0,0,0,0,0,0,0,0,0,2.77777777777778,0,0,0,0,0,0,0,2.7027027027027,0,0,4.76190476190476,0,0,2.77777777777778,9.375
"NC_059188.1.7189223.7189224",0,0,0,0,0,0,0,0,0,0,0,0,0,0,0,1.69491525423729,0,0,1.28205128205128,0,1.88679245283019,2.32558139534884,0,0,0,0,0,0,0,8.69565217391304
"NC_059189.1.9397201.9397202",0,0,0,0,0,5.26315789473684,0,6.66666666666667,0,0,0,0,5.55555555555556,0,0,0,0,0,0,0,0,0,0,0,0,0,0,0,4.34782608695652,31.5789473684211
"NC_059190.1.835464.835465",0,0,0,0,0,0,0,0,0,0,0,0,0,0,0,0,0,0,0,0,0,0,0,0,0,0,0,0,0,15.7894736842105
"NC_059190.1.3572084.3572085",0,0,0,0,0,0,0,0,0,6.25,0,0,0,0,0,0,4.34782608695652,0,0,0,0,0,0,0,0,2.77777777777778,0,0,0,10
"NC_059190.1.6142749.6142750",2.77777777777778,0,0,0,0,0,0,0,0,0,0,0,2.04081632653061,0,0,2.04081632653061,2.4390243902439,0,0,0,0,3.84615384615385,0,0,0,0,0,0,1.44927536231884,9.30232558139535
"NC_059191.1.7734023.7734024",0,0,0,0,0,0,3.44827586206897,0,0,0,0,0,0,3.57142857142857,2.94117647058824,0,0,0,1.75438596491228,0,0,0,0,2.32558139534884,0,0,0,0,0,15
"NW_025533136.1.142835.142836",0,0,0,0,0,3.84615384615385,0,0,0,0,0,0,0,1.42857142857143,0,0,0,0,0,0,0,0,0,0,0,0,0,0,0,7.14285714285714
"NW_025533169.1.98668.98669",0,0,0,0,0,0,0,0,0,0,0,0,0,0,0,0,0,0,0,0,0,0,0,0,0,0,0,2.85714285714286,0,11.5384615384615
