seqid,source,type,start,end,score,strand,phase,attributes
NC_059182.1,RefSeq,region,1,19099978,.,+,.,ID=NC_059182.1:1..19099978;Dbxref=taxon:35525;Name=LG1;collection-date=1986;country=USA: Minnesota;gbkey=Src;genome=chromosome;identified-by=National Institute for Environmental Studies (NIES) in Japan;isolate=NIES;isolation-source=Duluth%2C Minnesota;linkage-group=LG1;mol_type=genomic DNA;sex=female;tissue-type=Whole Body
NC_059182.1,Gnomon,gene,355580,357597,.,-,.,ID=gene-LOC116920274;Dbxref=GeneID:116920274;Name=LOC116920274;gbkey=Gene;gene=LOC116920274;gene_biotype=protein_coding
NC_059182.1,Gnomon,mRNA,355580,357597,.,-,.,"ID=rna-XM_032926447.2;Parent=gene-LOC116920274;Dbxref=GeneID:116920274,Genbank:XM_032926447.2;Name=XM_032926447.2;experiment=COORDINATES: polyA evidence [ECO:0006239];gbkey=mRNA;gene=LOC116920274;model_evidence=Supporting evidence includes similarity to: 26 Proteins%2C and 100%25 coverage of the annotated genomic feature by RNAseq alignments%2C including 145 samples with support for all annotated introns;product=3-oxoacyl-[acyl-carrier-protein] reductase FabG%2C transcript variant X1;transcript_id=XM_032926447.2"
NC_059182.1,Gnomon,exon,356876,357025,.,-,.,"ID=exon-XM_032926447.2-3;Parent=rna-XM_032926447.2;Dbxref=GeneID:116920274,Genbank:XM_032926447.2;experiment=COORDINATES: polyA evidence [ECO:0006239];gbkey=mRNA;gene=LOC116920274;product=3-oxoacyl-[acyl-carrier-protein] reductase FabG%2C transcript variant X1;transcript_id=XM_032926447.2"
NC_059182.1,Gnomon,CDS,356876,357025,.,-,2,"ID=cds-XP_032782338.1;Parent=rna-XM_032926447.2;Dbxref=GeneID:116920274,Genbank:XP_032782338.1;Name=XP_032782338.1;gbkey=CDS;gene=LOC116920274;product=3-oxoacyl-[acyl-carrier-protein] reductase FabG;protein_id=XP_032782338.1"
NC_059182.1,Gnomon,mRNA,355580,357589,.,-,.,"ID=rna-XM_045175299.1;Parent=gene-LOC116920274;Dbxref=GeneID:116920274,Genbank:XM_045175299.1;Name=XM_045175299.1;experiment=COORDINATES: polyA evidence [ECO:0006239];gbkey=mRNA;gene=LOC116920274;model_evidence=Supporting evidence includes similarity to: 26 Proteins%2C and 100%25 coverage of the annotated genomic feature by RNAseq alignments%2C including 122 samples with support for all annotated introns;product=3-oxoacyl-[acyl-carrier-protein] reductase FabG%2C transcript variant X3;transcript_id=XM_045175299.1"
NC_059182.1,Gnomon,exon,356876,357025,.,-,.,"ID=exon-XM_045175299.1-4;Parent=rna-XM_045175299.1;Dbxref=GeneID:116920274,Genbank:XM_045175299.1;experiment=COORDINATES: polyA evidence [ECO:0006239];gbkey=mRNA;gene=LOC116920274;product=3-oxoacyl-[acyl-carrier-protein] reductase FabG%2C transcript variant X3;transcript_id=XM_045175299.1"
NC_059182.1,Gnomon,CDS,356876,357025,.,-,2,"ID=cds-XP_045031234.1;Parent=rna-XM_045175299.1;Dbxref=GeneID:116920274,Genbank:XP_045031234.1;Name=XP_045031234.1;gbkey=CDS;gene=LOC116920274;product=3-oxoacyl-[acyl-carrier-protein] reductase FabG;protein_id=XP_045031234.1"
NC_059182.1,Gnomon,mRNA,355580,357387,.,-,.,"ID=rna-XM_045175294.1;Parent=gene-LOC116920274;Dbxref=GeneID:116920274,Genbank:XM_045175294.1;Name=XM_045175294.1;experiment=COORDINATES: polyA evidence [ECO:0006239];gbkey=mRNA;gene=LOC116920274;model_evidence=Supporting evidence includes similarity to: 26 Proteins%2C and 100%25 coverage of the annotated genomic feature by RNAseq alignments%2C including 143 samples with support for all annotated introns;product=3-oxoacyl-[acyl-carrier-protein] reductase FabG%2C transcript variant X2;transcript_id=XM_045175294.1"
NC_059182.1,Gnomon,exon,356876,357025,.,-,.,"ID=exon-XM_045175294.1-3;Parent=rna-XM_045175294.1;Dbxref=GeneID:116920274,Genbank:XM_045175294.1;experiment=COORDINATES: polyA evidence [ECO:0006239];gbkey=mRNA;gene=LOC116920274;product=3-oxoacyl-[acyl-carrier-protein] reductase FabG%2C transcript variant X2;transcript_id=XM_045175294.1"
NC_059182.1,Gnomon,CDS,356876,357025,.,-,2,"ID=cds-XP_045031229.1;Parent=rna-XM_045175294.1;Dbxref=GeneID:116920274,Genbank:XP_045031229.1;Name=XP_045031229.1;gbkey=CDS;gene=LOC116920274;product=3-oxoacyl-[acyl-carrier-protein] reductase FabG;protein_id=XP_045031229.1"
NC_059182.1,RefSeq,region,1,19099978,.,+,.,ID=NC_059182.1:1..19099978;Dbxref=taxon:35525;Name=LG1;collection-date=1986;country=USA: Minnesota;gbkey=Src;genome=chromosome;identified-by=National Institute for Environmental Studies (NIES) in Japan;isolate=NIES;isolation-source=Duluth%2C Minnesota;linkage-group=LG1;mol_type=genomic DNA;sex=female;tissue-type=Whole Body
NC_059182.1,Gnomon,gene,355580,357597,.,-,.,ID=gene-LOC116920274;Dbxref=GeneID:116920274;Name=LOC116920274;gbkey=Gene;gene=LOC116920274;gene_biotype=protein_coding
NC_059182.1,Gnomon,mRNA,355580,357597,.,-,.,"ID=rna-XM_032926447.2;Parent=gene-LOC116920274;Dbxref=GeneID:116920274,Genbank:XM_032926447.2;Name=XM_032926447.2;experiment=COORDINATES: polyA evidence [ECO:0006239];gbkey=mRNA;gene=LOC116920274;model_evidence=Supporting evidence includes similarity to: 26 Proteins%2C and 100%25 coverage of the annotated genomic feature by RNAseq alignments%2C including 145 samples with support for all annotated introns;product=3-oxoacyl-[acyl-carrier-protein] reductase FabG%2C transcript variant X1;transcript_id=XM_032926447.2"
NC_059182.1,Gnomon,exon,356876,357025,.,-,.,"ID=exon-XM_032926447.2-3;Parent=rna-XM_032926447.2;Dbxref=GeneID:116920274,Genbank:XM_032926447.2;experiment=COORDINATES: polyA evidence [ECO:0006239];gbkey=mRNA;gene=LOC116920274;product=3-oxoacyl-[acyl-carrier-protein] reductase FabG%2C transcript variant X1;transcript_id=XM_032926447.2"
NC_059182.1,Gnomon,CDS,356876,357025,.,-,2,"ID=cds-XP_032782338.1;Parent=rna-XM_032926447.2;Dbxref=GeneID:116920274,Genbank:XP_032782338.1;Name=XP_032782338.1;gbkey=CDS;gene=LOC116920274;product=3-oxoacyl-[acyl-carrier-protein] reductase FabG;protein_id=XP_032782338.1"
NC_059182.1,Gnomon,mRNA,355580,357589,.,-,.,"ID=rna-XM_045175299.1;Parent=gene-LOC116920274;Dbxref=GeneID:116920274,Genbank:XM_045175299.1;Name=XM_045175299.1;experiment=COORDINATES: polyA evidence [ECO:0006239];gbkey=mRNA;gene=LOC116920274;model_evidence=Supporting evidence includes similarity to: 26 Proteins%2C and 100%25 coverage of the annotated genomic feature by RNAseq alignments%2C including 122 samples with support for all annotated introns;product=3-oxoacyl-[acyl-carrier-protein] reductase FabG%2C transcript variant X3;transcript_id=XM_045175299.1"
NC_059182.1,Gnomon,exon,356876,357025,.,-,.,"ID=exon-XM_045175299.1-4;Parent=rna-XM_045175299.1;Dbxref=GeneID:116920274,Genbank:XM_045175299.1;experiment=COORDINATES: polyA evidence [ECO:0006239];gbkey=mRNA;gene=LOC116920274;product=3-oxoacyl-[acyl-carrier-protein] reductase FabG%2C transcript variant X3;transcript_id=XM_045175299.1"
NC_059182.1,Gnomon,CDS,356876,357025,.,-,2,"ID=cds-XP_045031234.1;Parent=rna-XM_045175299.1;Dbxref=GeneID:116920274,Genbank:XP_045031234.1;Name=XP_045031234.1;gbkey=CDS;gene=LOC116920274;product=3-oxoacyl-[acyl-carrier-protein] reductase FabG;protein_id=XP_045031234.1"
NC_059182.1,Gnomon,mRNA,355580,357387,.,-,.,"ID=rna-XM_045175294.1;Parent=gene-LOC116920274;Dbxref=GeneID:116920274,Genbank:XM_045175294.1;Name=XM_045175294.1;experiment=COORDINATES: polyA evidence [ECO:0006239];gbkey=mRNA;gene=LOC116920274;model_evidence=Supporting evidence includes similarity to: 26 Proteins%2C and 100%25 coverage of the annotated genomic feature by RNAseq alignments%2C including 143 samples with support for all annotated introns;product=3-oxoacyl-[acyl-carrier-protein] reductase FabG%2C transcript variant X2;transcript_id=XM_045175294.1"
NC_059182.1,Gnomon,exon,356876,357025,.,-,.,"ID=exon-XM_045175294.1-3;Parent=rna-XM_045175294.1;Dbxref=GeneID:116920274,Genbank:XM_045175294.1;experiment=COORDINATES: polyA evidence [ECO:0006239];gbkey=mRNA;gene=LOC116920274;product=3-oxoacyl-[acyl-carrier-protein] reductase FabG%2C transcript variant X2;transcript_id=XM_045175294.1"
NC_059182.1,Gnomon,CDS,356876,357025,.,-,2,"ID=cds-XP_045031229.1;Parent=rna-XM_045175294.1;Dbxref=GeneID:116920274,Genbank:XP_045031229.1;Name=XP_045031229.1;gbkey=CDS;gene=LOC116920274;product=3-oxoacyl-[acyl-carrier-protein] reductase FabG;protein_id=XP_045031229.1"
NC_059182.1,RefSeq,region,1,19099978,.,+,.,ID=NC_059182.1:1..19099978;Dbxref=taxon:35525;Name=LG1;collection-date=1986;country=USA: Minnesota;gbkey=Src;genome=chromosome;identified-by=National Institute for Environmental Studies (NIES) in Japan;isolate=NIES;isolation-source=Duluth%2C Minnesota;linkage-group=LG1;mol_type=genomic DNA;sex=female;tissue-type=Whole Body
NC_059182.1,Gnomon,gene,1767259,1774876,.,+,.,ID=gene-LOC116936510;Dbxref=GeneID:116936510;Name=LOC116936510;gbkey=Gene;gene=LOC116936510;gene_biotype=protein_coding
NC_059182.1,Gnomon,mRNA,1767259,1774876,.,+,.,"ID=rna-XM_045173964.1;Parent=gene-LOC116936510;Dbxref=GeneID:116936510,Genbank:XM_045173964.1;Name=XM_045173964.1;experiment=COORDINATES: polyA evidence [ECO:0006239];gbkey=mRNA;gene=LOC116936510;model_evidence=Supporting evidence includes similarity to: 10 Proteins%2C and 100%25 coverage of the annotated genomic feature by RNAseq alignments%2C including 108 samples with support for all annotated introns;product=ribosome biogenesis protein BMS1 homolog%2C transcript variant X2;transcript_id=XM_045173964.1"
NC_059182.1,Gnomon,mRNA,1767259,1774876,.,+,.,"ID=rna-XM_045173961.1;Parent=gene-LOC116936510;Dbxref=GeneID:116936510,Genbank:XM_045173961.1;Name=XM_045173961.1;experiment=COORDINATES: polyA evidence [ECO:0006239];gbkey=mRNA;gene=LOC116936510;model_evidence=Supporting evidence includes similarity to: 9 Proteins%2C and 100%25 coverage of the annotated genomic feature by RNAseq alignments%2C including 137 samples with support for all annotated introns;product=ribosome biogenesis protein BMS1 homolog%2C transcript variant X1;transcript_id=XM_045173961.1"
NC_059182.1,Gnomon,gene,1767602,1769360,.,-,.,ID=gene-LOC116936527;Dbxref=GeneID:116936527;Name=LOC116936527;gbkey=Gene;gene=LOC116936527;gene_biotype=protein_coding
NC_059182.1,Gnomon,mRNA,1767602,1769360,.,-,.,"ID=rna-XM_032943688.2;Parent=gene-LOC116936527;Dbxref=GeneID:116936527,Genbank:XM_032943688.2;Name=XM_032943688.2;experiment=COORDINATES: polyA evidence [ECO:0006239];gbkey=mRNA;gene=LOC116936527;model_evidence=Supporting evidence includes similarity to: 3 Proteins%2C and 100%25 coverage of the annotated genomic feature by RNAseq alignments%2C including 53 samples with support for all annotated introns;product=protein spaetzle 5;transcript_id=XM_032943688.2"
NC_059182.1,Gnomon,exon,1767602,1767936,.,-,.,"ID=exon-XM_032943688.2-5;Parent=rna-XM_032943688.2;Dbxref=GeneID:116936527,Genbank:XM_032943688.2;experiment=COORDINATES: polyA evidence [ECO:0006239];gbkey=mRNA;gene=LOC116936527;product=protein spaetzle 5;transcript_id=XM_032943688.2"
NC_059182.1,Gnomon,CDS,1767765,1767936,.,-,1,"ID=cds-XP_032799579.2;Parent=rna-XM_032943688.2;Dbxref=GeneID:116936527,Genbank:XP_032799579.2;Name=XP_032799579.2;gbkey=CDS;gene=LOC116936527;product=protein spaetzle 5;protein_id=XP_032799579.2"
NC_059182.1,RefSeq,region,1,19099978,.,+,.,ID=NC_059182.1:1..19099978;Dbxref=taxon:35525;Name=LG1;collection-date=1986;country=USA: Minnesota;gbkey=Src;genome=chromosome;identified-by=National Institute for Environmental Studies (NIES) in Japan;isolate=NIES;isolation-source=Duluth%2C Minnesota;linkage-group=LG1;mol_type=genomic DNA;sex=female;tissue-type=Whole Body
NC_059182.1,Gnomon,gene,1935718,1940868,.,+,.,ID=gene-LOC116936564;Dbxref=GeneID:116936564;Name=LOC116936564;gbkey=Gene;gene=LOC116936564;gene_biotype=protein_coding
NC_059182.1,Gnomon,mRNA,1935718,1940868,.,+,.,"ID=rna-XM_032943739.2;Parent=gene-LOC116936564;Dbxref=GeneID:116936564,Genbank:XM_032943739.2;Name=XM_032943739.2;experiment=COORDINATES: polyA evidence [ECO:0006239];gbkey=mRNA;gene=LOC116936564;model_evidence=Supporting evidence includes similarity to: 2 Proteins%2C and 100%25 coverage of the annotated genomic feature by RNAseq alignments%2C including 137 samples with support for all annotated introns;product=flocculation protein FLO11;transcript_id=XM_032943739.2"
NC_059182.1,Gnomon,exon,1935978,1936955,.,+,.,"ID=exon-XM_032943739.2-2;Parent=rna-XM_032943739.2;Dbxref=GeneID:116936564,Genbank:XM_032943739.2;experiment=COORDINATES: polyA evidence [ECO:0006239];gbkey=mRNA;gene=LOC116936564;product=flocculation protein FLO11;transcript_id=XM_032943739.2"
NC_059182.1,Gnomon,CDS,1935999,1936955,.,+,0,"ID=cds-XP_032799630.2;Parent=rna-XM_032943739.2;Dbxref=GeneID:116936564,Genbank:XP_032799630.2;Name=XP_032799630.2;gbkey=CDS;gene=LOC116936564;product=flocculation protein FLO11;protein_id=XP_032799630.2"
NC_059182.1,RefSeq,region,1,19099978,.,+,.,ID=NC_059182.1:1..19099978;Dbxref=taxon:35525;Name=LG1;collection-date=1986;country=USA: Minnesota;gbkey=Src;genome=chromosome;identified-by=National Institute for Environmental Studies (NIES) in Japan;isolate=NIES;isolation-source=Duluth%2C Minnesota;linkage-group=LG1;mol_type=genomic DNA;sex=female;tissue-type=Whole Body
NC_059182.1,Gnomon,gene,2586437,2588262,.,-,.,ID=gene-LOC116925479;Dbxref=GeneID:116925479;Name=LOC116925479;gbkey=Gene;gene=LOC116925479;gene_biotype=protein_coding
NC_059182.1,Gnomon,mRNA,2586437,2588262,.,-,.,"ID=rna-XM_032932509.2;Parent=gene-LOC116925479;Dbxref=GeneID:116925479,Genbank:XM_032932509.2;Name=XM_032932509.2;experiment=COORDINATES: polyA evidence [ECO:0006239];gbkey=mRNA;gene=LOC116925479;model_evidence=Supporting evidence includes similarity to: 1 EST%2C 10 Proteins%2C and 100%25 coverage of the annotated genomic feature by RNAseq alignments%2C including 128 samples with support for all annotated introns;product=charged multivesicular body protein 2b-B%2C transcript variant X1;transcript_id=XM_032932509.2"
NC_059182.1,Gnomon,exon,2586759,2587046,.,-,.,"ID=exon-XM_032932509.2-6;Parent=rna-XM_032932509.2;Dbxref=GeneID:116925479,Genbank:XM_032932509.2;experiment=COORDINATES: polyA evidence [ECO:0006239];gbkey=mRNA;gene=LOC116925479;product=charged multivesicular body protein 2b-B%2C transcript variant X1;transcript_id=XM_032932509.2"
NC_059182.1,Gnomon,CDS,2586759,2587046,.,-,0,"ID=cds-XP_032788400.1;Parent=rna-XM_032932509.2;Dbxref=GeneID:116925479,Genbank:XP_032788400.1;Name=XP_032788400.1;gbkey=CDS;gene=LOC116925479;product=charged multivesicular body protein 2b-B;protein_id=XP_032788400.1"
NC_059182.1,Gnomon,mRNA,2586437,2588062,.,-,.,"ID=rna-XM_045180661.1;Parent=gene-LOC116925479;Dbxref=GeneID:116925479,Genbank:XM_045180661.1;Name=XM_045180661.1;experiment=COORDINATES: polyA evidence [ECO:0006239];gbkey=mRNA;gene=LOC116925479;model_evidence=Supporting evidence includes similarity to: 1 EST%2C 10 Proteins%2C and 100%25 coverage of the annotated genomic feature by RNAseq alignments%2C including 132 samples with support for all annotated introns;product=charged multivesicular body protein 2b-B%2C transcript variant X2;transcript_id=XM_045180661.1"
NC_059182.1,Gnomon,exon,2586759,2587046,.,-,.,"ID=exon-XM_045180661.1-5;Parent=rna-XM_045180661.1;Dbxref=GeneID:116925479,Genbank:XM_045180661.1;experiment=COORDINATES: polyA evidence [ECO:0006239];gbkey=mRNA;gene=LOC116925479;product=charged multivesicular body protein 2b-B%2C transcript variant X2;transcript_id=XM_045180661.1"
NC_059182.1,Gnomon,CDS,2586759,2587046,.,-,0,"ID=cds-XP_045036596.1;Parent=rna-XM_045180661.1;Dbxref=GeneID:116925479,Genbank:XP_045036596.1;Name=XP_045036596.1;gbkey=CDS;gene=LOC116925479;product=charged multivesicular body protein 2b-B;protein_id=XP_045036596.1"
NC_059182.1,RefSeq,region,1,19099978,.,+,.,ID=NC_059182.1:1..19099978;Dbxref=taxon:35525;Name=LG1;collection-date=1986;country=USA: Minnesota;gbkey=Src;genome=chromosome;identified-by=National Institute for Environmental Studies (NIES) in Japan;isolate=NIES;isolation-source=Duluth%2C Minnesota;linkage-group=LG1;mol_type=genomic DNA;sex=female;tissue-type=Whole Body
NC_059182.1,Gnomon,gene,4284174,4285760,.,+,.,ID=gene-LOC116930270;Dbxref=GeneID:116930270;Name=LOC116930270;gbkey=Gene;gene=LOC116930270;gene_biotype=protein_coding
NC_059182.1,Gnomon,mRNA,4284174,4285760,.,+,.,"ID=rna-XM_032937665.2;Parent=gene-LOC116930270;Dbxref=GeneID:116930270,Genbank:XM_032937665.2;Name=XM_032937665.2;experiment=COORDINATES: polyA evidence [ECO:0006239];gbkey=mRNA;gene=LOC116930270;model_evidence=Supporting evidence includes similarity to: 1 EST%2C 5 Proteins%2C and 100%25 coverage of the annotated genomic feature by RNAseq alignments%2C including 146 samples with support for all annotated introns;product=E3 ubiquitin-protein ligase RNF170;transcript_id=XM_032937665.2"
NC_059182.1,Gnomon,exon,4284174,4284450,.,+,.,"ID=exon-XM_032937665.2-1;Parent=rna-XM_032937665.2;Dbxref=GeneID:116930270,Genbank:XM_032937665.2;experiment=COORDINATES: polyA evidence [ECO:0006239];gbkey=mRNA;gene=LOC116930270;product=E3 ubiquitin-protein ligase RNF170;transcript_id=XM_032937665.2"
NC_059182.1,Gnomon,CDS,4284347,4284450,.,+,0,"ID=cds-XP_032793556.1;Parent=rna-XM_032937665.2;Dbxref=GeneID:116930270,Genbank:XP_032793556.1;Name=XP_032793556.1;gbkey=CDS;gene=LOC116930270;product=E3 ubiquitin-protein ligase RNF170;protein_id=XP_032793556.1"
NC_059182.1,RefSeq,region,1,19099978,.,+,.,ID=NC_059182.1:1..19099978;Dbxref=taxon:35525;Name=LG1;collection-date=1986;country=USA: Minnesota;gbkey=Src;genome=chromosome;identified-by=National Institute for Environmental Studies (NIES) in Japan;isolate=NIES;isolation-source=Duluth%2C Minnesota;linkage-group=LG1;mol_type=genomic DNA;sex=female;tissue-type=Whole Body
NC_059182.1,Gnomon,gene,4352150,4357863,.,-,.,ID=gene-LOC123476823;Dbxref=GeneID:123476823;Name=LOC123476823;gbkey=Gene;gene=LOC123476823;gene_biotype=lncRNA
NC_059182.1,Gnomon,lnc_RNA,4352150,4357863,.,-,.,"ID=rna-XR_006651692.1;Parent=gene-LOC123476823;Dbxref=GeneID:123476823,Genbank:XR_006651692.1;Name=XR_006651692.1;experiment=COORDINATES: polyA evidence [ECO:0006239];gbkey=ncRNA;gene=LOC123476823;model_evidence=Supporting evidence includes similarity to: 100%25 coverage of the annotated genomic feature by RNAseq alignments%2C including 3 samples with support for all annotated introns;product=uncharacterized LOC123476823%2C transcript variant X3;transcript_id=XR_006651692.1"
NC_059182.1,Gnomon,exon,4354219,4354550,.,-,.,"ID=exon-XR_006651692.1-9;Parent=rna-XR_006651692.1;Dbxref=GeneID:123476823,Genbank:XR_006651692.1;experiment=COORDINATES: polyA evidence [ECO:0006239];gbkey=ncRNA;gene=LOC123476823;product=uncharacterized LOC123476823%2C transcript variant X3;transcript_id=XR_006651692.1"
NC_059182.1,Gnomon,lnc_RNA,4352150,4357863,.,-,.,"ID=rna-XR_006651691.1;Parent=gene-LOC123476823;Dbxref=GeneID:123476823,Genbank:XR_006651691.1;Name=XR_006651691.1;experiment=COORDINATES: polyA evidence [ECO:0006239];gbkey=ncRNA;gene=LOC123476823;model_evidence=Supporting evidence includes similarity to: 100%25 coverage of the annotated genomic feature by RNAseq alignments%2C including 3 samples with support for all annotated introns;product=uncharacterized LOC123476823%2C transcript variant X2;transcript_id=XR_006651691.1"
NC_059182.1,Gnomon,exon,4354219,4354550,.,-,.,"ID=exon-XR_006651691.1-9;Parent=rna-XR_006651691.1;Dbxref=GeneID:123476823,Genbank:XR_006651691.1;experiment=COORDINATES: polyA evidence [ECO:0006239];gbkey=ncRNA;gene=LOC123476823;product=uncharacterized LOC123476823%2C transcript variant X2;transcript_id=XR_006651691.1"
NC_059182.1,RefSeq,region,1,19099978,.,+,.,ID=NC_059182.1:1..19099978;Dbxref=taxon:35525;Name=LG1;collection-date=1986;country=USA: Minnesota;gbkey=Src;genome=chromosome;identified-by=National Institute for Environmental Studies (NIES) in Japan;isolate=NIES;isolation-source=Duluth%2C Minnesota;linkage-group=LG1;mol_type=genomic DNA;sex=female;tissue-type=Whole Body
NC_059182.1,Gnomon,gene,6695812,6698731,.,+,.,ID=gene-LOC116930116;Dbxref=GeneID:116930116;Name=LOC116930116;gbkey=Gene;gene=LOC116930116;gene_biotype=protein_coding
NC_059182.1,Gnomon,mRNA,6695812,6698731,.,+,.,"ID=rna-XM_032937486.2;Parent=gene-LOC116930116;Dbxref=GeneID:116930116,Genbank:XM_032937486.2;Name=XM_032937486.2;experiment=COORDINATES: polyA evidence [ECO:0006239];gbkey=mRNA;gene=LOC116930116;model_evidence=Supporting evidence includes similarity to: 14 ESTs%2C 376 Proteins%2C and 100%25 coverage of the annotated genomic feature by RNAseq alignments%2C including 145 samples with support for all annotated introns;product=heat shock 70 kDa protein cognate 4;transcript_id=XM_032937486.2"
NC_059182.1,Gnomon,exon,6696311,6696883,.,+,.,"ID=exon-XM_032937486.2-2;Parent=rna-XM_032937486.2;Dbxref=GeneID:116930116,Genbank:XM_032937486.2;experiment=COORDINATES: polyA evidence [ECO:0006239];gbkey=mRNA;gene=LOC116930116;product=heat shock 70 kDa protein cognate 4;transcript_id=XM_032937486.2"
NC_059182.1,Gnomon,CDS,6696317,6696883,.,+,0,"ID=cds-XP_032793377.1;Parent=rna-XM_032937486.2;Dbxref=GeneID:116930116,Genbank:XP_032793377.1;Name=XP_032793377.1;gbkey=CDS;gene=LOC116930116;product=heat shock 70 kDa protein cognate 4;protein_id=XP_032793377.1"
NC_059182.1,RefSeq,region,1,19099978,.,+,.,ID=NC_059182.1:1..19099978;Dbxref=taxon:35525;Name=LG1;collection-date=1986;country=USA: Minnesota;gbkey=Src;genome=chromosome;identified-by=National Institute for Environmental Studies (NIES) in Japan;isolate=NIES;isolation-source=Duluth%2C Minnesota;linkage-group=LG1;mol_type=genomic DNA;sex=female;tissue-type=Whole Body
NC_059182.1,Gnomon,gene,6695812,6698731,.,+,.,ID=gene-LOC116930116;Dbxref=GeneID:116930116;Name=LOC116930116;gbkey=Gene;gene=LOC116930116;gene_biotype=protein_coding
NC_059182.1,Gnomon,mRNA,6695812,6698731,.,+,.,"ID=rna-XM_032937486.2;Parent=gene-LOC116930116;Dbxref=GeneID:116930116,Genbank:XM_032937486.2;Name=XM_032937486.2;experiment=COORDINATES: polyA evidence [ECO:0006239];gbkey=mRNA;gene=LOC116930116;model_evidence=Supporting evidence includes similarity to: 14 ESTs%2C 376 Proteins%2C and 100%25 coverage of the annotated genomic feature by RNAseq alignments%2C including 145 samples with support for all annotated introns;product=heat shock 70 kDa protein cognate 4;transcript_id=XM_032937486.2"
NC_059182.1,Gnomon,exon,6696943,6697265,.,+,.,"ID=exon-XM_032937486.2-3;Parent=rna-XM_032937486.2;Dbxref=GeneID:116930116,Genbank:XM_032937486.2;experiment=COORDINATES: polyA evidence [ECO:0006239];gbkey=mRNA;gene=LOC116930116;product=heat shock 70 kDa protein cognate 4;transcript_id=XM_032937486.2"
NC_059182.1,Gnomon,CDS,6696943,6697265,.,+,0,"ID=cds-XP_032793377.1;Parent=rna-XM_032937486.2;Dbxref=GeneID:116930116,Genbank:XP_032793377.1;Name=XP_032793377.1;gbkey=CDS;gene=LOC116930116;product=heat shock 70 kDa protein cognate 4;protein_id=XP_032793377.1"
NC_059182.1,RefSeq,region,1,19099978,.,+,.,ID=NC_059182.1:1..19099978;Dbxref=taxon:35525;Name=LG1;collection-date=1986;country=USA: Minnesota;gbkey=Src;genome=chromosome;identified-by=National Institute for Environmental Studies (NIES) in Japan;isolate=NIES;isolation-source=Duluth%2C Minnesota;linkage-group=LG1;mol_type=genomic DNA;sex=female;tissue-type=Whole Body
NC_059182.1,RefSeq,region,1,19099978,.,+,.,ID=NC_059182.1:1..19099978;Dbxref=taxon:35525;Name=LG1;collection-date=1986;country=USA: Minnesota;gbkey=Src;genome=chromosome;identified-by=National Institute for Environmental Studies (NIES) in Japan;isolate=NIES;isolation-source=Duluth%2C Minnesota;linkage-group=LG1;mol_type=genomic DNA;sex=female;tissue-type=Whole Body
NC_059182.1,RefSeq,region,1,19099978,.,+,.,ID=NC_059182.1:1..19099978;Dbxref=taxon:35525;Name=LG1;collection-date=1986;country=USA: Minnesota;gbkey=Src;genome=chromosome;identified-by=National Institute for Environmental Studies (NIES) in Japan;isolate=NIES;isolation-source=Duluth%2C Minnesota;linkage-group=LG1;mol_type=genomic DNA;sex=female;tissue-type=Whole Body
NC_059182.1,RefSeq,region,1,19099978,.,+,.,ID=NC_059182.1:1..19099978;Dbxref=taxon:35525;Name=LG1;collection-date=1986;country=USA: Minnesota;gbkey=Src;genome=chromosome;identified-by=National Institute for Environmental Studies (NIES) in Japan;isolate=NIES;isolation-source=Duluth%2C Minnesota;linkage-group=LG1;mol_type=genomic DNA;sex=female;tissue-type=Whole Body
NC_059182.1,RefSeq,region,1,19099978,.,+,.,ID=NC_059182.1:1..19099978;Dbxref=taxon:35525;Name=LG1;collection-date=1986;country=USA: Minnesota;gbkey=Src;genome=chromosome;identified-by=National Institute for Environmental Studies (NIES) in Japan;isolate=NIES;isolation-source=Duluth%2C Minnesota;linkage-group=LG1;mol_type=genomic DNA;sex=female;tissue-type=Whole Body
NC_059182.1,RefSeq,region,1,19099978,.,+,.,ID=NC_059182.1:1..19099978;Dbxref=taxon:35525;Name=LG1;collection-date=1986;country=USA: Minnesota;gbkey=Src;genome=chromosome;identified-by=National Institute for Environmental Studies (NIES) in Japan;isolate=NIES;isolation-source=Duluth%2C Minnesota;linkage-group=LG1;mol_type=genomic DNA;sex=female;tissue-type=Whole Body
NC_059182.1,RefSeq,region,1,19099978,.,+,.,ID=NC_059182.1:1..19099978;Dbxref=taxon:35525;Name=LG1;collection-date=1986;country=USA: Minnesota;gbkey=Src;genome=chromosome;identified-by=National Institute for Environmental Studies (NIES) in Japan;isolate=NIES;isolation-source=Duluth%2C Minnesota;linkage-group=LG1;mol_type=genomic DNA;sex=female;tissue-type=Whole Body
NC_059182.1,RefSeq,region,1,19099978,.,+,.,ID=NC_059182.1:1..19099978;Dbxref=taxon:35525;Name=LG1;collection-date=1986;country=USA: Minnesota;gbkey=Src;genome=chromosome;identified-by=National Institute for Environmental Studies (NIES) in Japan;isolate=NIES;isolation-source=Duluth%2C Minnesota;linkage-group=LG1;mol_type=genomic DNA;sex=female;tissue-type=Whole Body
NC_059182.1,RefSeq,region,1,19099978,.,+,.,ID=NC_059182.1:1..19099978;Dbxref=taxon:35525;Name=LG1;collection-date=1986;country=USA: Minnesota;gbkey=Src;genome=chromosome;identified-by=National Institute for Environmental Studies (NIES) in Japan;isolate=NIES;isolation-source=Duluth%2C Minnesota;linkage-group=LG1;mol_type=genomic DNA;sex=female;tissue-type=Whole Body
NC_059182.1,Gnomon,gene,15715022,15717114,.,+,.,ID=gene-LOC116917939;Dbxref=GeneID:116917939;Name=LOC116917939;gbkey=Gene;gene=LOC116917939;gene_biotype=protein_coding
NC_059182.1,Gnomon,mRNA,15715022,15717114,.,+,.,"ID=rna-XM_045180324.1;Parent=gene-LOC116917939;Dbxref=GeneID:116917939,Genbank:XM_045180324.1;Name=XM_045180324.1;experiment=COORDINATES: polyA evidence [ECO:0006239];gbkey=mRNA;gene=LOC116917939;model_evidence=Supporting evidence includes similarity to: 7 Proteins%2C and 100%25 coverage of the annotated genomic feature by RNAseq alignments%2C including 142 samples with support for all annotated introns;product=TGF-beta-activated kinase 1 and MAP3K7-binding protein 1;transcript_id=XM_045180324.1"
NC_059182.1,Gnomon,exon,15715333,15715662,.,+,.,"ID=exon-XM_045180324.1-2;Parent=rna-XM_045180324.1;Dbxref=GeneID:116917939,Genbank:XM_045180324.1;experiment=COORDINATES: polyA evidence [ECO:0006239];gbkey=mRNA;gene=LOC116917939;product=TGF-beta-activated kinase 1 and MAP3K7-binding protein 1;transcript_id=XM_045180324.1"
NC_059182.1,Gnomon,CDS,15715333,15715662,.,+,2,"ID=cds-XP_045036259.1;Parent=rna-XM_045180324.1;Dbxref=GeneID:116917939,Genbank:XP_045036259.1;Name=XP_045036259.1;gbkey=CDS;gene=LOC116917939;product=TGF-beta-activated kinase 1 and MAP3K7-binding protein 1;protein_id=XP_045036259.1"
NC_059182.1,RefSeq,region,1,19099978,.,+,.,ID=NC_059182.1:1..19099978;Dbxref=taxon:35525;Name=LG1;collection-date=1986;country=USA: Minnesota;gbkey=Src;genome=chromosome;identified-by=National Institute for Environmental Studies (NIES) in Japan;isolate=NIES;isolation-source=Duluth%2C Minnesota;linkage-group=LG1;mol_type=genomic DNA;sex=female;tissue-type=Whole Body
NC_059182.1,Gnomon,gene,16584101,16585267,.,-,.,ID=gene-LOC116936636;Dbxref=GeneID:116936636;Name=LOC116936636;gbkey=Gene;gene=LOC116936636;gene_biotype=protein_coding
NC_059182.1,Gnomon,mRNA,16584101,16585267,.,-,.,"ID=rna-XM_032943845.2;Parent=gene-LOC116936636;Dbxref=GeneID:116936636,Genbank:XM_032943845.2;Name=XM_032943845.2;experiment=COORDINATES: polyA evidence [ECO:0006239];gbkey=mRNA;gene=LOC116936636;model_evidence=Supporting evidence includes similarity to: 2 Proteins%2C and 100%25 coverage of the annotated genomic feature by RNAseq alignments%2C including 146 samples with support for all annotated introns;product=lysM and putative peptidoglycan-binding domain-containing protein 3;transcript_id=XM_032943845.2"
NC_059182.1,Gnomon,exon,16584101,16584695,.,-,.,"ID=exon-XM_032943845.2-3;Parent=rna-XM_032943845.2;Dbxref=GeneID:116936636,Genbank:XM_032943845.2;experiment=COORDINATES: polyA evidence [ECO:0006239];gbkey=mRNA;gene=LOC116936636;product=lysM and putative peptidoglycan-binding domain-containing protein 3;transcript_id=XM_032943845.2"
NC_059182.1,Gnomon,CDS,16584192,16584695,.,-,0,"ID=cds-XP_032799736.1;Parent=rna-XM_032943845.2;Dbxref=GeneID:116936636,Genbank:XP_032799736.1;Name=XP_032799736.1;gbkey=CDS;gene=LOC116936636;product=lysM and putative peptidoglycan-binding domain-containing protein 3;protein_id=XP_032799736.1"
NC_059182.1,RefSeq,region,1,19099978,.,+,.,ID=NC_059182.1:1..19099978;Dbxref=taxon:35525;Name=LG1;collection-date=1986;country=USA: Minnesota;gbkey=Src;genome=chromosome;identified-by=National Institute for Environmental Studies (NIES) in Japan;isolate=NIES;isolation-source=Duluth%2C Minnesota;linkage-group=LG1;mol_type=genomic DNA;sex=female;tissue-type=Whole Body
NC_059182.1,RefSeq,region,1,19099978,.,+,.,ID=NC_059182.1:1..19099978;Dbxref=taxon:35525;Name=LG1;collection-date=1986;country=USA: Minnesota;gbkey=Src;genome=chromosome;identified-by=National Institute for Environmental Studies (NIES) in Japan;isolate=NIES;isolation-source=Duluth%2C Minnesota;linkage-group=LG1;mol_type=genomic DNA;sex=female;tissue-type=Whole Body
NC_059183.1,Gnomon,gene,16418859,16421307,.,+,.,ID=gene-LOC116915926;Dbxref=GeneID:116915926;Name=LOC116915926;gbkey=Gene;gene=LOC116915926;gene_biotype=protein_coding
NC_059183.1,Gnomon,mRNA,16418859,16421307,.,+,.,"ID=rna-XM_032921086.2;Parent=gene-LOC116915926;Dbxref=GeneID:116915926,Genbank:XM_032921086.2;Name=XM_032921086.2;experiment=COORDINATES: polyA evidence [ECO:0006239];gbkey=mRNA;gene=LOC116915926;model_evidence=Supporting evidence includes similarity to: 12 mRNAs%2C 8 Proteins%2C and 100%25 coverage of the annotated genomic feature by RNAseq alignments%2C including 145 samples with support for all annotated introns;product=UDP-glucose 6-dehydrogenase%2C transcript variant X1;transcript_id=XM_032921086.2"
NC_059183.1,Gnomon,exon,16419242,16419609,.,+,.,"ID=exon-XM_032921086.2-2;Parent=rna-XM_032921086.2;Dbxref=GeneID:116915926,Genbank:XM_032921086.2;experiment=COORDINATES: polyA evidence [ECO:0006239];gbkey=mRNA;gene=LOC116915926;product=UDP-glucose 6-dehydrogenase%2C transcript variant X1;transcript_id=XM_032921086.2"
NC_059183.1,Gnomon,CDS,16419271,16419609,.,+,0,"ID=cds-XP_032776977.2;Parent=rna-XM_032921086.2;Dbxref=GeneID:116915926,Genbank:XP_032776977.2;Name=XP_032776977.2;gbkey=CDS;gene=LOC116915926;product=UDP-glucose 6-dehydrogenase isoform X1;protein_id=XP_032776977.2"
NC_059183.1,Gnomon,mRNA,16418863,16421307,.,+,.,"ID=rna-XM_032921087.2;Parent=gene-LOC116915926;Dbxref=GeneID:116915926,Genbank:XM_032921087.2;Name=XM_032921087.2;experiment=COORDINATES: polyA evidence [ECO:0006239];gbkey=mRNA;gene=LOC116915926;model_evidence=Supporting evidence includes similarity to: 12 mRNAs%2C 27 Proteins%2C and 100%25 coverage of the annotated genomic feature by RNAseq alignments%2C including 146 samples with support for all annotated introns;product=UDP-glucose 6-dehydrogenase%2C transcript variant X2;transcript_id=XM_032921087.2"
NC_059183.1,Gnomon,exon,16419242,16419609,.,+,.,"ID=exon-XM_032921087.2-2;Parent=rna-XM_032921087.2;Dbxref=GeneID:116915926,Genbank:XM_032921087.2;experiment=COORDINATES: polyA evidence [ECO:0006239];gbkey=mRNA;gene=LOC116915926;product=UDP-glucose 6-dehydrogenase%2C transcript variant X2;transcript_id=XM_032921087.2"
NC_059183.1,Gnomon,CDS,16419271,16419609,.,+,0,"ID=cds-XP_032776978.2;Parent=rna-XM_032921087.2;Dbxref=GeneID:116915926,Genbank:XP_032776978.2;Name=XP_032776978.2;gbkey=CDS;gene=LOC116915926;product=UDP-glucose 6-dehydrogenase isoform X2;protein_id=XP_032776978.2"
NC_059184.1,RefSeq,region,1,13906530,.,+,.,ID=NC_059184.1:1..13906530;Dbxref=taxon:35525;Name=LG3;collection-date=1986;country=USA: Minnesota;gbkey=Src;genome=chromosome;identified-by=National Institute for Environmental Studies (NIES) in Japan;isolate=NIES;isolation-source=Duluth%2C Minnesota;linkage-group=LG3;mol_type=genomic DNA;sex=female;tissue-type=Whole Body
NC_059184.1,Gnomon,gene,790215,793343,.,-,.,ID=gene-LOC116919850;Dbxref=GeneID:116919850;Name=LOC116919850;gbkey=Gene;gene=LOC116919850;gene_biotype=protein_coding
NC_059184.1,Gnomon,mRNA,790215,793343,.,-,.,"ID=rna-XM_032925906.2;Parent=gene-LOC116919850;Dbxref=GeneID:116919850,Genbank:XM_032925906.2;Name=XM_032925906.2;experiment=COORDINATES: polyA evidence [ECO:0006239];gbkey=mRNA;gene=LOC116919850;model_evidence=Supporting evidence includes similarity to: 4 ESTs%2C 6 Proteins%2C and 100%25 coverage of the annotated genomic feature by RNAseq alignments%2C including 145 samples with support for all annotated introns;product=sorting nexin-2;transcript_id=XM_032925906.2"
NC_059184.1,Gnomon,exon,792724,793005,.,-,.,"ID=exon-XM_032925906.2-2;Parent=rna-XM_032925906.2;Dbxref=GeneID:116919850,Genbank:XM_032925906.2;experiment=COORDINATES: polyA evidence [ECO:0006239];gbkey=mRNA;gene=LOC116919850;product=sorting nexin-2;transcript_id=XM_032925906.2"
NC_059184.1,Gnomon,CDS,792724,793005,.,-,0,"ID=cds-XP_032781797.2;Parent=rna-XM_032925906.2;Dbxref=GeneID:116919850,Genbank:XP_032781797.2;Name=XP_032781797.2;gbkey=CDS;gene=LOC116919850;product=sorting nexin-2;protein_id=XP_032781797.2"
NC_059184.1,RefSeq,region,1,13906530,.,+,.,ID=NC_059184.1:1..13906530;Dbxref=taxon:35525;Name=LG3;collection-date=1986;country=USA: Minnesota;gbkey=Src;genome=chromosome;identified-by=National Institute for Environmental Studies (NIES) in Japan;isolate=NIES;isolation-source=Duluth%2C Minnesota;linkage-group=LG3;mol_type=genomic DNA;sex=female;tissue-type=Whole Body
NC_059184.1,Gnomon,gene,805159,806843,.,+,.,ID=gene-LOC116919073;Dbxref=GeneID:116919073;Name=LOC116919073;gbkey=Gene;gene=LOC116919073;gene_biotype=protein_coding
NC_059184.1,Gnomon,mRNA,805159,806843,.,+,.,"ID=rna-XM_032924942.2;Parent=gene-LOC116919073;Dbxref=GeneID:116919073,Genbank:XM_032924942.2;Name=XM_032924942.2;experiment=COORDINATES: polyA evidence [ECO:0006239];gbkey=mRNA;gene=LOC116919073;model_evidence=Supporting evidence includes similarity to: 2 Proteins%2C and 100%25 coverage of the annotated genomic feature by RNAseq alignments%2C including 140 samples with support for all annotated introns;product=DNA excision repair protein ERCC-8;transcript_id=XM_032924942.2"
NC_059184.1,RefSeq,region,1,13906530,.,+,.,ID=NC_059184.1:1..13906530;Dbxref=taxon:35525;Name=LG3;collection-date=1986;country=USA: Minnesota;gbkey=Src;genome=chromosome;identified-by=National Institute for Environmental Studies (NIES) in Japan;isolate=NIES;isolation-source=Duluth%2C Minnesota;linkage-group=LG3;mol_type=genomic DNA;sex=female;tissue-type=Whole Body
NC_059184.1,Gnomon,gene,805159,806843,.,+,.,ID=gene-LOC116919073;Dbxref=GeneID:116919073;Name=LOC116919073;gbkey=Gene;gene=LOC116919073;gene_biotype=protein_coding
NC_059184.1,Gnomon,mRNA,805159,806843,.,+,.,"ID=rna-XM_032924942.2;Parent=gene-LOC116919073;Dbxref=GeneID:116919073,Genbank:XM_032924942.2;Name=XM_032924942.2;experiment=COORDINATES: polyA evidence [ECO:0006239];gbkey=mRNA;gene=LOC116919073;model_evidence=Supporting evidence includes similarity to: 2 Proteins%2C and 100%25 coverage of the annotated genomic feature by RNAseq alignments%2C including 140 samples with support for all annotated introns;product=DNA excision repair protein ERCC-8;transcript_id=XM_032924942.2"
NC_059184.1,Gnomon,exon,806445,806843,.,+,.,"ID=exon-XM_032924942.2-5;Parent=rna-XM_032924942.2;Dbxref=GeneID:116919073,Genbank:XM_032924942.2;experiment=COORDINATES: polyA evidence [ECO:0006239];gbkey=mRNA;gene=LOC116919073;product=DNA excision repair protein ERCC-8;transcript_id=XM_032924942.2"
NC_059184.1,Gnomon,CDS,806445,806699,.,+,0,"ID=cds-XP_032780833.1;Parent=rna-XM_032924942.2;Dbxref=GeneID:116919073,Genbank:XP_032780833.1;Name=XP_032780833.1;gbkey=CDS;gene=LOC116919073;product=DNA excision repair protein ERCC-8;protein_id=XP_032780833.1"
NC_059184.1,RefSeq,region,1,13906530,.,+,.,ID=NC_059184.1:1..13906530;Dbxref=taxon:35525;Name=LG3;collection-date=1986;country=USA: Minnesota;gbkey=Src;genome=chromosome;identified-by=National Institute for Environmental Studies (NIES) in Japan;isolate=NIES;isolation-source=Duluth%2C Minnesota;linkage-group=LG3;mol_type=genomic DNA;sex=female;tissue-type=Whole Body
NC_059184.1,Gnomon,gene,805159,806843,.,+,.,ID=gene-LOC116919073;Dbxref=GeneID:116919073;Name=LOC116919073;gbkey=Gene;gene=LOC116919073;gene_biotype=protein_coding
NC_059184.1,Gnomon,mRNA,805159,806843,.,+,.,"ID=rna-XM_032924942.2;Parent=gene-LOC116919073;Dbxref=GeneID:116919073,Genbank:XM_032924942.2;Name=XM_032924942.2;experiment=COORDINATES: polyA evidence [ECO:0006239];gbkey=mRNA;gene=LOC116919073;model_evidence=Supporting evidence includes similarity to: 2 Proteins%2C and 100%25 coverage of the annotated genomic feature by RNAseq alignments%2C including 140 samples with support for all annotated introns;product=DNA excision repair protein ERCC-8;transcript_id=XM_032924942.2"
NC_059184.1,Gnomon,exon,806445,806843,.,+,.,"ID=exon-XM_032924942.2-5;Parent=rna-XM_032924942.2;Dbxref=GeneID:116919073,Genbank:XM_032924942.2;experiment=COORDINATES: polyA evidence [ECO:0006239];gbkey=mRNA;gene=LOC116919073;product=DNA excision repair protein ERCC-8;transcript_id=XM_032924942.2"
NC_059184.1,Gnomon,CDS,806445,806699,.,+,0,"ID=cds-XP_032780833.1;Parent=rna-XM_032924942.2;Dbxref=GeneID:116919073,Genbank:XP_032780833.1;Name=XP_032780833.1;gbkey=CDS;gene=LOC116919073;product=DNA excision repair protein ERCC-8;protein_id=XP_032780833.1"
NC_059184.1,RefSeq,region,1,13906530,.,+,.,ID=NC_059184.1:1..13906530;Dbxref=taxon:35525;Name=LG3;collection-date=1986;country=USA: Minnesota;gbkey=Src;genome=chromosome;identified-by=National Institute for Environmental Studies (NIES) in Japan;isolate=NIES;isolation-source=Duluth%2C Minnesota;linkage-group=LG3;mol_type=genomic DNA;sex=female;tissue-type=Whole Body
NC_059184.1,Gnomon,gene,1314421,1315692,.,+,.,ID=gene-LOC116919134;Dbxref=GeneID:116919134;Name=LOC116919134;gbkey=Gene;gene=LOC116919134;gene_biotype=protein_coding
NC_059184.1,Gnomon,mRNA,1314421,1315692,.,+,.,"ID=rna-XM_032925025.2;Parent=gene-LOC116919134;Dbxref=GeneID:116919134,Genbank:XM_032925025.2;Name=XM_032925025.2;experiment=COORDINATES: polyA evidence [ECO:0006239];gbkey=mRNA;gene=LOC116919134;model_evidence=Supporting evidence includes similarity to: 14 Proteins%2C and 100%25 coverage of the annotated genomic feature by RNAseq alignments%2C including 146 samples with support for all annotated introns;product=uncharacterized Golgi apparatus membrane protein-like protein CG5021;transcript_id=XM_032925025.2"
NC_059184.1,Gnomon,exon,1315163,1315429,.,+,.,"ID=exon-XM_032925025.2-5;Parent=rna-XM_032925025.2;Dbxref=GeneID:116919134,Genbank:XM_032925025.2;experiment=COORDINATES: polyA evidence [ECO:0006239];gbkey=mRNA;gene=LOC116919134;product=uncharacterized Golgi apparatus membrane protein-like protein CG5021;transcript_id=XM_032925025.2"
NC_059184.1,Gnomon,CDS,1315163,1315429,.,+,0,"ID=cds-XP_032780916.2;Parent=rna-XM_032925025.2;Dbxref=GeneID:116919134,Genbank:XP_032780916.2;Name=XP_032780916.2;gbkey=CDS;gene=LOC116919134;product=uncharacterized Golgi apparatus membrane protein-like protein CG5021;protein_id=XP_032780916.2"
NC_059184.1,RefSeq,region,1,13906530,.,+,.,ID=NC_059184.1:1..13906530;Dbxref=taxon:35525;Name=LG3;collection-date=1986;country=USA: Minnesota;gbkey=Src;genome=chromosome;identified-by=National Institute for Environmental Studies (NIES) in Japan;isolate=NIES;isolation-source=Duluth%2C Minnesota;linkage-group=LG3;mol_type=genomic DNA;sex=female;tissue-type=Whole Body
NC_059184.1,Gnomon,gene,1518555,1521509,.,+,.,ID=gene-LOC116919166;Dbxref=GeneID:116919166;Name=LOC116919166;gbkey=Gene;gene=LOC116919166;gene_biotype=protein_coding
NC_059184.1,Gnomon,mRNA,1518555,1521509,.,+,.,"ID=rna-XM_032925081.2;Parent=gene-LOC116919166;Dbxref=GeneID:116919166,Genbank:XM_032925081.2;Name=XM_032925081.2;experiment=COORDINATES: polyA evidence [ECO:0006239];gbkey=mRNA;gene=LOC116919166;model_evidence=Supporting evidence includes similarity to: 6 Proteins%2C and 100%25 coverage of the annotated genomic feature by RNAseq alignments%2C including 139 samples with support for all annotated introns;product=regulator of MON1-CCZ1 complex;transcript_id=XM_032925081.2"
NC_059184.1,Gnomon,exon,1518555,1519802,.,+,.,"ID=exon-XM_032925081.2-1;Parent=rna-XM_032925081.2;Dbxref=GeneID:116919166,Genbank:XM_032925081.2;experiment=COORDINATES: polyA evidence [ECO:0006239];gbkey=mRNA;gene=LOC116919166;product=regulator of MON1-CCZ1 complex;transcript_id=XM_032925081.2"
NC_059184.1,Gnomon,CDS,1518729,1519802,.,+,0,"ID=cds-XP_032780972.2;Parent=rna-XM_032925081.2;Dbxref=GeneID:116919166,Genbank:XP_032780972.2;Name=XP_032780972.2;gbkey=CDS;gene=LOC116919166;product=regulator of MON1-CCZ1 complex;protein_id=XP_032780972.2"
NC_059184.1,RefSeq,region,1,13906530,.,+,.,ID=NC_059184.1:1..13906530;Dbxref=taxon:35525;Name=LG3;collection-date=1986;country=USA: Minnesota;gbkey=Src;genome=chromosome;identified-by=National Institute for Environmental Studies (NIES) in Japan;isolate=NIES;isolation-source=Duluth%2C Minnesota;linkage-group=LG3;mol_type=genomic DNA;sex=female;tissue-type=Whole Body
NC_059184.1,RefSeq,region,1,13906530,.,+,.,ID=NC_059184.1:1..13906530;Dbxref=taxon:35525;Name=LG3;collection-date=1986;country=USA: Minnesota;gbkey=Src;genome=chromosome;identified-by=National Institute for Environmental Studies (NIES) in Japan;isolate=NIES;isolation-source=Duluth%2C Minnesota;linkage-group=LG3;mol_type=genomic DNA;sex=female;tissue-type=Whole Body
NC_059184.1,RefSeq,region,1,13906530,.,+,.,ID=NC_059184.1:1..13906530;Dbxref=taxon:35525;Name=LG3;collection-date=1986;country=USA: Minnesota;gbkey=Src;genome=chromosome;identified-by=National Institute for Environmental Studies (NIES) in Japan;isolate=NIES;isolation-source=Duluth%2C Minnesota;linkage-group=LG3;mol_type=genomic DNA;sex=female;tissue-type=Whole Body
NC_059184.1,RefSeq,region,1,13906530,.,+,.,ID=NC_059184.1:1..13906530;Dbxref=taxon:35525;Name=LG3;collection-date=1986;country=USA: Minnesota;gbkey=Src;genome=chromosome;identified-by=National Institute for Environmental Studies (NIES) in Japan;isolate=NIES;isolation-source=Duluth%2C Minnesota;linkage-group=LG3;mol_type=genomic DNA;sex=female;tissue-type=Whole Body
NC_059184.1,RefSeq,region,1,13906530,.,+,.,ID=NC_059184.1:1..13906530;Dbxref=taxon:35525;Name=LG3;collection-date=1986;country=USA: Minnesota;gbkey=Src;genome=chromosome;identified-by=National Institute for Environmental Studies (NIES) in Japan;isolate=NIES;isolation-source=Duluth%2C Minnesota;linkage-group=LG3;mol_type=genomic DNA;sex=female;tissue-type=Whole Body
NC_059184.1,RefSeq,region,1,13906530,.,+,.,ID=NC_059184.1:1..13906530;Dbxref=taxon:35525;Name=LG3;collection-date=1986;country=USA: Minnesota;gbkey=Src;genome=chromosome;identified-by=National Institute for Environmental Studies (NIES) in Japan;isolate=NIES;isolation-source=Duluth%2C Minnesota;linkage-group=LG3;mol_type=genomic DNA;sex=female;tissue-type=Whole Body
NC_059184.1,RefSeq,region,1,13906530,.,+,.,ID=NC_059184.1:1..13906530;Dbxref=taxon:35525;Name=LG3;collection-date=1986;country=USA: Minnesota;gbkey=Src;genome=chromosome;identified-by=National Institute for Environmental Studies (NIES) in Japan;isolate=NIES;isolation-source=Duluth%2C Minnesota;linkage-group=LG3;mol_type=genomic DNA;sex=female;tissue-type=Whole Body
NC_059184.1,RefSeq,region,1,13906530,.,+,.,ID=NC_059184.1:1..13906530;Dbxref=taxon:35525;Name=LG3;collection-date=1986;country=USA: Minnesota;gbkey=Src;genome=chromosome;identified-by=National Institute for Environmental Studies (NIES) in Japan;isolate=NIES;isolation-source=Duluth%2C Minnesota;linkage-group=LG3;mol_type=genomic DNA;sex=female;tissue-type=Whole Body
NC_059184.1,RefSeq,region,1,13906530,.,+,.,ID=NC_059184.1:1..13906530;Dbxref=taxon:35525;Name=LG3;collection-date=1986;country=USA: Minnesota;gbkey=Src;genome=chromosome;identified-by=National Institute for Environmental Studies (NIES) in Japan;isolate=NIES;isolation-source=Duluth%2C Minnesota;linkage-group=LG3;mol_type=genomic DNA;sex=female;tissue-type=Whole Body
NC_059184.1,Gnomon,gene,7007433,7011962,.,+,.,ID=gene-LOC116918842;Dbxref=GeneID:116918842;Name=LOC116918842;gbkey=Gene;gene=LOC116918842;gene_biotype=protein_coding
NC_059184.1,Gnomon,mRNA,7007433,7011962,.,+,.,"ID=rna-XM_032924626.2;Parent=gene-LOC116918842;Dbxref=GeneID:116918842,Genbank:XM_032924626.2;Name=XM_032924626.2;experiment=COORDINATES: polyA evidence [ECO:0006239];gbkey=mRNA;gene=LOC116918842;model_evidence=Supporting evidence includes similarity to: 1 EST%2C 17 Proteins%2C and 100%25 coverage of the annotated genomic feature by RNAseq alignments%2C including 140 samples with support for all annotated introns;product=ubiquitin-like modifier-activating enzyme 1%2C transcript variant X1;transcript_id=XM_032924626.2"
NC_059184.1,Gnomon,exon,7007701,7009097,.,+,.,"ID=exon-XM_032924626.2-2;Parent=rna-XM_032924626.2;Dbxref=GeneID:116918842,Genbank:XM_032924626.2;experiment=COORDINATES: polyA evidence [ECO:0006239];gbkey=mRNA;gene=LOC116918842;product=ubiquitin-like modifier-activating enzyme 1%2C transcript variant X1;transcript_id=XM_032924626.2"
NC_059184.1,Gnomon,CDS,7007721,7009097,.,+,0,"ID=cds-XP_032780517.1;Parent=rna-XM_032924626.2;Dbxref=GeneID:116918842,Genbank:XP_032780517.1;Name=XP_032780517.1;gbkey=CDS;gene=LOC116918842;product=ubiquitin-like modifier-activating enzyme 1;protein_id=XP_032780517.1"
NC_059184.1,Gnomon,mRNA,7007435,7011962,.,+,.,"ID=rna-XM_032924628.2;Parent=gene-LOC116918842;Dbxref=GeneID:116918842,Genbank:XM_032924628.2;Name=XM_032924628.2;experiment=COORDINATES: polyA evidence [ECO:0006239];gbkey=mRNA;gene=LOC116918842;model_evidence=Supporting evidence includes similarity to: 1 EST%2C 17 Proteins%2C and 100%25 coverage of the annotated genomic feature by RNAseq alignments%2C including 129 samples with support for all annotated introns;product=ubiquitin-like modifier-activating enzyme 1%2C transcript variant X2;transcript_id=XM_032924628.2"
NC_059184.1,Gnomon,exon,7007721,7009097,.,+,.,"ID=exon-XM_032924628.2-2;Parent=rna-XM_032924628.2;Dbxref=GeneID:116918842,Genbank:XM_032924628.2;experiment=COORDINATES: polyA evidence [ECO:0006239];gbkey=mRNA;gene=LOC116918842;product=ubiquitin-like modifier-activating enzyme 1%2C transcript variant X2;transcript_id=XM_032924628.2"
NC_059184.1,Gnomon,CDS,7007721,7009097,.,+,0,"ID=cds-XP_032780519.1;Parent=rna-XM_032924628.2;Dbxref=GeneID:116918842,Genbank:XP_032780519.1;Name=XP_032780519.1;gbkey=CDS;gene=LOC116918842;product=ubiquitin-like modifier-activating enzyme 1;protein_id=XP_032780519.1"
NC_059184.1,RefSeq,region,1,13906530,.,+,.,ID=NC_059184.1:1..13906530;Dbxref=taxon:35525;Name=LG3;collection-date=1986;country=USA: Minnesota;gbkey=Src;genome=chromosome;identified-by=National Institute for Environmental Studies (NIES) in Japan;isolate=NIES;isolation-source=Duluth%2C Minnesota;linkage-group=LG3;mol_type=genomic DNA;sex=female;tissue-type=Whole Body
NC_059184.1,Gnomon,gene,9713173,9720193,.,+,.,ID=gene-LOC116935383;Dbxref=GeneID:116935383;Name=LOC116935383;gbkey=Gene;gene=LOC116935383;gene_biotype=protein_coding
NC_059184.1,Gnomon,mRNA,9713173,9720193,.,+,.,"ID=rna-XM_045170451.1;Parent=gene-LOC116935383;Dbxref=GeneID:116935383,Genbank:XM_045170451.1;Name=XM_045170451.1;experiment=COORDINATES: polyA evidence [ECO:0006239];gbkey=mRNA;gene=LOC116935383;model_evidence=Supporting evidence includes similarity to: 2 Proteins%2C and 100%25 coverage of the annotated genomic feature by RNAseq alignments%2C including 58 samples with support for all annotated introns;product=nuclear exosome regulator NRDE2%2C transcript variant X2;transcript_id=XM_045170451.1"
NC_059184.1,Gnomon,exon,9716708,9717471,.,+,.,"ID=exon-XM_045170451.1-3;Parent=rna-XM_045170451.1;Dbxref=GeneID:116935383,Genbank:XM_045170451.1;experiment=COORDINATES: polyA evidence [ECO:0006239];gbkey=mRNA;gene=LOC116935383;product=nuclear exosome regulator NRDE2%2C transcript variant X2;transcript_id=XM_045170451.1"
NC_059184.1,Gnomon,CDS,9716708,9717471,.,+,1,"ID=cds-XP_045026386.1;Parent=rna-XM_045170451.1;Dbxref=GeneID:116935383,Genbank:XP_045026386.1;Name=XP_045026386.1;gbkey=CDS;gene=LOC116935383;product=nuclear exosome regulator NRDE2;protein_id=XP_045026386.1"
NC_059184.1,Gnomon,mRNA,9716252,9720193,.,+,.,"ID=rna-XM_045170450.1;Parent=gene-LOC116935383;Dbxref=GeneID:116935383,Genbank:XM_045170450.1;Name=XM_045170450.1;experiment=COORDINATES: polyA evidence [ECO:0006239];gbkey=mRNA;gene=LOC116935383;model_evidence=Supporting evidence includes similarity to: 2 Proteins%2C and 100%25 coverage of the annotated genomic feature by RNAseq alignments%2C including 145 samples with support for all annotated introns;product=nuclear exosome regulator NRDE2%2C transcript variant X1;transcript_id=XM_045170450.1"
NC_059184.1,Gnomon,exon,9716708,9717471,.,+,.,"ID=exon-XM_045170450.1-2;Parent=rna-XM_045170450.1;Dbxref=GeneID:116935383,Genbank:XM_045170450.1;experiment=COORDINATES: polyA evidence [ECO:0006239];gbkey=mRNA;gene=LOC116935383;product=nuclear exosome regulator NRDE2%2C transcript variant X1;transcript_id=XM_045170450.1"
NC_059184.1,Gnomon,CDS,9716708,9717471,.,+,1,"ID=cds-XP_045026385.1;Parent=rna-XM_045170450.1;Dbxref=GeneID:116935383,Genbank:XP_045026385.1;Name=XP_045026385.1;gbkey=CDS;gene=LOC116935383;product=nuclear exosome regulator NRDE2;protein_id=XP_045026385.1"
NC_059184.1,RefSeq,region,1,13906530,.,+,.,ID=NC_059184.1:1..13906530;Dbxref=taxon:35525;Name=LG3;collection-date=1986;country=USA: Minnesota;gbkey=Src;genome=chromosome;identified-by=National Institute for Environmental Studies (NIES) in Japan;isolate=NIES;isolation-source=Duluth%2C Minnesota;linkage-group=LG3;mol_type=genomic DNA;sex=female;tissue-type=Whole Body
NC_059184.1,Gnomon,gene,13436944,13438405,.,-,.,ID=gene-LOC116918443;Dbxref=GeneID:116918443;Name=LOC116918443;gbkey=Gene;gene=LOC116918443;gene_biotype=protein_coding
NC_059184.1,Gnomon,mRNA,13436944,13438405,.,-,.,"ID=rna-XM_032924161.2;Parent=gene-LOC116918443;Dbxref=GeneID:116918443,Genbank:XM_032924161.2;Name=XM_032924161.2;experiment=COORDINATES: polyA evidence [ECO:0006239];gbkey=mRNA;gene=LOC116918443;model_evidence=Supporting evidence includes similarity to: 38 Proteins%2C and 100%25 coverage of the annotated genomic feature by RNAseq alignments%2C including 146 samples with support for all annotated introns;product=succinate dehydrogenase [ubiquinone] iron-sulfur subunit%2C mitochondrial-like;transcript_id=XM_032924161.2"
NC_059184.1,Gnomon,exon,13438022,13438161,.,-,.,"ID=exon-XM_032924161.2-2;Parent=rna-XM_032924161.2;Dbxref=GeneID:116918443,Genbank:XM_032924161.2;experiment=COORDINATES: polyA evidence [ECO:0006239];gbkey=mRNA;gene=LOC116918443;product=succinate dehydrogenase [ubiquinone] iron-sulfur subunit%2C mitochondrial-like;transcript_id=XM_032924161.2"
NC_059184.1,Gnomon,CDS,13438022,13438161,.,-,0,"ID=cds-XP_032780052.2;Parent=rna-XM_032924161.2;Dbxref=GeneID:116918443,Genbank:XP_032780052.2;Name=XP_032780052.2;gbkey=CDS;gene=LOC116918443;product=succinate dehydrogenase [ubiquinone] iron-sulfur subunit%2C mitochondrial-like;protein_id=XP_032780052.2"
NC_059184.1,RefSeq,region,1,13906530,.,+,.,ID=NC_059184.1:1..13906530;Dbxref=taxon:35525;Name=LG3;collection-date=1986;country=USA: Minnesota;gbkey=Src;genome=chromosome;identified-by=National Institute for Environmental Studies (NIES) in Japan;isolate=NIES;isolation-source=Duluth%2C Minnesota;linkage-group=LG3;mol_type=genomic DNA;sex=female;tissue-type=Whole Body
NC_059184.1,Gnomon,gene,13567953,13570037,.,+,.,ID=gene-LOC116918247;Dbxref=GeneID:116918247;Name=LOC116918247;gbkey=Gene;gene=LOC116918247;gene_biotype=protein_coding
NC_059184.1,Gnomon,mRNA,13567953,13570037,.,+,.,"ID=rna-XM_045170464.1;Parent=gene-LOC116918247;Dbxref=GeneID:116918247,Genbank:XM_045170464.1;Name=XM_045170464.1;experiment=COORDINATES: polyA evidence [ECO:0006239];gbkey=mRNA;gene=LOC116918247;model_evidence=Supporting evidence includes similarity to: 2 mRNAs%2C 61 ESTs%2C 38 Proteins%2C and 94%25 coverage of the annotated genomic feature by RNAseq alignments;product=ribosome biogenesis protein NSA2 homolog;transcript_id=XM_045170464.1"
NC_059184.1,Gnomon,exon,13568311,13569145,.,+,.,"ID=exon-XM_045170464.1-2;Parent=rna-XM_045170464.1;Dbxref=GeneID:116918247,Genbank:XM_045170464.1;experiment=COORDINATES: polyA evidence [ECO:0006239];gbkey=mRNA;gene=LOC116918247;product=ribosome biogenesis protein NSA2 homolog;transcript_id=XM_045170464.1"
NC_059184.1,Gnomon,CDS,13568373,13569145,.,+,0,"ID=cds-XP_045026399.1;Parent=rna-XM_045170464.1;Dbxref=GeneID:116918247,Genbank:XP_045026399.1;Name=XP_045026399.1;Note=The sequence of the model RefSeq protein was modified relative to this genomic sequence to represent the inferred CDS: substituted 1 base at 1 genomic stop codon;gbkey=CDS;gene=LOC116918247;product=LOW QUALITY PROTEIN: ribosome biogenesis protein NSA2 homolog;protein_id=XP_045026399.1;transl_except=(pos:13569208..13569210%2Caa:Other)"
NC_059185.1,RefSeq,region,1,13367246,.,+,.,ID=NC_059185.1:1..13367246;Dbxref=taxon:35525;Name=LG4;collection-date=1986;country=USA: Minnesota;gbkey=Src;genome=chromosome;identified-by=National Institute for Environmental Studies (NIES) in Japan;isolate=NIES;isolation-source=Duluth%2C Minnesota;linkage-group=LG4;mol_type=genomic DNA;sex=female;tissue-type=Whole Body
NC_059185.1,RefSeq,region,1,13367246,.,+,.,ID=NC_059185.1:1..13367246;Dbxref=taxon:35525;Name=LG4;collection-date=1986;country=USA: Minnesota;gbkey=Src;genome=chromosome;identified-by=National Institute for Environmental Studies (NIES) in Japan;isolate=NIES;isolation-source=Duluth%2C Minnesota;linkage-group=LG4;mol_type=genomic DNA;sex=female;tissue-type=Whole Body
NC_059185.1,Gnomon,gene,1474622,1476890,.,-,.,ID=gene-LOC116921284;Dbxref=GeneID:116921284;Name=LOC116921284;gbkey=Gene;gene=LOC116921284;gene_biotype=protein_coding
NC_059185.1,Gnomon,mRNA,1474622,1476890,.,-,.,"ID=rna-XM_032927548.2;Parent=gene-LOC116921284;Dbxref=GeneID:116921284,Genbank:XM_032927548.2;Name=XM_032927548.2;experiment=COORDINATES: polyA evidence [ECO:0006239];gbkey=mRNA;gene=LOC116921284;model_evidence=Supporting evidence includes similarity to: 1 EST%2C 1 Protein%2C and 100%25 coverage of the annotated genomic feature by RNAseq alignments%2C including 145 samples with support for all annotated introns;product=uncharacterized LOC116921284%2C transcript variant X1;transcript_id=XM_032927548.2"
NC_059185.1,Gnomon,exon,1475420,1476085,.,-,.,"ID=exon-XM_032927548.2-3;Parent=rna-XM_032927548.2;Dbxref=GeneID:116921284,Genbank:XM_032927548.2;experiment=COORDINATES: polyA evidence [ECO:0006239];gbkey=mRNA;gene=LOC116921284;product=uncharacterized LOC116921284%2C transcript variant X1;transcript_id=XM_032927548.2"
NC_059185.1,Gnomon,CDS,1475420,1476085,.,-,0,"ID=cds-XP_032783439.2;Parent=rna-XM_032927548.2;Dbxref=GeneID:116921284,Genbank:XP_032783439.2;Name=XP_032783439.2;gbkey=CDS;gene=LOC116921284;product=uncharacterized protein LOC116921284;protein_id=XP_032783439.2"
NC_059185.1,Gnomon,mRNA,1474622,1476890,.,-,.,"ID=rna-XM_032927549.2;Parent=gene-LOC116921284;Dbxref=GeneID:116921284,Genbank:XM_032927549.2;Name=XM_032927549.2;experiment=COORDINATES: polyA evidence [ECO:0006239];gbkey=mRNA;gene=LOC116921284;model_evidence=Supporting evidence includes similarity to: 1 Protein%2C and 100%25 coverage of the annotated genomic feature by RNAseq alignments%2C including 74 samples with support for all annotated introns;product=uncharacterized LOC116921284%2C transcript variant X2;transcript_id=XM_032927549.2"
NC_059185.1,Gnomon,exon,1475420,1476085,.,-,.,"ID=exon-XM_032927549.2-3;Parent=rna-XM_032927549.2;Dbxref=GeneID:116921284,Genbank:XM_032927549.2;experiment=COORDINATES: polyA evidence [ECO:0006239];gbkey=mRNA;gene=LOC116921284;product=uncharacterized LOC116921284%2C transcript variant X2;transcript_id=XM_032927549.2"
NC_059185.1,Gnomon,CDS,1475420,1476085,.,-,0,"ID=cds-XP_032783440.2;Parent=rna-XM_032927549.2;Dbxref=GeneID:116921284,Genbank:XP_032783440.2;Name=XP_032783440.2;gbkey=CDS;gene=LOC116921284;product=uncharacterized protein LOC116921284;protein_id=XP_032783440.2"
NC_059185.1,RefSeq,region,1,13367246,.,+,.,ID=NC_059185.1:1..13367246;Dbxref=taxon:35525;Name=LG4;collection-date=1986;country=USA: Minnesota;gbkey=Src;genome=chromosome;identified-by=National Institute for Environmental Studies (NIES) in Japan;isolate=NIES;isolation-source=Duluth%2C Minnesota;linkage-group=LG4;mol_type=genomic DNA;sex=female;tissue-type=Whole Body
NC_059185.1,Gnomon,gene,1710987,1713731,.,+,.,ID=gene-LOC116921230;Dbxref=GeneID:116921230;Name=LOC116921230;gbkey=Gene;gene=LOC116921230;gene_biotype=protein_coding
NC_059185.1,Gnomon,mRNA,1710987,1713731,.,+,.,"ID=rna-XM_032927495.2;Parent=gene-LOC116921230;Dbxref=GeneID:116921230,Genbank:XM_032927495.2;Name=XM_032927495.2;experiment=COORDINATES: polyA evidence [ECO:0006239];gbkey=mRNA;gene=LOC116921230;model_evidence=Supporting evidence includes similarity to: 4 Proteins%2C and 100%25 coverage of the annotated genomic feature by RNAseq alignments%2C including 144 samples with support for all annotated introns;product=CDK5 and ABL1 enzyme substrate 2%2C transcript variant X1;transcript_id=XM_032927495.2"
NC_059185.1,Gnomon,exon,1710987,1711448,.,+,.,"ID=exon-XM_032927495.2-1;Parent=rna-XM_032927495.2;Dbxref=GeneID:116921230,Genbank:XM_032927495.2;experiment=COORDINATES: polyA evidence [ECO:0006239];gbkey=mRNA;gene=LOC116921230;product=CDK5 and ABL1 enzyme substrate 2%2C transcript variant X1;transcript_id=XM_032927495.2"
NC_059185.1,Gnomon,CDS,1711003,1711448,.,+,0,"ID=cds-XP_032783386.2;Parent=rna-XM_032927495.2;Dbxref=GeneID:116921230,Genbank:XP_032783386.2;Name=XP_032783386.2;gbkey=CDS;gene=LOC116921230;product=CDK5 and ABL1 enzyme substrate 2 isoform X1;protein_id=XP_032783386.2"
NC_059185.1,Gnomon,mRNA,1710987,1713731,.,+,.,"ID=rna-XM_045173145.1;Parent=gene-LOC116921230;Dbxref=GeneID:116921230,Genbank:XM_045173145.1;Name=XM_045173145.1;experiment=COORDINATES: polyA evidence [ECO:0006239];gbkey=mRNA;gene=LOC116921230;model_evidence=Supporting evidence includes similarity to: 3 Proteins%2C and 100%25 coverage of the annotated genomic feature by RNAseq alignments%2C including 143 samples with support for all annotated introns;product=CDK5 and ABL1 enzyme substrate 2%2C transcript variant X2;transcript_id=XM_045173145.1"
NC_059185.1,Gnomon,exon,1710987,1711448,.,+,.,"ID=exon-XM_045173145.1-1;Parent=rna-XM_045173145.1;Dbxref=GeneID:116921230,Genbank:XM_045173145.1;experiment=COORDINATES: polyA evidence [ECO:0006239];gbkey=mRNA;gene=LOC116921230;product=CDK5 and ABL1 enzyme substrate 2%2C transcript variant X2;transcript_id=XM_045173145.1"
NC_059185.1,Gnomon,CDS,1711003,1711448,.,+,0,"ID=cds-XP_045029080.1;Parent=rna-XM_045173145.1;Dbxref=GeneID:116921230,Genbank:XP_045029080.1;Name=XP_045029080.1;gbkey=CDS;gene=LOC116921230;product=CDK5 and ABL1 enzyme substrate 2 isoform X2;protein_id=XP_045029080.1"
NC_059185.1,RefSeq,region,1,13367246,.,+,.,ID=NC_059185.1:1..13367246;Dbxref=taxon:35525;Name=LG4;collection-date=1986;country=USA: Minnesota;gbkey=Src;genome=chromosome;identified-by=National Institute for Environmental Studies (NIES) in Japan;isolate=NIES;isolation-source=Duluth%2C Minnesota;linkage-group=LG4;mol_type=genomic DNA;sex=female;tissue-type=Whole Body
NC_059185.1,Gnomon,gene,3451285,3452341,.,+,.,ID=gene-LOC116921725;Dbxref=GeneID:116921725;Name=LOC116921725;gbkey=Gene;gene=LOC116921725;gene_biotype=protein_coding
NC_059185.1,Gnomon,mRNA,3451285,3452341,.,+,.,"ID=rna-XM_032928060.2;Parent=gene-LOC116921725;Dbxref=GeneID:116921725,Genbank:XM_032928060.2;Name=XM_032928060.2;gbkey=mRNA;gene=LOC116921725;model_evidence=Supporting evidence includes similarity to: 1 Protein%2C and 83%25 coverage of the annotated genomic feature by RNAseq alignments;product=uncharacterized LOC116921725;transcript_id=XM_032928060.2"
NC_059185.1,Gnomon,exon,3451759,3452341,.,+,.,"ID=exon-XM_032928060.2-3;Parent=rna-XM_032928060.2;Dbxref=GeneID:116921725,Genbank:XM_032928060.2;gbkey=mRNA;gene=LOC116921725;product=uncharacterized LOC116921725;transcript_id=XM_032928060.2"
NC_059185.1,RefSeq,region,1,13367246,.,+,.,ID=NC_059185.1:1..13367246;Dbxref=taxon:35525;Name=LG4;collection-date=1986;country=USA: Minnesota;gbkey=Src;genome=chromosome;identified-by=National Institute for Environmental Studies (NIES) in Japan;isolate=NIES;isolation-source=Duluth%2C Minnesota;linkage-group=LG4;mol_type=genomic DNA;sex=female;tissue-type=Whole Body
NC_059185.1,Gnomon,gene,3704576,3706268,.,-,.,ID=gene-LOC116920756;Dbxref=GeneID:116920756;Name=LOC116920756;gbkey=Gene;gene=LOC116920756;gene_biotype=protein_coding
NC_059185.1,Gnomon,mRNA,3704576,3706268,.,-,.,"ID=rna-XM_032926869.2;Parent=gene-LOC116920756;Dbxref=GeneID:116920756,Genbank:XM_032926869.2;Name=XM_032926869.2;experiment=COORDINATES: polyA evidence [ECO:0006239];gbkey=mRNA;gene=LOC116920756;model_evidence=Supporting evidence includes similarity to: 5 Proteins%2C and 100%25 coverage of the annotated genomic feature by RNAseq alignments%2C including 146 samples with support for all annotated introns;product=GATA zinc finger domain-containing protein 1;transcript_id=XM_032926869.2"
NC_059185.1,Gnomon,exon,3705751,3706268,.,-,.,"ID=exon-XM_032926869.2-1;Parent=rna-XM_032926869.2;Dbxref=GeneID:116920756,Genbank:XM_032926869.2;experiment=COORDINATES: polyA evidence [ECO:0006239];gbkey=mRNA;gene=LOC116920756;product=GATA zinc finger domain-containing protein 1;transcript_id=XM_032926869.2"
NC_059185.1,Gnomon,CDS,3705751,3706170,.,-,0,"ID=cds-XP_032782760.1;Parent=rna-XM_032926869.2;Dbxref=GeneID:116920756,Genbank:XP_032782760.1;Name=XP_032782760.1;gbkey=CDS;gene=LOC116920756;product=GATA zinc finger domain-containing protein 1;protein_id=XP_032782760.1"
NC_059185.1,RefSeq,region,1,13367246,.,+,.,ID=NC_059185.1:1..13367246;Dbxref=taxon:35525;Name=LG4;collection-date=1986;country=USA: Minnesota;gbkey=Src;genome=chromosome;identified-by=National Institute for Environmental Studies (NIES) in Japan;isolate=NIES;isolation-source=Duluth%2C Minnesota;linkage-group=LG4;mol_type=genomic DNA;sex=female;tissue-type=Whole Body
NC_059185.1,RefSeq,region,1,13367246,.,+,.,ID=NC_059185.1:1..13367246;Dbxref=taxon:35525;Name=LG4;collection-date=1986;country=USA: Minnesota;gbkey=Src;genome=chromosome;identified-by=National Institute for Environmental Studies (NIES) in Japan;isolate=NIES;isolation-source=Duluth%2C Minnesota;linkage-group=LG4;mol_type=genomic DNA;sex=female;tissue-type=Whole Body
NC_059185.1,RefSeq,region,1,13367246,.,+,.,ID=NC_059185.1:1..13367246;Dbxref=taxon:35525;Name=LG4;collection-date=1986;country=USA: Minnesota;gbkey=Src;genome=chromosome;identified-by=National Institute for Environmental Studies (NIES) in Japan;isolate=NIES;isolation-source=Duluth%2C Minnesota;linkage-group=LG4;mol_type=genomic DNA;sex=female;tissue-type=Whole Body
NC_059185.1,RefSeq,region,1,13367246,.,+,.,ID=NC_059185.1:1..13367246;Dbxref=taxon:35525;Name=LG4;collection-date=1986;country=USA: Minnesota;gbkey=Src;genome=chromosome;identified-by=National Institute for Environmental Studies (NIES) in Japan;isolate=NIES;isolation-source=Duluth%2C Minnesota;linkage-group=LG4;mol_type=genomic DNA;sex=female;tissue-type=Whole Body
NC_059185.1,RefSeq,region,1,13367246,.,+,.,ID=NC_059185.1:1..13367246;Dbxref=taxon:35525;Name=LG4;collection-date=1986;country=USA: Minnesota;gbkey=Src;genome=chromosome;identified-by=National Institute for Environmental Studies (NIES) in Japan;isolate=NIES;isolation-source=Duluth%2C Minnesota;linkage-group=LG4;mol_type=genomic DNA;sex=female;tissue-type=Whole Body
NC_059185.1,RefSeq,region,1,13367246,.,+,.,ID=NC_059185.1:1..13367246;Dbxref=taxon:35525;Name=LG4;collection-date=1986;country=USA: Minnesota;gbkey=Src;genome=chromosome;identified-by=National Institute for Environmental Studies (NIES) in Japan;isolate=NIES;isolation-source=Duluth%2C Minnesota;linkage-group=LG4;mol_type=genomic DNA;sex=female;tissue-type=Whole Body
NC_059185.1,Gnomon,gene,11383186,11396234,.,-,.,"ID=gene-LOC116920030;Dbxref=GeneID:116920030;Name=LOC116920030;end_range=11396234,.;gbkey=Gene;gene=LOC116920030;gene_biotype=protein_coding;partial=true"
NC_059185.1,Gnomon,mRNA,11383186,11396234,.,-,.,"ID=rna-XM_045172648.1;Parent=gene-LOC116920030;Dbxref=GeneID:116920030,Genbank:XM_045172648.1;Name=XM_045172648.1;end_range=11396234,.;experiment=COORDINATES: polyA evidence [ECO:0006239];gbkey=mRNA;gene=LOC116920030;model_evidence=Supporting evidence includes similarity to: 2 Proteins%2C and 99%25 coverage of the annotated genomic feature by RNAseq alignments%2C including 141 samples with support for all annotated introns;partial=true;product=uncharacterized LOC116920030;transcript_id=XM_045172648.1"
NC_059185.1,RefSeq,region,1,13367246,.,+,.,ID=NC_059185.1:1..13367246;Dbxref=taxon:35525;Name=LG4;collection-date=1986;country=USA: Minnesota;gbkey=Src;genome=chromosome;identified-by=National Institute for Environmental Studies (NIES) in Japan;isolate=NIES;isolation-source=Duluth%2C Minnesota;linkage-group=LG4;mol_type=genomic DNA;sex=female;tissue-type=Whole Body
NC_059185.1,Gnomon,gene,13086631,13113785,.,-,.,ID=gene-LOC116920404;Dbxref=GeneID:116920404;Name=LOC116920404;gbkey=Gene;gene=LOC116920404;gene_biotype=lncRNA
NC_059185.1,Gnomon,lnc_RNA,13086631,13113785,.,-,.,"ID=rna-XR_006645964.1;Parent=gene-LOC116920404;Dbxref=GeneID:116920404,Genbank:XR_006645964.1;Name=XR_006645964.1;experiment=COORDINATES: polyA evidence [ECO:0006239];gbkey=ncRNA;gene=LOC116920404;model_evidence=Supporting evidence includes similarity to: 100%25 coverage of the annotated genomic feature by RNAseq alignments%2C including 13 samples with support for all annotated introns;product=uncharacterized LOC116920404%2C transcript variant X5;transcript_id=XR_006645964.1"
NC_059185.1,Gnomon,gene,13090949,13115754,.,+,.,ID=gene-LOC116920358;Dbxref=GeneID:116920358;Name=LOC116920358;gbkey=Gene;gene=LOC116920358;gene_biotype=protein_coding
NC_059185.1,Gnomon,mRNA,13090949,13115754,.,+,.,"ID=rna-XM_045172821.1;Parent=gene-LOC116920358;Dbxref=GeneID:116920358,Genbank:XM_045172821.1;Name=XM_045172821.1;experiment=COORDINATES: polyA evidence [ECO:0006239];gbkey=mRNA;gene=LOC116920358;model_evidence=Supporting evidence includes similarity to: 1 EST%2C and 100%25 coverage of the annotated genomic feature by RNAseq alignments%2C including 106 samples with support for all annotated introns;product=RGS domain-containing serine/threonine-protein kinase A%2C transcript variant X3;transcript_id=XM_045172821.1"
NC_059186.1,RefSeq,region,1,12546303,.,+,.,ID=NC_059186.1:1..12546303;Dbxref=taxon:35525;Name=LG5;collection-date=1986;country=USA: Minnesota;gbkey=Src;genome=chromosome;identified-by=National Institute for Environmental Studies (NIES) in Japan;isolate=NIES;isolation-source=Duluth%2C Minnesota;linkage-group=LG5;mol_type=genomic DNA;sex=female;tissue-type=Whole Body
NC_059186.1,Gnomon,gene,777915,781398,.,-,.,ID=gene-LOC116922505;Dbxref=GeneID:116922505;Name=LOC116922505;gbkey=Gene;gene=LOC116922505;gene_biotype=protein_coding
NC_059186.1,Gnomon,mRNA,777915,781398,.,-,.,"ID=rna-XM_032928868.2;Parent=gene-LOC116922505;Dbxref=GeneID:116922505,Genbank:XM_032928868.2;Name=XM_032928868.2;experiment=COORDINATES: polyA evidence [ECO:0006239];gbkey=mRNA;gene=LOC116922505;model_evidence=Supporting evidence includes similarity to: 1 EST%2C 1 Protein%2C and 100%25 coverage of the annotated genomic feature by RNAseq alignments%2C including 145 samples with support for all annotated introns;product=uncharacterized LOC116922505;transcript_id=XM_032928868.2"
NC_059186.1,Gnomon,exon,779728,779929,.,-,.,"ID=exon-XM_032928868.2-2;Parent=rna-XM_032928868.2;Dbxref=GeneID:116922505,Genbank:XM_032928868.2;experiment=COORDINATES: polyA evidence [ECO:0006239];gbkey=mRNA;gene=LOC116922505;product=uncharacterized LOC116922505;transcript_id=XM_032928868.2"
NC_059186.1,Gnomon,CDS,779728,779929,.,-,2,"ID=cds-XP_032784759.2;Parent=rna-XM_032928868.2;Dbxref=GeneID:116922505,Genbank:XP_032784759.2;Name=XP_032784759.2;gbkey=CDS;gene=LOC116922505;product=uncharacterized protein LOC116922505;protein_id=XP_032784759.2"
NC_059186.1,RefSeq,region,1,12546303,.,+,.,ID=NC_059186.1:1..12546303;Dbxref=taxon:35525;Name=LG5;collection-date=1986;country=USA: Minnesota;gbkey=Src;genome=chromosome;identified-by=National Institute for Environmental Studies (NIES) in Japan;isolate=NIES;isolation-source=Duluth%2C Minnesota;linkage-group=LG5;mol_type=genomic DNA;sex=female;tissue-type=Whole Body
NC_059186.1,Gnomon,gene,7204517,7206978,.,-,.,ID=gene-LOC116922268;Dbxref=GeneID:116922268;Name=LOC116922268;gbkey=Gene;gene=LOC116922268;gene_biotype=protein_coding
NC_059186.1,Gnomon,mRNA,7204517,7206978,.,-,.,"ID=rna-XM_032928649.2;Parent=gene-LOC116922268;Dbxref=GeneID:116922268,Genbank:XM_032928649.2;Name=XM_032928649.2;experiment=COORDINATES: polyA evidence [ECO:0006239];gbkey=mRNA;gene=LOC116922268;model_evidence=Supporting evidence includes similarity to: 1 EST%2C 8 Proteins%2C and 100%25 coverage of the annotated genomic feature by RNAseq alignments%2C including 145 samples with support for all annotated introns;product=28S ribosomal protein S11%2C mitochondrial;transcript_id=XM_032928649.2"
NC_059186.1,RefSeq,region,1,12546303,.,+,.,ID=NC_059186.1:1..12546303;Dbxref=taxon:35525;Name=LG5;collection-date=1986;country=USA: Minnesota;gbkey=Src;genome=chromosome;identified-by=National Institute for Environmental Studies (NIES) in Japan;isolate=NIES;isolation-source=Duluth%2C Minnesota;linkage-group=LG5;mol_type=genomic DNA;sex=female;tissue-type=Whole Body
NC_059186.1,Gnomon,gene,7864160,7866567,.,+,.,ID=gene-LOC116922902;Dbxref=GeneID:116922902;Name=LOC116922902;gbkey=Gene;gene=LOC116922902;gene_biotype=protein_coding
NC_059186.1,Gnomon,mRNA,7864160,7866567,.,+,.,"ID=rna-XM_032929372.2;Parent=gene-LOC116922902;Dbxref=GeneID:116922902,Genbank:XM_032929372.2;Name=XM_032929372.2;experiment=COORDINATES: polyA evidence [ECO:0006239];gbkey=mRNA;gene=LOC116922902;model_evidence=Supporting evidence includes similarity to: 13 Proteins%2C and 100%25 coverage of the annotated genomic feature by RNAseq alignments%2C including 143 samples with support for all annotated introns;product=protein tumorous imaginal discs%2C mitochondrial%2C transcript variant X1;transcript_id=XM_032929372.2"
NC_059186.1,Gnomon,exon,7864956,7865256,.,+,.,"ID=exon-XM_032929372.2-4;Parent=rna-XM_032929372.2;Dbxref=GeneID:116922902,Genbank:XM_032929372.2;experiment=COORDINATES: polyA evidence [ECO:0006239];gbkey=mRNA;gene=LOC116922902;product=protein tumorous imaginal discs%2C mitochondrial%2C transcript variant X1;transcript_id=XM_032929372.2"
NC_059186.1,Gnomon,CDS,7864956,7865256,.,+,0,"ID=cds-XP_032785263.1;Parent=rna-XM_032929372.2;Dbxref=GeneID:116922902,Genbank:XP_032785263.1;Name=XP_032785263.1;gbkey=CDS;gene=LOC116922902;product=protein tumorous imaginal discs%2C mitochondrial isoform X1;protein_id=XP_032785263.1"
NC_059186.1,Gnomon,mRNA,7864160,7866567,.,+,.,"ID=rna-XM_032929374.2;Parent=gene-LOC116922902;Dbxref=GeneID:116922902,Genbank:XM_032929374.2;Name=XM_032929374.2;experiment=COORDINATES: polyA evidence [ECO:0006239];gbkey=mRNA;gene=LOC116922902;model_evidence=Supporting evidence includes similarity to: 14 Proteins%2C and 100%25 coverage of the annotated genomic feature by RNAseq alignments%2C including 143 samples with support for all annotated introns;product=protein tumorous imaginal discs%2C mitochondrial%2C transcript variant X2;transcript_id=XM_032929374.2"
NC_059186.1,Gnomon,exon,7864956,7865256,.,+,.,"ID=exon-XM_032929374.2-4;Parent=rna-XM_032929374.2;Dbxref=GeneID:116922902,Genbank:XM_032929374.2;experiment=COORDINATES: polyA evidence [ECO:0006239];gbkey=mRNA;gene=LOC116922902;product=protein tumorous imaginal discs%2C mitochondrial%2C transcript variant X2;transcript_id=XM_032929374.2"
NC_059186.1,Gnomon,CDS,7864956,7865256,.,+,0,"ID=cds-XP_032785265.1;Parent=rna-XM_032929374.2;Dbxref=GeneID:116922902,Genbank:XP_032785265.1;Name=XP_032785265.1;gbkey=CDS;gene=LOC116922902;product=protein tumorous imaginal discs%2C mitochondrial isoform X2;protein_id=XP_032785265.1"
NC_059186.1,RefSeq,region,1,12546303,.,+,.,ID=NC_059186.1:1..12546303;Dbxref=taxon:35525;Name=LG5;collection-date=1986;country=USA: Minnesota;gbkey=Src;genome=chromosome;identified-by=National Institute for Environmental Studies (NIES) in Japan;isolate=NIES;isolation-source=Duluth%2C Minnesota;linkage-group=LG5;mol_type=genomic DNA;sex=female;tissue-type=Whole Body
NC_059186.1,Gnomon,gene,8110274,8129362,.,+,.,ID=gene-LOC116922816;Dbxref=GeneID:116922816;Name=LOC116922816;gbkey=Gene;gene=LOC116922816;gene_biotype=protein_coding
NC_059186.1,Gnomon,mRNA,8110274,8129362,.,+,.,"ID=rna-XM_045174427.1;Parent=gene-LOC116922816;Dbxref=GeneID:116922816,Genbank:XM_045174427.1;Name=XM_045174427.1;experiment=COORDINATES: polyA evidence [ECO:0006239];gbkey=mRNA;gene=LOC116922816;model_evidence=Supporting evidence includes similarity to: 1 EST%2C and 100%25 coverage of the annotated genomic feature by RNAseq alignments%2C including 87 samples with support for all annotated introns;product=transcription factor 12%2C transcript variant X10;transcript_id=XM_045174427.1"
NC_059186.1,Gnomon,exon,8111414,8111467,.,+,.,"ID=exon-XM_045174427.1-4;Parent=rna-XM_045174427.1;Dbxref=GeneID:116922816,Genbank:XM_045174427.1;experiment=COORDINATES: polyA evidence [ECO:0006239];gbkey=mRNA;gene=LOC116922816;product=transcription factor 12%2C transcript variant X10;transcript_id=XM_045174427.1"
NC_059186.1,Gnomon,CDS,8111414,8111467,.,+,0,"ID=cds-XP_045030362.1;Parent=rna-XM_045174427.1;Dbxref=GeneID:116922816,Genbank:XP_045030362.1;Name=XP_045030362.1;gbkey=CDS;gene=LOC116922816;product=transcription factor 12 isoform X10;protein_id=XP_045030362.1"
NC_059186.1,RefSeq,region,1,12546303,.,+,.,ID=NC_059186.1:1..12546303;Dbxref=taxon:35525;Name=LG5;collection-date=1986;country=USA: Minnesota;gbkey=Src;genome=chromosome;identified-by=National Institute for Environmental Studies (NIES) in Japan;isolate=NIES;isolation-source=Duluth%2C Minnesota;linkage-group=LG5;mol_type=genomic DNA;sex=female;tissue-type=Whole Body
NC_059186.1,Gnomon,gene,8310325,8312289,.,+,.,ID=gene-LOC116922962;Dbxref=GeneID:116922962;Name=LOC116922962;gbkey=Gene;gene=LOC116922962;gene_biotype=protein_coding
NC_059186.1,Gnomon,transcript,8310325,8312289,.,+,.,"ID=rna-XR_004394168.2;Parent=gene-LOC116922962;Dbxref=GeneID:116922962,Genbank:XR_004394168.2;Name=XR_004394168.2;experiment=COORDINATES: polyA evidence [ECO:0006239];gbkey=misc_RNA;gene=LOC116922962;model_evidence=Supporting evidence includes similarity to: 100%25 coverage of the annotated genomic feature by RNAseq alignments%2C including 91 samples with support for all annotated introns;product=uncharacterized LOC116922962%2C transcript variant X3;transcript_id=XR_004394168.2"
NC_059186.1,Gnomon,exon,8310325,8311419,.,+,.,"ID=exon-XR_004394168.2-1;Parent=rna-XR_004394168.2;Dbxref=GeneID:116922962,Genbank:XR_004394168.2;experiment=COORDINATES: polyA evidence [ECO:0006239];gbkey=misc_RNA;gene=LOC116922962;product=uncharacterized LOC116922962%2C transcript variant X3;transcript_id=XR_004394168.2"
NC_059186.1,Gnomon,transcript,8310339,8312289,.,+,.,"ID=rna-XR_004394167.2;Parent=gene-LOC116922962;Dbxref=GeneID:116922962,Genbank:XR_004394167.2;Name=XR_004394167.2;experiment=COORDINATES: polyA evidence [ECO:0006239];gbkey=misc_RNA;gene=LOC116922962;model_evidence=Supporting evidence includes similarity to: 1 Protein%2C and 100%25 coverage of the annotated genomic feature by RNAseq alignments%2C including 130 samples with support for all annotated introns;product=uncharacterized LOC116922962%2C transcript variant X1;transcript_id=XR_004394167.2"
NC_059186.1,Gnomon,exon,8310339,8311419,.,+,.,"ID=exon-XR_004394167.2-1;Parent=rna-XR_004394167.2;Dbxref=GeneID:116922962,Genbank:XR_004394167.2;experiment=COORDINATES: polyA evidence [ECO:0006239];gbkey=misc_RNA;gene=LOC116922962;product=uncharacterized LOC116922962%2C transcript variant X1;transcript_id=XR_004394167.2"
NC_059186.1,Gnomon,mRNA,8310339,8311996,.,+,.,"ID=rna-XM_032929465.2;Parent=gene-LOC116922962;Dbxref=GeneID:116922962,Genbank:XM_032929465.2;Name=XM_032929465.2;experiment=COORDINATES: polyA evidence [ECO:0006239];gbkey=mRNA;gene=LOC116922962;model_evidence=Supporting evidence includes similarity to: 1 Protein%2C and 100%25 coverage of the annotated genomic feature by RNAseq alignments%2C including 144 samples with support for all annotated introns;product=uncharacterized LOC116922962%2C transcript variant X2;transcript_id=XM_032929465.2"
NC_059186.1,Gnomon,exon,8310339,8311419,.,+,.,"ID=exon-XM_032929465.2-1;Parent=rna-XM_032929465.2;Dbxref=GeneID:116922962,Genbank:XM_032929465.2;experiment=COORDINATES: polyA evidence [ECO:0006239];gbkey=mRNA;gene=LOC116922962;product=uncharacterized LOC116922962%2C transcript variant X2;transcript_id=XM_032929465.2"
NC_059186.1,Gnomon,CDS,8310624,8311419,.,+,0,"ID=cds-XP_032785356.1;Parent=rna-XM_032929465.2;Dbxref=GeneID:116922962,Genbank:XP_032785356.1;Name=XP_032785356.1;gbkey=CDS;gene=LOC116922962;product=uncharacterized protein LOC116922962;protein_id=XP_032785356.1"
NC_059186.1,RefSeq,region,1,12546303,.,+,.,ID=NC_059186.1:1..12546303;Dbxref=taxon:35525;Name=LG5;collection-date=1986;country=USA: Minnesota;gbkey=Src;genome=chromosome;identified-by=National Institute for Environmental Studies (NIES) in Japan;isolate=NIES;isolation-source=Duluth%2C Minnesota;linkage-group=LG5;mol_type=genomic DNA;sex=female;tissue-type=Whole Body
NC_059186.1,Gnomon,gene,8388077,8390337,.,+,.,ID=gene-LOC116922875;Dbxref=GeneID:116922875;Name=LOC116922875;gbkey=Gene;gene=LOC116922875;gene_biotype=protein_coding
NC_059186.1,Gnomon,mRNA,8388077,8390337,.,+,.,"ID=rna-XM_032929335.2;Parent=gene-LOC116922875;Dbxref=GeneID:116922875,Genbank:XM_032929335.2;Name=XM_032929335.2;experiment=COORDINATES: polyA evidence [ECO:0006239];gbkey=mRNA;gene=LOC116922875;model_evidence=Supporting evidence includes similarity to: 2 ESTs%2C 26 Proteins%2C and 100%25 coverage of the annotated genomic feature by RNAseq alignments%2C including 144 samples with support for all annotated introns;product=WD40 repeat-containing protein SMU1;transcript_id=XM_032929335.2"
NC_059186.1,Gnomon,exon,8388828,8389246,.,+,.,"ID=exon-XM_032929335.2-5;Parent=rna-XM_032929335.2;Dbxref=GeneID:116922875,Genbank:XM_032929335.2;experiment=COORDINATES: polyA evidence [ECO:0006239];gbkey=mRNA;gene=LOC116922875;product=WD40 repeat-containing protein SMU1;transcript_id=XM_032929335.2"
NC_059186.1,Gnomon,CDS,8388828,8389246,.,+,2,"ID=cds-XP_032785226.1;Parent=rna-XM_032929335.2;Dbxref=GeneID:116922875,Genbank:XP_032785226.1;Name=XP_032785226.1;gbkey=CDS;gene=LOC116922875;product=WD40 repeat-containing protein SMU1;protein_id=XP_032785226.1"
NC_059186.1,RefSeq,region,1,12546303,.,+,.,ID=NC_059186.1:1..12546303;Dbxref=taxon:35525;Name=LG5;collection-date=1986;country=USA: Minnesota;gbkey=Src;genome=chromosome;identified-by=National Institute for Environmental Studies (NIES) in Japan;isolate=NIES;isolation-source=Duluth%2C Minnesota;linkage-group=LG5;mol_type=genomic DNA;sex=female;tissue-type=Whole Body
NC_059186.1,Gnomon,gene,8388077,8390337,.,+,.,ID=gene-LOC116922875;Dbxref=GeneID:116922875;Name=LOC116922875;gbkey=Gene;gene=LOC116922875;gene_biotype=protein_coding
NC_059186.1,Gnomon,mRNA,8388077,8390337,.,+,.,"ID=rna-XM_032929335.2;Parent=gene-LOC116922875;Dbxref=GeneID:116922875,Genbank:XM_032929335.2;Name=XM_032929335.2;experiment=COORDINATES: polyA evidence [ECO:0006239];gbkey=mRNA;gene=LOC116922875;model_evidence=Supporting evidence includes similarity to: 2 ESTs%2C 26 Proteins%2C and 100%25 coverage of the annotated genomic feature by RNAseq alignments%2C including 144 samples with support for all annotated introns;product=WD40 repeat-containing protein SMU1;transcript_id=XM_032929335.2"
NC_059186.1,Gnomon,exon,8388828,8389246,.,+,.,"ID=exon-XM_032929335.2-5;Parent=rna-XM_032929335.2;Dbxref=GeneID:116922875,Genbank:XM_032929335.2;experiment=COORDINATES: polyA evidence [ECO:0006239];gbkey=mRNA;gene=LOC116922875;product=WD40 repeat-containing protein SMU1;transcript_id=XM_032929335.2"
NC_059186.1,Gnomon,CDS,8388828,8389246,.,+,2,"ID=cds-XP_032785226.1;Parent=rna-XM_032929335.2;Dbxref=GeneID:116922875,Genbank:XP_032785226.1;Name=XP_032785226.1;gbkey=CDS;gene=LOC116922875;product=WD40 repeat-containing protein SMU1;protein_id=XP_032785226.1"
NC_059186.1,RefSeq,region,1,12546303,.,+,.,ID=NC_059186.1:1..12546303;Dbxref=taxon:35525;Name=LG5;collection-date=1986;country=USA: Minnesota;gbkey=Src;genome=chromosome;identified-by=National Institute for Environmental Studies (NIES) in Japan;isolate=NIES;isolation-source=Duluth%2C Minnesota;linkage-group=LG5;mol_type=genomic DNA;sex=female;tissue-type=Whole Body
NC_059186.1,RefSeq,region,1,12546303,.,+,.,ID=NC_059186.1:1..12546303;Dbxref=taxon:35525;Name=LG5;collection-date=1986;country=USA: Minnesota;gbkey=Src;genome=chromosome;identified-by=National Institute for Environmental Studies (NIES) in Japan;isolate=NIES;isolation-source=Duluth%2C Minnesota;linkage-group=LG5;mol_type=genomic DNA;sex=female;tissue-type=Whole Body
NC_059186.1,RefSeq,region,1,12546303,.,+,.,ID=NC_059186.1:1..12546303;Dbxref=taxon:35525;Name=LG5;collection-date=1986;country=USA: Minnesota;gbkey=Src;genome=chromosome;identified-by=National Institute for Environmental Studies (NIES) in Japan;isolate=NIES;isolation-source=Duluth%2C Minnesota;linkage-group=LG5;mol_type=genomic DNA;sex=female;tissue-type=Whole Body
NC_059186.1,RefSeq,region,1,12546303,.,+,.,ID=NC_059186.1:1..12546303;Dbxref=taxon:35525;Name=LG5;collection-date=1986;country=USA: Minnesota;gbkey=Src;genome=chromosome;identified-by=National Institute for Environmental Studies (NIES) in Japan;isolate=NIES;isolation-source=Duluth%2C Minnesota;linkage-group=LG5;mol_type=genomic DNA;sex=female;tissue-type=Whole Body
NC_059186.1,RefSeq,region,1,12546303,.,+,.,ID=NC_059186.1:1..12546303;Dbxref=taxon:35525;Name=LG5;collection-date=1986;country=USA: Minnesota;gbkey=Src;genome=chromosome;identified-by=National Institute for Environmental Studies (NIES) in Japan;isolate=NIES;isolation-source=Duluth%2C Minnesota;linkage-group=LG5;mol_type=genomic DNA;sex=female;tissue-type=Whole Body
NC_059187.1,Gnomon,gene,2710403,2712950,.,+,.,ID=gene-LOC116925877;Dbxref=GeneID:116925877;Name=LOC116925877;gbkey=Gene;gene=LOC116925877;gene_biotype=protein_coding
NC_059187.1,Gnomon,mRNA,2710403,2712950,.,+,.,"ID=rna-XM_032932639.2;Parent=gene-LOC116925877;Dbxref=GeneID:116925877,Genbank:XM_032932639.2;Name=XM_032932639.2;experiment=COORDINATES: polyA evidence [ECO:0006239];gbkey=mRNA;gene=LOC116925877;model_evidence=Supporting evidence includes similarity to: 1 EST%2C 8 Proteins%2C and 100%25 coverage of the annotated genomic feature by RNAseq alignments%2C including 145 samples with support for all annotated introns;product=neural Wiskott-Aldrich syndrome protein%2C transcript variant X1;transcript_id=XM_032932639.2"
NC_059187.1,Gnomon,mRNA,2710599,2712950,.,+,.,"ID=rna-XM_032932640.2;Parent=gene-LOC116925877;Dbxref=GeneID:116925877,Genbank:XM_032932640.2;Name=XM_032932640.2;experiment=COORDINATES: polyA evidence [ECO:0006239];gbkey=mRNA;gene=LOC116925877;model_evidence=Supporting evidence includes similarity to: 1 EST%2C 8 Proteins%2C and 100%25 coverage of the annotated genomic feature by RNAseq alignments%2C including 36 samples with support for all annotated introns;product=neural Wiskott-Aldrich syndrome protein%2C transcript variant X2;transcript_id=XM_032932640.2"
NC_059188.1,Gnomon,gene,11105711,11107684,.,-,.,ID=gene-LOC116935055;Dbxref=GeneID:116935055;Name=LOC116935055;gbkey=Gene;gene=LOC116935055;gene_biotype=protein_coding
NC_059188.1,Gnomon,mRNA,11105711,11107684,.,-,.,"ID=rna-XM_045177369.1;Parent=gene-LOC116935055;Dbxref=GeneID:116935055,Genbank:XM_045177369.1;Name=XM_045177369.1;experiment=COORDINATES: polyA evidence [ECO:0006239];gbkey=mRNA;gene=LOC116935055;model_evidence=Supporting evidence includes similarity to: 3 ESTs%2C 8 Proteins%2C and 100%25 coverage of the annotated genomic feature by RNAseq alignments%2C including 145 samples with support for all annotated introns;product=protein C12orf4 homolog;transcript_id=XM_045177369.1"
NC_059188.1,Gnomon,exon,11106627,11107418,.,-,.,"ID=exon-XM_045177369.1-2;Parent=rna-XM_045177369.1;Dbxref=GeneID:116935055,Genbank:XM_045177369.1;experiment=COORDINATES: polyA evidence [ECO:0006239];gbkey=mRNA;gene=LOC116935055;product=protein C12orf4 homolog;transcript_id=XM_045177369.1"
NC_059188.1,Gnomon,CDS,11106627,11107418,.,-,0,"ID=cds-XP_045033304.1;Parent=rna-XM_045177369.1;Dbxref=GeneID:116935055,Genbank:XP_045033304.1;Name=XP_045033304.1;gbkey=CDS;gene=LOC116935055;product=protein C12orf4 homolog;protein_id=XP_045033304.1"
NC_059188.1,Gnomon,gene,11105711,11107684,.,-,.,ID=gene-LOC116935055;Dbxref=GeneID:116935055;Name=LOC116935055;gbkey=Gene;gene=LOC116935055;gene_biotype=protein_coding
NC_059188.1,Gnomon,mRNA,11105711,11107684,.,-,.,"ID=rna-XM_045177369.1;Parent=gene-LOC116935055;Dbxref=GeneID:116935055,Genbank:XM_045177369.1;Name=XM_045177369.1;experiment=COORDINATES: polyA evidence [ECO:0006239];gbkey=mRNA;gene=LOC116935055;model_evidence=Supporting evidence includes similarity to: 3 ESTs%2C 8 Proteins%2C and 100%25 coverage of the annotated genomic feature by RNAseq alignments%2C including 145 samples with support for all annotated introns;product=protein C12orf4 homolog;transcript_id=XM_045177369.1"
NC_059188.1,Gnomon,exon,11106627,11107418,.,-,.,"ID=exon-XM_045177369.1-2;Parent=rna-XM_045177369.1;Dbxref=GeneID:116935055,Genbank:XM_045177369.1;experiment=COORDINATES: polyA evidence [ECO:0006239];gbkey=mRNA;gene=LOC116935055;product=protein C12orf4 homolog;transcript_id=XM_045177369.1"
NC_059188.1,Gnomon,CDS,11106627,11107418,.,-,0,"ID=cds-XP_045033304.1;Parent=rna-XM_045177369.1;Dbxref=GeneID:116935055,Genbank:XP_045033304.1;Name=XP_045033304.1;gbkey=CDS;gene=LOC116935055;product=protein C12orf4 homolog;protein_id=XP_045033304.1"
NC_059188.1,Gnomon,gene,12297364,12300260,.,+,.,ID=gene-LOC116926505;Dbxref=GeneID:116926505;Name=LOC116926505;gbkey=Gene;gene=LOC116926505;gene_biotype=protein_coding
NC_059188.1,Gnomon,mRNA,12297364,12300260,.,+,.,"ID=rna-XM_032933429.2;Parent=gene-LOC116926505;Dbxref=GeneID:116926505,Genbank:XM_032933429.2;Name=XM_032933429.2;experiment=COORDINATES: polyA evidence [ECO:0006239];gbkey=mRNA;gene=LOC116926505;model_evidence=Supporting evidence includes similarity to: 7 Proteins%2C and 100%25 coverage of the annotated genomic feature by RNAseq alignments%2C including 70 samples with support for all annotated introns;product=SET and MYND domain-containing protein 4;transcript_id=XM_032933429.2"
NC_059188.1,Gnomon,exon,12299056,12300260,.,+,.,"ID=exon-XM_032933429.2-4;Parent=rna-XM_032933429.2;Dbxref=GeneID:116926505,Genbank:XM_032933429.2;experiment=COORDINATES: polyA evidence [ECO:0006239];gbkey=mRNA;gene=LOC116926505;product=SET and MYND domain-containing protein 4;transcript_id=XM_032933429.2"
NC_059188.1,Gnomon,CDS,12299056,12300069,.,+,0,"ID=cds-XP_032789320.2;Parent=rna-XM_032933429.2;Dbxref=GeneID:116926505,Genbank:XP_032789320.2;Name=XP_032789320.2;gbkey=CDS;gene=LOC116926505;product=SET and MYND domain-containing protein 4;protein_id=XP_032789320.2"
NC_059188.1,Gnomon,gene,12297364,12300260,.,+,.,ID=gene-LOC116926505;Dbxref=GeneID:116926505;Name=LOC116926505;gbkey=Gene;gene=LOC116926505;gene_biotype=protein_coding
NC_059188.1,Gnomon,mRNA,12297364,12300260,.,+,.,"ID=rna-XM_032933429.2;Parent=gene-LOC116926505;Dbxref=GeneID:116926505,Genbank:XM_032933429.2;Name=XM_032933429.2;experiment=COORDINATES: polyA evidence [ECO:0006239];gbkey=mRNA;gene=LOC116926505;model_evidence=Supporting evidence includes similarity to: 7 Proteins%2C and 100%25 coverage of the annotated genomic feature by RNAseq alignments%2C including 70 samples with support for all annotated introns;product=SET and MYND domain-containing protein 4;transcript_id=XM_032933429.2"
NC_059188.1,Gnomon,exon,12299056,12300260,.,+,.,"ID=exon-XM_032933429.2-4;Parent=rna-XM_032933429.2;Dbxref=GeneID:116926505,Genbank:XM_032933429.2;experiment=COORDINATES: polyA evidence [ECO:0006239];gbkey=mRNA;gene=LOC116926505;product=SET and MYND domain-containing protein 4;transcript_id=XM_032933429.2"
NC_059188.1,Gnomon,CDS,12299056,12300069,.,+,0,"ID=cds-XP_032789320.2;Parent=rna-XM_032933429.2;Dbxref=GeneID:116926505,Genbank:XP_032789320.2;Name=XP_032789320.2;gbkey=CDS;gene=LOC116926505;product=SET and MYND domain-containing protein 4;protein_id=XP_032789320.2"
NC_059188.1,Gnomon,gene,12297364,12300260,.,+,.,ID=gene-LOC116926505;Dbxref=GeneID:116926505;Name=LOC116926505;gbkey=Gene;gene=LOC116926505;gene_biotype=protein_coding
NC_059188.1,Gnomon,mRNA,12297364,12300260,.,+,.,"ID=rna-XM_032933429.2;Parent=gene-LOC116926505;Dbxref=GeneID:116926505,Genbank:XM_032933429.2;Name=XM_032933429.2;experiment=COORDINATES: polyA evidence [ECO:0006239];gbkey=mRNA;gene=LOC116926505;model_evidence=Supporting evidence includes similarity to: 7 Proteins%2C and 100%25 coverage of the annotated genomic feature by RNAseq alignments%2C including 70 samples with support for all annotated introns;product=SET and MYND domain-containing protein 4;transcript_id=XM_032933429.2"
NC_059188.1,Gnomon,exon,12299056,12300260,.,+,.,"ID=exon-XM_032933429.2-4;Parent=rna-XM_032933429.2;Dbxref=GeneID:116926505,Genbank:XM_032933429.2;experiment=COORDINATES: polyA evidence [ECO:0006239];gbkey=mRNA;gene=LOC116926505;product=SET and MYND domain-containing protein 4;transcript_id=XM_032933429.2"
NC_059188.1,Gnomon,CDS,12299056,12300069,.,+,0,"ID=cds-XP_032789320.2;Parent=rna-XM_032933429.2;Dbxref=GeneID:116926505,Genbank:XP_032789320.2;Name=XP_032789320.2;gbkey=CDS;gene=LOC116926505;product=SET and MYND domain-containing protein 4;protein_id=XP_032789320.2"
NC_059189.1,Gnomon,gene,830867,857102,.,-,.,ID=gene-LOC116929579;Dbxref=GeneID:116929579;Name=LOC116929579;gbkey=Gene;gene=LOC116929579;gene_biotype=protein_coding
NC_059189.1,Gnomon,mRNA,830867,857102,.,-,.,"ID=rna-XM_045178532.1;Parent=gene-LOC116929579;Dbxref=GeneID:116929579,Genbank:XM_045178532.1;Name=XM_045178532.1;Note=The sequence of the model RefSeq transcript was modified relative to this genomic sequence to represent the inferred CDS: deleted 2 bases in 2 codons;exception=unclassified transcription discrepancy;experiment=COORDINATES: polyA evidence [ECO:0006239];gbkey=mRNA;gene=LOC116929579;model_evidence=Supporting evidence includes similarity to: 4 ESTs%2C 20 Proteins%2C and 100%25 coverage of the annotated genomic feature by RNAseq alignments%2C including 39 samples with support for all annotated introns;product=microtubule-associated protein futsch;transcript_id=XM_045178532.1"
NC_059189.1,Gnomon,exon,837104,845077,.,-,.,"ID=exon-XM_045178532.1-8;Parent=rna-XM_045178532.1;Dbxref=GeneID:116929579,Genbank:XM_045178532.1;Note=The sequence of the model RefSeq transcript was modified relative to this genomic sequence to represent the inferred CDS: deleted 2 bases in 2 codons;exception=unclassified transcription discrepancy;experiment=COORDINATES: polyA evidence [ECO:0006239];gbkey=mRNA;gene=LOC116929579;product=microtubule-associated protein futsch;transcript_id=XM_045178532.1"
NC_059189.1,Gnomon,CDS,837104,845077,.,-,0,"ID=cds-XP_045034467.1;Parent=rna-XM_045178532.1;Dbxref=GeneID:116929579,Genbank:XP_045034467.1;Name=XP_045034467.1;Note=The sequence of the model RefSeq protein was modified relative to this genomic sequence to represent the inferred CDS: deleted 2 bases in 2 codons;exception=unclassified translation discrepancy;gbkey=CDS;gene=LOC116929579;product=LOW QUALITY PROTEIN: microtubule-associated protein futsch;protein_id=XP_045034467.1"
NC_059189.1,Gnomon,gene,907153,908605,.,+,.,ID=gene-LOC116929591;Dbxref=GeneID:116929591;Name=LOC116929591;gbkey=Gene;gene=LOC116929591;gene_biotype=protein_coding
NC_059189.1,Gnomon,mRNA,907153,908605,.,+,.,"ID=rna-XM_032936855.2;Parent=gene-LOC116929591;Dbxref=GeneID:116929591,Genbank:XM_032936855.2;Name=XM_032936855.2;experiment=COORDINATES: polyA evidence [ECO:0006239];gbkey=mRNA;gene=LOC116929591;model_evidence=Supporting evidence includes similarity to: 5 Proteins%2C and 100%25 coverage of the annotated genomic feature by RNAseq alignments%2C including 144 samples with support for all annotated introns;product=epimerase family protein SDR39U1;transcript_id=XM_032936855.2"
NC_059189.1,Gnomon,exon,907488,907802,.,+,.,"ID=exon-XM_032936855.2-2;Parent=rna-XM_032936855.2;Dbxref=GeneID:116929591,Genbank:XM_032936855.2;experiment=COORDINATES: polyA evidence [ECO:0006239];gbkey=mRNA;gene=LOC116929591;product=epimerase family protein SDR39U1;transcript_id=XM_032936855.2"
NC_059189.1,Gnomon,CDS,907488,907802,.,+,2,"ID=cds-XP_032792746.1;Parent=rna-XM_032936855.2;Dbxref=GeneID:116929591,Genbank:XP_032792746.1;Name=XP_032792746.1;gbkey=CDS;gene=LOC116929591;product=epimerase family protein SDR39U1;protein_id=XP_032792746.1"
NC_059189.1,Gnomon,gene,995527,997341,.,+,.,ID=gene-LOC123475606;Dbxref=GeneID:123475606;Name=LOC123475606;gbkey=Gene;gene=LOC123475606;gene_biotype=protein_coding
NC_059189.1,Gnomon,mRNA,995527,997341,.,+,.,"ID=rna-XM_045178541.1;Parent=gene-LOC123475606;Dbxref=GeneID:123475606,Genbank:XM_045178541.1;Name=XM_045178541.1;experiment=COORDINATES: polyA evidence [ECO:0006239];gbkey=mRNA;gene=LOC123475606;model_evidence=Supporting evidence includes similarity to: 100%25 coverage of the annotated genomic feature by RNAseq alignments%2C including 67 samples with support for all annotated introns;product=uncharacterized LOC123475606;transcript_id=XM_045178541.1"
NC_059189.1,Gnomon,exon,995803,996708,.,+,.,"ID=exon-XM_045178541.1-2;Parent=rna-XM_045178541.1;Dbxref=GeneID:123475606,Genbank:XM_045178541.1;experiment=COORDINATES: polyA evidence [ECO:0006239];gbkey=mRNA;gene=LOC123475606;product=uncharacterized LOC123475606;transcript_id=XM_045178541.1"
NC_059189.1,Gnomon,CDS,995803,996708,.,+,0,"ID=cds-XP_045034476.1;Parent=rna-XM_045178541.1;Dbxref=GeneID:123475606,Genbank:XP_045034476.1;Name=XP_045034476.1;gbkey=CDS;gene=LOC123475606;product=uncharacterized protein LOC123475606;protein_id=XP_045034476.1"
NC_059189.1,Gnomon,gene,995527,997341,.,+,.,ID=gene-LOC123475606;Dbxref=GeneID:123475606;Name=LOC123475606;gbkey=Gene;gene=LOC123475606;gene_biotype=protein_coding
NC_059189.1,Gnomon,mRNA,995527,997341,.,+,.,"ID=rna-XM_045178541.1;Parent=gene-LOC123475606;Dbxref=GeneID:123475606,Genbank:XM_045178541.1;Name=XM_045178541.1;experiment=COORDINATES: polyA evidence [ECO:0006239];gbkey=mRNA;gene=LOC123475606;model_evidence=Supporting evidence includes similarity to: 100%25 coverage of the annotated genomic feature by RNAseq alignments%2C including 67 samples with support for all annotated introns;product=uncharacterized LOC123475606;transcript_id=XM_045178541.1"
NC_059189.1,Gnomon,exon,995803,996708,.,+,.,"ID=exon-XM_045178541.1-2;Parent=rna-XM_045178541.1;Dbxref=GeneID:123475606,Genbank:XM_045178541.1;experiment=COORDINATES: polyA evidence [ECO:0006239];gbkey=mRNA;gene=LOC123475606;product=uncharacterized LOC123475606;transcript_id=XM_045178541.1"
NC_059189.1,Gnomon,CDS,995803,996708,.,+,0,"ID=cds-XP_045034476.1;Parent=rna-XM_045178541.1;Dbxref=GeneID:123475606,Genbank:XP_045034476.1;Name=XP_045034476.1;gbkey=CDS;gene=LOC123475606;product=uncharacterized protein LOC123475606;protein_id=XP_045034476.1"
NC_059189.1,Gnomon,gene,2961307,2964235,.,-,.,ID=gene-LOC116928794;Dbxref=GeneID:116928794;Name=LOC116928794;gbkey=Gene;gene=LOC116928794;gene_biotype=protein_coding
NC_059189.1,Gnomon,mRNA,2961307,2964235,.,-,.,"ID=rna-XM_032935912.2;Parent=gene-LOC116928794;Dbxref=GeneID:116928794,Genbank:XM_032935912.2;Name=XM_032935912.2;experiment=COORDINATES: polyA evidence [ECO:0006239];gbkey=mRNA;gene=LOC116928794;model_evidence=Supporting evidence includes similarity to: 2 mRNAs%2C 4 Proteins%2C and 100%25 coverage of the annotated genomic feature by RNAseq alignments%2C including 122 samples with support for all annotated introns;product=protein scarlet;transcript_id=XM_032935912.2"
NC_059189.1,Gnomon,exon,2961307,2961629,.,-,.,"ID=exon-XM_032935912.2-13;Parent=rna-XM_032935912.2;Dbxref=GeneID:116928794,Genbank:XM_032935912.2;experiment=COORDINATES: polyA evidence [ECO:0006239];gbkey=mRNA;gene=LOC116928794;product=protein scarlet;transcript_id=XM_032935912.2"
NC_059189.1,Gnomon,CDS,2961362,2961629,.,-,1,"ID=cds-XP_032791803.2;Parent=rna-XM_032935912.2;Dbxref=GeneID:116928794,Genbank:XP_032791803.2;Name=XP_032791803.2;gbkey=CDS;gene=LOC116928794;product=protein scarlet;protein_id=XP_032791803.2"
NC_059189.1,Gnomon,gene,4097108,4099583,.,+,.,ID=gene-LOC116929017;Dbxref=GeneID:116929017;Name=LOC116929017;gbkey=Gene;gene=LOC116929017;gene_biotype=protein_coding
NC_059189.1,Gnomon,mRNA,4097108,4099583,.,+,.,"ID=rna-XM_032936174.2;Parent=gene-LOC116929017;Dbxref=GeneID:116929017,Genbank:XM_032936174.2;Name=XM_032936174.2;experiment=COORDINATES: polyA evidence [ECO:0006239];gbkey=mRNA;gene=LOC116929017;model_evidence=Supporting evidence includes similarity to: 3 ESTs%2C 1 Protein%2C and 95%25 coverage of the annotated genomic feature by RNAseq alignments;product=putative per-hexamer repeat protein 5%2C transcript variant X3;transcript_id=XM_032936174.2"
NC_059189.1,Gnomon,mRNA,4098771,4099583,.,+,.,"ID=rna-XM_045177646.1;Parent=gene-LOC116929017;Dbxref=GeneID:116929017,Genbank:XM_045177646.1;Name=XM_045177646.1;experiment=COORDINATES: polyA evidence [ECO:0006239];gbkey=mRNA;gene=LOC116929017;model_evidence=Supporting evidence includes similarity to: 6 ESTs%2C 1 Protein%2C and 100%25 coverage of the annotated genomic feature by RNAseq alignments%2C including 141 samples with support for all annotated introns;product=putative per-hexamer repeat protein 5%2C transcript variant X2;transcript_id=XM_045177646.1"
NC_059189.1,Gnomon,exon,4098964,4099099,.,+,.,"ID=exon-XM_045177646.1-2;Parent=rna-XM_045177646.1;Dbxref=GeneID:116929017,Genbank:XM_045177646.1;experiment=COORDINATES: polyA evidence [ECO:0006239];gbkey=mRNA;gene=LOC116929017;product=putative per-hexamer repeat protein 5%2C transcript variant X2;transcript_id=XM_045177646.1"
NC_059189.1,Gnomon,CDS,4098964,4099099,.,+,0,"ID=cds-XP_045033581.1;Parent=rna-XM_045177646.1;Dbxref=GeneID:116929017,Genbank:XP_045033581.1;Name=XP_045033581.1;gbkey=CDS;gene=LOC116929017;product=putative glycine-rich cell wall structural protein 1 isoform X2;protein_id=XP_045033581.1"
NC_059189.1,Gnomon,gene,9102833,9104907,.,-,.,ID=gene-LOC116929709;Dbxref=GeneID:116929709;Name=LOC116929709;gbkey=Gene;gene=LOC116929709;gene_biotype=protein_coding
NC_059189.1,Gnomon,mRNA,9102833,9104907,.,-,.,"ID=rna-XM_032937044.2;Parent=gene-LOC116929709;Dbxref=GeneID:116929709,Genbank:XM_032937044.2;Name=XM_032937044.2;experiment=COORDINATES: polyA evidence [ECO:0006239];gbkey=mRNA;gene=LOC116929709;model_evidence=Supporting evidence includes similarity to: 1 Protein%2C and 100%25 coverage of the annotated genomic feature by RNAseq alignments%2C including 132 samples with support for all annotated introns;product=COP1-interactive protein 1;transcript_id=XM_032937044.2"
NC_059189.1,Gnomon,exon,9103599,9103834,.,-,.,"ID=exon-XM_032937044.2-5;Parent=rna-XM_032937044.2;Dbxref=GeneID:116929709,Genbank:XM_032937044.2;experiment=COORDINATES: polyA evidence [ECO:0006239];gbkey=mRNA;gene=LOC116929709;product=COP1-interactive protein 1;transcript_id=XM_032937044.2"
NC_059189.1,Gnomon,CDS,9103599,9103834,.,-,0,"ID=cds-XP_032792935.2;Parent=rna-XM_032937044.2;Dbxref=GeneID:116929709,Genbank:XP_032792935.2;Name=XP_032792935.2;gbkey=CDS;gene=LOC116929709;product=COP1-interactive protein 1;protein_id=XP_032792935.2"
NC_059182.1,RefSeq,region,1,19099978,.,+,.,ID=NC_059182.1:1..19099978;Dbxref=taxon:35525;Name=LG1;collection-date=1986;country=USA: Minnesota;gbkey=Src;genome=chromosome;identified-by=National Institute for Environmental Studies (NIES) in Japan;isolate=NIES;isolation-source=Duluth%2C Minnesota;linkage-group=LG1;mol_type=genomic DNA;sex=female;tissue-type=Whole Body
NC_059182.1,Gnomon,gene,1532051,1533386,.,+,.,ID=gene-LOC116920335;Dbxref=GeneID:116920335;Name=LOC116920335;gbkey=Gene;gene=LOC116920335;gene_biotype=protein_coding
NC_059182.1,Gnomon,mRNA,1532051,1533386,.,+,.,"ID=rna-XM_032926552.2;Parent=gene-LOC116920335;Dbxref=GeneID:116920335,Genbank:XM_032926552.2;Name=XM_032926552.2;experiment=COORDINATES: polyA evidence [ECO:0006239];gbkey=mRNA;gene=LOC116920335;model_evidence=Supporting evidence includes similarity to: 1 EST%2C 14 Proteins%2C and 100%25 coverage of the annotated genomic feature by RNAseq alignments%2C including 146 samples with support for all annotated introns;product=Golgi SNAP receptor complex member 1;transcript_id=XM_032926552.2"
NC_059182.1,RefSeq,region,1,19099978,.,+,.,ID=NC_059182.1:1..19099978;Dbxref=taxon:35525;Name=LG1;collection-date=1986;country=USA: Minnesota;gbkey=Src;genome=chromosome;identified-by=National Institute for Environmental Studies (NIES) in Japan;isolate=NIES;isolation-source=Duluth%2C Minnesota;linkage-group=LG1;mol_type=genomic DNA;sex=female;tissue-type=Whole Body
NC_059182.1,Gnomon,gene,1532051,1533386,.,+,.,ID=gene-LOC116920335;Dbxref=GeneID:116920335;Name=LOC116920335;gbkey=Gene;gene=LOC116920335;gene_biotype=protein_coding
NC_059182.1,Gnomon,mRNA,1532051,1533386,.,+,.,"ID=rna-XM_032926552.2;Parent=gene-LOC116920335;Dbxref=GeneID:116920335,Genbank:XM_032926552.2;Name=XM_032926552.2;experiment=COORDINATES: polyA evidence [ECO:0006239];gbkey=mRNA;gene=LOC116920335;model_evidence=Supporting evidence includes similarity to: 1 EST%2C 14 Proteins%2C and 100%25 coverage of the annotated genomic feature by RNAseq alignments%2C including 146 samples with support for all annotated introns;product=Golgi SNAP receptor complex member 1;transcript_id=XM_032926552.2"
NC_059182.1,RefSeq,region,1,19099978,.,+,.,ID=NC_059182.1:1..19099978;Dbxref=taxon:35525;Name=LG1;collection-date=1986;country=USA: Minnesota;gbkey=Src;genome=chromosome;identified-by=National Institute for Environmental Studies (NIES) in Japan;isolate=NIES;isolation-source=Duluth%2C Minnesota;linkage-group=LG1;mol_type=genomic DNA;sex=female;tissue-type=Whole Body
NC_059182.1,Gnomon,gene,6381116,6384195,.,+,.,ID=gene-LOC116925677;Dbxref=GeneID:116925677;Name=LOC116925677;gbkey=Gene;gene=LOC116925677;gene_biotype=protein_coding
NC_059182.1,Gnomon,mRNA,6381116,6384195,.,+,.,"ID=rna-XM_032932403.2;Parent=gene-LOC116925677;Dbxref=GeneID:116925677,Genbank:XM_032932403.2;Name=XM_032932403.2;experiment=COORDINATES: polyA evidence [ECO:0006239];gbkey=mRNA;gene=LOC116925677;model_evidence=Supporting evidence includes similarity to: 5 Proteins%2C and 100%25 coverage of the annotated genomic feature by RNAseq alignments%2C including 76 samples with support for all annotated introns;product=uncharacterized LOC116925677;transcript_id=XM_032932403.2"
NC_059182.1,Gnomon,exon,6383402,6384195,.,+,.,"ID=exon-XM_032932403.2-9;Parent=rna-XM_032932403.2;Dbxref=GeneID:116925677,Genbank:XM_032932403.2;experiment=COORDINATES: polyA evidence [ECO:0006239];gbkey=mRNA;gene=LOC116925677;product=uncharacterized LOC116925677;transcript_id=XM_032932403.2"
NC_059182.1,Gnomon,CDS,6383402,6384091,.,+,0,"ID=cds-XP_032788294.2;Parent=rna-XM_032932403.2;Dbxref=GeneID:116925677,Genbank:XP_032788294.2;Name=XP_032788294.2;gbkey=CDS;gene=LOC116925677;product=uncharacterized protein LOC116925677;protein_id=XP_032788294.2"
NC_059182.1,RefSeq,region,1,19099978,.,+,.,ID=NC_059182.1:1..19099978;Dbxref=taxon:35525;Name=LG1;collection-date=1986;country=USA: Minnesota;gbkey=Src;genome=chromosome;identified-by=National Institute for Environmental Studies (NIES) in Japan;isolate=NIES;isolation-source=Duluth%2C Minnesota;linkage-group=LG1;mol_type=genomic DNA;sex=female;tissue-type=Whole Body
NC_059182.1,Gnomon,gene,6595864,6597422,.,-,.,ID=gene-LOC116927629;Dbxref=GeneID:116927629;Name=LOC116927629;gbkey=Gene;gene=LOC116927629;gene_biotype=protein_coding
NC_059182.1,Gnomon,mRNA,6595864,6597422,.,-,.,"ID=rna-XM_032934699.2;Parent=gene-LOC116927629;Dbxref=GeneID:116927629,Genbank:XM_032934699.2;Name=XM_032934699.2;experiment=COORDINATES: polyA evidence [ECO:0006239];gbkey=mRNA;gene=LOC116927629;model_evidence=Supporting evidence includes similarity to: 8 Proteins%2C and 100%25 coverage of the annotated genomic feature by RNAseq alignments%2C including 146 samples with support for all annotated introns;product=maspardin;transcript_id=XM_032934699.2"
NC_059182.1,Gnomon,exon,6595864,6596209,.,-,.,"ID=exon-XM_032934699.2-7;Parent=rna-XM_032934699.2;Dbxref=GeneID:116927629,Genbank:XM_032934699.2;experiment=COORDINATES: polyA evidence [ECO:0006239];gbkey=mRNA;gene=LOC116927629;product=maspardin;transcript_id=XM_032934699.2"
NC_059182.1,RefSeq,region,1,19099978,.,+,.,ID=NC_059182.1:1..19099978;Dbxref=taxon:35525;Name=LG1;collection-date=1986;country=USA: Minnesota;gbkey=Src;genome=chromosome;identified-by=National Institute for Environmental Studies (NIES) in Japan;isolate=NIES;isolation-source=Duluth%2C Minnesota;linkage-group=LG1;mol_type=genomic DNA;sex=female;tissue-type=Whole Body
NC_059182.1,Gnomon,gene,6595864,6597422,.,-,.,ID=gene-LOC116927629;Dbxref=GeneID:116927629;Name=LOC116927629;gbkey=Gene;gene=LOC116927629;gene_biotype=protein_coding
NC_059182.1,Gnomon,mRNA,6595864,6597422,.,-,.,"ID=rna-XM_032934699.2;Parent=gene-LOC116927629;Dbxref=GeneID:116927629,Genbank:XM_032934699.2;Name=XM_032934699.2;experiment=COORDINATES: polyA evidence [ECO:0006239];gbkey=mRNA;gene=LOC116927629;model_evidence=Supporting evidence includes similarity to: 8 Proteins%2C and 100%25 coverage of the annotated genomic feature by RNAseq alignments%2C including 146 samples with support for all annotated introns;product=maspardin;transcript_id=XM_032934699.2"
NC_059182.1,Gnomon,exon,6595864,6596209,.,-,.,"ID=exon-XM_032934699.2-7;Parent=rna-XM_032934699.2;Dbxref=GeneID:116927629,Genbank:XM_032934699.2;experiment=COORDINATES: polyA evidence [ECO:0006239];gbkey=mRNA;gene=LOC116927629;product=maspardin;transcript_id=XM_032934699.2"
NC_059182.1,RefSeq,region,1,19099978,.,+,.,ID=NC_059182.1:1..19099978;Dbxref=taxon:35525;Name=LG1;collection-date=1986;country=USA: Minnesota;gbkey=Src;genome=chromosome;identified-by=National Institute for Environmental Studies (NIES) in Japan;isolate=NIES;isolation-source=Duluth%2C Minnesota;linkage-group=LG1;mol_type=genomic DNA;sex=female;tissue-type=Whole Body
NC_059182.1,Gnomon,gene,6595864,6597422,.,-,.,ID=gene-LOC116927629;Dbxref=GeneID:116927629;Name=LOC116927629;gbkey=Gene;gene=LOC116927629;gene_biotype=protein_coding
NC_059182.1,Gnomon,mRNA,6595864,6597422,.,-,.,"ID=rna-XM_032934699.2;Parent=gene-LOC116927629;Dbxref=GeneID:116927629,Genbank:XM_032934699.2;Name=XM_032934699.2;experiment=COORDINATES: polyA evidence [ECO:0006239];gbkey=mRNA;gene=LOC116927629;model_evidence=Supporting evidence includes similarity to: 8 Proteins%2C and 100%25 coverage of the annotated genomic feature by RNAseq alignments%2C including 146 samples with support for all annotated introns;product=maspardin;transcript_id=XM_032934699.2"
NC_059182.1,Gnomon,exon,6595864,6596209,.,-,.,"ID=exon-XM_032934699.2-7;Parent=rna-XM_032934699.2;Dbxref=GeneID:116927629,Genbank:XM_032934699.2;experiment=COORDINATES: polyA evidence [ECO:0006239];gbkey=mRNA;gene=LOC116927629;product=maspardin;transcript_id=XM_032934699.2"
NC_059182.1,RefSeq,region,1,19099978,.,+,.,ID=NC_059182.1:1..19099978;Dbxref=taxon:35525;Name=LG1;collection-date=1986;country=USA: Minnesota;gbkey=Src;genome=chromosome;identified-by=National Institute for Environmental Studies (NIES) in Japan;isolate=NIES;isolation-source=Duluth%2C Minnesota;linkage-group=LG1;mol_type=genomic DNA;sex=female;tissue-type=Whole Body
NC_059182.1,Gnomon,gene,6595864,6597422,.,-,.,ID=gene-LOC116927629;Dbxref=GeneID:116927629;Name=LOC116927629;gbkey=Gene;gene=LOC116927629;gene_biotype=protein_coding
NC_059182.1,Gnomon,mRNA,6595864,6597422,.,-,.,"ID=rna-XM_032934699.2;Parent=gene-LOC116927629;Dbxref=GeneID:116927629,Genbank:XM_032934699.2;Name=XM_032934699.2;experiment=COORDINATES: polyA evidence [ECO:0006239];gbkey=mRNA;gene=LOC116927629;model_evidence=Supporting evidence includes similarity to: 8 Proteins%2C and 100%25 coverage of the annotated genomic feature by RNAseq alignments%2C including 146 samples with support for all annotated introns;product=maspardin;transcript_id=XM_032934699.2"
NC_059182.1,Gnomon,exon,6595864,6596209,.,-,.,"ID=exon-XM_032934699.2-7;Parent=rna-XM_032934699.2;Dbxref=GeneID:116927629,Genbank:XM_032934699.2;experiment=COORDINATES: polyA evidence [ECO:0006239];gbkey=mRNA;gene=LOC116927629;product=maspardin;transcript_id=XM_032934699.2"
NC_059182.1,RefSeq,region,1,19099978,.,+,.,ID=NC_059182.1:1..19099978;Dbxref=taxon:35525;Name=LG1;collection-date=1986;country=USA: Minnesota;gbkey=Src;genome=chromosome;identified-by=National Institute for Environmental Studies (NIES) in Japan;isolate=NIES;isolation-source=Duluth%2C Minnesota;linkage-group=LG1;mol_type=genomic DNA;sex=female;tissue-type=Whole Body
NC_059182.1,RefSeq,region,1,19099978,.,+,.,ID=NC_059182.1:1..19099978;Dbxref=taxon:35525;Name=LG1;collection-date=1986;country=USA: Minnesota;gbkey=Src;genome=chromosome;identified-by=National Institute for Environmental Studies (NIES) in Japan;isolate=NIES;isolation-source=Duluth%2C Minnesota;linkage-group=LG1;mol_type=genomic DNA;sex=female;tissue-type=Whole Body
NC_059182.1,RefSeq,region,1,19099978,.,+,.,ID=NC_059182.1:1..19099978;Dbxref=taxon:35525;Name=LG1;collection-date=1986;country=USA: Minnesota;gbkey=Src;genome=chromosome;identified-by=National Institute for Environmental Studies (NIES) in Japan;isolate=NIES;isolation-source=Duluth%2C Minnesota;linkage-group=LG1;mol_type=genomic DNA;sex=female;tissue-type=Whole Body
NC_059182.1,RefSeq,region,1,19099978,.,+,.,ID=NC_059182.1:1..19099978;Dbxref=taxon:35525;Name=LG1;collection-date=1986;country=USA: Minnesota;gbkey=Src;genome=chromosome;identified-by=National Institute for Environmental Studies (NIES) in Japan;isolate=NIES;isolation-source=Duluth%2C Minnesota;linkage-group=LG1;mol_type=genomic DNA;sex=female;tissue-type=Whole Body
NC_059182.1,RefSeq,region,1,19099978,.,+,.,ID=NC_059182.1:1..19099978;Dbxref=taxon:35525;Name=LG1;collection-date=1986;country=USA: Minnesota;gbkey=Src;genome=chromosome;identified-by=National Institute for Environmental Studies (NIES) in Japan;isolate=NIES;isolation-source=Duluth%2C Minnesota;linkage-group=LG1;mol_type=genomic DNA;sex=female;tissue-type=Whole Body
NC_059182.1,Gnomon,gene,16255892,16266538,.,+,.,ID=gene-LOC116931745;Dbxref=GeneID:116931745;Name=LOC116931745;gbkey=Gene;gene=LOC116931745;gene_biotype=protein_coding
NC_059182.1,Gnomon,mRNA,16255892,16266538,.,+,.,"ID=rna-XM_032939388.2;Parent=gene-LOC116931745;Dbxref=GeneID:116931745,Genbank:XM_032939388.2;Name=XM_032939388.2;experiment=COORDINATES: polyA evidence [ECO:0006239];gbkey=mRNA;gene=LOC116931745;model_evidence=Supporting evidence includes similarity to: 2 Proteins%2C and 100%25 coverage of the annotated genomic feature by RNAseq alignments%2C including 120 samples with support for all annotated introns;product=huntingtin;transcript_id=XM_032939388.2"
NC_059182.1,Gnomon,exon,16261548,16261711,.,+,.,"ID=exon-XM_032939388.2-20;Parent=rna-XM_032939388.2;Dbxref=GeneID:116931745,Genbank:XM_032939388.2;experiment=COORDINATES: polyA evidence [ECO:0006239];gbkey=mRNA;gene=LOC116931745;product=huntingtin;transcript_id=XM_032939388.2"
NC_059182.1,Gnomon,CDS,16261548,16261711,.,+,1,"ID=cds-XP_032795279.2;Parent=rna-XM_032939388.2;Dbxref=GeneID:116931745,Genbank:XP_032795279.2;Name=XP_032795279.2;gbkey=CDS;gene=LOC116931745;product=huntingtin;protein_id=XP_032795279.2"
NC_059183.1,RefSeq,cDNA_match,13495970,13497328,.,-,.,ID=c0cd106f-7e54-4f69-9126-945ee714e8d9;Target=XM_045169818.1 649 2007 +;for_remapping=2;gap_count=7;num_ident=12975;num_mismatch=0;pct_coverage=100;pct_coverage_hiqual=100;pct_identity_gap=99.9384;pct_identity_ungap=100;rank=1
NC_059183.1,Gnomon,gene,16721806,16724000,.,-,.,ID=gene-LOC116917695;Dbxref=GeneID:116917695;Name=LOC116917695;gbkey=Gene;gene=LOC116917695;gene_biotype=protein_coding
NC_059183.1,Gnomon,transcript,16721806,16723964,.,-,.,"ID=rna-XR_004391231.2;Parent=gene-LOC116917695;Dbxref=GeneID:116917695,Genbank:XR_004391231.2;Name=XR_004391231.2;experiment=COORDINATES: polyA evidence [ECO:0006239];gbkey=misc_RNA;gene=LOC116917695;model_evidence=Supporting evidence includes similarity to: 15 Proteins%2C and 100%25 coverage of the annotated genomic feature by RNAseq alignments%2C including 123 samples with support for all annotated introns;product=tRNA N(3)-methylcytidine methyltransferase METTL6%2C transcript variant X2;transcript_id=XR_004391231.2"
NC_059183.1,Gnomon,transcript,16721806,16723964,.,-,.,"ID=rna-XR_004391232.2;Parent=gene-LOC116917695;Dbxref=GeneID:116917695,Genbank:XR_004391232.2;Name=XR_004391232.2;experiment=COORDINATES: polyA evidence [ECO:0006239];gbkey=misc_RNA;gene=LOC116917695;model_evidence=Supporting evidence includes similarity to: 15 Proteins%2C and 100%25 coverage of the annotated genomic feature by RNAseq alignments%2C including 117 samples with support for all annotated introns;product=tRNA N(3)-methylcytidine methyltransferase METTL6%2C transcript variant X5;transcript_id=XR_004391232.2"
NC_059183.1,Gnomon,transcript,16721806,16723964,.,-,.,"ID=rna-XR_006643106.1;Parent=gene-LOC116917695;Dbxref=GeneID:116917695,Genbank:XR_006643106.1;Name=XR_006643106.1;experiment=COORDINATES: polyA evidence [ECO:0006239];gbkey=misc_RNA;gene=LOC116917695;model_evidence=Supporting evidence includes similarity to: 15 Proteins%2C and 100%25 coverage of the annotated genomic feature by RNAseq alignments%2C including 118 samples with support for all annotated introns;product=tRNA N(3)-methylcytidine methyltransferase METTL6%2C transcript variant X4;transcript_id=XR_006643106.1"
NC_059183.1,Gnomon,mRNA,16721806,16724000,.,-,.,"ID=rna-XM_045169038.1;Parent=gene-LOC116917695;Dbxref=GeneID:116917695,Genbank:XM_045169038.1;Name=XM_045169038.1;experiment=COORDINATES: polyA evidence [ECO:0006239];gbkey=mRNA;gene=LOC116917695;model_evidence=Supporting evidence includes similarity to: 15 Proteins%2C and 100%25 coverage of the annotated genomic feature by RNAseq alignments%2C including 145 samples with support for all annotated introns;product=tRNA N(3)-methylcytidine methyltransferase METTL6%2C transcript variant X6;transcript_id=XM_045169038.1"
NC_059183.1,Gnomon,mRNA,16721806,16723964,.,-,.,"ID=rna-XM_045169037.1;Parent=gene-LOC116917695;Dbxref=GeneID:116917695,Genbank:XM_045169037.1;Name=XM_045169037.1;experiment=COORDINATES: polyA evidence [ECO:0006239];gbkey=mRNA;gene=LOC116917695;model_evidence=Supporting evidence includes similarity to: 15 Proteins%2C and 100%25 coverage of the annotated genomic feature by RNAseq alignments%2C including 124 samples with support for all annotated introns;product=tRNA N(3)-methylcytidine methyltransferase METTL6%2C transcript variant X1;transcript_id=XM_045169037.1"
NC_059183.1,Gnomon,mRNA,16721806,16723964,.,-,.,"ID=rna-XM_032923276.2;Parent=gene-LOC116917695;Dbxref=GeneID:116917695,Genbank:XM_032923276.2;Name=XM_032923276.2;experiment=COORDINATES: polyA evidence [ECO:0006239];gbkey=mRNA;gene=LOC116917695;model_evidence=Supporting evidence includes similarity to: 15 Proteins%2C and 100%25 coverage of the annotated genomic feature by RNAseq alignments%2C including 118 samples with support for all annotated introns;product=tRNA N(3)-methylcytidine methyltransferase METTL6%2C transcript variant X3;transcript_id=XM_032923276.2"
NC_059184.1,RefSeq,region,1,13906530,.,+,.,ID=NC_059184.1:1..13906530;Dbxref=taxon:35525;Name=LG3;collection-date=1986;country=USA: Minnesota;gbkey=Src;genome=chromosome;identified-by=National Institute for Environmental Studies (NIES) in Japan;isolate=NIES;isolation-source=Duluth%2C Minnesota;linkage-group=LG3;mol_type=genomic DNA;sex=female;tissue-type=Whole Body
NC_059185.1,RefSeq,region,1,13367246,.,+,.,ID=NC_059185.1:1..13367246;Dbxref=taxon:35525;Name=LG4;collection-date=1986;country=USA: Minnesota;gbkey=Src;genome=chromosome;identified-by=National Institute for Environmental Studies (NIES) in Japan;isolate=NIES;isolation-source=Duluth%2C Minnesota;linkage-group=LG4;mol_type=genomic DNA;sex=female;tissue-type=Whole Body
NC_059185.1,RefSeq,region,1,13367246,.,+,.,ID=NC_059185.1:1..13367246;Dbxref=taxon:35525;Name=LG4;collection-date=1986;country=USA: Minnesota;gbkey=Src;genome=chromosome;identified-by=National Institute for Environmental Studies (NIES) in Japan;isolate=NIES;isolation-source=Duluth%2C Minnesota;linkage-group=LG4;mol_type=genomic DNA;sex=female;tissue-type=Whole Body
NC_059185.1,Gnomon,gene,13086631,13113785,.,-,.,ID=gene-LOC116920404;Dbxref=GeneID:116920404;Name=LOC116920404;gbkey=Gene;gene=LOC116920404;gene_biotype=lncRNA
NC_059185.1,Gnomon,lnc_RNA,13086631,13113785,.,-,.,"ID=rna-XR_006645964.1;Parent=gene-LOC116920404;Dbxref=GeneID:116920404,Genbank:XR_006645964.1;Name=XR_006645964.1;experiment=COORDINATES: polyA evidence [ECO:0006239];gbkey=ncRNA;gene=LOC116920404;model_evidence=Supporting evidence includes similarity to: 100%25 coverage of the annotated genomic feature by RNAseq alignments%2C including 13 samples with support for all annotated introns;product=uncharacterized LOC116920404%2C transcript variant X5;transcript_id=XR_006645964.1"
NC_059185.1,Gnomon,gene,13090949,13115754,.,+,.,ID=gene-LOC116920358;Dbxref=GeneID:116920358;Name=LOC116920358;gbkey=Gene;gene=LOC116920358;gene_biotype=protein_coding
NC_059185.1,Gnomon,mRNA,13090949,13115754,.,+,.,"ID=rna-XM_045172821.1;Parent=gene-LOC116920358;Dbxref=GeneID:116920358,Genbank:XM_045172821.1;Name=XM_045172821.1;experiment=COORDINATES: polyA evidence [ECO:0006239];gbkey=mRNA;gene=LOC116920358;model_evidence=Supporting evidence includes similarity to: 1 EST%2C and 100%25 coverage of the annotated genomic feature by RNAseq alignments%2C including 106 samples with support for all annotated introns;product=RGS domain-containing serine/threonine-protein kinase A%2C transcript variant X3;transcript_id=XM_045172821.1"
NC_059185.1,Gnomon,gene,13102170,13109538,.,-,.,ID=gene-LOC123471478;Dbxref=GeneID:123471478;Name=LOC123471478;gbkey=Gene;gene=LOC123471478;gene_biotype=lncRNA
NC_059185.1,Gnomon,lnc_RNA,13102170,13109538,.,-,.,"ID=rna-XR_006645972.1;Parent=gene-LOC123471478;Dbxref=GeneID:123471478,Genbank:XR_006645972.1;Name=XR_006645972.1;experiment=COORDINATES: polyA evidence [ECO:0006239];gbkey=ncRNA;gene=LOC123471478;model_evidence=Supporting evidence includes similarity to: 100%25 coverage of the annotated genomic feature by RNAseq alignments%2C including 42 samples with support for all annotated introns;product=uncharacterized LOC123471478;transcript_id=XR_006645972.1"
NC_059185.1,Gnomon,exon,13104594,13107567,.,-,.,"ID=exon-XR_006645972.1-3;Parent=rna-XR_006645972.1;Dbxref=GeneID:123471478,Genbank:XR_006645972.1;experiment=COORDINATES: polyA evidence [ECO:0006239];gbkey=ncRNA;gene=LOC123471478;product=uncharacterized LOC123471478;transcript_id=XR_006645972.1"
NC_059185.1,RefSeq,region,1,13367246,.,+,.,ID=NC_059185.1:1..13367246;Dbxref=taxon:35525;Name=LG4;collection-date=1986;country=USA: Minnesota;gbkey=Src;genome=chromosome;identified-by=National Institute for Environmental Studies (NIES) in Japan;isolate=NIES;isolation-source=Duluth%2C Minnesota;linkage-group=LG4;mol_type=genomic DNA;sex=female;tissue-type=Whole Body
NC_059185.1,Gnomon,gene,13086631,13113785,.,-,.,ID=gene-LOC116920404;Dbxref=GeneID:116920404;Name=LOC116920404;gbkey=Gene;gene=LOC116920404;gene_biotype=lncRNA
NC_059185.1,Gnomon,lnc_RNA,13086631,13113785,.,-,.,"ID=rna-XR_006645964.1;Parent=gene-LOC116920404;Dbxref=GeneID:116920404,Genbank:XR_006645964.1;Name=XR_006645964.1;experiment=COORDINATES: polyA evidence [ECO:0006239];gbkey=ncRNA;gene=LOC116920404;model_evidence=Supporting evidence includes similarity to: 100%25 coverage of the annotated genomic feature by RNAseq alignments%2C including 13 samples with support for all annotated introns;product=uncharacterized LOC116920404%2C transcript variant X5;transcript_id=XR_006645964.1"
NC_059185.1,Gnomon,gene,13090949,13115754,.,+,.,ID=gene-LOC116920358;Dbxref=GeneID:116920358;Name=LOC116920358;gbkey=Gene;gene=LOC116920358;gene_biotype=protein_coding
NC_059185.1,Gnomon,mRNA,13090949,13115754,.,+,.,"ID=rna-XM_045172821.1;Parent=gene-LOC116920358;Dbxref=GeneID:116920358,Genbank:XM_045172821.1;Name=XM_045172821.1;experiment=COORDINATES: polyA evidence [ECO:0006239];gbkey=mRNA;gene=LOC116920358;model_evidence=Supporting evidence includes similarity to: 1 EST%2C and 100%25 coverage of the annotated genomic feature by RNAseq alignments%2C including 106 samples with support for all annotated introns;product=RGS domain-containing serine/threonine-protein kinase A%2C transcript variant X3;transcript_id=XM_045172821.1"
NC_059185.1,Gnomon,gene,13102170,13109538,.,-,.,ID=gene-LOC123471478;Dbxref=GeneID:123471478;Name=LOC123471478;gbkey=Gene;gene=LOC123471478;gene_biotype=lncRNA
NC_059185.1,Gnomon,lnc_RNA,13102170,13109538,.,-,.,"ID=rna-XR_006645972.1;Parent=gene-LOC123471478;Dbxref=GeneID:123471478,Genbank:XR_006645972.1;Name=XR_006645972.1;experiment=COORDINATES: polyA evidence [ECO:0006239];gbkey=ncRNA;gene=LOC123471478;model_evidence=Supporting evidence includes similarity to: 100%25 coverage of the annotated genomic feature by RNAseq alignments%2C including 42 samples with support for all annotated introns;product=uncharacterized LOC123471478;transcript_id=XR_006645972.1"
NC_059185.1,Gnomon,exon,13104594,13107567,.,-,.,"ID=exon-XR_006645972.1-3;Parent=rna-XR_006645972.1;Dbxref=GeneID:123471478,Genbank:XR_006645972.1;experiment=COORDINATES: polyA evidence [ECO:0006239];gbkey=ncRNA;gene=LOC123471478;product=uncharacterized LOC123471478;transcript_id=XR_006645972.1"
NC_059185.1,RefSeq,region,1,13367246,.,+,.,ID=NC_059185.1:1..13367246;Dbxref=taxon:35525;Name=LG4;collection-date=1986;country=USA: Minnesota;gbkey=Src;genome=chromosome;identified-by=National Institute for Environmental Studies (NIES) in Japan;isolate=NIES;isolation-source=Duluth%2C Minnesota;linkage-group=LG4;mol_type=genomic DNA;sex=female;tissue-type=Whole Body
NC_059185.1,Gnomon,gene,13086631,13113785,.,-,.,ID=gene-LOC116920404;Dbxref=GeneID:116920404;Name=LOC116920404;gbkey=Gene;gene=LOC116920404;gene_biotype=lncRNA
NC_059185.1,Gnomon,lnc_RNA,13086631,13113785,.,-,.,"ID=rna-XR_006645964.1;Parent=gene-LOC116920404;Dbxref=GeneID:116920404,Genbank:XR_006645964.1;Name=XR_006645964.1;experiment=COORDINATES: polyA evidence [ECO:0006239];gbkey=ncRNA;gene=LOC116920404;model_evidence=Supporting evidence includes similarity to: 100%25 coverage of the annotated genomic feature by RNAseq alignments%2C including 13 samples with support for all annotated introns;product=uncharacterized LOC116920404%2C transcript variant X5;transcript_id=XR_006645964.1"
NC_059185.1,Gnomon,gene,13090949,13115754,.,+,.,ID=gene-LOC116920358;Dbxref=GeneID:116920358;Name=LOC116920358;gbkey=Gene;gene=LOC116920358;gene_biotype=protein_coding
NC_059185.1,Gnomon,mRNA,13090949,13115754,.,+,.,"ID=rna-XM_045172821.1;Parent=gene-LOC116920358;Dbxref=GeneID:116920358,Genbank:XM_045172821.1;Name=XM_045172821.1;experiment=COORDINATES: polyA evidence [ECO:0006239];gbkey=mRNA;gene=LOC116920358;model_evidence=Supporting evidence includes similarity to: 1 EST%2C and 100%25 coverage of the annotated genomic feature by RNAseq alignments%2C including 106 samples with support for all annotated introns;product=RGS domain-containing serine/threonine-protein kinase A%2C transcript variant X3;transcript_id=XM_045172821.1"
NC_059185.1,Gnomon,gene,13102170,13109538,.,-,.,ID=gene-LOC123471478;Dbxref=GeneID:123471478;Name=LOC123471478;gbkey=Gene;gene=LOC123471478;gene_biotype=lncRNA
NC_059185.1,Gnomon,lnc_RNA,13102170,13109538,.,-,.,"ID=rna-XR_006645972.1;Parent=gene-LOC123471478;Dbxref=GeneID:123471478,Genbank:XR_006645972.1;Name=XR_006645972.1;experiment=COORDINATES: polyA evidence [ECO:0006239];gbkey=ncRNA;gene=LOC123471478;model_evidence=Supporting evidence includes similarity to: 100%25 coverage of the annotated genomic feature by RNAseq alignments%2C including 42 samples with support for all annotated introns;product=uncharacterized LOC123471478;transcript_id=XR_006645972.1"
NC_059185.1,Gnomon,exon,13104594,13107567,.,-,.,"ID=exon-XR_006645972.1-3;Parent=rna-XR_006645972.1;Dbxref=GeneID:123471478,Genbank:XR_006645972.1;experiment=COORDINATES: polyA evidence [ECO:0006239];gbkey=ncRNA;gene=LOC123471478;product=uncharacterized LOC123471478;transcript_id=XR_006645972.1"
NC_059185.1,RefSeq,region,1,13367246,.,+,.,ID=NC_059185.1:1..13367246;Dbxref=taxon:35525;Name=LG4;collection-date=1986;country=USA: Minnesota;gbkey=Src;genome=chromosome;identified-by=National Institute for Environmental Studies (NIES) in Japan;isolate=NIES;isolation-source=Duluth%2C Minnesota;linkage-group=LG4;mol_type=genomic DNA;sex=female;tissue-type=Whole Body
NC_059185.1,Gnomon,gene,13086631,13113785,.,-,.,ID=gene-LOC116920404;Dbxref=GeneID:116920404;Name=LOC116920404;gbkey=Gene;gene=LOC116920404;gene_biotype=lncRNA
NC_059185.1,Gnomon,lnc_RNA,13086631,13113785,.,-,.,"ID=rna-XR_006645964.1;Parent=gene-LOC116920404;Dbxref=GeneID:116920404,Genbank:XR_006645964.1;Name=XR_006645964.1;experiment=COORDINATES: polyA evidence [ECO:0006239];gbkey=ncRNA;gene=LOC116920404;model_evidence=Supporting evidence includes similarity to: 100%25 coverage of the annotated genomic feature by RNAseq alignments%2C including 13 samples with support for all annotated introns;product=uncharacterized LOC116920404%2C transcript variant X5;transcript_id=XR_006645964.1"
NC_059185.1,Gnomon,gene,13090949,13115754,.,+,.,ID=gene-LOC116920358;Dbxref=GeneID:116920358;Name=LOC116920358;gbkey=Gene;gene=LOC116920358;gene_biotype=protein_coding
NC_059185.1,Gnomon,mRNA,13090949,13115754,.,+,.,"ID=rna-XM_045172821.1;Parent=gene-LOC116920358;Dbxref=GeneID:116920358,Genbank:XM_045172821.1;Name=XM_045172821.1;experiment=COORDINATES: polyA evidence [ECO:0006239];gbkey=mRNA;gene=LOC116920358;model_evidence=Supporting evidence includes similarity to: 1 EST%2C and 100%25 coverage of the annotated genomic feature by RNAseq alignments%2C including 106 samples with support for all annotated introns;product=RGS domain-containing serine/threonine-protein kinase A%2C transcript variant X3;transcript_id=XM_045172821.1"
NC_059185.1,Gnomon,gene,13102170,13109538,.,-,.,ID=gene-LOC123471478;Dbxref=GeneID:123471478;Name=LOC123471478;gbkey=Gene;gene=LOC123471478;gene_biotype=lncRNA
NC_059185.1,Gnomon,lnc_RNA,13102170,13109538,.,-,.,"ID=rna-XR_006645972.1;Parent=gene-LOC123471478;Dbxref=GeneID:123471478,Genbank:XR_006645972.1;Name=XR_006645972.1;experiment=COORDINATES: polyA evidence [ECO:0006239];gbkey=ncRNA;gene=LOC123471478;model_evidence=Supporting evidence includes similarity to: 100%25 coverage of the annotated genomic feature by RNAseq alignments%2C including 42 samples with support for all annotated introns;product=uncharacterized LOC123471478;transcript_id=XR_006645972.1"
NC_059185.1,Gnomon,exon,13104594,13107567,.,-,.,"ID=exon-XR_006645972.1-3;Parent=rna-XR_006645972.1;Dbxref=GeneID:123471478,Genbank:XR_006645972.1;experiment=COORDINATES: polyA evidence [ECO:0006239];gbkey=ncRNA;gene=LOC123471478;product=uncharacterized LOC123471478;transcript_id=XR_006645972.1"
NC_059185.1,RefSeq,region,1,13367246,.,+,.,ID=NC_059185.1:1..13367246;Dbxref=taxon:35525;Name=LG4;collection-date=1986;country=USA: Minnesota;gbkey=Src;genome=chromosome;identified-by=National Institute for Environmental Studies (NIES) in Japan;isolate=NIES;isolation-source=Duluth%2C Minnesota;linkage-group=LG4;mol_type=genomic DNA;sex=female;tissue-type=Whole Body
NC_059185.1,Gnomon,gene,13086631,13113785,.,-,.,ID=gene-LOC116920404;Dbxref=GeneID:116920404;Name=LOC116920404;gbkey=Gene;gene=LOC116920404;gene_biotype=lncRNA
NC_059185.1,Gnomon,lnc_RNA,13086631,13113785,.,-,.,"ID=rna-XR_006645964.1;Parent=gene-LOC116920404;Dbxref=GeneID:116920404,Genbank:XR_006645964.1;Name=XR_006645964.1;experiment=COORDINATES: polyA evidence [ECO:0006239];gbkey=ncRNA;gene=LOC116920404;model_evidence=Supporting evidence includes similarity to: 100%25 coverage of the annotated genomic feature by RNAseq alignments%2C including 13 samples with support for all annotated introns;product=uncharacterized LOC116920404%2C transcript variant X5;transcript_id=XR_006645964.1"
NC_059185.1,Gnomon,gene,13090949,13115754,.,+,.,ID=gene-LOC116920358;Dbxref=GeneID:116920358;Name=LOC116920358;gbkey=Gene;gene=LOC116920358;gene_biotype=protein_coding
NC_059185.1,Gnomon,mRNA,13090949,13115754,.,+,.,"ID=rna-XM_045172821.1;Parent=gene-LOC116920358;Dbxref=GeneID:116920358,Genbank:XM_045172821.1;Name=XM_045172821.1;experiment=COORDINATES: polyA evidence [ECO:0006239];gbkey=mRNA;gene=LOC116920358;model_evidence=Supporting evidence includes similarity to: 1 EST%2C and 100%25 coverage of the annotated genomic feature by RNAseq alignments%2C including 106 samples with support for all annotated introns;product=RGS domain-containing serine/threonine-protein kinase A%2C transcript variant X3;transcript_id=XM_045172821.1"
NC_059185.1,Gnomon,gene,13102170,13109538,.,-,.,ID=gene-LOC123471478;Dbxref=GeneID:123471478;Name=LOC123471478;gbkey=Gene;gene=LOC123471478;gene_biotype=lncRNA
NC_059185.1,Gnomon,lnc_RNA,13102170,13109538,.,-,.,"ID=rna-XR_006645972.1;Parent=gene-LOC123471478;Dbxref=GeneID:123471478,Genbank:XR_006645972.1;Name=XR_006645972.1;experiment=COORDINATES: polyA evidence [ECO:0006239];gbkey=ncRNA;gene=LOC123471478;model_evidence=Supporting evidence includes similarity to: 100%25 coverage of the annotated genomic feature by RNAseq alignments%2C including 42 samples with support for all annotated introns;product=uncharacterized LOC123471478;transcript_id=XR_006645972.1"
NC_059185.1,Gnomon,exon,13104594,13107567,.,-,.,"ID=exon-XR_006645972.1-3;Parent=rna-XR_006645972.1;Dbxref=GeneID:123471478,Genbank:XR_006645972.1;experiment=COORDINATES: polyA evidence [ECO:0006239];gbkey=ncRNA;gene=LOC123471478;product=uncharacterized LOC123471478;transcript_id=XR_006645972.1"
NC_059185.1,RefSeq,region,1,13367246,.,+,.,ID=NC_059185.1:1..13367246;Dbxref=taxon:35525;Name=LG4;collection-date=1986;country=USA: Minnesota;gbkey=Src;genome=chromosome;identified-by=National Institute for Environmental Studies (NIES) in Japan;isolate=NIES;isolation-source=Duluth%2C Minnesota;linkage-group=LG4;mol_type=genomic DNA;sex=female;tissue-type=Whole Body
NC_059185.1,Gnomon,gene,13129055,13135255,.,-,.,ID=gene-LOC116920191;Dbxref=GeneID:116920191;Name=LOC116920191;gbkey=Gene;gene=LOC116920191;gene_biotype=protein_coding
NC_059185.1,Gnomon,mRNA,13129055,13135255,.,-,.,"ID=rna-XM_032926313.2;Parent=gene-LOC116920191;Dbxref=GeneID:116920191,Genbank:XM_032926313.2;Name=XM_032926313.2;Note=The sequence of the model RefSeq transcript was modified relative to this genomic sequence to represent the inferred CDS: deleted 1 base in 1 codon;exception=unclassified transcription discrepancy;experiment=COORDINATES: polyA evidence [ECO:0006239];gbkey=mRNA;gene=LOC116920191;model_evidence=Supporting evidence includes similarity to: 4 Proteins%2C and 100%25 coverage of the annotated genomic feature by RNAseq alignments%2C including 135 samples with support for all annotated introns;product=titin;transcript_id=XM_032926313.2"
NC_059185.1,Gnomon,exon,13133085,13134056,.,-,.,"ID=exon-XM_032926313.2-5;Parent=rna-XM_032926313.2;Dbxref=GeneID:116920191,Genbank:XM_032926313.2;Note=The sequence of the model RefSeq transcript was modified relative to this genomic sequence to represent the inferred CDS: deleted 1 base in 1 codon;exception=unclassified transcription discrepancy;experiment=COORDINATES: polyA evidence [ECO:0006239];gbkey=mRNA;gene=LOC116920191;product=titin;transcript_id=XM_032926313.2"
NC_059185.1,Gnomon,CDS,13133085,13134056,.,-,0,"ID=cds-XP_032782204.2;Parent=rna-XM_032926313.2;Dbxref=GeneID:116920191,Genbank:XP_032782204.2;Name=XP_032782204.2;Note=The sequence of the model RefSeq protein was modified relative to this genomic sequence to represent the inferred CDS: deleted 1 base in 1 codon;exception=unclassified translation discrepancy;gbkey=CDS;gene=LOC116920191;product=LOW QUALITY PROTEIN: titin;protein_id=XP_032782204.2"
NC_059185.1,RefSeq,cDNA_match,13129055,13134056,.,-,.,ID=a4661c24-5bbb-48d1-8a3e-82284e9e454a;Target=XM_032926313.2 896 5896 +;for_remapping=2;gap_count=1;num_ident=5896;num_mismatch=0;pct_coverage=100;pct_coverage_hiqual=100;pct_identity_gap=99.983;pct_identity_ungap=100;rank=1;Gap=M972 D1 M4029
NC_059186.1,RefSeq,region,1,12546303,.,+,.,ID=NC_059186.1:1..12546303;Dbxref=taxon:35525;Name=LG5;collection-date=1986;country=USA: Minnesota;gbkey=Src;genome=chromosome;identified-by=National Institute for Environmental Studies (NIES) in Japan;isolate=NIES;isolation-source=Duluth%2C Minnesota;linkage-group=LG5;mol_type=genomic DNA;sex=female;tissue-type=Whole Body
NC_059188.1,Gnomon,gene,12006968,12008640,.,+,.,ID=gene-LOC116926532;Dbxref=GeneID:116926532;Name=LOC116926532;gbkey=Gene;gene=LOC116926532;gene_biotype=protein_coding
NC_059188.1,Gnomon,mRNA,12006968,12008640,.,+,.,"ID=rna-XM_032933471.2;Parent=gene-LOC116926532;Dbxref=GeneID:116926532,Genbank:XM_032933471.2;Name=XM_032933471.2;experiment=COORDINATES: polyA evidence [ECO:0006239];gbkey=mRNA;gene=LOC116926532;model_evidence=Supporting evidence includes similarity to: 1 EST%2C and 100%25 coverage of the annotated genomic feature by RNAseq alignments%2C including 144 samples with support for all annotated introns;product=uncharacterized LOC116926532;transcript_id=XM_032933471.2"
NC_059189.1,Gnomon,gene,4280931,4286355,.,+,.,ID=gene-LOC116929043;Dbxref=GeneID:116929043;Name=LOC116929043;gbkey=Gene;gene=LOC116929043;gene_biotype=protein_coding
NC_059189.1,Gnomon,mRNA,4280931,4286355,.,+,.,"ID=rna-XM_045178007.1;Parent=gene-LOC116929043;Dbxref=GeneID:116929043,Genbank:XM_045178007.1;Name=XM_045178007.1;experiment=COORDINATES: polyA evidence [ECO:0006239];gbkey=mRNA;gene=LOC116929043;model_evidence=Supporting evidence includes similarity to: 1 EST%2C 7 Proteins%2C and 99%25 coverage of the annotated genomic feature by RNAseq alignments;product=uncharacterized LOC116929043;transcript_id=XM_045178007.1"
NC_059189.1,Gnomon,exon,4282362,4282474,.,+,.,"ID=exon-XM_045178007.1-6;Parent=rna-XM_045178007.1;Dbxref=GeneID:116929043,Genbank:XM_045178007.1;experiment=COORDINATES: polyA evidence [ECO:0006239];gbkey=mRNA;gene=LOC116929043;product=uncharacterized LOC116929043;transcript_id=XM_045178007.1"
NC_059189.1,Gnomon,CDS,4282362,4282474,.,+,0,"ID=cds-XP_045033942.1;Parent=rna-XM_045178007.1;Dbxref=GeneID:116929043,Genbank:XP_045033942.1;Name=XP_045033942.1;gbkey=CDS;gene=LOC116929043;product=uncharacterized protein LOC116929043;protein_id=XP_045033942.1"
NC_059183.1,Gnomon,gene,17201381,17203044,.,+,.,ID=gene-LOC116916995;Dbxref=GeneID:116916995;Name=LOC116916995;gbkey=Gene;gene=LOC116916995;gene_biotype=protein_coding
NC_059183.1,Gnomon,mRNA,17201381,17203044,.,+,.,"ID=rna-XM_032922328.2;Parent=gene-LOC116916995;Dbxref=GeneID:116916995,Genbank:XM_032922328.2;Name=XM_032922328.2;experiment=COORDINATES: polyA evidence [ECO:0006239];gbkey=mRNA;gene=LOC116916995;model_evidence=Supporting evidence includes similarity to: 48 Proteins%2C and 100%25 coverage of the annotated genomic feature by RNAseq alignments%2C including 146 samples with support for all annotated introns;product=zinc transporter zipt-7.2;transcript_id=XM_032922328.2"
NC_059183.1,Gnomon,exon,17201381,17202296,.,+,.,"ID=exon-XM_032922328.2-1;Parent=rna-XM_032922328.2;Dbxref=GeneID:116916995,Genbank:XM_032922328.2;experiment=COORDINATES: polyA evidence [ECO:0006239];gbkey=mRNA;gene=LOC116916995;product=zinc transporter zipt-7.2;transcript_id=XM_032922328.2"
NC_059183.1,Gnomon,CDS,17201447,17202296,.,+,0,"ID=cds-XP_032778219.2;Parent=rna-XM_032922328.2;Dbxref=GeneID:116916995,Genbank:XP_032778219.2;Name=XP_032778219.2;gbkey=CDS;gene=LOC116916995;product=zinc transporter zipt-7.2;protein_id=XP_032778219.2"
NC_059184.1,RefSeq,region,1,13906530,.,+,.,ID=NC_059184.1:1..13906530;Dbxref=taxon:35525;Name=LG3;collection-date=1986;country=USA: Minnesota;gbkey=Src;genome=chromosome;identified-by=National Institute for Environmental Studies (NIES) in Japan;isolate=NIES;isolation-source=Duluth%2C Minnesota;linkage-group=LG3;mol_type=genomic DNA;sex=female;tissue-type=Whole Body
NC_059185.1,RefSeq,region,1,13367246,.,+,.,ID=NC_059185.1:1..13367246;Dbxref=taxon:35525;Name=LG4;collection-date=1986;country=USA: Minnesota;gbkey=Src;genome=chromosome;identified-by=National Institute for Environmental Studies (NIES) in Japan;isolate=NIES;isolation-source=Duluth%2C Minnesota;linkage-group=LG4;mol_type=genomic DNA;sex=female;tissue-type=Whole Body
NC_059185.1,Gnomon,gene,11589111,11595478,.,-,.,ID=gene-LOC116920786;Dbxref=GeneID:116920786;Name=LOC116920786;gbkey=Gene;gene=LOC116920786;gene_biotype=protein_coding
NC_059185.1,Gnomon,mRNA,11589111,11595478,.,-,.,"ID=rna-XM_045172427.1;Parent=gene-LOC116920786;Dbxref=GeneID:116920786,Genbank:XM_045172427.1;Name=XM_045172427.1;experiment=COORDINATES: polyA evidence [ECO:0006239];gbkey=mRNA;gene=LOC116920786;model_evidence=Supporting evidence includes similarity to: 15 Proteins%2C and 100%25 coverage of the annotated genomic feature by RNAseq alignments%2C including 78 samples with support for all annotated introns;product=5-3 exoribonuclease 1%2C transcript variant X2;transcript_id=XM_045172427.1"
NC_059185.1,Gnomon,exon,11589111,11589651,.,-,.,"ID=exon-XM_045172427.1-17;Parent=rna-XM_045172427.1;Dbxref=GeneID:116920786,Genbank:XM_045172427.1;experiment=COORDINATES: polyA evidence [ECO:0006239];gbkey=mRNA;gene=LOC116920786;product=5-3 exoribonuclease 1%2C transcript variant X2;transcript_id=XM_045172427.1"
NC_059185.1,Gnomon,CDS,11589220,11589651,.,-,0,"ID=cds-XP_045028362.1;Parent=rna-XM_045172427.1;Dbxref=GeneID:116920786,Genbank:XP_045028362.1;Name=XP_045028362.1;gbkey=CDS;gene=LOC116920786;product=5-3 exoribonuclease 1 isoform X2;protein_id=XP_045028362.1"
NC_059185.1,Gnomon,mRNA,11589111,11595478,.,-,.,"ID=rna-XM_032926896.2;Parent=gene-LOC116920786;Dbxref=GeneID:116920786,Genbank:XM_032926896.2;Name=XM_032926896.2;experiment=COORDINATES: polyA evidence [ECO:0006239];gbkey=mRNA;gene=LOC116920786;model_evidence=Supporting evidence includes similarity to: 15 Proteins%2C and 100%25 coverage of the annotated genomic feature by RNAseq alignments%2C including 134 samples with support for all annotated introns;product=5-3 exoribonuclease 1%2C transcript variant X1;transcript_id=XM_032926896.2"
NC_059185.1,Gnomon,exon,11589111,11589651,.,-,.,"ID=exon-XM_032926896.2-16;Parent=rna-XM_032926896.2;Dbxref=GeneID:116920786,Genbank:XM_032926896.2;experiment=COORDINATES: polyA evidence [ECO:0006239];gbkey=mRNA;gene=LOC116920786;product=5-3 exoribonuclease 1%2C transcript variant X1;transcript_id=XM_032926896.2"
NC_059185.1,Gnomon,CDS,11589220,11589651,.,-,0,"ID=cds-XP_032782787.2;Parent=rna-XM_032926896.2;Dbxref=GeneID:116920786,Genbank:XP_032782787.2;Name=XP_032782787.2;gbkey=CDS;gene=LOC116920786;product=5-3 exoribonuclease 1 isoform X1;protein_id=XP_032782787.2"
NC_059185.1,RefSeq,region,1,13367246,.,+,.,ID=NC_059185.1:1..13367246;Dbxref=taxon:35525;Name=LG4;collection-date=1986;country=USA: Minnesota;gbkey=Src;genome=chromosome;identified-by=National Institute for Environmental Studies (NIES) in Japan;isolate=NIES;isolation-source=Duluth%2C Minnesota;linkage-group=LG4;mol_type=genomic DNA;sex=female;tissue-type=Whole Body
NC_059185.1,Gnomon,gene,11589111,11595478,.,-,.,ID=gene-LOC116920786;Dbxref=GeneID:116920786;Name=LOC116920786;gbkey=Gene;gene=LOC116920786;gene_biotype=protein_coding
NC_059185.1,Gnomon,mRNA,11589111,11595478,.,-,.,"ID=rna-XM_045172427.1;Parent=gene-LOC116920786;Dbxref=GeneID:116920786,Genbank:XM_045172427.1;Name=XM_045172427.1;experiment=COORDINATES: polyA evidence [ECO:0006239];gbkey=mRNA;gene=LOC116920786;model_evidence=Supporting evidence includes similarity to: 15 Proteins%2C and 100%25 coverage of the annotated genomic feature by RNAseq alignments%2C including 78 samples with support for all annotated introns;product=5-3 exoribonuclease 1%2C transcript variant X2;transcript_id=XM_045172427.1"
NC_059185.1,Gnomon,exon,11589111,11589651,.,-,.,"ID=exon-XM_045172427.1-17;Parent=rna-XM_045172427.1;Dbxref=GeneID:116920786,Genbank:XM_045172427.1;experiment=COORDINATES: polyA evidence [ECO:0006239];gbkey=mRNA;gene=LOC116920786;product=5-3 exoribonuclease 1%2C transcript variant X2;transcript_id=XM_045172427.1"
NC_059185.1,Gnomon,CDS,11589220,11589651,.,-,0,"ID=cds-XP_045028362.1;Parent=rna-XM_045172427.1;Dbxref=GeneID:116920786,Genbank:XP_045028362.1;Name=XP_045028362.1;gbkey=CDS;gene=LOC116920786;product=5-3 exoribonuclease 1 isoform X2;protein_id=XP_045028362.1"
NC_059185.1,Gnomon,mRNA,11589111,11595478,.,-,.,"ID=rna-XM_032926896.2;Parent=gene-LOC116920786;Dbxref=GeneID:116920786,Genbank:XM_032926896.2;Name=XM_032926896.2;experiment=COORDINATES: polyA evidence [ECO:0006239];gbkey=mRNA;gene=LOC116920786;model_evidence=Supporting evidence includes similarity to: 15 Proteins%2C and 100%25 coverage of the annotated genomic feature by RNAseq alignments%2C including 134 samples with support for all annotated introns;product=5-3 exoribonuclease 1%2C transcript variant X1;transcript_id=XM_032926896.2"
NC_059185.1,Gnomon,exon,11589111,11589651,.,-,.,"ID=exon-XM_032926896.2-16;Parent=rna-XM_032926896.2;Dbxref=GeneID:116920786,Genbank:XM_032926896.2;experiment=COORDINATES: polyA evidence [ECO:0006239];gbkey=mRNA;gene=LOC116920786;product=5-3 exoribonuclease 1%2C transcript variant X1;transcript_id=XM_032926896.2"
NC_059185.1,Gnomon,CDS,11589220,11589651,.,-,0,"ID=cds-XP_032782787.2;Parent=rna-XM_032926896.2;Dbxref=GeneID:116920786,Genbank:XP_032782787.2;Name=XP_032782787.2;gbkey=CDS;gene=LOC116920786;product=5-3 exoribonuclease 1 isoform X1;protein_id=XP_032782787.2"
NC_059189.1,Gnomon,gene,5358126,5363563,.,+,.,ID=gene-LOC116928686;Dbxref=GeneID:116928686;Name=LOC116928686;gbkey=Gene;gene=LOC116928686;gene_biotype=protein_coding
NC_059189.1,Gnomon,mRNA,5358126,5363563,.,+,.,"ID=rna-XM_045178135.1;Parent=gene-LOC116928686;Dbxref=GeneID:116928686,Genbank:XM_045178135.1;Name=XM_045178135.1;experiment=COORDINATES: polyA evidence [ECO:0006239];gbkey=mRNA;gene=LOC116928686;model_evidence=Supporting evidence includes similarity to: 6 Proteins%2C and 100%25 coverage of the annotated genomic feature by RNAseq alignments%2C including 72 samples with support for all annotated introns;product=embryonic protein DC-8%2C transcript variant X2;transcript_id=XM_045178135.1"
NC_059189.1,Gnomon,mRNA,5358284,5363563,.,+,.,"ID=rna-XM_045178134.1;Parent=gene-LOC116928686;Dbxref=GeneID:116928686,Genbank:XM_045178134.1;Name=XM_045178134.1;experiment=COORDINATES: polyA evidence [ECO:0006239];gbkey=mRNA;gene=LOC116928686;model_evidence=Supporting evidence includes similarity to: 6 Proteins%2C and 100%25 coverage of the annotated genomic feature by RNAseq alignments%2C including 80 samples with support for all annotated introns;product=embryonic protein DC-8%2C transcript variant X1;transcript_id=XM_045178134.1"
NC_059189.1,Gnomon,mRNA,5358284,5363563,.,+,.,"ID=rna-XM_045178137.1;Parent=gene-LOC116928686;Dbxref=GeneID:116928686,Genbank:XM_045178137.1;Name=XM_045178137.1;experiment=COORDINATES: polyA evidence [ECO:0006239];gbkey=mRNA;gene=LOC116928686;model_evidence=Supporting evidence includes similarity to: 3 Proteins%2C and 100%25 coverage of the annotated genomic feature by RNAseq alignments%2C including 56 samples with support for all annotated introns;product=embryonic protein DC-8%2C transcript variant X4;transcript_id=XM_045178137.1"
NC_059189.1,Gnomon,mRNA,5358284,5363563,.,+,.,"ID=rna-XM_045178136.1;Parent=gene-LOC116928686;Dbxref=GeneID:116928686,Genbank:XM_045178136.1;Name=XM_045178136.1;experiment=COORDINATES: polyA evidence [ECO:0006239];gbkey=mRNA;gene=LOC116928686;model_evidence=Supporting evidence includes similarity to: 3 Proteins%2C and 100%25 coverage of the annotated genomic feature by RNAseq alignments%2C including 8 samples with support for all annotated introns;product=embryonic protein DC-8%2C transcript variant X3;transcript_id=XM_045178136.1"
NC_059182.1,RefSeq,region,1,19099978,.,+,.,ID=NC_059182.1:1..19099978;Dbxref=taxon:35525;Name=LG1;collection-date=1986;country=USA: Minnesota;gbkey=Src;genome=chromosome;identified-by=National Institute for Environmental Studies (NIES) in Japan;isolate=NIES;isolation-source=Duluth%2C Minnesota;linkage-group=LG1;mol_type=genomic DNA;sex=female;tissue-type=Whole Body
NC_059182.1,Gnomon,gene,1063739,1073643,.,+,.,ID=gene-LOC116918610;Dbxref=GeneID:116918610;Name=LOC116918610;gbkey=Gene;gene=LOC116918610;gene_biotype=protein_coding
NC_059182.1,Gnomon,mRNA,1063739,1073643,.,+,.,"ID=rna-XM_032924353.2;Parent=gene-LOC116918610;Dbxref=GeneID:116918610,Genbank:XM_032924353.2;Name=XM_032924353.2;experiment=COORDINATES: polyA evidence [ECO:0006239];gbkey=mRNA;gene=LOC116918610;model_evidence=Supporting evidence includes similarity to: 15 Proteins%2C and 100%25 coverage of the annotated genomic feature by RNAseq alignments%2C including 143 samples with support for all annotated introns;product=long-chain-fatty-acid--CoA ligase ACSBG2%2C transcript variant X2;transcript_id=XM_032924353.2"
NC_059182.1,Gnomon,exon,1073130,1073643,.,+,.,"ID=exon-XM_032924353.2-20;Parent=rna-XM_032924353.2;Dbxref=GeneID:116918610,Genbank:XM_032924353.2;experiment=COORDINATES: polyA evidence [ECO:0006239];gbkey=mRNA;gene=LOC116918610;product=long-chain-fatty-acid--CoA ligase ACSBG2%2C transcript variant X2;transcript_id=XM_032924353.2"
NC_059182.1,Gnomon,mRNA,1066967,1073643,.,+,.,"ID=rna-XM_045167103.1;Parent=gene-LOC116918610;Dbxref=GeneID:116918610,Genbank:XM_045167103.1;Name=XM_045167103.1;experiment=COORDINATES: polyA evidence [ECO:0006239];gbkey=mRNA;gene=LOC116918610;model_evidence=Supporting evidence includes similarity to: 15 Proteins%2C and 100%25 coverage of the annotated genomic feature by RNAseq alignments%2C including 133 samples with support for all annotated introns;product=long-chain-fatty-acid--CoA ligase ACSBG2%2C transcript variant X1;transcript_id=XM_045167103.1"
NC_059182.1,Gnomon,exon,1073130,1073643,.,+,.,"ID=exon-XM_045167103.1-20;Parent=rna-XM_045167103.1;Dbxref=GeneID:116918610,Genbank:XM_045167103.1;experiment=COORDINATES: polyA evidence [ECO:0006239];gbkey=mRNA;gene=LOC116918610;product=long-chain-fatty-acid--CoA ligase ACSBG2%2C transcript variant X1;transcript_id=XM_045167103.1"
NC_059182.1,Gnomon,mRNA,1066967,1073643,.,+,.,"ID=rna-XM_032924344.2;Parent=gene-LOC116918610;Dbxref=GeneID:116918610,Genbank:XM_032924344.2;Name=XM_032924344.2;experiment=COORDINATES: polyA evidence [ECO:0006239];gbkey=mRNA;gene=LOC116918610;model_evidence=Supporting evidence includes similarity to: 15 Proteins%2C and 100%25 coverage of the annotated genomic feature by RNAseq alignments%2C including 113 samples with support for all annotated introns;product=long-chain-fatty-acid--CoA ligase ACSBG2%2C transcript variant X3;transcript_id=XM_032924344.2"
NC_059182.1,Gnomon,exon,1073130,1073643,.,+,.,"ID=exon-XM_032924344.2-20;Parent=rna-XM_032924344.2;Dbxref=GeneID:116918610,Genbank:XM_032924344.2;experiment=COORDINATES: polyA evidence [ECO:0006239];gbkey=mRNA;gene=LOC116918610;product=long-chain-fatty-acid--CoA ligase ACSBG2%2C transcript variant X3;transcript_id=XM_032924344.2"
NC_059185.1,RefSeq,region,1,13367246,.,+,.,ID=NC_059185.1:1..13367246;Dbxref=taxon:35525;Name=LG4;collection-date=1986;country=USA: Minnesota;gbkey=Src;genome=chromosome;identified-by=National Institute for Environmental Studies (NIES) in Japan;isolate=NIES;isolation-source=Duluth%2C Minnesota;linkage-group=LG4;mol_type=genomic DNA;sex=female;tissue-type=Whole Body
NC_059185.1,Gnomon,gene,148863,149635,.,-,.,ID=gene-LOC116921852;Dbxref=GeneID:116921852;Name=LOC116921852;gbkey=Gene;gene=LOC116921852;gene_biotype=protein_coding
NC_059185.1,Gnomon,mRNA,148863,149635,.,-,.,"ID=rna-XM_032928222.2;Parent=gene-LOC116921852;Dbxref=GeneID:116921852,Genbank:XM_032928222.2;Name=XM_032928222.2;experiment=COORDINATES: polyA evidence [ECO:0006239];gbkey=mRNA;gene=LOC116921852;model_evidence=Supporting evidence includes similarity to: 1 EST%2C 5 Proteins%2C and 100%25 coverage of the annotated genomic feature by RNAseq alignments%2C including 145 samples with support for all annotated introns;product=mitochondrial import inner membrane translocase subunit Tim8%2C transcript variant X1;transcript_id=XM_032928222.2"
NC_059185.1,Gnomon,mRNA,148863,149635,.,-,.,"ID=rna-XM_045173208.1;Parent=gene-LOC116921852;Dbxref=GeneID:116921852,Genbank:XM_045173208.1;Name=XM_045173208.1;experiment=COORDINATES: polyA evidence [ECO:0006239];gbkey=mRNA;gene=LOC116921852;model_evidence=Supporting evidence includes similarity to: 5 Proteins%2C and 100%25 coverage of the annotated genomic feature by RNAseq alignments%2C including 83 samples with support for all annotated introns;product=mitochondrial import inner membrane translocase subunit Tim8%2C transcript variant X3;transcript_id=XM_045173208.1"
NC_059185.1,Gnomon,mRNA,148863,149635,.,-,.,"ID=rna-XM_032928223.2;Parent=gene-LOC116921852;Dbxref=GeneID:116921852,Genbank:XM_032928223.2;Name=XM_032928223.2;experiment=COORDINATES: polyA evidence [ECO:0006239];gbkey=mRNA;gene=LOC116921852;model_evidence=Supporting evidence includes similarity to: 5 Proteins%2C and 100%25 coverage of the annotated genomic feature by RNAseq alignments%2C including 103 samples with support for all annotated introns;product=mitochondrial import inner membrane translocase subunit Tim8%2C transcript variant X2;transcript_id=XM_032928223.2"
NC_059185.1,Gnomon,exon,149442,149635,.,-,.,"ID=exon-XM_032928223.2-1;Parent=rna-XM_032928223.2;Dbxref=GeneID:116921852,Genbank:XM_032928223.2;experiment=COORDINATES: polyA evidence [ECO:0006239];gbkey=mRNA;gene=LOC116921852;product=mitochondrial import inner membrane translocase subunit Tim8%2C transcript variant X2;transcript_id=XM_032928223.2"
NC_059186.1,RefSeq,region,1,12546303,.,+,.,ID=NC_059186.1:1..12546303;Dbxref=taxon:35525;Name=LG5;collection-date=1986;country=USA: Minnesota;gbkey=Src;genome=chromosome;identified-by=National Institute for Environmental Studies (NIES) in Japan;isolate=NIES;isolation-source=Duluth%2C Minnesota;linkage-group=LG5;mol_type=genomic DNA;sex=female;tissue-type=Whole Body
NC_059186.1,Gnomon,gene,8620281,8623115,.,-,.,ID=gene-LOC116922836;Dbxref=GeneID:116922836;Name=LOC116922836;gbkey=Gene;gene=LOC116922836;gene_biotype=protein_coding
NC_059186.1,Gnomon,mRNA,8620281,8623115,.,-,.,"ID=rna-XM_032929285.2;Parent=gene-LOC116922836;Dbxref=GeneID:116922836,Genbank:XM_032929285.2;Name=XM_032929285.2;experiment=COORDINATES: polyA evidence [ECO:0006239];gbkey=mRNA;gene=LOC116922836;model_evidence=Supporting evidence includes similarity to: 8 Proteins%2C and 100%25 coverage of the annotated genomic feature by RNAseq alignments%2C including 143 samples with support for all annotated introns;product=palmitoyltransferase ZDHHC17;transcript_id=XM_032929285.2"
NC_059186.1,Gnomon,exon,8622034,8622193,.,-,.,"ID=exon-XM_032929285.2-5;Parent=rna-XM_032929285.2;Dbxref=GeneID:116922836,Genbank:XM_032929285.2;experiment=COORDINATES: polyA evidence [ECO:0006239];gbkey=mRNA;gene=LOC116922836;product=palmitoyltransferase ZDHHC17;transcript_id=XM_032929285.2"
NC_059186.1,Gnomon,CDS,8622034,8622193,.,-,1,"ID=cds-XP_032785176.2;Parent=rna-XM_032929285.2;Dbxref=GeneID:116922836,Genbank:XP_032785176.2;Name=XP_032785176.2;gbkey=CDS;gene=LOC116922836;product=palmitoyltransferase ZDHHC17;protein_id=XP_032785176.2"
NC_059186.1,RefSeq,region,1,12546303,.,+,.,ID=NC_059186.1:1..12546303;Dbxref=taxon:35525;Name=LG5;collection-date=1986;country=USA: Minnesota;gbkey=Src;genome=chromosome;identified-by=National Institute for Environmental Studies (NIES) in Japan;isolate=NIES;isolation-source=Duluth%2C Minnesota;linkage-group=LG5;mol_type=genomic DNA;sex=female;tissue-type=Whole Body
NC_059186.1,Gnomon,gene,8620281,8623115,.,-,.,ID=gene-LOC116922836;Dbxref=GeneID:116922836;Name=LOC116922836;gbkey=Gene;gene=LOC116922836;gene_biotype=protein_coding
NC_059186.1,Gnomon,mRNA,8620281,8623115,.,-,.,"ID=rna-XM_032929285.2;Parent=gene-LOC116922836;Dbxref=GeneID:116922836,Genbank:XM_032929285.2;Name=XM_032929285.2;experiment=COORDINATES: polyA evidence [ECO:0006239];gbkey=mRNA;gene=LOC116922836;model_evidence=Supporting evidence includes similarity to: 8 Proteins%2C and 100%25 coverage of the annotated genomic feature by RNAseq alignments%2C including 143 samples with support for all annotated introns;product=palmitoyltransferase ZDHHC17;transcript_id=XM_032929285.2"
NC_059186.1,Gnomon,exon,8622034,8622193,.,-,.,"ID=exon-XM_032929285.2-5;Parent=rna-XM_032929285.2;Dbxref=GeneID:116922836,Genbank:XM_032929285.2;experiment=COORDINATES: polyA evidence [ECO:0006239];gbkey=mRNA;gene=LOC116922836;product=palmitoyltransferase ZDHHC17;transcript_id=XM_032929285.2"
NC_059186.1,Gnomon,CDS,8622034,8622193,.,-,1,"ID=cds-XP_032785176.2;Parent=rna-XM_032929285.2;Dbxref=GeneID:116922836,Genbank:XP_032785176.2;Name=XP_032785176.2;gbkey=CDS;gene=LOC116922836;product=palmitoyltransferase ZDHHC17;protein_id=XP_032785176.2"
NC_059186.1,RefSeq,region,1,12546303,.,+,.,ID=NC_059186.1:1..12546303;Dbxref=taxon:35525;Name=LG5;collection-date=1986;country=USA: Minnesota;gbkey=Src;genome=chromosome;identified-by=National Institute for Environmental Studies (NIES) in Japan;isolate=NIES;isolation-source=Duluth%2C Minnesota;linkage-group=LG5;mol_type=genomic DNA;sex=female;tissue-type=Whole Body
NC_059189.1,Gnomon,gene,9455421,9458145,.,-,.,ID=gene-LOC116929435;Dbxref=GeneID:116929435;Name=LOC116929435;gbkey=Gene;gene=LOC116929435;gene_biotype=protein_coding
NC_059189.1,Gnomon,mRNA,9455421,9458145,.,-,.,"ID=rna-XM_032936674.2;Parent=gene-LOC116929435;Dbxref=GeneID:116929435,Genbank:XM_032936674.2;Name=XM_032936674.2;experiment=COORDINATES: polyA evidence [ECO:0006239];gbkey=mRNA;gene=LOC116929435;model_evidence=Supporting evidence includes similarity to: 1 Protein%2C and 100%25 coverage of the annotated genomic feature by RNAseq alignments%2C including 85 samples with support for all annotated introns;product=dystrophin%2C transcript variant X2;transcript_id=XM_032936674.2"
NC_059189.1,Gnomon,exon,9456849,9457015,.,-,.,"ID=exon-XM_032936674.2-5;Parent=rna-XM_032936674.2;Dbxref=GeneID:116929435,Genbank:XM_032936674.2;experiment=COORDINATES: polyA evidence [ECO:0006239];gbkey=mRNA;gene=LOC116929435;product=dystrophin%2C transcript variant X2;transcript_id=XM_032936674.2"
NC_059189.1,Gnomon,CDS,9456849,9457015,.,-,2,"ID=cds-XP_032792565.2;Parent=rna-XM_032936674.2;Dbxref=GeneID:116929435,Genbank:XP_032792565.2;Name=XP_032792565.2;gbkey=CDS;gene=LOC116929435;product=dystrophin;protein_id=XP_032792565.2"
NC_059189.1,Gnomon,mRNA,9455421,9458115,.,-,.,"ID=rna-XM_032936673.2;Parent=gene-LOC116929435;Dbxref=GeneID:116929435,Genbank:XM_032936673.2;Name=XM_032936673.2;experiment=COORDINATES: polyA evidence [ECO:0006239];gbkey=mRNA;gene=LOC116929435;model_evidence=Supporting evidence includes similarity to: 1 Protein%2C and 100%25 coverage of the annotated genomic feature by RNAseq alignments%2C including 115 samples with support for all annotated introns;product=dystrophin%2C transcript variant X1;transcript_id=XM_032936673.2"
NC_059189.1,Gnomon,exon,9456849,9457015,.,-,.,"ID=exon-XM_032936673.2-4;Parent=rna-XM_032936673.2;Dbxref=GeneID:116929435,Genbank:XM_032936673.2;experiment=COORDINATES: polyA evidence [ECO:0006239];gbkey=mRNA;gene=LOC116929435;product=dystrophin%2C transcript variant X1;transcript_id=XM_032936673.2"
NC_059189.1,Gnomon,CDS,9456849,9457015,.,-,2,"ID=cds-XP_032792564.2;Parent=rna-XM_032936673.2;Dbxref=GeneID:116929435,Genbank:XP_032792564.2;Name=XP_032792564.2;gbkey=CDS;gene=LOC116929435;product=dystrophin;protein_id=XP_032792564.2"
NC_059185.1,RefSeq,region,1,13367246,.,+,.,ID=NC_059185.1:1..13367246;Dbxref=taxon:35525;Name=LG4;collection-date=1986;country=USA: Minnesota;gbkey=Src;genome=chromosome;identified-by=National Institute for Environmental Studies (NIES) in Japan;isolate=NIES;isolation-source=Duluth%2C Minnesota;linkage-group=LG4;mol_type=genomic DNA;sex=female;tissue-type=Whole Body
NC_059185.1,Gnomon,gene,4609594,4611062,.,+,.,ID=gene-LOC116920915;Dbxref=GeneID:116920915;Name=LOC116920915;gbkey=Gene;gene=LOC116920915;gene_biotype=protein_coding
NC_059185.1,Gnomon,mRNA,4609594,4611062,.,+,.,"ID=rna-XM_045171841.1;Parent=gene-LOC116920915;Dbxref=GeneID:116920915,Genbank:XM_045171841.1;Name=XM_045171841.1;experiment=COORDINATES: polyA evidence [ECO:0006239];gbkey=mRNA;gene=LOC116920915;model_evidence=Supporting evidence includes similarity to: 19 ESTs%2C 238 Proteins%2C and 100%25 coverage of the annotated genomic feature by RNAseq alignments%2C including 146 samples with support for all annotated introns;product=40S ribosomal protein S2;transcript_id=XM_045171841.1"
NC_059185.1,Gnomon,exon,4610251,4610368,.,+,.,"ID=exon-XM_045171841.1-3;Parent=rna-XM_045171841.1;Dbxref=GeneID:116920915,Genbank:XM_045171841.1;experiment=COORDINATES: polyA evidence [ECO:0006239];gbkey=mRNA;gene=LOC116920915;product=40S ribosomal protein S2;transcript_id=XM_045171841.1"
NC_059185.1,Gnomon,CDS,4610251,4610368,.,+,0,"ID=cds-XP_045027776.1;Parent=rna-XM_045171841.1;Dbxref=GeneID:116920915,Genbank:XP_045027776.1;Name=XP_045027776.1;gbkey=CDS;gene=LOC116920915;product=40S ribosomal protein S2;protein_id=XP_045027776.1"
NC_059183.1,Gnomon,gene,16904645,16907852,.,+,.,ID=gene-LOC116916393;Dbxref=GeneID:116916393;Name=LOC116916393;gbkey=Gene;gene=LOC116916393;gene_biotype=protein_coding
NC_059183.1,Gnomon,mRNA,16904645,16907852,.,+,.,"ID=rna-XM_032921641.2;Parent=gene-LOC116916393;Dbxref=GeneID:116916393,Genbank:XM_032921641.2;Name=XM_032921641.2;experiment=COORDINATES: polyA evidence [ECO:0006239];gbkey=mRNA;gene=LOC116916393;model_evidence=Supporting evidence includes similarity to: 1 EST%2C 2 Proteins%2C and 100%25 coverage of the annotated genomic feature by RNAseq alignments%2C including 87 samples with support for all annotated introns;product=heparan-alpha-glucosaminide N-acetyltransferase;transcript_id=XM_032921641.2"
NC_059185.1,RefSeq,region,1,13367246,.,+,.,ID=NC_059185.1:1..13367246;Dbxref=taxon:35525;Name=LG4;collection-date=1986;country=USA: Minnesota;gbkey=Src;genome=chromosome;identified-by=National Institute for Environmental Studies (NIES) in Japan;isolate=NIES;isolation-source=Duluth%2C Minnesota;linkage-group=LG4;mol_type=genomic DNA;sex=female;tissue-type=Whole Body
NC_059186.1,RefSeq,region,1,12546303,.,+,.,ID=NC_059186.1:1..12546303;Dbxref=taxon:35525;Name=LG5;collection-date=1986;country=USA: Minnesota;gbkey=Src;genome=chromosome;identified-by=National Institute for Environmental Studies (NIES) in Japan;isolate=NIES;isolation-source=Duluth%2C Minnesota;linkage-group=LG5;mol_type=genomic DNA;sex=female;tissue-type=Whole Body
NC_059186.1,Gnomon,gene,970962,972761,.,+,.,ID=gene-LOC116922347;Dbxref=GeneID:116922347;Name=LOC116922347;gbkey=Gene;gene=LOC116922347;gene_biotype=protein_coding
NC_059186.1,Gnomon,mRNA,970962,972761,.,+,.,"ID=rna-XM_032928742.2;Parent=gene-LOC116922347;Dbxref=GeneID:116922347,Genbank:XM_032928742.2;Name=XM_032928742.2;experiment=COORDINATES: polyA evidence [ECO:0006239];gbkey=mRNA;gene=LOC116922347;model_evidence=Supporting evidence includes similarity to: 6 Proteins%2C and 100%25 coverage of the annotated genomic feature by RNAseq alignments%2C including 145 samples with support for all annotated introns;product=BLOC-1-related complex subunit 5;transcript_id=XM_032928742.2"
NC_059186.1,Gnomon,exon,971726,972761,.,+,.,"ID=exon-XM_032928742.2-3;Parent=rna-XM_032928742.2;Dbxref=GeneID:116922347,Genbank:XM_032928742.2;experiment=COORDINATES: polyA evidence [ECO:0006239];gbkey=mRNA;gene=LOC116922347;product=BLOC-1-related complex subunit 5;transcript_id=XM_032928742.2"
NC_059186.1,Gnomon,CDS,971726,972130,.,+,0,"ID=cds-XP_032784633.1;Parent=rna-XM_032928742.2;Dbxref=GeneID:116922347,Genbank:XP_032784633.1;Name=XP_032784633.1;gbkey=CDS;gene=LOC116922347;product=BLOC-1-related complex subunit 5;protein_id=XP_032784633.1"
NC_059186.1,RefSeq,region,1,12546303,.,+,.,ID=NC_059186.1:1..12546303;Dbxref=taxon:35525;Name=LG5;collection-date=1986;country=USA: Minnesota;gbkey=Src;genome=chromosome;identified-by=National Institute for Environmental Studies (NIES) in Japan;isolate=NIES;isolation-source=Duluth%2C Minnesota;linkage-group=LG5;mol_type=genomic DNA;sex=female;tissue-type=Whole Body
NC_059186.1,RefSeq,region,1,12546303,.,+,.,ID=NC_059186.1:1..12546303;Dbxref=taxon:35525;Name=LG5;collection-date=1986;country=USA: Minnesota;gbkey=Src;genome=chromosome;identified-by=National Institute for Environmental Studies (NIES) in Japan;isolate=NIES;isolation-source=Duluth%2C Minnesota;linkage-group=LG5;mol_type=genomic DNA;sex=female;tissue-type=Whole Body
NC_059189.1,Gnomon,gene,3969483,3972860,.,+,.,ID=gene-LOC116928976;Dbxref=GeneID:116928976;Name=LOC116928976;gbkey=Gene;gene=LOC116928976;gene_biotype=protein_coding
NC_059189.1,Gnomon,mRNA,3969483,3972860,.,+,.,"ID=rna-XM_032936119.2;Parent=gene-LOC116928976;Dbxref=GeneID:116928976,Genbank:XM_032936119.2;Name=XM_032936119.2;experiment=COORDINATES: polyA evidence [ECO:0006239];gbkey=mRNA;gene=LOC116928976;model_evidence=Supporting evidence includes similarity to: 1 EST%2C 6 Proteins%2C and 100%25 coverage of the annotated genomic feature by RNAseq alignments%2C including 65 samples with support for all annotated introns;product=inhibitor of nuclear factor kappa-B kinase subunit alpha%2C transcript variant X2;transcript_id=XM_032936119.2"
NC_059189.1,Gnomon,mRNA,3969609,3972860,.,+,.,"ID=rna-XM_045177960.1;Parent=gene-LOC116928976;Dbxref=GeneID:116928976,Genbank:XM_045177960.1;Name=XM_045177960.1;experiment=COORDINATES: polyA evidence [ECO:0006239];gbkey=mRNA;gene=LOC116928976;model_evidence=Supporting evidence includes similarity to: 2 ESTs%2C 6 Proteins%2C and 100%25 coverage of the annotated genomic feature by RNAseq alignments%2C including 144 samples with support for all annotated introns;product=inhibitor of nuclear factor kappa-B kinase subunit alpha%2C transcript variant X1;transcript_id=XM_045177960.1"
NC_059187.1,Gnomon,gene,2710403,2712950,.,+,.,ID=gene-LOC116925877;Dbxref=GeneID:116925877;Name=LOC116925877;gbkey=Gene;gene=LOC116925877;gene_biotype=protein_coding
NC_059187.1,Gnomon,mRNA,2710403,2712950,.,+,.,"ID=rna-XM_032932639.2;Parent=gene-LOC116925877;Dbxref=GeneID:116925877,Genbank:XM_032932639.2;Name=XM_032932639.2;experiment=COORDINATES: polyA evidence [ECO:0006239];gbkey=mRNA;gene=LOC116925877;model_evidence=Supporting evidence includes similarity to: 1 EST%2C 8 Proteins%2C and 100%25 coverage of the annotated genomic feature by RNAseq alignments%2C including 145 samples with support for all annotated introns;product=neural Wiskott-Aldrich syndrome protein%2C transcript variant X1;transcript_id=XM_032932639.2"
NC_059187.1,Gnomon,exon,2711237,2711333,.,+,.,"ID=exon-XM_032932639.2-4;Parent=rna-XM_032932639.2;Dbxref=GeneID:116925877,Genbank:XM_032932639.2;experiment=COORDINATES: polyA evidence [ECO:0006239];gbkey=mRNA;gene=LOC116925877;product=neural Wiskott-Aldrich syndrome protein%2C transcript variant X1;transcript_id=XM_032932639.2"
NC_059187.1,Gnomon,CDS,2711237,2711333,.,+,0,"ID=cds-XP_032788530.2;Parent=rna-XM_032932639.2;Dbxref=GeneID:116925877,Genbank:XP_032788530.2;Name=XP_032788530.2;gbkey=CDS;gene=LOC116925877;product=neural Wiskott-Aldrich syndrome protein;protein_id=XP_032788530.2"
NC_059187.1,Gnomon,mRNA,2710599,2712950,.,+,.,"ID=rna-XM_032932640.2;Parent=gene-LOC116925877;Dbxref=GeneID:116925877,Genbank:XM_032932640.2;Name=XM_032932640.2;experiment=COORDINATES: polyA evidence [ECO:0006239];gbkey=mRNA;gene=LOC116925877;model_evidence=Supporting evidence includes similarity to: 1 EST%2C 8 Proteins%2C and 100%25 coverage of the annotated genomic feature by RNAseq alignments%2C including 36 samples with support for all annotated introns;product=neural Wiskott-Aldrich syndrome protein%2C transcript variant X2;transcript_id=XM_032932640.2"
NC_059187.1,Gnomon,exon,2711237,2711333,.,+,.,"ID=exon-XM_032932640.2-4;Parent=rna-XM_032932640.2;Dbxref=GeneID:116925877,Genbank:XM_032932640.2;experiment=COORDINATES: polyA evidence [ECO:0006239];gbkey=mRNA;gene=LOC116925877;product=neural Wiskott-Aldrich syndrome protein%2C transcript variant X2;transcript_id=XM_032932640.2"
NC_059187.1,Gnomon,CDS,2711237,2711333,.,+,0,"ID=cds-XP_032788531.2;Parent=rna-XM_032932640.2;Dbxref=GeneID:116925877,Genbank:XP_032788531.2;Name=XP_032788531.2;gbkey=CDS;gene=LOC116925877;product=neural Wiskott-Aldrich syndrome protein;protein_id=XP_032788531.2"
NC_059187.1,Gnomon,gene,2710403,2712950,.,+,.,ID=gene-LOC116925877;Dbxref=GeneID:116925877;Name=LOC116925877;gbkey=Gene;gene=LOC116925877;gene_biotype=protein_coding
NC_059187.1,Gnomon,mRNA,2710403,2712950,.,+,.,"ID=rna-XM_032932639.2;Parent=gene-LOC116925877;Dbxref=GeneID:116925877,Genbank:XM_032932639.2;Name=XM_032932639.2;experiment=COORDINATES: polyA evidence [ECO:0006239];gbkey=mRNA;gene=LOC116925877;model_evidence=Supporting evidence includes similarity to: 1 EST%2C 8 Proteins%2C and 100%25 coverage of the annotated genomic feature by RNAseq alignments%2C including 145 samples with support for all annotated introns;product=neural Wiskott-Aldrich syndrome protein%2C transcript variant X1;transcript_id=XM_032932639.2"
NC_059187.1,Gnomon,exon,2711237,2711333,.,+,.,"ID=exon-XM_032932639.2-4;Parent=rna-XM_032932639.2;Dbxref=GeneID:116925877,Genbank:XM_032932639.2;experiment=COORDINATES: polyA evidence [ECO:0006239];gbkey=mRNA;gene=LOC116925877;product=neural Wiskott-Aldrich syndrome protein%2C transcript variant X1;transcript_id=XM_032932639.2"
NC_059187.1,Gnomon,CDS,2711237,2711333,.,+,0,"ID=cds-XP_032788530.2;Parent=rna-XM_032932639.2;Dbxref=GeneID:116925877,Genbank:XP_032788530.2;Name=XP_032788530.2;gbkey=CDS;gene=LOC116925877;product=neural Wiskott-Aldrich syndrome protein;protein_id=XP_032788530.2"
NC_059187.1,Gnomon,mRNA,2710599,2712950,.,+,.,"ID=rna-XM_032932640.2;Parent=gene-LOC116925877;Dbxref=GeneID:116925877,Genbank:XM_032932640.2;Name=XM_032932640.2;experiment=COORDINATES: polyA evidence [ECO:0006239];gbkey=mRNA;gene=LOC116925877;model_evidence=Supporting evidence includes similarity to: 1 EST%2C 8 Proteins%2C and 100%25 coverage of the annotated genomic feature by RNAseq alignments%2C including 36 samples with support for all annotated introns;product=neural Wiskott-Aldrich syndrome protein%2C transcript variant X2;transcript_id=XM_032932640.2"
NC_059187.1,Gnomon,exon,2711237,2711333,.,+,.,"ID=exon-XM_032932640.2-4;Parent=rna-XM_032932640.2;Dbxref=GeneID:116925877,Genbank:XM_032932640.2;experiment=COORDINATES: polyA evidence [ECO:0006239];gbkey=mRNA;gene=LOC116925877;product=neural Wiskott-Aldrich syndrome protein%2C transcript variant X2;transcript_id=XM_032932640.2"
NC_059187.1,Gnomon,CDS,2711237,2711333,.,+,0,"ID=cds-XP_032788531.2;Parent=rna-XM_032932640.2;Dbxref=GeneID:116925877,Genbank:XP_032788531.2;Name=XP_032788531.2;gbkey=CDS;gene=LOC116925877;product=neural Wiskott-Aldrich syndrome protein;protein_id=XP_032788531.2"
NC_059187.1,Gnomon,gene,2710403,2712950,.,+,.,ID=gene-LOC116925877;Dbxref=GeneID:116925877;Name=LOC116925877;gbkey=Gene;gene=LOC116925877;gene_biotype=protein_coding
NC_059187.1,Gnomon,mRNA,2710403,2712950,.,+,.,"ID=rna-XM_032932639.2;Parent=gene-LOC116925877;Dbxref=GeneID:116925877,Genbank:XM_032932639.2;Name=XM_032932639.2;experiment=COORDINATES: polyA evidence [ECO:0006239];gbkey=mRNA;gene=LOC116925877;model_evidence=Supporting evidence includes similarity to: 1 EST%2C 8 Proteins%2C and 100%25 coverage of the annotated genomic feature by RNAseq alignments%2C including 145 samples with support for all annotated introns;product=neural Wiskott-Aldrich syndrome protein%2C transcript variant X1;transcript_id=XM_032932639.2"
NC_059187.1,Gnomon,exon,2711237,2711333,.,+,.,"ID=exon-XM_032932639.2-4;Parent=rna-XM_032932639.2;Dbxref=GeneID:116925877,Genbank:XM_032932639.2;experiment=COORDINATES: polyA evidence [ECO:0006239];gbkey=mRNA;gene=LOC116925877;product=neural Wiskott-Aldrich syndrome protein%2C transcript variant X1;transcript_id=XM_032932639.2"
NC_059187.1,Gnomon,CDS,2711237,2711333,.,+,0,"ID=cds-XP_032788530.2;Parent=rna-XM_032932639.2;Dbxref=GeneID:116925877,Genbank:XP_032788530.2;Name=XP_032788530.2;gbkey=CDS;gene=LOC116925877;product=neural Wiskott-Aldrich syndrome protein;protein_id=XP_032788530.2"
NC_059187.1,Gnomon,mRNA,2710599,2712950,.,+,.,"ID=rna-XM_032932640.2;Parent=gene-LOC116925877;Dbxref=GeneID:116925877,Genbank:XM_032932640.2;Name=XM_032932640.2;experiment=COORDINATES: polyA evidence [ECO:0006239];gbkey=mRNA;gene=LOC116925877;model_evidence=Supporting evidence includes similarity to: 1 EST%2C 8 Proteins%2C and 100%25 coverage of the annotated genomic feature by RNAseq alignments%2C including 36 samples with support for all annotated introns;product=neural Wiskott-Aldrich syndrome protein%2C transcript variant X2;transcript_id=XM_032932640.2"
NC_059187.1,Gnomon,exon,2711237,2711333,.,+,.,"ID=exon-XM_032932640.2-4;Parent=rna-XM_032932640.2;Dbxref=GeneID:116925877,Genbank:XM_032932640.2;experiment=COORDINATES: polyA evidence [ECO:0006239];gbkey=mRNA;gene=LOC116925877;product=neural Wiskott-Aldrich syndrome protein%2C transcript variant X2;transcript_id=XM_032932640.2"
NC_059187.1,Gnomon,CDS,2711237,2711333,.,+,0,"ID=cds-XP_032788531.2;Parent=rna-XM_032932640.2;Dbxref=GeneID:116925877,Genbank:XP_032788531.2;Name=XP_032788531.2;gbkey=CDS;gene=LOC116925877;product=neural Wiskott-Aldrich syndrome protein;protein_id=XP_032788531.2"
NC_059189.1,Gnomon,gene,2085647,2107113,.,+,.,ID=gene-LOC116929399;Dbxref=GeneID:116929399;Name=LOC116929399;gbkey=Gene;gene=LOC116929399;gene_biotype=protein_coding
NC_059189.1,Gnomon,mRNA,2085647,2107113,.,+,.,"ID=rna-XM_032936608.2;Parent=gene-LOC116929399;Dbxref=GeneID:116929399,Genbank:XM_032936608.2;Name=XM_032936608.2;experiment=COORDINATES: polyA evidence [ECO:0006239];gbkey=mRNA;gene=LOC116929399;model_evidence=Supporting evidence includes similarity to: 2 ESTs%2C 19 Proteins%2C and 100%25 coverage of the annotated genomic feature by RNAseq alignments%2C including 125 samples with support for all annotated introns;product=papilin%2C transcript variant X2;transcript_id=XM_032936608.2"
NC_059189.1,Gnomon,exon,2097672,2098475,.,+,.,"ID=exon-XM_032936608.2-17;Parent=rna-XM_032936608.2;Dbxref=GeneID:116929399,Genbank:XM_032936608.2;experiment=COORDINATES: polyA evidence [ECO:0006239];gbkey=mRNA;gene=LOC116929399;product=papilin%2C transcript variant X2;transcript_id=XM_032936608.2"
NC_059189.1,Gnomon,CDS,2097672,2098475,.,+,2,"ID=cds-XP_032792499.2;Parent=rna-XM_032936608.2;Dbxref=GeneID:116929399,Genbank:XP_032792499.2;Name=XP_032792499.2;gbkey=CDS;gene=LOC116929399;product=papilin isoform X2;protein_id=XP_032792499.2"
NC_059189.1,Gnomon,mRNA,2085647,2107113,.,+,.,"ID=rna-XM_032936611.2;Parent=gene-LOC116929399;Dbxref=GeneID:116929399,Genbank:XM_032936611.2;Name=XM_032936611.2;experiment=COORDINATES: polyA evidence [ECO:0006239];gbkey=mRNA;gene=LOC116929399;model_evidence=Supporting evidence includes similarity to: 4 ESTs%2C 18 Proteins%2C and 100%25 coverage of the annotated genomic feature by RNAseq alignments%2C including 132 samples with support for all annotated introns;product=papilin%2C transcript variant X5;transcript_id=XM_032936611.2"
NC_059189.1,Gnomon,exon,2097672,2098475,.,+,.,"ID=exon-XM_032936611.2-17;Parent=rna-XM_032936611.2;Dbxref=GeneID:116929399,Genbank:XM_032936611.2;experiment=COORDINATES: polyA evidence [ECO:0006239];gbkey=mRNA;gene=LOC116929399;product=papilin%2C transcript variant X5;transcript_id=XM_032936611.2"
NC_059189.1,Gnomon,CDS,2097672,2098475,.,+,2,"ID=cds-XP_032792502.2;Parent=rna-XM_032936611.2;Dbxref=GeneID:116929399,Genbank:XP_032792502.2;Name=XP_032792502.2;gbkey=CDS;gene=LOC116929399;product=papilin isoform X5;protein_id=XP_032792502.2"
NC_059189.1,Gnomon,mRNA,2085648,2107113,.,+,.,"ID=rna-XM_032936607.2;Parent=gene-LOC116929399;Dbxref=GeneID:116929399,Genbank:XM_032936607.2;Name=XM_032936607.2;experiment=COORDINATES: polyA evidence [ECO:0006239];gbkey=mRNA;gene=LOC116929399;model_evidence=Supporting evidence includes similarity to: 4 ESTs%2C 19 Proteins%2C and 100%25 coverage of the annotated genomic feature by RNAseq alignments%2C including 132 samples with support for all annotated introns;product=papilin%2C transcript variant X1;transcript_id=XM_032936607.2"
NC_059189.1,Gnomon,exon,2097672,2098475,.,+,.,"ID=exon-XM_032936607.2-17;Parent=rna-XM_032936607.2;Dbxref=GeneID:116929399,Genbank:XM_032936607.2;experiment=COORDINATES: polyA evidence [ECO:0006239];gbkey=mRNA;gene=LOC116929399;product=papilin%2C transcript variant X1;transcript_id=XM_032936607.2"
NC_059189.1,Gnomon,CDS,2097672,2098475,.,+,2,"ID=cds-XP_032792498.2;Parent=rna-XM_032936607.2;Dbxref=GeneID:116929399,Genbank:XP_032792498.2;Name=XP_032792498.2;gbkey=CDS;gene=LOC116929399;product=papilin isoform X1;protein_id=XP_032792498.2"
NC_059189.1,Gnomon,mRNA,2085648,2107113,.,+,.,"ID=rna-XM_045178496.1;Parent=gene-LOC116929399;Dbxref=GeneID:116929399,Genbank:XM_045178496.1;Name=XM_045178496.1;experiment=COORDINATES: polyA evidence [ECO:0006239];gbkey=mRNA;gene=LOC116929399;model_evidence=Supporting evidence includes similarity to: 4 ESTs%2C 19 Proteins%2C and 100%25 coverage of the annotated genomic feature by RNAseq alignments%2C including 117 samples with support for all annotated introns;product=papilin%2C transcript variant X3;transcript_id=XM_045178496.1"
NC_059189.1,Gnomon,exon,2097782,2098475,.,+,.,"ID=exon-XM_045178496.1-18;Parent=rna-XM_045178496.1;Dbxref=GeneID:116929399,Genbank:XM_045178496.1;experiment=COORDINATES: polyA evidence [ECO:0006239];gbkey=mRNA;gene=LOC116929399;product=papilin%2C transcript variant X3;transcript_id=XM_045178496.1"
NC_059189.1,Gnomon,CDS,2097782,2098475,.,+,0,"ID=cds-XP_045034431.1;Parent=rna-XM_045178496.1;Dbxref=GeneID:116929399,Genbank:XP_045034431.1;Name=XP_045034431.1;gbkey=CDS;gene=LOC116929399;product=papilin isoform X3;protein_id=XP_045034431.1"
NC_059189.1,Gnomon,mRNA,2085649,2107113,.,+,.,"ID=rna-XM_032936612.2;Parent=gene-LOC116929399;Dbxref=GeneID:116929399,Genbank:XM_032936612.2;Name=XM_032936612.2;experiment=COORDINATES: polyA evidence [ECO:0006239];gbkey=mRNA;gene=LOC116929399;model_evidence=Supporting evidence includes similarity to: 4 ESTs%2C 19 Proteins%2C and 100%25 coverage of the annotated genomic feature by RNAseq alignments%2C including 134 samples with support for all annotated introns;product=papilin%2C transcript variant X6;transcript_id=XM_032936612.2"
NC_059189.1,Gnomon,exon,2097672,2098475,.,+,.,"ID=exon-XM_032936612.2-17;Parent=rna-XM_032936612.2;Dbxref=GeneID:116929399,Genbank:XM_032936612.2;experiment=COORDINATES: polyA evidence [ECO:0006239];gbkey=mRNA;gene=LOC116929399;product=papilin%2C transcript variant X6;transcript_id=XM_032936612.2"
NC_059189.1,Gnomon,CDS,2097672,2098475,.,+,2,"ID=cds-XP_032792503.2;Parent=rna-XM_032936612.2;Dbxref=GeneID:116929399,Genbank:XP_032792503.2;Name=XP_032792503.2;gbkey=CDS;gene=LOC116929399;product=papilin isoform X6;protein_id=XP_032792503.2"
NC_059189.1,Gnomon,mRNA,2085649,2107113,.,+,.,"ID=rna-XM_032936610.2;Parent=gene-LOC116929399;Dbxref=GeneID:116929399,Genbank:XM_032936610.2;Name=XM_032936610.2;experiment=COORDINATES: polyA evidence [ECO:0006239];gbkey=mRNA;gene=LOC116929399;model_evidence=Supporting evidence includes similarity to: 4 ESTs%2C 21 Proteins%2C and 100%25 coverage of the annotated genomic feature by RNAseq alignments%2C including 131 samples with support for all annotated introns;product=papilin%2C transcript variant X4;transcript_id=XM_032936610.2"
NC_059189.1,Gnomon,exon,2097672,2098475,.,+,.,"ID=exon-XM_032936610.2-17;Parent=rna-XM_032936610.2;Dbxref=GeneID:116929399,Genbank:XM_032936610.2;experiment=COORDINATES: polyA evidence [ECO:0006239];gbkey=mRNA;gene=LOC116929399;product=papilin%2C transcript variant X4;transcript_id=XM_032936610.2"
NC_059189.1,Gnomon,CDS,2097672,2098475,.,+,2,"ID=cds-XP_032792501.2;Parent=rna-XM_032936610.2;Dbxref=GeneID:116929399,Genbank:XP_032792501.2;Name=XP_032792501.2;gbkey=CDS;gene=LOC116929399;product=papilin isoform X4;protein_id=XP_032792501.2"
NC_059185.1,RefSeq,region,1,13367246,.,+,.,ID=NC_059185.1:1..13367246;Dbxref=taxon:35525;Name=LG4;collection-date=1986;country=USA: Minnesota;gbkey=Src;genome=chromosome;identified-by=National Institute for Environmental Studies (NIES) in Japan;isolate=NIES;isolation-source=Duluth%2C Minnesota;linkage-group=LG4;mol_type=genomic DNA;sex=female;tissue-type=Whole Body
NC_059185.1,Gnomon,gene,1165197,1169298,.,-,.,ID=gene-LOC116921369;Dbxref=GeneID:116921369;Name=LOC116921369;gbkey=Gene;gene=LOC116921369;gene_biotype=protein_coding
NC_059185.1,Gnomon,mRNA,1165197,1169298,.,-,.,"ID=rna-XM_032927645.2;Parent=gene-LOC116921369;Dbxref=GeneID:116921369,Genbank:XM_032927645.2;Name=XM_032927645.2;experiment=COORDINATES: polyA evidence [ECO:0006239];gbkey=mRNA;gene=LOC116921369;model_evidence=Supporting evidence includes similarity to: 4 Proteins%2C and 100%25 coverage of the annotated genomic feature by RNAseq alignments%2C including 68 samples with support for all annotated introns;product=glutamate receptor ionotropic%2C NMDA 1%2C transcript variant X1;transcript_id=XM_032927645.2"
NC_059185.1,Gnomon,exon,1166636,1167339,.,-,.,"ID=exon-XM_032927645.2-4;Parent=rna-XM_032927645.2;Dbxref=GeneID:116921369,Genbank:XM_032927645.2;experiment=COORDINATES: polyA evidence [ECO:0006239];gbkey=mRNA;gene=LOC116921369;product=glutamate receptor ionotropic%2C NMDA 1%2C transcript variant X1;transcript_id=XM_032927645.2"
NC_059185.1,Gnomon,CDS,1166636,1167283,.,-,0,"ID=cds-XP_032783536.2;Parent=rna-XM_032927645.2;Dbxref=GeneID:116921369,Genbank:XP_032783536.2;Name=XP_032783536.2;gbkey=CDS;gene=LOC116921369;product=glutamate receptor ionotropic%2C NMDA 1 isoform X1;protein_id=XP_032783536.2"
NC_059185.1,Gnomon,mRNA,1165197,1169298,.,-,.,"ID=rna-XM_045171653.1;Parent=gene-LOC116921369;Dbxref=GeneID:116921369,Genbank:XM_045171653.1;Name=XM_045171653.1;experiment=COORDINATES: polyA evidence [ECO:0006239];gbkey=mRNA;gene=LOC116921369;model_evidence=Supporting evidence includes similarity to: 4 Proteins%2C and 100%25 coverage of the annotated genomic feature by RNAseq alignments%2C including 60 samples with support for all annotated introns;product=glutamate receptor ionotropic%2C NMDA 1%2C transcript variant X3;transcript_id=XM_045171653.1"
NC_059185.1,Gnomon,exon,1167113,1167339,.,-,.,"ID=exon-XM_045171653.1-3;Parent=rna-XM_045171653.1;Dbxref=GeneID:116921369,Genbank:XM_045171653.1;experiment=COORDINATES: polyA evidence [ECO:0006239];gbkey=mRNA;gene=LOC116921369;product=glutamate receptor ionotropic%2C NMDA 1%2C transcript variant X3;transcript_id=XM_045171653.1"
NC_059185.1,Gnomon,CDS,1167113,1167283,.,-,0,"ID=cds-XP_045027588.1;Parent=rna-XM_045171653.1;Dbxref=GeneID:116921369,Genbank:XP_045027588.1;Name=XP_045027588.1;gbkey=CDS;gene=LOC116921369;product=glutamate receptor ionotropic%2C NMDA 1 isoform X3;protein_id=XP_045027588.1"
NC_059185.1,Gnomon,mRNA,1165197,1169298,.,-,.,"ID=rna-XM_045171652.1;Parent=gene-LOC116921369;Dbxref=GeneID:116921369,Genbank:XM_045171652.1;Name=XM_045171652.1;experiment=COORDINATES: polyA evidence [ECO:0006239];gbkey=mRNA;gene=LOC116921369;model_evidence=Supporting evidence includes similarity to: 4 Proteins%2C and 100%25 coverage of the annotated genomic feature by RNAseq alignments%2C including 84 samples with support for all annotated introns;product=glutamate receptor ionotropic%2C NMDA 1%2C transcript variant X2;transcript_id=XM_045171652.1"
NC_059185.1,Gnomon,exon,1167113,1167339,.,-,.,"ID=exon-XM_045171652.1-3;Parent=rna-XM_045171652.1;Dbxref=GeneID:116921369,Genbank:XM_045171652.1;experiment=COORDINATES: polyA evidence [ECO:0006239];gbkey=mRNA;gene=LOC116921369;product=glutamate receptor ionotropic%2C NMDA 1%2C transcript variant X2;transcript_id=XM_045171652.1"
NC_059185.1,Gnomon,CDS,1167113,1167283,.,-,0,"ID=cds-XP_045027587.1;Parent=rna-XM_045171652.1;Dbxref=GeneID:116921369,Genbank:XP_045027587.1;Name=XP_045027587.1;gbkey=CDS;gene=LOC116921369;product=glutamate receptor ionotropic%2C NMDA 1 isoform X2;protein_id=XP_045027587.1"
NC_059182.1,RefSeq,region,1,19099978,.,+,.,ID=NC_059182.1:1..19099978;Dbxref=taxon:35525;Name=LG1;collection-date=1986;country=USA: Minnesota;gbkey=Src;genome=chromosome;identified-by=National Institute for Environmental Studies (NIES) in Japan;isolate=NIES;isolation-source=Duluth%2C Minnesota;linkage-group=LG1;mol_type=genomic DNA;sex=female;tissue-type=Whole Body
NC_059182.1,Gnomon,gene,1345884,1347436,.,-,.,ID=gene-LOC116920587;Dbxref=GeneID:116920587;Name=LOC116920587;gbkey=Gene;gene=LOC116920587;gene_biotype=protein_coding
NC_059182.1,Gnomon,mRNA,1345884,1347436,.,-,.,"ID=rna-XM_032926734.2;Parent=gene-LOC116920587;Dbxref=GeneID:116920587,Genbank:XM_032926734.2;Name=XM_032926734.2;experiment=COORDINATES: polyA evidence [ECO:0006239];gbkey=mRNA;gene=LOC116920587;model_evidence=Supporting evidence includes similarity to: 3 ESTs%2C 25 Proteins%2C and 100%25 coverage of the annotated genomic feature by RNAseq alignments%2C including 146 samples with support for all annotated introns;product=ubiquitin-conjugating enzyme E2 G1;transcript_id=XM_032926734.2"
NC_059182.1,Gnomon,exon,1345884,1346740,.,-,.,"ID=exon-XM_032926734.2-4;Parent=rna-XM_032926734.2;Dbxref=GeneID:116920587,Genbank:XM_032926734.2;experiment=COORDINATES: polyA evidence [ECO:0006239];gbkey=mRNA;gene=LOC116920587;product=ubiquitin-conjugating enzyme E2 G1;transcript_id=XM_032926734.2"
NC_059182.1,Gnomon,CDS,1346481,1346740,.,-,2,"ID=cds-XP_032782625.1;Parent=rna-XM_032926734.2;Dbxref=GeneID:116920587,Genbank:XP_032782625.1;Name=XP_032782625.1;gbkey=CDS;gene=LOC116920587;product=ubiquitin-conjugating enzyme E2 G1;protein_id=XP_032782625.1"
NC_059182.1,RefSeq,region,1,19099978,.,+,.,ID=NC_059182.1:1..19099978;Dbxref=taxon:35525;Name=LG1;collection-date=1986;country=USA: Minnesota;gbkey=Src;genome=chromosome;identified-by=National Institute for Environmental Studies (NIES) in Japan;isolate=NIES;isolation-source=Duluth%2C Minnesota;linkage-group=LG1;mol_type=genomic DNA;sex=female;tissue-type=Whole Body
NC_059182.1,Gnomon,gene,1122101,1125895,.,-,.,ID=gene-LOC116919035;Dbxref=GeneID:116919035;Name=LOC116919035;gbkey=Gene;gene=LOC116919035;gene_biotype=protein_coding
NC_059182.1,Gnomon,mRNA,1122101,1125895,.,-,.,"ID=rna-XM_045167275.1;Parent=gene-LOC116919035;Dbxref=GeneID:116919035,Genbank:XM_045167275.1;Name=XM_045167275.1;experiment=COORDINATES: polyA evidence [ECO:0006239];gbkey=mRNA;gene=LOC116919035;model_evidence=Supporting evidence includes similarity to: 5 Proteins%2C and 100%25 coverage of the annotated genomic feature by RNAseq alignments%2C including 106 samples with support for all annotated introns;product=high-affinity choline transporter 1%2C transcript variant X2;transcript_id=XM_045167275.1"
NC_059182.1,Gnomon,mRNA,1122101,1125895,.,-,.,"ID=rna-XM_045167274.1;Parent=gene-LOC116919035;Dbxref=GeneID:116919035,Genbank:XM_045167274.1;Name=XM_045167274.1;experiment=COORDINATES: polyA evidence [ECO:0006239];gbkey=mRNA;gene=LOC116919035;model_evidence=Supporting evidence includes similarity to: 5 Proteins%2C and 100%25 coverage of the annotated genomic feature by RNAseq alignments%2C including 49 samples with support for all annotated introns;product=high-affinity choline transporter 1%2C transcript variant X1;transcript_id=XM_045167274.1"
NC_059182.1,Gnomon,exon,1125105,1125262,.,-,.,"ID=exon-XM_045167274.1-2;Parent=rna-XM_045167274.1;Dbxref=GeneID:116919035,Genbank:XM_045167274.1;experiment=COORDINATES: polyA evidence [ECO:0006239];gbkey=mRNA;gene=LOC116919035;product=high-affinity choline transporter 1%2C transcript variant X1;transcript_id=XM_045167274.1"
